Average,,,,,,,,,,,,,E0,,,
Index [1],X [mm],Y [mm],Z [mm],U [mm],V [mm],W [mm],exx [1] - engr.,eyy [1] - engr.,exy [1] - engr.,e1 [1] - engr.,e2 [1] - engr.,gamma [1] - engr.,ΔL/L0 [1],ΔL [mm],L1 [mm],L0 [mm]
0,1.74E-09,1.97E-09,2.19E-12,0,0,0,0,0,1.06E-18,2.44E-18,-2.44E-18,0.18078,0,0,9.98979,9.98979
1,1.74E-09,1.97E-09,2.19E-12,0.00313694,-0.00378248,0.0032056,-4.01E-05,-6.28E-05,-4.29E-05,3.08E-05,-0.000133706,-0.298139,-6.99E-05,-0.00069878,9.98909,9.98979
2,1.74E-09,1.97E-09,2.19E-12,-0.000173838,-0.00220213,0.00440462,-1.07E-05,-7.21E-05,-2.56E-05,5.22E-05,-0.000134965,-0.0507321,-6.33E-05,-0.000631957,9.98916,9.98979
3,1.74E-09,1.97E-09,2.19E-12,0.000730655,-0.00365208,0.00222543,-5.24E-05,-2.77E-05,-5.85E-05,5.49E-05,-0.00013508,-0.418862,-2.31E-05,-0.000231146,9.98956,9.98979
4,1.74E-09,1.97E-09,2.19E-12,0.00165094,-0.00172705,-0.000211501,-9.77E-05,-5.04E-05,-2.21E-05,-5.03E-06,-0.000143065,-0.183963,-1.83E-05,-0.00018299,9.98961,9.98979
5,1.74E-09,1.97E-09,2.19E-12,0.000724621,-0.00253987,-0.00169827,-2.47E-05,-3.31E-05,4.46E-06,5.95E-05,-0.000117362,0.0152628,-3.67E-05,-0.000366367,9.98943,9.98979
6,1.74E-09,1.97E-09,2.19E-12,-0.00520089,-0.00952945,-0.000710414,-8.52E-05,-1.94E-05,-2.16E-05,3.29E-05,-0.000137499,-0.0754581,3.97E-05,0.000396121,9.99019,9.98979
7,1.74E-09,1.97E-09,2.19E-12,0.00160908,-0.0128284,-0.0323446,-3.99E-05,-6.60E-05,-3.23E-05,3.37E-05,-0.000139556,-0.0463452,-1.60E-06,-1.60E-05,9.98978,9.98979
8,1.74E-09,1.97E-09,2.19E-12,-0.000885965,-0.0128645,-0.0034631,-6.67E-05,6.87E-06,5.52E-05,5.53E-05,-0.000115138,0.472463,6.20E-05,0.000619513,9.99041,9.98979
9,1.74E-09,1.97E-09,2.19E-12,-0.0167164,-0.00398418,0.0127546,-3.87E-05,-4.09E-05,-1.94E-05,4.96E-05,-0.00012923,-0.0514766,5.74E-06,5.73E-05,9.98985,9.98979
10,1.74E-09,1.97E-09,2.19E-12,0.00767894,0.00873897,0.0291792,-7.60E-05,-3.07E-05,7.11E-05,4.04E-05,-0.00014708,0.483749,-2.22E-05,-0.000221374,9.98957,9.98979
11,1.74E-09,1.97E-09,2.19E-12,-0.0189841,0.0116938,0.0138668,-3.17E-06,-1.78E-06,2.92E-05,8.60E-05,-9.10E-05,0.154216,2.81E-05,0.000280936,9.99007,9.98979
12,1.74E-09,1.97E-09,2.19E-12,0.00456352,0.0180627,0.0165084,1.10E-07,3.63E-05,0.000150559,0.000132599,-9.62E-05,0.666315,9.57E-05,0.000955661,9.99075,9.98979
13,1.74E-09,1.97E-09,2.19E-12,-0.00725137,0.0267354,0.0185368,-3.57E-05,-1.47E-05,-8.63E-05,7.26E-05,-0.000122935,-0.513687,4.95E-06,4.94E-05,9.98984,9.98979
14,1.74E-09,1.97E-09,2.19E-12,-0.00139474,0.0299473,0.0215913,-2.39E-05,-2.72E-05,-4.28E-05,5.40E-05,-0.000105066,-0.165543,-2.45E-06,-2.44E-05,9.98977,9.98979
15,1.74E-09,1.97E-09,2.19E-12,-0.000532239,0.0406158,0.0197236,-7.70E-05,-7.77E-07,-2.35E-05,5.27E-05,-0.000130486,-0.0180934,2.87E-05,0.000286313,9.99008,9.98979
16,1.74E-09,1.97E-09,2.19E-12,-0.00356388,0.0415064,0.017007,-3.12E-05,-1.49E-05,-5.51E-05,7.59E-05,-0.000121931,-0.33853,4.91E-05,0.000490117,9.99028,9.98979
17,1.74E-09,1.97E-09,2.19E-12,0.00103309,0.0512483,0.0146527,-9.37E-05,-7.04E-05,5.31E-05,6.52E-06,-0.000170589,0.284601,-1.43E-05,-0.000142528,9.98965,9.98979
18,1.74E-09,1.97E-09,2.19E-12,-0.00130002,0.0548537,0.015553,-0.000107373,-6.40E-05,-9.72E-05,1.73E-05,-0.000188694,-0.551294,-7.34E-05,-0.000732804,9.98906,9.98979
19,1.74E-09,1.97E-09,2.19E-12,-0.00350188,0.0613471,0.0162191,1.23E-05,2.03E-07,-2.74E-05,8.72E-05,-7.46E-05,-0.119902,4.74E-05,0.000473442,9.99027,9.98979
20,1.74E-09,1.97E-09,2.19E-12,-0.0052576,0.066762,0.0167285,-6.78E-05,-3.65E-06,-5.29E-05,6.33E-05,-0.000134717,-0.00740143,4.25E-05,0.000424716,9.99022,9.98979
21,1.74E-09,1.97E-09,2.19E-12,-0.00550359,0.0739561,0.0162097,-3.34E-05,-6.18E-05,-8.25E-05,5.25E-05,-0.000147681,-0.380087,-3.03E-05,-0.000302883,9.98949,9.98979
22,1.74E-09,1.97E-09,2.19E-12,-0.0029445,0.077717,0.0127437,-2.97E-05,-3.73E-06,3.14E-05,7.41E-05,-0.000107493,0.222713,2.14E-05,0.00021333,9.99001,9.98979
23,1.74E-09,1.97E-09,2.19E-12,-0.000190397,0.0876974,0.00970584,-5.39E-05,-2.83E-05,-4.65E-06,4.28E-05,-0.000125058,0.0711769,2.80E-05,0.000280119,9.99007,9.98979
24,1.74E-09,1.97E-09,2.19E-12,-0.00234325,0.0907169,0.00982941,-8.84E-05,-4.86E-05,5.94E-06,3.27E-05,-0.000169621,0.0204393,-2.19E-05,-0.000218443,9.98957,9.98979
25,1.74E-09,1.97E-09,2.19E-12,-0.00130079,0.0987065,0.00406218,-8.26E-05,-1.33E-05,-7.85E-05,5.14E-05,-0.000147329,-0.428448,1.34E-05,0.000133764,9.98993,9.98979
26,1.74E-09,1.97E-09,2.19E-12,-0.00171095,0.101823,0.0021097,-6.56E-05,-3.23E-05,-0.00010947,5.70E-05,-0.000154866,-0.436599,-1.29E-05,-0.000128882,9.98966,9.98979
27,1.74E-09,1.97E-09,2.19E-12,-0.00276577,0.107794,0.00303249,-8.27E-05,-5.56E-05,-5.92E-05,2.13E-05,-0.000159581,-0.455139,-4.32E-05,-0.000431235,9.98936,9.98979
28,1.74E-09,1.97E-09,2.19E-12,-0.0042605,0.114131,0.000267728,-6.98E-06,-1.58E-05,-7.33E-05,8.18E-05,-0.000104574,-0.411615,-1.53E-06,-1.53E-05,9.98978,9.98979
29,1.74E-09,1.97E-09,2.19E-12,-0.00438267,0.124162,-0.000436773,-7.81E-05,-5.07E-05,-3.42E-05,1.84E-05,-0.000147208,-0.220917,-4.58E-06,-4.57E-05,9.98975,9.98979
30,1.74E-09,1.97E-09,2.19E-12,-0.00454007,0.124944,0.00943784,-3.06E-05,-4.26E-05,2.04E-06,4.27E-05,-0.000115839,0.0320368,-1.51E-05,-0.000150382,9.98964,9.98979
31,1.74E-09,1.97E-09,2.19E-12,-0.00523302,0.132134,0.0124986,-7.27E-05,-1.29E-05,-3.04E-05,6.00E-05,-0.000145583,-0.156772,9.64E-06,9.63E-05,9.98989,9.98979
32,1.74E-09,1.97E-09,2.19E-12,-0.00740735,0.137022,0.010918,-4.38E-05,-2.89E-05,-4.58E-05,5.33E-05,-0.000126084,-0.179503,-9.56E-06,-9.55E-05,9.9897,9.98979
33,1.74E-09,1.97E-09,2.19E-12,-0.00528987,0.140959,0.0096758,-4.64E-05,-3.06E-05,-4.13E-05,4.80E-05,-0.000124972,-0.250612,-5.80E-06,-5.79E-05,9.98974,9.98979
34,1.74E-09,1.97E-09,2.19E-12,-0.00274972,0.148816,0.0142521,-1.41E-05,-3.74E-05,-4.09E-05,6.75E-05,-0.000119112,-0.094957,-5.99E-05,-0.000598757,9.98919,9.98979
35,1.74E-09,1.97E-09,2.19E-12,-0.00254045,0.161401,0.0132931,-2.98E-05,-2.59E-05,3.21E-05,7.11E-05,-0.00012679,0.330307,6.31E-05,0.000629973,9.99042,9.98979
36,1.74E-09,1.97E-09,2.19E-12,-0.00522488,0.159236,0.011698,-8.06E-06,-1.01E-05,1.88E-05,7.20E-05,-9.02E-05,-0.0641982,-8.98E-06,-8.97E-05,9.9897,9.98979
37,1.74E-09,1.97E-09,2.19E-12,-0.00538528,0.169866,0.0133619,-2.44E-07,-2.80E-05,-3.05E-05,5.93E-05,-8.75E-05,-0.14661,2.35E-05,0.000235142,9.99003,9.98979
38,1.74E-09,1.97E-09,2.19E-12,-0.00443047,0.171051,0.00975231,-7.60E-05,-7.43E-05,-5.80E-05,3.67E-05,-0.000187037,-0.375086,-4.99E-05,-0.0004981,9.9893,9.98979
39,1.74E-09,1.97E-09,2.19E-12,-0.00330294,0.181027,0.00753101,-7.30E-05,-1.51E-05,-1.59E-05,4.92E-05,-0.000137347,-0.0870572,-5.45E-08,-5.45E-07,9.98979,9.98979
40,1.74E-09,1.97E-09,2.19E-12,-0.00334395,0.185185,0.00801073,-9.82E-06,-6.12E-06,6.08E-07,8.20E-05,-9.80E-05,0.00107922,-1.36E-05,-0.000135508,9.98966,9.98979
41,1.74E-09,1.97E-09,2.19E-12,-0.00220116,0.193864,0.00523766,-5.79E-05,-1.32E-05,4.32E-05,6.13E-05,-0.000132346,0.165277,2.46E-05,0.000246192,9.99004,9.98979
42,1.74E-09,1.97E-09,2.19E-12,-0.00128283,0.195569,0.00295463,-5.47E-05,-6.67E-05,-3.85E-05,4.58E-05,-0.000167153,-0.175959,-5.49E-05,-0.000548417,9.98924,9.98979
43,1.74E-09,1.97E-09,2.19E-12,-0.00314743,0.205154,0.00405382,-3.45E-05,-1.69E-05,-2.90E-05,8.60E-05,-0.000137403,0.0345893,-9.24E-06,-9.23E-05,9.9897,9.98979
44,1.74E-09,1.97E-09,2.19E-12,-0.00492375,0.209929,0.0014571,-2.88E-05,-4.24E-05,-3.03E-05,6.12E-05,-0.000132438,-0.0718274,-2.96E-05,-0.000295398,9.9895,9.98979
45,1.74E-09,1.97E-09,2.19E-12,-0.00242984,0.215499,-0.00102436,-4.06E-05,-1.46E-05,-5.65E-05,6.87E-05,-0.000123876,-0.222528,-1.10E-05,-0.000109614,9.98968,9.98979
46,1.74E-09,1.97E-09,2.19E-12,-0.0099048,0.222211,0.000874388,-4.39E-05,-6.53E-05,-2.89E-05,2.52E-05,-0.000134374,-0.135367,-4.67E-05,-0.000467012,9.98933,9.98979
47,1.74E-09,1.97E-09,2.19E-12,-0.0175381,0.227077,-0.00208184,-1.77E-05,-5.36E-05,4.21E-06,5.57E-05,-0.000126992,-0.0650694,3.68E-07,3.68E-06,9.9898,9.98979
48,1.74E-09,1.97E-09,2.19E-12,-0.0475482,0.232519,-0.0119063,-3.79E-05,-3.15E-05,7.52E-07,4.22E-05,-0.000111549,-0.185299,2.80E-05,0.000279581,9.99007,9.98979
49,1.74E-09,1.97E-09,2.19E-12,-0.0878907,0.235585,-0.0342686,-6.18E-05,-2.18E-05,-4.35E-05,5.60E-05,-0.000139712,-0.211127,3.18E-05,0.000318121,9.99011,9.98979
50,1.74E-09,1.97E-09,2.19E-12,-0.135543,0.242657,-0.0551185,-4.24E-05,-4.07E-05,-8.12E-05,5.39E-05,-0.000136951,-0.271161,-3.44E-05,-0.000344014,9.98945,9.98979
51,1.74E-09,1.97E-09,2.19E-12,-0.145569,0.242896,-0.0930397,-7.64E-05,-5.19E-05,-9.98E-05,3.65E-05,-0.000164801,-0.580242,-3.60E-06,-3.59E-05,9.98976,9.98979
52,1.74E-09,1.97E-09,2.19E-12,-0.145513,0.244506,-0.211215,-5.95E-05,-7.50E-05,-8.80E-05,4.72E-05,-0.000181629,-0.546135,9.19E-06,9.18E-05,9.98989,9.98979
53,1.74E-09,1.97E-09,2.19E-12,-0.14395,0.24826,-0.298294,-2.38E-06,-9.98E-05,-5.19E-05,7.93E-05,-0.000181505,-0.281077,-1.32E-05,-0.000131511,9.98966,9.98979
54,1.74E-09,1.97E-09,2.19E-12,-0.143076,0.247781,-0.368159,-2.46E-05,-7.67E-05,-1.59E-05,6.49E-05,-0.000166195,-0.231119,2.99E-05,0.000298603,9.99009,9.98979
55,1.74E-09,1.97E-09,2.19E-12,-0.14158,0.249274,-0.411206,-1.44E-05,-7.47E-05,-1.23E-05,8.22E-05,-0.000171353,-0.220512,4.48E-05,0.000447767,9.99024,9.98979
56,1.74E-09,1.97E-09,2.19E-12,-0.144082,0.252875,-0.445077,-2.72E-05,-4.91E-05,-2.80E-05,8.94E-05,-0.000165631,-0.470459,0.000103585,0.0010348,9.99083,9.98979
57,1.74E-09,1.97E-09,2.19E-12,-0.143147,0.253982,-0.468611,-4.23E-05,-2.85E-05,-5.10E-05,9.48E-05,-0.000165581,-0.523861,9.37E-05,0.000935946,9.99073,9.98979
58,1.74E-09,1.97E-09,2.19E-12,-0.146323,0.255457,-0.485178,-3.73E-05,1.21E-05,-6.01E-05,0.000129113,-0.000154232,-0.490794,0.000107219,0.0010711,9.99086,9.98979
59,1.74E-09,1.97E-09,2.19E-12,-0.145849,0.255608,-0.50181,-7.31E-05,3.19E-05,-6.19E-05,0.00011873,-0.000159912,-0.883255,0.000161582,0.00161417,9.99141,9.98979
60,1.74E-09,1.97E-09,2.19E-12,-0.151494,0.258112,-0.511795,-5.88E-05,8.33E-05,-1.00E-04,0.000160892,-0.000136415,-0.753858,0.000172447,0.00172271,9.99152,9.98979
61,1.74E-09,1.97E-09,2.19E-12,-0.150977,0.258181,-0.519555,-7.08E-05,9.66E-05,-0.000109421,0.000172667,-0.000146909,-0.779123,0.000194586,0.00194387,9.99174,9.98979
62,1.74E-09,1.97E-09,2.19E-12,-0.151429,0.257554,-0.524017,-5.25E-05,0.000118014,-0.000100588,0.000189534,-0.000124007,-0.796991,0.000203006,0.00202799,9.99182,9.98979
63,1.74E-09,1.97E-09,2.19E-12,-0.155079,0.258244,-0.52377,-5.79E-05,0.000131624,-0.000102074,0.000191859,-0.000118155,-0.859741,0.000213742,0.00213524,9.99193,9.98979
64,1.74E-09,1.97E-09,2.19E-12,-0.15582,0.260101,-0.528037,-7.04E-05,0.000150643,-9.55E-05,0.000207041,-0.000126841,-0.811645,0.000241914,0.00241667,9.99221,9.98979
65,1.74E-09,1.97E-09,2.19E-12,-0.158599,0.258144,-0.531413,-6.80E-05,0.000183591,-5.33E-05,0.000231219,-0.000115644,-0.585965,0.000256466,0.00256205,9.99236,9.98979
66,1.74E-09,1.97E-09,2.19E-12,-0.157666,0.262953,-0.53537,-7.81E-05,0.000209539,-0.000122861,0.000255812,-0.000124389,-0.904931,0.000250702,0.00250446,9.9923,9.98979
67,1.74E-09,1.97E-09,2.19E-12,-0.15912,0.259109,-0.538116,-0.000100838,0.000254299,-7.05E-05,0.000285524,-0.000132062,-0.628616,0.00024716,0.00246908,9.99226,9.98979
68,1.74E-09,1.97E-09,2.19E-12,-0.160137,0.262391,-0.540403,-9.89E-05,0.0002559,-0.000152092,0.000301403,-0.000144405,-0.872338,0.000314236,0.00313915,9.99293,9.98979
69,1.74E-09,1.97E-09,2.19E-12,-0.162219,0.261714,-0.542305,-0.000116633,0.000271199,-9.74E-05,0.000303593,-0.000149027,-0.927202,0.000274188,0.00273908,9.99253,9.98979
70,1.74E-09,1.97E-09,2.19E-12,-0.161761,0.260857,-0.548635,-9.16E-05,0.000296387,-0.000109436,0.000328212,-0.000123393,-0.792612,0.000330711,0.00330373,9.9931,9.98979
71,1.74E-09,1.97E-09,2.19E-12,-0.162933,0.263894,-0.553694,-7.07E-05,0.000314085,-0.000128682,0.000349923,-0.00010654,-0.976729,0.000337839,0.00337494,9.99317,9.98979
72,1.74E-09,1.97E-09,2.19E-12,-0.161897,0.263368,-0.559575,-0.000103025,0.000357061,-0.000144995,0.000394504,-0.000140467,-1.05053,0.00036706,0.00366685,9.99346,9.98979
73,1.74E-09,1.97E-09,2.19E-12,-0.162671,0.265255,-0.561144,-0.000132879,0.000374235,-0.000141858,0.000404265,-0.000162909,-0.947087,0.000321755,0.00321426,9.99301,9.98979
74,1.74E-09,1.97E-09,2.19E-12,-0.164133,0.266173,-0.562948,-0.000152109,0.00037011,-0.000141189,0.000405683,-0.000187683,-0.99906,0.000374283,0.00373901,9.99353,9.98979
75,1.74E-09,1.97E-09,2.19E-12,-0.164134,0.266223,-0.567601,-0.000140681,0.00042222,-0.000100332,0.000442755,-0.000161216,-0.808944,0.00039279,0.00392389,9.99372,9.98979
76,1.74E-09,1.97E-09,2.19E-12,-0.166032,0.266686,-0.569694,-0.000115294,0.00044948,-0.000130492,0.000480936,-0.000146751,-0.899255,0.000440545,0.00440095,9.99419,9.98979
77,1.74E-09,1.97E-09,2.19E-12,-0.164565,0.267742,-0.575033,-9.54E-05,0.000459992,-0.000146086,0.000503543,-0.000138931,-0.92229,0.000438399,0.00437952,9.99417,9.98979
78,1.74E-09,1.97E-09,2.19E-12,-0.165549,0.266187,-0.580043,-0.000162059,0.000460539,-0.000174102,0.000496497,-0.000198018,-1.0577,0.000426864,0.00426429,9.99406,9.98979
79,1.74E-09,1.97E-09,2.19E-12,-0.165008,0.270829,-0.588017,-0.000105002,0.000510281,-0.000151754,0.000543039,-0.00013776,-0.979314,0.00049575,0.00495244,9.99475,9.98979
80,1.74E-09,1.97E-09,2.19E-12,-0.167117,0.271545,-0.583522,-0.000160011,0.000493704,-0.000127641,0.000519268,-0.000185574,-0.808385,0.000479998,0.00479508,9.99459,9.98979
81,1.74E-09,1.97E-09,2.19E-12,-0.167135,0.270282,-0.586298,-0.000106576,0.000557629,-0.00014447,0.000589545,-0.000138493,-0.877139,0.000518568,0.00518038,9.99497,9.98979
82,1.74E-09,1.97E-09,2.19E-12,-0.167388,0.271295,-0.586319,-0.000169469,0.000551678,-0.000130348,0.000577158,-0.000194949,-0.799803,0.000497188,0.00496681,9.99476,9.98979
83,1.74E-09,1.97E-09,2.19E-12,-0.168226,0.270362,-0.585986,-0.000149321,0.000584586,-0.00010611,0.000610386,-0.00017512,-0.669763,0.000527631,0.00527092,9.99506,9.98979
84,1.74E-09,1.97E-09,2.19E-12,-0.16896,0.272885,-0.590505,-0.000140676,0.000602376,-0.000102071,0.000626524,-0.000164825,-0.715496,0.000528728,0.00528188,9.99508,9.98979
85,1.74E-09,1.97E-09,2.19E-12,-0.170272,0.274349,-0.590966,-0.000163415,0.000626467,-0.000172056,0.000654557,-0.000191505,-1.03507,0.000574269,0.00573682,9.99553,9.98979
86,1.74E-09,1.97E-09,2.19E-12,-0.169711,0.274961,-0.596119,-0.000161419,0.000643148,-0.000172496,0.000672319,-0.000190591,-0.990863,0.000595115,0.00594507,9.99574,9.98979
87,1.74E-09,1.97E-09,2.19E-12,-0.170823,0.275437,-0.604132,-0.00016247,0.000671609,-0.000125926,0.000697921,-0.000188782,-0.705297,0.000610069,0.00609446,9.99589,9.98979
88,1.74E-09,1.97E-09,2.19E-12,-0.169985,0.274862,-0.601687,-0.000128493,0.000655158,-9.90E-05,0.00067817,-0.000151505,-0.73309,0.000618859,0.00618227,9.99598,9.98979
89,1.74E-09,1.97E-09,2.19E-12,-0.170856,0.277584,-0.597654,-0.000210884,0.000704852,-0.000113657,0.000729706,-0.000235739,-0.628476,0.000639257,0.00638604,9.99618,9.98979
90,1.74E-09,1.97E-09,2.19E-12,-0.168112,0.278436,-0.600758,-0.000216169,0.000697247,-7.83E-05,0.00071664,-0.000235562,-0.629037,0.000627477,0.00626836,9.99606,9.98979
91,1.74E-09,1.97E-09,2.19E-12,-0.170721,0.277287,-0.603789,-0.000210919,0.000743772,-9.50E-05,0.000769034,-0.000236181,-0.633581,0.000674742,0.00674053,9.99653,9.98979
92,1.74E-09,1.97E-09,2.19E-12,-0.170035,0.280079,-0.606083,-0.000239217,0.000757231,-0.00014425,0.000778884,-0.00026087,-0.8325,0.00070926,0.00708536,9.99688,9.98979
93,1.74E-09,1.97E-09,2.19E-12,-0.171186,0.278914,-0.610272,-0.000179553,0.000779869,-8.57E-05,0.000796164,-0.000195849,-0.543302,0.00069201,0.00691303,9.99671,9.98979
94,1.74E-09,1.97E-09,2.19E-12,-0.172223,0.277441,-0.617248,-0.000216294,0.000806061,-0.000106755,0.000824593,-0.000234825,-0.574824,0.000729013,0.00728269,9.99708,9.98979
95,1.74E-09,1.97E-09,2.19E-12,-0.171393,0.282851,-0.610249,-0.000184755,0.000800489,-8.03E-05,0.000820841,-0.000205107,-0.424406,0.000727998,0.00727255,9.99707,9.98979
96,1.74E-09,1.97E-09,2.19E-12,-0.173433,0.283695,-0.612335,-0.000213808,0.000844924,-0.000148211,0.00087078,-0.000239664,-0.787407,0.000778108,0.00777314,9.99757,9.98979
97,1.74E-09,1.97E-09,2.19E-12,-0.172049,0.284218,-0.61484,-0.00021082,0.000859336,-0.000108787,0.000879259,-0.000230743,-0.511172,0.000833356,0.00832505,9.99812,9.98979
98,1.74E-09,1.97E-09,2.19E-12,-0.171806,0.283514,-0.616775,-0.000236248,0.000899041,-6.82E-05,0.000918933,-0.000256139,-0.289291,0.000839132,0.00838275,9.99818,9.98979
99,1.74E-09,1.97E-09,2.19E-12,-0.172858,0.288338,-0.61619,-0.000264096,0.000871155,-0.000141942,0.000891798,-0.000284739,-0.65872,0.000819106,0.0081827,9.99798,9.98979
100,1.74E-09,1.97E-09,2.19E-12,-0.1731,0.28538,-0.616687,-0.000247906,0.000889422,-0.000159149,0.000910102,-0.000268587,-0.797635,0.000824155,0.00823314,9.99803,9.98979
101,1.74E-09,1.97E-09,2.19E-12,-0.175469,0.289718,-0.621327,-0.000274622,0.000950262,-0.000165286,0.000967515,-0.000291876,-0.884338,0.000870689,0.008698,9.99849,9.98979
102,1.74E-09,1.97E-09,2.19E-12,-0.175062,0.285798,-0.624195,-0.000231561,0.000954858,-0.000170525,0.000978646,-0.000255349,-0.692391,0.000886933,0.00886028,9.99865,9.98979
103,1.74E-09,1.97E-09,2.19E-12,-0.174344,0.290597,-0.625119,-0.000248654,0.000974759,-0.000225007,0.00100228,-0.000276176,-0.960583,0.000902952,0.0090203,9.99881,9.98979
104,1.74E-09,1.97E-09,2.19E-12,-0.175156,0.289145,-0.621568,-0.000249122,0.000997151,-0.000165657,0.0010205,-0.000272471,-0.673161,0.000906383,0.00905458,9.99885,9.98979
105,1.74E-09,1.97E-09,2.19E-12,-0.175856,0.293011,-0.626469,-0.000262253,0.0010046,-0.000229783,0.00103205,-0.000289706,-0.994938,0.000918985,0.00918047,9.99897,9.98979
106,1.74E-09,1.97E-09,2.19E-12,-0.176304,0.289763,-0.630392,-0.00028282,0.00102562,-0.000216609,0.00105018,-0.000307382,-0.816485,0.000958399,0.00957421,9.99937,9.98979
107,1.74E-09,1.97E-09,2.19E-12,-0.176798,0.292903,-0.633233,-0.000269204,0.00105163,-0.000243703,0.00107819,-0.000295767,-0.937422,0.00096163,0.00960648,9.9994,9.98979
108,1.74E-09,1.97E-09,2.19E-12,-0.176688,0.29408,-0.629623,-0.000308244,0.00105118,-0.000235497,0.00107583,-0.000332897,-0.994873,0.000979408,0.00978408,9.99958,9.98979
109,1.74E-09,1.97E-09,2.19E-12,-0.177762,0.293353,-0.636763,-0.000276664,0.00107865,-0.000240206,0.00110819,-0.000306204,-0.892618,0.00100391,0.0100289,9.99982,9.98979
110,1.74E-09,1.97E-09,2.19E-12,-0.178734,0.296983,-0.631863,-0.000310758,0.00112141,-0.000263157,0.00114797,-0.000337316,-1.0175,0.000990645,0.00989634,9.99969,9.98979
111,1.74E-09,1.97E-09,2.19E-12,-0.180087,0.296783,-0.636902,-0.000297285,0.00111477,-0.000243794,0.0011408,-0.000323311,-0.982585,0.0010262,0.0102515,10,9.98979
112,1.74E-09,1.97E-09,2.19E-12,-0.179684,0.29789,-0.635713,-0.000304808,0.0011345,-0.000259703,0.00116566,-0.000335966,-0.916654,0.00103729,0.0103623,10.0002,9.98979
113,1.74E-09,1.97E-09,2.19E-12,-0.179413,0.298509,-0.637291,-0.000335232,0.0011761,-0.000204967,0.0011993,-0.000358438,-0.704881,0.00110991,0.0110878,10.0009,9.98979
114,1.74E-09,1.97E-09,2.19E-12,-0.181102,0.302058,-0.642868,-0.000312144,0.00120197,-0.0002267,0.00122785,-0.000338025,-0.874389,0.00106667,0.0106559,10.0004,9.98979
115,1.74E-09,1.97E-09,2.19E-12,-0.179276,0.300035,-0.638995,-0.000323043,0.00121807,-0.000271461,0.00124431,-0.000349286,-0.97331,0.0011121,0.0111097,10.0009,9.98979
116,1.74E-09,1.97E-09,2.19E-12,-0.179492,0.302186,-0.638582,-0.000349391,0.00125128,-0.000277137,0.00128083,-0.000378942,-0.992358,0.00110211,0.0110098,10.0008,9.98979
117,1.74E-09,1.97E-09,2.19E-12,-0.182327,0.303865,-0.635631,-0.000321949,0.00124097,-0.000219801,0.00126281,-0.000343791,-0.822684,0.00113949,0.0113833,10.0012,9.98979
118,1.74E-09,1.97E-09,2.19E-12,-0.182689,0.305227,-0.636203,-0.000358127,0.00125962,-0.000245093,0.00128174,-0.000380245,-0.900479,0.00115364,0.0115246,10.0013,9.98979
119,1.74E-09,1.97E-09,2.19E-12,-0.182559,0.304321,-0.63789,-0.0003193,0.00132658,-0.000189723,0.00134789,-0.000340608,-0.732062,0.00117693,0.0117573,10.0016,9.98979
120,1.74E-09,1.97E-09,2.19E-12,-0.18219,0.307925,-0.642157,-0.000376031,0.0013119,-0.000182562,0.00133303,-0.000397162,-0.680346,0.00119454,0.0119332,10.0017,9.98979
121,1.74E-09,1.97E-09,2.19E-12,-0.184767,0.312349,-0.644332,-0.000352583,0.00136942,-0.000149127,0.00139058,-0.000373737,-0.550591,0.00122156,0.0122031,10.002,9.98979
122,1.74E-09,1.97E-09,2.19E-12,-0.184165,0.309523,-0.642985,-0.000355146,0.00137735,-0.000168959,0.00139767,-0.00037547,-0.641057,0.0012592,0.0125792,10.0024,9.98979
123,1.74E-09,1.97E-09,2.19E-12,-0.185487,0.310811,-0.644693,-0.000390664,0.00142661,-0.000152205,0.00144494,-0.000408988,-0.559405,0.00126145,0.0126017,10.0024,9.98979
124,1.74E-09,1.97E-09,2.19E-12,-0.18264,0.311442,-0.644626,-0.000394156,0.00143546,-0.000138061,0.00145467,-0.000413367,-0.529446,0.00127388,0.0127258,10.0025,9.98979
125,1.74E-09,1.97E-09,2.19E-12,-0.186633,0.315458,-0.644379,-0.000336764,0.00145004,-0.000169023,0.00146888,-0.000355596,-0.589034,0.00127806,0.0127676,10.0026,9.98979
126,1.74E-09,1.97E-09,2.19E-12,-0.18679,0.316271,-0.646779,-0.000356594,0.00148491,-0.000161361,0.00150157,-0.000373252,-0.566708,0.00132434,0.0132299,10.003,9.98979
127,1.74E-09,1.97E-09,2.19E-12,-0.187212,0.316423,-0.645004,-0.000395593,0.00152257,-0.000155282,0.00154178,-0.000414806,-0.463997,0.00132952,0.0132816,10.0031,9.98979
128,1.74E-09,1.97E-09,2.19E-12,-0.185624,0.316076,-0.648312,-0.000387576,0.00155118,-0.000169267,0.00157105,-0.000407437,-0.315107,0.00136533,0.0136393,10.0034,9.98979
129,1.74E-09,1.97E-09,2.19E-12,-0.186811,0.318848,-0.649725,-0.000399583,0.00153631,-0.000170679,0.00155207,-0.000415344,-0.608172,0.00136224,0.0136085,10.0034,9.98979
130,1.74E-09,1.97E-09,2.19E-12,-0.186291,0.318295,-0.651583,-0.000407091,0.0015782,-0.000192752,0.00160239,-0.000431282,-0.653424,0.00139232,0.013909,10.0037,9.98979
131,1.74E-09,1.97E-09,2.19E-12,-0.187649,0.319072,-0.646246,-0.000415953,0.00162884,-0.000164427,0.00164616,-0.000433275,-0.551098,0.00138642,0.0138501,10.0036,9.98979
132,1.74E-09,1.97E-09,2.19E-12,-0.188557,0.32169,-0.65296,-0.000439346,0.00162655,-0.000196243,0.00164393,-0.000456724,-0.6592,0.00141687,0.0141543,10.0039,9.98979
133,1.74E-09,1.97E-09,2.19E-12,-0.186886,0.325319,-0.660002,-0.000382485,0.00167588,-0.00022984,0.00169368,-0.00040029,-0.809095,0.0014251,0.0142364,10.004,9.98979
134,1.74E-09,1.97E-09,2.19E-12,-0.188559,0.324648,-0.659121,-0.000396863,0.0017044,-0.000193394,0.00172602,-0.000418485,-0.571135,0.00147792,0.0147641,10.0046,9.98979
135,1.74E-09,1.97E-09,2.19E-12,-0.189019,0.327514,-0.657658,-0.000426848,0.00172608,-0.000231178,0.00174536,-0.000446127,-0.710409,0.00147717,0.0147567,10.0045,9.98979
136,1.74E-09,1.97E-09,2.19E-12,-0.192491,0.327877,-0.65215,-0.000424926,0.00174086,-0.00021986,0.00175833,-0.000442398,-0.702665,0.00145212,0.0145064,10.0043,9.98979
137,1.74E-09,1.97E-09,2.19E-12,-0.18986,0.332235,-0.655752,-0.000453148,0.00175822,-0.000263156,0.00177821,-0.000473133,-0.860221,0.001505,0.0150347,10.0048,9.98979
138,1.74E-09,1.97E-09,2.19E-12,-0.191181,0.330064,-0.653292,-0.000469272,0.00181433,-0.00029174,0.00183628,-0.000491224,-0.941005,0.0015064,0.0150486,10.0048,9.98979
139,1.74E-09,1.97E-09,2.19E-12,-0.193584,0.335319,-0.656178,-0.000444917,0.00185211,-0.000259977,0.00187159,-0.000464396,-0.929942,0.00155711,0.0155552,10.0053,9.98979
140,1.74E-09,1.97E-09,2.19E-12,-0.189447,0.331947,-0.655277,-0.000509397,0.00182264,-0.000347065,0.00184598,-0.000532738,-1.14794,0.00151235,0.0151081,10.0049,9.98979
141,1.74E-09,1.97E-09,2.19E-12,-0.191881,0.336749,-0.661938,-0.000469968,0.00190722,-0.000284611,0.00192881,-0.000491555,-0.863553,0.00156606,0.0156446,10.0054,9.98979
142,1.74E-09,1.97E-09,2.19E-12,-0.195459,0.340482,-0.661645,-0.000461087,0.00196745,-0.000233607,0.00198727,-0.000480901,-0.683904,0.00162174,0.0162008,10.006,9.98979
143,1.74E-09,1.97E-09,2.19E-12,-0.193233,0.338268,-0.659983,-0.000523732,0.00194819,-0.000299383,0.00196716,-0.000542704,-1.07086,0.00157264,0.0157104,10.0055,9.98979
144,1.74E-09,1.97E-09,2.19E-12,-0.194524,0.336746,-0.66104,-0.000493907,0.00195908,-0.000288066,0.00198043,-0.000515263,-0.895458,0.0015923,0.0159068,10.0057,9.98979
145,1.74E-09,1.97E-09,2.19E-12,-0.193352,0.34361,-0.657293,-0.000507699,0.00202076,-0.000184959,0.00203768,-0.000524622,-0.491132,0.00164328,0.016416,10.0062,9.98979
146,1.74E-09,1.97E-09,2.19E-12,-0.195316,0.343596,-0.6579,-0.00051348,0.00205491,-0.000264394,0.00207544,-0.000534011,-0.893936,0.00165196,0.0165027,10.0063,9.98979
147,1.74E-09,1.97E-09,2.19E-12,-0.194588,0.344913,-0.661334,-0.000495078,0.00210162,-0.000215584,0.00211916,-0.000512616,-0.660836,0.00167607,0.0167436,10.0065,9.98979
148,1.74E-09,1.97E-09,2.19E-12,-0.196839,0.345015,-0.660932,-0.000507826,0.00212434,-0.00022938,0.00214265,-0.000526138,-0.611836,0.00170651,0.0170476,10.0068,9.98979
149,1.74E-09,1.97E-09,2.19E-12,-0.195313,0.350053,-0.660458,-0.000497187,0.00213228,-0.000218145,0.00215354,-0.00051845,-0.596738,0.00174181,0.0174003,10.0072,9.98979
150,1.74E-09,1.97E-09,2.19E-12,-0.195459,0.347141,-0.661788,-0.000552443,0.00219006,-0.000193851,0.00221032,-0.000572704,-0.37997,0.00174342,0.0174164,10.0072,9.98979
151,1.74E-09,1.97E-09,2.19E-12,-0.195703,0.352524,-0.665779,-0.000502776,0.00220173,-0.00023266,0.00222249,-0.000523533,-0.658415,0.00176678,0.0176497,10.0074,9.98979
152,1.74E-09,1.97E-09,2.19E-12,-0.196678,0.351036,-0.66457,-0.000563381,0.00224883,-0.00015887,0.00226556,-0.000580106,-0.378888,0.001813,0.0181115,10.0079,9.98979
153,1.74E-09,1.97E-09,2.19E-12,-0.196737,0.355508,-0.664859,-0.000529879,0.00227051,-0.000220035,0.00228893,-0.000548301,-0.538726,0.00181787,0.0181602,10.008,9.98979
154,1.74E-09,1.97E-09,2.19E-12,-0.197619,0.355956,-0.66929,-0.000589388,0.00230476,-0.00020094,0.00232085,-0.000605477,-0.652622,0.00185761,0.0185571,10.0084,9.98979
155,1.74E-09,1.97E-09,2.19E-12,-0.198417,0.360787,-0.669026,-0.000545258,0.00234266,-0.000242844,0.00236209,-0.000564682,-0.689433,0.0018766,0.0187468,10.0085,9.98979
156,1.74E-09,1.97E-09,2.19E-12,-0.199762,0.359668,-0.666784,-0.000575171,0.00233059,-0.000261432,0.00235206,-0.000596634,-0.744405,0.00187146,0.0186955,10.0085,9.98979
157,1.74E-09,1.97E-09,2.19E-12,-0.199761,0.363284,-0.668903,-0.000575273,0.00238659,-0.000231603,0.00240691,-0.00059559,-0.629477,0.00193697,0.0193499,10.0091,9.98979
158,1.74E-09,1.97E-09,2.19E-12,-0.201023,0.363372,-0.670151,-0.000586732,0.00243148,-0.000254366,0.00245046,-0.000605721,-0.814199,0.00194894,0.0194695,10.0093,9.98979
159,1.74E-09,1.97E-09,2.19E-12,-0.20301,0.370769,-0.670009,-0.000601501,0.0024602,-0.000295632,0.00248096,-0.000622262,-0.826117,0.00193242,0.0193045,10.0091,9.98979
160,1.74E-09,1.97E-09,2.19E-12,-0.203602,0.369399,-0.671143,-0.000611846,0.00251334,-0.000314399,0.00253542,-0.00063392,-0.884897,0.00195375,0.0195176,10.0093,9.98979
161,1.74E-09,1.97E-09,2.19E-12,-0.204033,0.37111,-0.668485,-0.000617718,0.00252152,-0.000285532,0.00254185,-0.00063805,-0.786084,0.00195972,0.0195772,10.0094,9.98979
162,1.74E-09,1.97E-09,2.19E-12,-0.205266,0.374644,-0.672238,-0.000614687,0.00253917,-0.000293328,0.00255975,-0.000635268,-0.789879,0.00202812,0.0202605,10.0101,9.98979
163,1.74E-09,1.97E-09,2.19E-12,-0.204185,0.377058,-0.672283,-0.000631568,0.00257135,-0.000296764,0.00259282,-0.000653036,-0.723486,0.00199396,0.0199192,10.0097,9.98979
164,1.74E-09,1.97E-09,2.19E-12,-0.206145,0.376049,-0.667371,-0.00063545,0.00261506,-0.000277851,0.00263707,-0.000657453,-0.762251,0.00203001,0.0202794,10.0101,9.98979
165,1.74E-09,1.97E-09,2.19E-12,-0.205521,0.382775,-0.675524,-0.000657969,0.00264024,-0.000282243,0.00266084,-0.000678568,-0.779167,0.00207716,0.0207504,10.0105,9.98979
166,1.74E-09,1.97E-09,2.19E-12,-0.206604,0.382018,-0.672252,-0.000604901,0.00269067,-0.000273402,0.00271533,-0.000629568,-0.589401,0.00208265,0.0208052,10.0106,9.98979
167,1.74E-09,1.97E-09,2.19E-12,-0.207023,0.384269,-0.667823,-0.000630166,0.00273962,-0.000273879,0.00276043,-0.000650976,-0.688086,0.00211592,0.0211376,10.0109,9.98979
168,1.74E-09,1.97E-09,2.19E-12,-0.207676,0.388992,-0.670225,-0.000647385,0.0027388,-0.000262599,0.00275975,-0.000668334,-0.646844,0.00213761,0.0213543,10.0111,9.98979
169,1.74E-09,1.97E-09,2.19E-12,-0.208499,0.390072,-0.671334,-0.000660588,0.00279758,-0.000282413,0.00282312,-0.000686136,-0.723484,0.00216928,0.0216707,10.0115,9.98979
170,1.74E-09,1.97E-09,2.19E-12,-0.208563,0.391604,-0.672598,-0.000682891,0.00278859,-0.000305898,0.00281171,-0.000706011,-0.755896,0.00219019,0.0218795,10.0117,9.98979
171,1.74E-09,1.97E-09,2.19E-12,-0.209451,0.395257,-0.671127,-0.000657751,0.00286287,-0.000273312,0.00288351,-0.000678392,-0.647042,0.0022236,0.0222133,10.012,9.98979
172,1.74E-09,1.97E-09,2.19E-12,-0.20951,0.398006,-0.673984,-0.0006342,0.00287989,-0.00025947,0.00290227,-0.000656575,-0.518094,0.00223658,0.0223429,10.0121,9.98979
173,1.74E-09,1.97E-09,2.19E-12,-0.210037,0.401842,-0.672394,-0.000640762,0.00288636,-0.000313715,0.00290839,-0.000662797,-0.80861,0.00225761,0.0225531,10.0123,9.98979
174,1.74E-09,1.97E-09,2.19E-12,-0.209785,0.400551,-0.674879,-0.000688298,0.00289099,-0.000333566,0.00291301,-0.000710315,-0.907328,0.00227289,0.0227057,10.0125,9.98979
175,1.74E-09,1.97E-09,2.19E-12,-0.211449,0.406844,-0.675377,-0.000681444,0.00295071,-0.000339696,0.00297505,-0.000705784,-0.830041,0.00227683,0.022745,10.0125,9.98979
176,1.74E-09,1.97E-09,2.19E-12,-0.211328,0.408158,-0.670044,-0.000693843,0.00299609,-0.000363344,0.00302376,-0.00072151,-0.825515,0.00231186,0.023095,10.0129,9.98979
177,1.74E-09,1.97E-09,2.19E-12,-0.210581,0.408896,-0.672238,-0.000682397,0.00300847,-0.000315431,0.00303316,-0.00070709,-0.801605,0.0023365,0.0233412,10.0131,9.98979
178,1.74E-09,1.97E-09,2.19E-12,-0.213063,0.414897,-0.680717,-0.000757474,0.00305841,-0.00033459,0.00308228,-0.000781343,-0.695188,0.00235143,0.0234903,10.0133,9.98979
179,1.74E-09,1.97E-09,2.19E-12,-0.213922,0.416188,-0.674647,-0.000718267,0.0030492,-0.000280884,0.00307357,-0.000742647,-0.644639,0.00238925,0.0238681,10.0137,9.98979
180,1.74E-09,1.97E-09,2.19E-12,-0.212754,0.416481,-0.674577,-0.000717155,0.00308778,-0.000272256,0.00310791,-0.000737291,-0.587188,0.00240079,0.0239834,10.0138,9.98979
181,1.74E-09,1.97E-09,2.19E-12,-0.214018,0.422125,-0.679446,-0.000724485,0.0031577,-0.000294596,0.00317942,-0.000746205,-0.688997,0.00247239,0.0246987,10.0145,9.98979
182,1.74E-09,1.97E-09,2.19E-12,-0.215683,0.421862,-0.676896,-0.000735598,0.00315464,-0.000272749,0.00317428,-0.000755233,-0.669862,0.00247724,0.0247471,10.0145,9.98979
183,1.74E-09,1.97E-09,2.19E-12,-0.215635,0.425608,-0.671699,-0.00076804,0.00316844,-0.000290556,0.00319093,-0.000790533,-0.644767,0.00248733,0.0248479,10.0146,9.98979
184,1.74E-09,1.97E-09,2.19E-12,-0.21646,0.427361,-0.681515,-0.000752104,0.00323547,-0.000279035,0.0032571,-0.000773729,-0.430376,0.00252084,0.0251827,10.015,9.98979
185,1.74E-09,1.97E-09,2.19E-12,-0.21946,0.432332,-0.665929,-0.000758843,0.00326329,-0.000283931,0.00328574,-0.000781288,-0.555229,0.00251905,0.0251647,10.015,9.98979
186,1.74E-09,1.97E-09,2.19E-12,-0.217947,0.433304,-0.689745,-0.000756845,0.00333159,-0.000317112,0.00335263,-0.000777882,-0.744805,0.00259772,0.0259506,10.0157,9.98979
187,-0.0010639,-0.00520122,8.96E-08,-0.217419,0.436719,-0.671645,-0.000779178,0.00335781,-0.000268796,0.00337813,-0.000799498,-0.561412,0.00257369,0.0257106,10.0155,9.98979
188,1.74E-09,1.97E-09,2.19E-12,-0.218345,0.439413,-0.679681,-0.000792354,0.00334083,-0.000315208,0.00336375,-0.000815272,-0.675959,0.00259768,0.0259503,10.0157,9.98979
189,-0.0010639,-0.00520122,8.96E-08,-0.21793,0.438597,-0.674043,-0.000792878,0.0033499,-0.000265933,0.00337233,-0.000815309,-0.585429,0.0026215,0.0261882,10.016,9.98979
190,1.74E-09,1.97E-09,2.19E-12,-0.219368,0.444406,-0.671306,-0.000788528,0.00341792,-0.000337976,0.00344216,-0.000812764,-0.72337,0.00265853,0.0265582,10.0164,9.98979
191,1.74E-09,1.97E-09,2.19E-12,-0.219262,0.44698,-0.680224,-0.000812907,0.00342861,-0.00031806,0.00344993,-0.00083423,-0.708882,0.00266682,0.026641,10.0164,9.98979
192,1.74E-09,1.97E-09,2.19E-12,-0.221397,0.449154,-0.669456,-0.000820606,0.003481,-0.000317913,0.00350193,-0.000841541,-0.694157,0.00268726,0.0268452,10.0166,9.98979
193,-0.0010639,-0.00520122,8.96E-08,-0.219659,0.451929,-0.675592,-0.000796485,0.00345306,-0.000298901,0.00347485,-0.000818274,-0.661269,0.00269663,0.0269387,10.0167,9.98979
194,-0.0010639,-0.00520122,8.96E-08,-0.22053,0.455135,-0.684094,-0.000817274,0.00353861,-0.0002989,0.00355916,-0.00083782,-0.703313,0.00273074,0.0272795,10.0171,9.98979
195,-0.0010639,-0.00520122,8.96E-08,-0.221126,0.458242,-0.679466,-0.000822517,0.00353046,-0.0002994,0.00355273,-0.000844785,-0.600211,0.00276063,0.0275781,10.0174,9.98979
196,-0.00511046,-0.0214168,-1.87E-05,-0.222489,0.458325,-0.673257,-0.000796928,0.00335876,-0.000351854,0.00338962,-0.00082779,-0.501783,0.00277375,0.0277091,10.0175,9.98979
197,1.74E-09,1.97E-09,2.19E-12,-0.221384,0.462713,-0.680669,-0.000825749,0.00362444,-0.000293158,0.00365049,-0.000851799,-0.42667,0.00281795,0.0281507,10.0179,9.98979
198,1.74E-09,1.97E-09,2.19E-12,-0.223022,0.463588,-0.680215,-0.000822718,0.00362549,-0.000299609,0.00364785,-0.000845075,-0.537678,0.0028299,0.0282701,10.0181,9.98979
199,1.74E-09,1.97E-09,2.19E-12,-0.223315,0.471154,-0.677761,-0.000868326,0.00370352,-0.000293723,0.00372881,-0.000893615,-0.424737,0.00285641,0.0285349,10.0183,9.98979
200,1.74E-09,1.97E-09,2.19E-12,-0.223731,0.470566,-0.682769,-0.000876471,0.0036589,-0.000311454,0.00368532,-0.000902899,-0.597652,0.0028733,0.0287037,10.0185,9.98979
201,-0.00511046,-0.0214168,-1.87E-05,-0.222647,0.470444,-0.688001,-0.00081679,0.00351799,-0.000344209,0.00354833,-0.000847124,-0.564329,0.00288656,0.0288361,10.0186,9.98979
202,-0.0010639,-0.00520122,8.96E-08,-0.22575,0.478548,-0.678764,-0.000904708,0.00372117,-0.000297013,0.00374418,-0.000927721,-0.472772,0.00289132,0.0288837,10.0187,9.98979
203,-0.00511046,-0.0214168,-1.87E-05,-0.227093,0.478492,-0.684951,-0.000870864,0.00356223,-0.00039858,0.00359644,-0.000905073,-0.694149,0.00296824,0.0296521,10.0194,9.98979
204,-0.00511046,-0.0214168,-1.87E-05,-0.227014,0.480207,-0.685112,-0.000849361,0.00357535,-0.000398845,0.00360768,-0.000881685,-0.731303,0.00295453,0.0295151,10.0193,9.98979
205,-0.00511046,-0.0214168,-1.87E-05,-0.229477,0.482874,-0.681617,-0.000915329,0.00360951,-0.000387112,0.00364029,-0.00094611,-0.722641,0.00296214,0.0295912,10.0194,9.98979
206,-0.00511046,-0.0214168,-1.87E-05,-0.226509,0.487202,-0.683339,-0.000899331,0.00362214,-0.000431355,0.00365832,-0.000935514,-0.798466,0.00297141,0.0296838,10.0195,9.98979
207,-0.00511046,-0.0214168,-1.87E-05,-0.227373,0.486232,-0.685879,-0.000884837,0.0036516,-0.000378321,0.00368524,-0.000918475,-0.664668,0.00299547,0.0299241,10.0197,9.98979
208,-0.0010639,-0.00520122,8.96E-08,-0.225666,0.492472,-0.681243,-0.000942775,0.00391466,-0.000288916,0.00393732,-0.000965435,-0.592145,0.00304208,0.0303898,10.0202,9.98979
209,-0.00511046,-0.0214168,-1.87E-05,-0.22696,0.493979,-0.683516,-0.000921327,0.00369659,-0.000366565,0.00372856,-0.000953292,-0.557843,0.00305403,0.0305091,10.0203,9.98979
210,-0.00511046,-0.0214168,-1.87E-05,-0.228467,0.49646,-0.686987,-0.000940272,0.00372263,-0.000378866,0.0037545,-0.000972145,-0.663582,0.00306509,0.0306196,10.0204,9.98979
211,-0.00511046,-0.0214168,-1.87E-05,-0.230476,0.500649,-0.681326,-0.000942197,0.00379384,-0.000417954,0.00382907,-0.000977431,-0.718126,0.0030945,0.0309134,10.0207,9.98979
212,-0.00269511,-0.0107,-1.41E-05,-0.229343,0.501906,-0.683492,-0.000944449,0.00389441,-0.000420963,0.00392894,-0.000978981,-0.721794,0.00310723,0.0310405,10.0208,9.98979
213,-0.00511046,-0.0214168,-1.87E-05,-0.231196,0.506135,-0.676209,-0.000958202,0.00381385,-0.000409616,0.0038489,-0.00099325,-0.720037,0.00312206,0.0311887,10.021,9.98979
214,-0.00511046,-0.0214168,-1.87E-05,-0.22999,0.507709,-0.683458,-0.000921377,0.00380786,-0.000357208,0.00383903,-0.000952543,-0.66132,0.00314121,0.03138,10.0212,9.98979
215,-0.00212002,-0.0320536,-2.00E-05,-0.230207,0.512205,-0.683731,-0.000942697,0.00376937,-0.000455295,0.00381058,-0.000983913,-0.648123,0.00317801,0.0317477,10.0215,9.98979
216,-0.00511046,-0.0214168,-1.87E-05,-0.230397,0.511731,-0.683427,-0.00092203,0.00386519,-0.000456218,0.00390518,-0.000962021,-0.819014,0.00319806,0.0319479,10.0217,9.98979
217,0.00192605,-0.0158025,-1.13E-06,-0.231923,0.516981,-0.684341,-0.000992786,0.00403104,-0.000427705,0.00406686,-0.0010286,-0.747582,0.00323062,0.0322732,10.0221,9.98979
218,1.74E-09,1.97E-09,2.19E-12,-0.233623,0.516233,-0.688549,-0.000990274,0.00415967,-0.000393009,0.00418998,-0.00102058,-0.685487,0.00321877,0.0321548,10.0219,9.98979
219,0.000294692,-0.0213133,-1.53E-05,-0.232475,0.523185,-0.683224,-0.000940798,0.00397548,-0.000488532,0.00402345,-0.000988773,-0.713911,0.00322284,0.0321955,10.022,9.98979
220,-0.00511046,-0.0214168,-1.87E-05,-0.231916,0.523979,-0.684994,-0.00100758,0.00397588,-0.000420625,0.00400713,-0.00103883,-0.785082,0.00324663,0.0324332,10.0222,9.98979
221,-0.00269511,-0.0107,-1.41E-05,-0.230105,0.527131,-0.685045,-0.00101036,0.00413836,-0.000431651,0.00417232,-0.00104433,-0.82235,0.00328352,0.0328017,10.0226,9.98979
222,-0.00269511,-0.0107,-1.41E-05,-0.232987,0.531348,-0.682531,-0.000977574,0.00410626,-0.000466028,0.00414859,-0.00101991,-0.794721,0.00328197,0.0327862,10.0226,9.98979
223,-0.00511046,-0.0214168,-1.87E-05,-0.232851,0.533478,-0.684214,-0.000987365,0.00405771,-0.000431964,0.00409267,-0.00102233,-0.689875,0.00334812,0.0334471,10.0232,9.98979
224,1.74E-09,1.97E-09,2.19E-12,-0.233073,0.536008,-0.686581,-0.00102449,0.00428814,-0.000373045,0.00431574,-0.00105209,-0.694061,0.00334073,0.0333732,10.0232,9.98979
225,-0.0010639,-0.00520122,8.96E-08,-0.231457,0.539917,-0.686245,-0.00101689,0.00433958,-0.000326431,0.00436424,-0.00104154,-0.663632,0.00338476,0.0338131,10.0236,9.98979
226,-0.0010639,-0.00520122,8.96E-08,-0.233098,0.542563,-0.684739,-0.00102186,0.00437658,-0.000366638,0.00440189,-0.00104717,-0.645959,0.00337924,0.0337579,10.0236,9.98979
227,-0.00212002,-0.0320536,-2.00E-05,-0.230466,0.542902,-0.681265,-0.0010185,0.00410015,-0.000478581,0.0041449,-0.00106325,-0.640447,0.00343363,0.0343012,10.0241,9.98979
228,-0.00511046,-0.0214168,-1.87E-05,-0.231508,0.546745,-0.678988,-0.00105173,0.00414756,-0.000470767,0.0041855,-0.00108967,-0.791377,0.00343382,0.0343031,10.0241,9.98979
229,-0.00269511,-0.0107,-1.41E-05,-0.233047,0.549675,-0.685493,-0.0010306,0.0043087,-0.000481281,0.00434568,-0.00106758,-0.888775,0.00344762,0.034441,10.0242,9.98979
230,1.74E-09,1.97E-09,2.19E-12,-0.232533,0.551494,-0.68839,-0.00105962,0.00453809,-0.000396291,0.00456426,-0.00108579,-0.761298,0.00345343,0.034499,10.0243,9.98979
231,1.74E-09,1.97E-09,2.19E-12,-0.233166,0.55539,-0.686734,-0.00109967,0.00450123,-0.000395441,0.00452902,-0.00112747,-0.748326,0.00349116,0.034876,10.0247,9.98979
232,-0.00511046,-0.0214168,-1.87E-05,-0.233198,0.555649,-0.688356,-0.00103686,0.00427742,-0.000415368,0.00431352,-0.00107296,-0.555411,0.00350014,0.0349657,10.0248,9.98979
233,-0.0010639,-0.00520122,8.96E-08,-0.232483,0.561261,-0.690723,-0.00107574,0.0045109,-0.000402977,0.00454129,-0.00110612,-0.797471,0.00353432,0.0353071,10.0251,9.98979
234,-0.00511046,-0.0214168,-1.87E-05,-0.23364,0.559967,-0.689655,-0.00106804,0.0043419,-0.000472364,0.0043797,-0.00110585,-0.72059,0.0035325,0.0352889,10.0251,9.98979
235,-0.00511046,-0.0214168,-1.87E-05,-0.23211,0.566055,-0.683576,-0.00105629,0.00435798,-0.000455088,0.0043973,-0.00109562,-0.660871,0.00356854,0.035649,10.0254,9.98979
236,-0.00511046,-0.0214168,-1.87E-05,-0.23359,0.566311,-0.687742,-0.00106753,0.00437838,-0.000462831,0.00441514,-0.00110428,-0.789542,0.00357181,0.0356816,10.0255,9.98979
237,1.74E-09,1.97E-09,2.19E-12,-0.231968,0.568806,-0.69322,-0.00111018,0.00465928,-0.000377544,0.00468691,-0.00113781,-0.547373,0.00360894,0.0360525,10.0258,9.98979
238,1.74E-09,1.97E-09,2.19E-12,-0.233147,0.571625,-0.687543,-0.00111147,0.00472841,-0.000392401,0.00475598,-0.00113904,-0.700677,0.00363812,0.036344,10.0261,9.98979
239,-0.0010639,-0.00520122,8.96E-08,-0.233811,0.57812,-0.68562,-0.0011366,0.00472651,-0.000351555,0.00475206,-0.00116216,-0.722416,0.00366597,0.0366223,10.0264,9.98979
240,1.74E-09,1.97E-09,2.19E-12,-0.233808,0.577047,-0.688037,-0.00111726,0.00474863,-0.000385669,0.00477545,-0.00114408,-0.652061,0.00368141,0.0367765,10.0266,9.98979
241,-0.00511046,-0.0214168,-1.87E-05,-0.234645,0.581511,-0.686994,-0.00106905,0.00450917,-0.000416337,0.00454433,-0.00110421,-0.684106,0.00369537,0.0369159,10.0267,9.98979
242,-0.00511046,-0.0214168,-1.87E-05,-0.23332,0.582314,-0.689355,-0.00111865,0.00454461,-0.000441338,0.00457901,-0.00115304,-0.632453,0.00372488,0.0372108,10.027,9.98979
243,-0.00511046,-0.0214168,-1.87E-05,-0.233812,0.586167,-0.687285,-0.0011095,0.00455032,-0.00046487,0.0045885,-0.00114768,-0.647307,0.00374833,0.037445,10.0272,9.98979
244,1.74E-09,1.97E-09,2.19E-12,-0.233467,0.588073,-0.68792,-0.00117164,0.00485898,-0.000440904,0.00488761,-0.00120026,-0.780985,0.00376735,0.0376351,10.0274,9.98979
245,0.00298948,-0.0105897,-1.22E-06,-0.234724,0.59217,-0.684831,-0.00115509,0.00478254,-0.000472262,0.00482043,-0.00119299,-0.69212,0.00376122,0.0375738,10.0274,9.98979
246,-0.00269511,-0.0107,-1.41E-05,-0.233827,0.592439,-0.689818,-0.00115215,0.00478019,-0.000500479,0.00481666,-0.00118861,-0.761103,0.00380602,0.0380213,10.0278,9.98979
247,1.74E-09,1.97E-09,2.19E-12,-0.233607,0.59842,-0.687997,-0.0011691,0.0049228,-0.000373872,0.00495036,-0.00119666,-0.712062,0.00381939,0.0381549,10.0279,9.98979
248,1.74E-09,1.97E-09,2.19E-12,-0.233956,0.598841,-0.686753,-0.00121017,0.0049371,-0.000397967,0.0049656,-0.00123867,-0.761201,0.00381088,0.0380699,10.0279,9.98979
249,-0.00269511,-0.0107,-1.41E-05,-0.232539,0.602539,-0.687605,-0.00113886,0.00479579,-0.000513108,0.00483772,-0.00118078,-0.826635,0.00386508,0.0386114,10.0284,9.98979
250,-0.00511046,-0.0214168,-1.87E-05,-0.232291,0.603077,-0.68961,-0.00116911,0.00473849,-0.000447925,0.00477749,-0.00120811,-0.651724,0.00386556,0.0386162,10.0284,9.98979
251,1.74E-09,1.97E-09,2.19E-12,-0.23533,0.607727,-0.684717,-0.00124877,0.00501885,-0.000401298,0.00504618,-0.0012761,-0.597394,0.0038941,0.0389012,10.0287,9.98979
252,-0.00511046,-0.0214168,-1.87E-05,-0.232976,0.609995,-0.690619,-0.00119167,0.00473916,-0.00047126,0.00477974,-0.00123226,-0.615862,0.00390798,0.0390399,10.0288,9.98979
253,-0.00511046,-0.0214168,-1.87E-05,-0.234858,0.612641,-0.691746,-0.00117906,0.00479736,-0.000449319,0.00483731,-0.00121902,-0.570069,0.00394594,0.0394191,10.0292,9.98979
254,-0.00511046,-0.0214168,-1.87E-05,-0.234329,0.615476,-0.692989,-0.00115957,0.00480528,-0.00045896,0.00484004,-0.00119433,-0.716797,0.00397473,0.0397067,10.0295,9.98979
255,-0.00511046,-0.0214168,-1.87E-05,-0.23431,0.6172,-0.693117,-0.001214,0.00483852,-0.000436001,0.00487779,-0.00125326,-0.515476,0.00398877,0.039847,10.0296,9.98979
256,-0.00511046,-0.0214168,-1.87E-05,-0.234162,0.622533,-0.689557,-0.00126457,0.00489213,-0.000435138,0.00492902,-0.00130146,-0.549062,0.004011,0.040069,10.0299,9.98979
257,-0.0010639,-0.00520122,8.96E-08,-0.234103,0.621661,-0.696215,-0.00126509,0.00516469,-0.000393153,0.00519216,-0.00129257,-0.646338,0.00402057,0.0401647,10.03,9.98979
258,-0.0010639,-0.00520122,8.96E-08,-0.234314,0.627381,-0.695594,-0.00125405,0.00525065,-0.000394109,0.00527706,-0.00128045,-0.693299,0.00404145,0.0403732,10.0302,9.98979
259,-0.00511046,-0.0214168,-1.87E-05,-0.234735,0.628713,-0.694848,-0.00122534,0.00495409,-0.000457413,0.00499165,-0.0012629,-0.703069,0.00408493,0.0408076,10.0306,9.98979
260,-0.00511046,-0.0214168,-1.87E-05,-0.234623,0.63105,-0.694759,-0.00123706,0.00500839,-0.000440961,0.00504286,-0.00127153,-0.729927,0.00408954,0.0408536,10.0306,9.98979
261,-0.00269511,-0.0107,-1.41E-05,-0.235024,0.633417,-0.691801,-0.00125518,0.00514817,-0.000506523,0.00518685,-0.00129385,-0.797881,0.00409646,0.0409228,10.0307,9.98979
262,-0.00511046,-0.0214168,-1.87E-05,-0.23529,0.638789,-0.693735,-0.00125247,0.00506349,-0.000519515,0.00510495,-0.00129392,-0.691285,0.00413293,0.0412871,10.0311,9.98979
263,1.74E-09,1.97E-09,2.19E-12,-0.233947,0.639184,-0.690516,-0.00122603,0.00540215,-0.000457972,0.00543451,-0.00125839,-0.827205,0.00415043,0.0414619,10.0313,9.98979
264,-0.00269511,-0.0107,-1.41E-05,-0.236416,0.643158,-0.690583,-0.00124759,0.00521198,-0.000568712,0.00526029,-0.0012959,-0.572702,0.00416893,0.0416468,10.0314,9.98979
265,0.00298948,-0.0105897,-1.22E-06,-0.236258,0.644623,-0.691848,-0.00125999,0.00533965,-0.000496075,0.00538229,-0.00130263,-0.718153,0.00419585,0.0419157,10.0317,9.98979
266,-0.00511046,-0.0214168,-1.87E-05,-0.234416,0.645504,-0.692217,-0.00122303,0.00513185,-0.000487336,0.00517194,-0.00126311,-0.642384,0.00419835,0.0419407,10.0317,9.98979
267,-0.0010639,-0.00520122,8.96E-08,-0.235616,0.650736,-0.690867,-0.00128521,0.005495,-0.000399757,0.00552245,-0.00131266,-0.675955,0.00423711,0.0423279,10.0321,9.98979
268,-0.00511046,-0.0214168,-1.87E-05,-0.236086,0.653891,-0.691374,-0.00126115,0.00517973,-0.000501201,0.00521799,-0.00129941,-0.687994,0.00426556,0.0426121,10.0324,9.98979
269,1.74E-09,1.97E-09,2.19E-12,-0.235343,0.656413,-0.690866,-0.00130461,0.00548882,-0.00042903,0.00551928,-0.00133507,-0.721235,0.00425722,0.0425287,10.0323,9.98979
270,1.74E-09,1.97E-09,2.19E-12,-0.236838,0.658132,-0.691673,-0.00131507,0.00556979,-0.000360312,0.00559829,-0.00134357,-0.652524,0.00429644,0.0429205,10.0327,9.98979
271,-0.00511046,-0.0214168,-1.87E-05,-0.235228,0.663214,-0.69209,-0.00129152,0.00525517,-0.000449839,0.00529145,-0.0013278,-0.677895,0.00433517,0.0433074,10.0331,9.98979
272,1.74E-09,1.97E-09,2.19E-12,-0.236414,0.663289,-0.689779,-0.00131589,0.00559563,-0.00042984,0.0056286,-0.00134886,-0.584545,0.00435033,0.0434589,10.0333,9.98979
273,-0.00511046,-0.0214168,-1.87E-05,-0.236469,0.666854,-0.692395,-0.00134388,0.00529067,-0.000451412,0.00532765,-0.00138086,-0.599794,0.00436255,0.043581,10.0334,9.98979
274,-0.00511046,-0.0214168,-1.87E-05,-0.234825,0.669909,-0.69443,-0.0013333,0.00533664,-0.000462076,0.00537553,-0.00137219,-0.578622,0.00437623,0.0437176,10.0335,9.98979
275,1.74E-09,1.97E-09,2.19E-12,-0.23709,0.673831,-0.692045,-0.00136054,0.00567831,-0.000415917,0.00570947,-0.0013917,-0.613604,0.00440497,0.0440047,10.0338,9.98979
276,-0.0010639,-0.00520122,8.96E-08,-0.235045,0.674304,-0.69271,-0.00136465,0.00570715,-0.000375675,0.00573477,-0.00139228,-0.621138,0.00443711,0.0443258,10.0341,9.98979
277,-0.00511046,-0.0214168,-1.87E-05,-0.23688,0.683569,-0.692956,-0.00135293,0.00542054,-0.000505934,0.00546002,-0.0013924,-0.668757,0.00444568,0.0444114,10.0342,9.98979
278,-0.00511046,-0.0214168,-1.87E-05,-0.235051,0.6805,-0.692734,-0.00134772,0.00545515,-0.000491528,0.0054953,-0.00138787,-0.702246,0.00444138,0.0443685,10.0342,9.98979
279,-0.00269511,-0.0107,-1.41E-05,-0.234611,0.68007,-0.694344,-0.00131628,0.00559495,-0.000551782,0.00563883,-0.00136015,-0.735924,0.00451829,0.0451367,10.0349,9.98979
280,1.74E-09,1.97E-09,2.19E-12,-0.234341,0.687525,-0.691551,-0.00140179,0.00581205,-0.000382177,0.00584132,-0.00143106,-0.572506,0.00449876,0.0449417,10.0347,9.98979
281,-0.00511046,-0.0214168,-1.87E-05,-0.235335,0.688066,-0.694112,-0.00135238,0.00553874,-0.000486677,0.00557904,-0.00139267,-0.668,0.00452635,0.0452173,10.035,9.98979
282,-0.0010639,-0.00520122,8.96E-08,-0.235944,0.689846,-0.690912,-0.00140656,0.00586403,-0.000391159,0.00589395,-0.00143648,-0.583228,0.0045454,0.0454076,10.0352,9.98979
283,1.74E-09,1.97E-09,2.19E-12,-0.236022,0.698316,-0.692343,-0.00137821,0.00593249,-0.000429025,0.00596692,-0.00141264,-0.631034,0.00457743,0.0457276,10.0355,9.98979
284,-0.0010639,-0.00520122,8.96E-08,-0.235521,0.697208,-0.691225,-0.00139306,0.00593708,-0.000363132,0.00596474,-0.00142072,-0.564779,0.00459217,0.0458748,10.0357,9.98979
285,-0.00511046,-0.0214168,-1.87E-05,-0.234854,0.699146,-0.693091,-0.00134291,0.00562863,-0.000492907,0.00566866,-0.00138293,-0.708061,0.00460862,0.0460391,10.0358,9.98979
286,-0.00269511,-0.0107,-1.41E-05,-0.235928,0.702937,-0.69302,-0.00140655,0.00580937,-0.000484218,0.00584917,-0.00144635,-0.593502,0.00464643,0.0464169,10.0362,9.98979
287,-0.000213642,-0.00504499,5.04E-06,-0.234618,0.703791,-0.692848,-0.00141795,0.00604587,-0.000409593,0.00607847,-0.00145055,-0.652871,0.00465674,0.0465199,10.0363,9.98979
288,-0.00212002,-0.0320536,-2.00E-05,-0.233973,0.711413,-0.691821,-0.00138191,0.00559696,-0.000512439,0.00564418,-0.00142913,-0.592437,0.00467893,0.0467415,10.0365,9.98979
289,-0.00511046,-0.0214168,-1.87E-05,-0.231565,0.706671,-0.694928,-0.00142249,0.00572083,-0.000445784,0.00575919,-0.00146085,-0.557169,0.0046974,0.0469261,10.0367,9.98979
290,-0.00511046,-0.0214168,-1.87E-05,-0.233716,0.716458,-0.695098,-0.00141829,0.00576264,-0.000459419,0.00580053,-0.00145618,-0.574179,0.00474274,0.047379,10.0372,9.98979
291,-0.00511046,-0.0214168,-1.87E-05,-0.23334,0.713694,-0.693899,-0.00143479,0.00580955,-0.000488208,0.00585061,-0.00147585,-0.500877,0.00473618,0.0473134,10.0371,9.98979
292,1.74E-09,1.97E-09,2.19E-12,-0.234942,0.720028,-0.691877,-0.00143068,0.00614418,-0.000436462,0.00617748,-0.00146397,-0.480459,0.00475344,0.0474859,10.0373,9.98979
293,-0.0010639,-0.00520122,8.96E-08,-0.235145,0.722003,-0.692613,-0.00143893,0.0061328,-0.000383833,0.00616423,-0.00147037,-0.568791,0.00477938,0.047745,10.0375,9.98979
294,1.74E-09,1.97E-09,2.19E-12,-0.235142,0.724424,-0.695379,-0.00146068,0.00622778,-0.000417826,0.00625968,-0.00149258,-0.607337,0.00479187,0.0478698,10.0377,9.98979
295,-0.00269511,-0.0107,-1.41E-05,-0.234477,0.730177,-0.69335,-0.00144945,0.00607727,-0.000501134,0.00611784,-0.00149002,-0.506328,0.00482022,0.048153,10.0379,9.98979
296,-0.0010639,-0.00520122,8.96E-08,-0.233638,0.728936,-0.693386,-0.00146405,0.00627383,-0.000396896,0.00630537,-0.00149559,-0.5157,0.00484607,0.0484112,10.0382,9.98979
297,-0.0010639,-0.00520122,8.96E-08,-0.23383,0.733942,-0.692101,-0.00147471,0.00630575,-0.000379349,0.00633569,-0.00150465,-0.433419,0.00488155,0.0487656,10.0386,9.98979
298,1.74E-09,1.97E-09,2.19E-12,-0.234619,0.733818,-0.687385,-0.00150907,0.00632418,-0.000410446,0.0063568,-0.00154169,-0.563031,0.00490043,0.0489543,10.0387,9.98979
299,0.00298948,-0.0105897,-1.22E-06,-0.236245,0.739938,-0.689912,-0.0014888,0.00625183,-0.000497026,0.00629295,-0.00152993,-0.587466,0.00491078,0.0490577,10.0389,9.98979
300,-0.00269511,-0.0107,-1.41E-05,-0.236757,0.738796,-0.682607,-0.00144629,0.00613612,-0.000524183,0.00617879,-0.00148896,-0.541444,0.00493256,0.0492753,10.0391,9.98979
301,1.74E-09,1.97E-09,2.19E-12,-0.2364,0.744008,-0.68392,-0.00149119,0.00639479,-0.000432966,0.00642702,-0.00152343,-0.519514,0.00494512,0.0494007,10.0392,9.98979
302,-0.00511046,-0.0214168,-1.87E-05,-0.236519,0.745505,-0.685438,-0.0015033,0.00607355,-0.000477167,0.00611516,-0.00154491,-0.520267,0.00496949,0.0496442,10.0394,9.98979
303,8.07E-05,-0.0263812,-1.03E-05,-0.236642,0.748459,-0.6948,-0.0014777,0.00621479,-0.000607791,0.00626819,-0.00153111,-0.553297,0.00497998,0.0497489,10.0395,9.98979
304,-0.0010639,-0.00520122,8.96E-08,-0.236334,0.751495,-0.689506,-0.00151338,0.00652114,-0.000439672,0.0065528,-0.00154504,-0.646586,0.00501821,0.0501309,10.0399,9.98979
305,1.74E-09,1.97E-09,2.19E-12,-0.236813,0.753651,-0.684661,-0.00153944,0.00646448,-0.000466922,0.00649769,-0.00157265,-0.64947,0.00501151,0.0500639,10.0399,9.98979
306,1.74E-09,1.97E-09,2.19E-12,-0.235369,0.758151,-0.685178,-0.00155401,0.00654941,-0.000424746,0.0065842,-0.0015888,-0.489773,0.00505923,0.0505407,10.0403,9.98979
307,-0.00511046,-0.0214168,-1.87E-05,-0.236484,0.758697,-0.68793,-0.00148414,0.00620718,-0.000507748,0.00625052,-0.00152748,-0.510368,0.00506882,0.0506364,10.0404,9.98979
308,-0.00511046,-0.0214168,-1.87E-05,-0.235798,0.76166,-0.690592,-0.00152667,0.00620668,-0.000494029,0.00624635,-0.00156635,-0.539958,0.00510232,0.0509711,10.0408,9.98979
309,-0.00511046,-0.0214168,-1.87E-05,-0.234432,0.7616,-0.691436,-0.00157038,0.00627364,-0.000486756,0.00631349,-0.00161023,-0.549646,0.0051282,0.0512296,10.041,9.98979
310,-0.0010639,-0.00520122,8.96E-08,-0.237889,0.76981,-0.68921,-0.00152957,0.0066559,-0.000461381,0.00669207,-0.00156574,-0.432388,0.00515669,0.0515143,10.0413,9.98979
311,1.74E-09,1.97E-09,2.19E-12,-0.235798,0.766941,-0.687435,-0.00156851,0.00667948,-0.000480689,0.00671623,-0.00160526,-0.665278,0.00516003,0.0515476,10.0413,9.98979
312,-0.0010639,-0.00520122,8.96E-08,-0.236743,0.772248,-0.689219,-0.00157052,0.00670429,-0.000427852,0.0067379,-0.00160413,-0.550939,0.00520983,0.0520452,10.0418,9.98979
313,-0.00269511,-0.0107,-1.41E-05,-0.235901,0.772135,-0.691692,-0.00151788,0.00652387,-0.000578439,0.00657198,-0.00156599,-0.537697,0.00519628,0.0519098,10.0417,9.98979
314,-0.00269511,-0.0107,-1.41E-05,-0.235398,0.775881,-0.691985,-0.00156561,0.0065964,-0.000540556,0.0066369,-0.00160611,-0.569647,0.0052787,0.0527332,10.0425,9.98979
315,-0.0010639,-0.00520122,8.96E-08,-0.235595,0.780959,-0.690726,-0.00156838,0.00683654,-0.000390316,0.00687063,-0.00160247,-0.421368,0.00529272,0.0528732,10.0427,9.98979
316,-0.00511046,-0.0214168,-1.87E-05,-0.235815,0.77973,-0.686012,-0.0015579,0.00647217,-0.000512843,0.00651488,-0.00160061,-0.556837,0.00524898,0.0524362,10.0422,9.98979
317,-0.0010639,-0.00520122,8.96E-08,-0.235784,0.786045,-0.687583,-0.00163618,0.00678613,-0.000368343,0.00681673,-0.00166678,-0.535861,0.00532309,0.0531766,10.043,9.98979
318,1.74E-09,1.97E-09,2.19E-12,-0.235806,0.785919,-0.6865,-0.00159148,0.0069199,-0.000402893,0.00695394,-0.00162552,-0.269063,0.0053372,0.0533175,10.0431,9.98979
319,-0.00283958,-0.0209523,-3.02E-06,-0.234686,0.790204,-0.691704,-0.001587,0.00670239,-0.000453017,0.0067414,-0.00162601,-0.185114,0.00538003,0.0537454,10.0435,9.98979
320,1.74E-09,1.97E-09,2.19E-12,-0.236713,0.786891,-0.695575,-0.00161058,0.00693795,-0.00047441,0.00697397,-0.0016466,-0.589334,0.00540887,0.0540335,10.0438,9.98979
321,7.24E-05,-0.00517849,6.03E-06,-0.236113,0.792064,-0.69449,-0.00162953,0.00705388,-0.000476078,0.00708773,-0.00166338,-0.518604,0.00541474,0.0540922,10.0439,9.98979
322,-0.00511346,-0.0318293,-7.52E-06,-0.236007,0.791996,-0.69414,-0.00162241,0.00667863,-0.000467299,0.00671874,-0.00166253,-0.466614,0.00545603,0.0545046,10.0443,9.98979
323,-0.000992064,-0.0103854,6.12E-06,-0.236665,0.793198,-0.692493,-0.00165145,0.00711088,-0.000380135,0.00714334,-0.00168392,-0.196011,0.00548477,0.0547917,10.0446,9.98979
324,-0.00262413,-0.0158901,-8.06E-06,-0.235789,0.80088,-0.681713,-0.00160895,0.00695215,-0.000513886,0.00699655,-0.00165336,-0.329306,0.005484,0.054784,10.0446,9.98979
325,-0.00511346,-0.0318293,-7.52E-06,-0.237708,0.796132,-0.696149,-0.00161696,0.00684991,-0.000517665,0.00689164,-0.00165869,-0.581844,0.00558681,0.0558111,10.0456,9.98979
326,-0.00504074,-0.0266186,-1.27E-05,-0.239164,0.801084,-0.691803,-0.00165432,0.0067856,-0.00048176,0.00682674,-0.00169546,-0.430684,0.00552838,0.0552273,10.045,9.98979
327,-0.00106243,-0.0155786,1.13E-05,-0.235911,0.80356,-0.683822,-0.001708,0.00719141,-0.0004045,0.00723035,-0.00174694,-0.377904,0.00555425,0.0554858,10.0453,9.98979
328,-0.00525776,-0.0316922,-7.66E-06,-0.235687,0.805267,-0.68247,-0.00166275,0.00688082,-0.000495141,0.00692417,-0.0017061,-0.413215,0.00562375,0.0561801,10.046,9.98979
329,-0.00511346,-0.0318293,-7.52E-06,-0.235919,0.808357,-0.688945,-0.00168379,0.00686704,-0.000517785,0.00691054,-0.00172729,-0.433845,0.0056021,0.0559638,10.0458,9.98979
330,2.65E-06,-0.0103659,1.12E-05,-0.238748,0.81126,-0.682218,-0.00171771,0.0072812,-0.000407235,0.00731531,-0.00175182,-0.471227,0.00565552,0.0564974,10.0463,9.98979
331,2.65E-06,-0.0103659,1.12E-05,-0.237738,0.81549,-0.692426,-0.00172595,0.00730747,-0.000417774,0.00734288,-0.00176136,-0.342811,0.00569576,0.0568995,10.0467,9.98979
332,-0.00511346,-0.0318293,-7.52E-06,-0.237382,0.812392,-0.69063,-0.0016781,0.00700019,-0.000500661,0.00704551,-0.00172342,-0.430148,0.00570792,0.057021,10.0468,9.98979
333,-0.00211972,-0.0424894,-8.75E-06,-0.235585,0.817915,-0.690898,-0.00165392,0.00689302,-0.000533691,0.00694512,-0.00170601,-0.185454,0.00573056,0.0572471,10.047,9.98979
334,2.65E-06,-0.0103659,1.12E-05,-0.235287,0.817399,-0.692759,-0.001744,0.00747198,-0.00047033,0.00751006,-0.00178209,-0.357865,0.00579902,0.057931,10.0477,9.98979
335,-0.00404903,-0.0368833,-7.72E-06,-0.236796,0.820238,-0.694042,-0.00172283,0.00707788,-0.000483375,0.00711819,-0.00176315,-0.314588,0.00583185,0.058259,10.0481,9.98979
336,-0.00511346,-0.0318293,-7.52E-06,-0.23606,0.82041,-0.692906,-0.00171396,0.00711818,-0.000524786,0.00716445,-0.00176023,-0.333821,0.00584793,0.0584197,10.0482,9.98979
337,-0.00511346,-0.0318293,-7.52E-06,-0.237207,0.824719,-0.691565,-0.00171894,0.00714075,-0.000532599,0.00718817,-0.00176637,-0.367105,0.00585076,0.0584479,10.0482,9.98979
338,-0.00511346,-0.0318293,-7.52E-06,-0.235692,0.829357,-0.688338,-0.00176261,0.00717735,-0.000510395,0.00722229,-0.00180755,-0.358373,0.00589335,0.0588733,10.0487,9.98979
339,0.000925555,-0.0153996,1.26E-05,-0.236898,0.82942,-0.693504,-0.00176734,0.00758429,-0.000453028,0.00762398,-0.00180704,-0.257634,0.00588904,0.0588303,10.0486,9.98979
340,-0.00511346,-0.0318293,-7.52E-06,-0.23584,0.827627,-0.697053,-0.00179807,0.00724425,-0.000464538,0.0072854,-0.00183922,-0.318022,0.00592078,0.0591473,10.0489,9.98979
341,2.65E-06,-0.0103659,1.12E-05,-0.236608,0.83165,-0.695017,-0.00177167,0.00771812,-0.000493557,0.00775767,-0.00181122,-0.301541,0.00593953,0.0593347,10.0491,9.98979
342,2.65E-06,-0.0103659,1.12E-05,-0.236515,0.838827,-0.696103,-0.00178237,0.00774794,-0.000480903,0.0077908,-0.00182522,-0.320028,0.00598228,0.0597618,10.0496,9.98979
343,2.65E-06,-0.0103659,1.12E-05,-0.237521,0.83467,-0.692854,-0.00182229,0.00775446,-0.000426346,0.00778914,-0.00185697,-0.330824,0.00600864,0.0600251,10.0498,9.98979
344,2.65E-06,-0.0103659,1.12E-05,-0.237942,0.838251,-0.691868,-0.00181913,0.00776521,-0.000470489,0.00780423,-0.00185816,-0.424196,0.00604476,0.0603859,10.0502,9.98979
345,-0.00106243,-0.0155786,1.13E-05,-0.239269,0.842611,-0.69376,-0.00182272,0.00779299,-0.000379142,0.00782825,-0.00185798,-0.33446,0.00605244,0.0604627,10.0503,9.98979
346,-0.00269544,-0.0210892,-2.88E-06,-0.237363,0.843255,-0.695898,-0.00177583,0.00767187,-0.000512355,0.00771955,-0.00182351,-0.222109,0.006109,0.0610276,10.0508,9.98979
347,-0.00211972,-0.0424894,-8.75E-06,-0.235656,0.842421,-0.699692,-0.00178818,0.00734189,-0.000595242,0.00740027,-0.00184656,-0.239224,0.0061108,0.0610457,10.0508,9.98979
348,-0.00846478,-0.047978,-9.47E-06,-0.235947,0.850051,-0.697976,-0.00179883,0.00733086,-0.000383509,0.00736866,-0.00183663,-0.238028,0.00612751,0.0612126,10.051,9.98979
349,-0.00198657,-0.0207943,1.17E-05,-0.238046,0.849655,-0.699177,-0.00179794,0.00798045,-0.000381815,0.00801902,-0.00183651,-0.1392,0.00617677,0.0617046,10.0515,9.98979
350,-0.00532862,-0.0370491,-1.98E-06,-0.237152,0.853131,-0.696799,-0.00179253,0.007534,-0.00052295,0.00758044,-0.00183897,-0.234472,0.00619369,0.0618737,10.0517,9.98979
351,-0.00269565,-0.0315017,8.76E-06,-0.238982,0.857315,-0.695815,-0.0017938,0.00792103,-0.000623865,0.00797285,-0.00184563,-0.358261,0.00620353,0.061972,10.0518,9.98979
352,-0.00511346,-0.0318293,-7.52E-06,-0.238624,0.8569,-0.695545,-0.00181243,0.00760664,-0.00052378,0.00765112,-0.00185691,-0.233732,0.00621465,0.062083,10.0519,9.98979
353,-0.000920394,-0.0155758,1.16E-05,-0.239721,0.8619,-0.695611,-0.00189041,0.00804333,-0.000388408,0.00808023,-0.00192731,-0.232331,0.00623488,0.0622851,10.0521,9.98979
354,-0.00846478,-0.047978,-9.47E-06,-0.239696,0.861702,-0.693812,-0.00185395,0.00748993,-0.000394272,0.00752698,-0.001891,-0.276354,0.00628045,0.0627404,10.0525,9.98979
355,-0.00868215,-0.0532154,-3.92E-06,-0.237784,0.865019,-0.695006,-0.00186766,0.00755829,-0.000463593,0.00760251,-0.00191188,-0.243337,0.00629773,0.062913,10.0527,9.98979
356,-0.001986,-0.0312064,2.33E-05,-0.236674,0.87023,-0.696028,-0.00191308,0.00828256,-0.000413967,0.00831898,-0.00194951,-0.34313,0.0062937,0.0628728,10.0527,9.98979
357,-0.00847138,-0.0584491,2.20E-06,-0.234854,0.877201,-0.697413,-0.00181477,0.00769066,-0.000468687,0.00773389,-0.001858,-0.279672,0.00629713,0.0629071,10.0527,9.98979
358,-0.00626543,-0.0633683,-2.21E-06,-0.234982,0.875883,-0.697122,-0.00184071,0.00768059,-0.00040507,0.00772079,-0.00188091,-0.186802,0.00633345,0.0632698,10.0531,9.98979
359,-0.00847138,-0.0584491,2.20E-06,-0.235127,0.878918,-0.696854,-0.0018498,0.00773938,-0.000438984,0.00778114,-0.00189157,-0.270792,0.00636157,0.0635508,10.0533,9.98979
360,-0.008254,-0.053206,-3.36E-06,-0.237757,0.885131,-0.695766,-0.00187363,0.00772245,-0.00037496,0.00776154,-0.00191272,-0.288755,0.00640653,0.0639999,10.0538,9.98979
361,-0.001986,-0.0312064,2.33E-05,-0.236544,0.883153,-0.692716,-0.00191648,0.00843034,-0.000482694,0.0084737,-0.00195983,-0.327016,0.00643272,0.0642615,10.0541,9.98979
362,-0.001986,-0.0312064,2.33E-05,-0.236154,0.889778,-0.692891,-0.00190625,0.00847736,-0.000441524,0.00851697,-0.00194587,-0.30849,0.00645545,0.0644886,10.0543,9.98979
363,-0.00648195,-0.0686229,3.36E-06,-0.23622,0.888659,-0.69625,-0.00191773,0.00783123,-0.000423655,0.0078734,-0.0019599,-0.149669,0.00643342,0.0642685,10.0541,9.98979
364,-0.0116175,-0.0694267,7.30E-08,-0.237101,0.894748,-0.697154,-0.00189873,0.00768425,-0.000393611,0.00772666,-0.00194114,-0.174794,0.00653098,0.0652432,10.055,9.98979
365,-0.00648195,-0.0686229,3.36E-06,-0.23414,0.893869,-0.698659,-0.00192377,0.00789105,-0.000375043,0.00793359,-0.00196631,0.137249,0.00648593,0.0647931,10.0546,9.98979
366,-0.00497136,-0.0853652,1.74E-05,-0.235805,0.899946,-0.696768,-0.0018233,0.00787258,-0.000513649,0.00792732,-0.00187803,-0.203317,0.00657806,0.0657134,10.0555,9.98979
367,-0.00547307,-0.0691683,9.70E-07,-0.236214,0.899841,-0.696407,-0.00184922,0.0079954,-0.000544703,0.00804935,-0.00190317,-0.189275,0.00657603,0.0656931,10.0555,9.98979
368,-0.00226521,-0.0525255,4.08E-05,-0.236352,0.903804,-0.693744,-0.00194603,0.00869957,-0.000391571,0.00874071,-0.00198717,-0.418573,0.00661332,0.0660657,10.0559,9.98979
369,-0.0109159,-0.0908933,2.27E-05,-0.234468,0.903867,-0.694885,-0.00184972,0.00796786,-0.000464238,0.00801489,-0.00189674,-0.420881,0.00662652,0.0661975,10.056,9.98979
370,-0.00226521,-0.0525255,4.08E-05,-0.234548,0.908569,-0.69397,-0.00198038,0.00872695,-0.000389288,0.00876855,-0.00202199,-0.263465,0.00665035,0.0664356,10.0562,9.98979
371,-0.00226521,-0.0525255,4.08E-05,-0.235325,0.911843,-0.691624,-0.00193979,0.0087509,-0.000476212,0.00879766,-0.00198656,-0.313592,0.00668318,0.0667636,10.0566,9.98979
372,-0.00791031,-0.101684,2.15E-05,-0.235044,0.913697,-0.693663,-0.00191287,0.00785281,-0.000479468,0.00790599,-0.00196605,-0.223865,0.006696,0.0668916,10.0567,9.98979
373,-0.00791031,-0.101684,2.15E-05,-0.23388,0.917047,-0.693904,-0.00188672,0.00792459,-0.000562529,0.00798363,-0.00194576,-0.32912,0.00671383,0.0670698,10.0569,9.98979
374,-0.00226521,-0.0525255,4.08E-05,-0.234073,0.917825,-0.691448,-0.00193522,0.00885253,-0.000451414,0.0089004,-0.00198308,-0.355059,0.00674282,0.0673594,10.0572,9.98979
375,-0.0109159,-0.0908933,2.27E-05,-0.233046,0.922521,-0.692474,-0.00189561,0.00809373,-0.000448634,0.00814186,-0.00194374,-0.284142,0.00676056,0.0675366,10.0573,9.98979
376,-0.0109159,-0.0908933,2.27E-05,-0.232745,0.921529,-0.691805,-0.00190878,0.00812253,-0.000420172,0.0081713,-0.00195755,-0.251846,0.00680392,0.0679697,10.0578,9.98979
377,-0.0109159,-0.0908933,2.27E-05,-0.232949,0.926195,-0.690303,-0.00192364,0.00816388,-0.000455703,0.00821252,-0.00197228,-0.21689,0.00683694,0.0682996,10.0581,9.98979
378,-0.0109159,-0.0908933,2.27E-05,-0.233472,0.927694,-0.690626,-0.00199105,0.00813078,-0.000403474,0.00817213,-0.0020324,-0.364672,0.00684866,0.0684167,10.0582,9.98979
379,-0.00226521,-0.0525255,4.08E-05,-0.233825,0.932058,-0.691539,-0.00201317,0.00905496,-0.000435395,0.00909857,-0.00205678,-0.401698,0.00689408,0.0688704,10.0587,9.98979
380,-0.0109159,-0.0908933,2.27E-05,-0.23343,0.9333,-0.689892,-0.001891,0.00822459,-0.000511716,0.00827185,-0.00193827,-0.450502,0.00695483,0.0694773,10.0593,9.98979
381,0.000738329,-0.0632321,3.96E-05,-0.232476,0.936458,-0.688807,-0.00203667,0.00895842,-0.000521751,0.00901193,-0.00209018,-0.235528,0.00692258,0.0691552,10.0589,9.98979
382,-0.0109159,-0.0908933,2.27E-05,-0.233631,0.937276,-0.686743,-0.00198134,0.00830851,-0.000466507,0.00835286,-0.00202569,-0.384352,0.00696381,0.0695671,10.0594,9.98979
383,-0.0109159,-0.0908933,2.27E-05,-0.234303,0.940752,-0.6901,-0.00207563,0.00831398,-0.000505343,0.00836426,-0.00212592,-0.425544,0.00694078,0.069337,10.0591,9.98979
384,-0.0109159,-0.0908933,2.27E-05,-0.233706,0.943247,-0.69276,-0.00193416,0.00838314,-0.000491827,0.00843446,-0.00198548,-0.481012,0.00701851,0.0701135,10.0599,9.98979
385,-0.00791031,-0.101684,2.15E-05,-0.233595,0.946788,-0.68767,-0.00200024,0.0082216,-0.00052132,0.00827773,-0.00205637,-0.377471,0.00697488,0.0696776,10.0595,9.98979
386,-0.0109159,-0.0908933,2.27E-05,-0.232367,0.949094,-0.690535,-0.00200269,0.00840573,-0.00047455,0.00845326,-0.00205022,-0.407902,0.00705938,0.0705217,10.0603,9.98979
387,-0.00791031,-0.101684,2.15E-05,-0.23348,0.951066,-0.690091,-0.00188354,0.00833469,-0.000539162,0.00839422,-0.00194306,-0.287128,0.00711849,0.0711122,10.0609,9.98979
388,-0.0109159,-0.0908933,2.27E-05,-0.233738,0.954138,-0.689532,-0.0020507,0.00847029,-0.000490248,0.00851787,-0.00209828,-0.38994,0.00712024,0.0711297,10.0609,9.98979
389,0.000738329,-0.0632321,3.96E-05,-0.234627,0.959798,-0.691148,-0.00206066,0.00926316,-0.000554748,0.0093217,-0.0021192,-0.30793,0.00714984,0.0714254,10.0612,9.98979
390,-0.0114261,-0.107185,4.15E-05,-0.233835,0.957886,-0.690549,-0.00203478,0.00845581,-0.000434987,0.00850595,-0.00208492,-0.326116,0.00719456,0.0718722,10.0617,9.98979
391,-0.0114261,-0.107185,4.15E-05,-0.230781,0.964012,-0.690869,-0.00205846,0.00841601,-0.00045468,0.00846636,-0.0021088,-0.383086,0.00719214,0.071848,10.0616,9.98979
392,-0.00841606,-0.118012,4.03E-05,-0.233062,0.966186,-0.68981,-0.00206408,0.00837908,-0.000536712,0.0084349,-0.0021199,-0.193107,0.0072362,0.0722881,10.0621,9.98979
393,-0.0114261,-0.107185,4.15E-05,-0.233238,0.968599,-0.69315,-0.00208798,0.00856595,-0.000483195,0.00861644,-0.00213846,-0.204146,0.00729246,0.0728502,10.0626,9.98979
394,-0.0114261,-0.107185,4.15E-05,-0.232105,0.966687,-0.692617,-0.00205545,0.00856723,-0.000513129,0.00862056,-0.00210878,-0.28351,0.00729818,0.0729073,10.0627,9.98979
395,-0.0114261,-0.107185,4.15E-05,-0.23132,0.975214,-0.693149,-0.00208969,0.00859171,-0.000443998,0.00864019,-0.00213817,-0.212459,0.00735327,0.0734576,10.0633,9.98979
396,-0.0114261,-0.107185,4.15E-05,-0.229196,0.974963,-0.691593,-0.00211685,0.00861533,-0.000498733,0.00866791,-0.00216943,-0.3193,0.00736204,0.0735452,10.0633,9.98979
397,-0.013022,-0.128869,6.31E-05,-0.231493,0.980907,-0.6914,-0.00211985,0.00852092,-0.000533225,0.00857667,-0.0021756,-0.465153,0.00735047,0.0734297,10.0632,9.98979
398,-0.00841606,-0.118012,4.03E-05,-0.229878,0.980487,-0.692713,-0.00207705,0.00858344,-0.000484045,0.00864425,-0.00213786,-0.092589,0.0074457,0.074381,10.0642,9.98979
399,-0.00841606,-0.118012,4.03E-05,-0.228844,0.984375,-0.69245,-0.00209901,0.00861944,-0.000571412,0.00867787,-0.00215744,-0.39734,0.00750162,0.0749396,10.0647,9.98979
400,-0.0105017,-0.1235,5.51E-05,-0.227587,0.984003,-0.694083,-0.00216777,0.00864032,-0.000472104,0.00869301,-0.00222045,-0.487732,0.00747237,0.0746475,10.0644,9.98979
401,-0.0120982,-0.145257,7.68E-05,-0.228336,0.989673,-0.694185,-0.00210177,0.00863054,-0.00047123,0.00868543,-0.00215666,-0.281838,0.0075369,0.0752921,10.0651,9.98979
402,-0.0120982,-0.145257,7.68E-05,-0.228627,0.99218,-0.695035,-0.00210479,0.0087073,-0.000501292,0.00876503,-0.00216252,-0.276167,0.00757468,0.0756695,10.0655,9.98979
403,-0.00907714,-0.156169,7.57E-05,-0.22677,0.993041,-0.694651,-0.0020688,0.00863185,-0.000591468,0.00870396,-0.00214091,-0.314908,0.00759515,0.075874,10.0657,9.98979
404,-0.00748557,-0.134363,5.39E-05,-0.226925,0.996369,-0.693248,-0.00212298,0.00873864,-0.000559539,0.00880352,-0.00218786,-0.406283,0.00765307,0.0764526,10.0662,9.98979
405,-0.0120982,-0.145257,7.68E-05,-0.226592,0.998687,-0.690698,-0.00217021,0.00878658,-0.000543291,0.00884476,-0.00222839,-0.372538,0.00766089,0.0765307,10.0663,9.98979
406,-0.0120982,-0.145257,7.68E-05,-0.226923,1.00343,-0.691363,-0.00212553,0.00880013,-0.000554789,0.0088595,-0.0021849,-0.41912,0.00772859,0.077207,10.067,9.98979
407,-0.00633776,-0.167112,7.79E-05,-0.228094,1.00587,-0.691138,-0.00217914,0.00877912,-0.000644581,0.00885357,-0.00225359,-0.63608,0.00781995,0.0781197,10.0679,9.98979
408,-0.0156094,-0.212229,0.000127948,-0.22545,1.00715,-0.691879,-0.002192,0.00815193,-0.000496572,0.00823046,-0.00227054,-0.401144,0.00778633,0.0777838,10.0676,9.98979
409,-0.0186402,-0.201192,0.000129052,-0.226357,1.00941,-0.693652,-0.00211595,0.00832675,-0.000515224,0.0084025,-0.0021917,-0.581507,0.00786022,0.078522,10.0683,9.98979
410,-0.00800122,-0.161358,7.55E-05,-0.224106,1.01185,-0.693834,-0.00220426,0.00884996,-0.000568292,0.00891909,-0.0022734,-0.415516,0.00790656,0.0789849,10.0688,9.98979
411,-0.0172847,-0.217814,0.00013714,-0.224061,1.01313,-0.696949,-0.00216879,0.00845111,-0.000435153,0.00851671,-0.00223438,-0.364531,0.00792778,0.0791968,10.069,9.98979
412,-0.0172847,-0.217814,0.00013714,-0.225143,1.01588,-0.699744,-0.00219539,0.00846132,-0.000468985,0.00852778,-0.00226185,-0.457751,0.00801902,0.0801083,10.0699,9.98979
413,-0.0133116,-0.234158,0.000137494,-0.224171,1.02119,-0.695062,-0.00224379,0.00834563,-0.000518137,0.00842524,-0.0023234,-0.323078,0.00803609,0.0802789,10.0701,9.98979
414,-0.0142473,-0.228888,0.000136044,-0.22531,1.02435,-0.69254,-0.00225632,0.00844904,-0.000485149,0.00852383,-0.0023311,-0.3527,0.00817915,0.081708,10.0715,9.98979
415,-0.0156094,-0.212229,0.000127948,-0.222623,1.02335,-0.696362,-0.00227573,0.0084477,-0.000537958,0.00853518,-0.00236321,-0.194873,0.00812007,0.0811179,10.0709,9.98979
416,-0.0172847,-0.217814,0.00013714,-0.222454,1.02703,-0.69564,-0.00228333,0.00860914,-0.000416274,0.0086685,-0.00234268,-0.366136,0.0081765,0.0816816,10.0715,9.98979
417,-0.0142473,-0.228888,0.000136044,-0.2212,1.03031,-0.697308,-0.0022515,0.00859328,-0.000446356,0.00867121,-0.00232943,-0.0722611,0.00830312,0.0829464,10.0727,9.98979
418,-0.0142473,-0.228888,0.000136044,-0.22243,1.03184,-0.692092,-0.00231619,0.00866345,-0.000489835,0.0087368,-0.00238955,-0.218947,0.00830996,0.0830148,10.0728,9.98979
419,-0.0142473,-0.228888,0.000136044,-0.225052,1.03587,-0.686622,-0.00233728,0.00865754,-0.000537313,0.00873409,-0.00241383,-0.377224,0.0083695,0.0836095,10.0734,9.98979
420,-0.0172847,-0.217814,0.00013714,-0.220414,1.03988,-0.698945,-0.00235113,0.00890527,-0.000424928,0.00896934,-0.00241521,-0.0650965,0.00853068,0.0852197,10.075,9.98979
421,-0.0142473,-0.228888,0.000136044,-0.220609,1.03963,-0.693483,-0.00237815,0.00878598,-0.000478544,0.00886025,-0.00245242,-0.340286,0.00856263,0.0855389,10.0753,9.98979
422,-0.0172847,-0.217814,0.00013714,-0.222115,1.04344,-0.6912,-0.0024347,0.00895844,-0.000473085,0.00902642,-0.00250268,-0.46462,0.00866539,0.0865655,10.0764,9.98979
423,-0.0172847,-0.217814,0.00013714,-0.22065,1.04347,-0.691537,-0.00242499,0.00901682,-0.000423799,0.00908243,-0.0024906,-0.437042,0.00881091,0.0880192,10.0778,9.98979
424,-0.0142473,-0.228888,0.000136044,-0.220272,1.04762,-0.690689,-0.00247775,0.00903541,-0.000456451,0.00910712,-0.00254945,-0.162943,0.00889151,0.0888243,10.0786,9.98979
425,-0.0172847,-0.217814,0.00013714,-0.219975,1.04922,-0.694372,-0.00250916,0.00914854,-0.000558299,0.00921826,-0.00257888,-0.683176,0.00896456,0.0895541,10.0793,9.98979
426,-0.0142473,-0.228888,0.000136044,-0.218609,1.05653,-0.692526,-0.0025194,0.00916207,-0.000555524,0.00923455,-0.00259187,-0.515414,0.00914615,0.0913682,10.0812,9.98979
427,-0.0142473,-0.228888,0.000136044,-0.218299,1.05368,-0.693043,-0.00252053,0.00925007,-0.000476871,0.00932269,-0.00259315,-0.36244,0.00926107,0.0925162,10.0823,9.98979
428,-0.0114937,-0.239993,0.000138353,-0.218709,1.0585,-0.690786,-0.00263405,0.00922278,-0.000628753,0.00929937,-0.00271064,-0.704556,0.00935016,0.0934062,10.0832,9.98979
429,-0.0142473,-0.228888,0.000136044,-0.217734,1.06209,-0.689704,-0.00262492,0.00943474,-0.000449962,0.00950679,-0.00269697,-0.186983,0.00960917,0.0959936,10.0858,9.98979
430,-0.0142473,-0.228888,0.000136044,-0.217871,1.06452,-0.6953,-0.00269,0.00954793,-0.000454943,0.00962423,-0.00276629,-0.288803,0.009736,0.0972606,10.0871,9.98979
431,-0.0172847,-0.217814,0.00013714,-0.218297,1.06776,-0.689609,-0.00272211,0.00976643,-0.000441767,0.00983247,-0.00278815,-0.3807,0.00995741,0.0994725,10.0893,9.98979
432,-0.0154886,-0.234483,0.000143978,-0.215899,1.06893,-0.692154,-0.00281244,0.00983677,-0.00039611,0.00989851,-0.00287418,-0.210187,0.0101754,0.10165,10.0914,9.98979
433,-0.0154886,-0.234483,0.000143978,-0.220269,1.0722,-0.692266,-0.0028428,0.0099952,-0.000353913,0.0100535,-0.00290111,-0.157618,0.0104079,0.103973,10.0938,9.98979
434,-0.0124441,-0.245594,0.000142887,-0.214631,1.07553,-0.693993,-0.00288948,0.00994863,-0.000438267,0.0100229,-0.00296375,-0.349795,0.0106196,0.106088,10.0959,9.98979
435,-0.0154886,-0.234483,0.000143978,-0.216179,1.07927,-0.692728,-0.00299648,0.0102148,-0.000395959,0.0102776,-0.0030593,-0.476661,0.0108759,0.108648,10.0984,9.98979
436,-0.0142473,-0.228888,0.000136044,-0.216801,1.08171,-0.692544,-0.003054,0.0103253,-0.000525242,0.0103973,-0.00312608,-0.448602,0.0111605,0.111491,10.1013,9.98979
437,-0.0172847,-0.217814,0.00013714,-0.215415,1.08495,-0.694054,-0.00316177,0.0105998,-0.000490409,0.0106668,-0.00322879,-0.450711,0.01141,0.113983,10.1038,9.98979
438,-0.0124441,-0.245594,0.000142887,-0.216397,1.08508,-0.69668,-0.00318314,0.0105723,-0.000447778,0.0106378,-0.00324862,-0.314853,0.0116952,0.116833,10.1066,9.98979
439,-0.0124441,-0.245594,0.000142887,-0.214131,1.0878,-0.697653,-0.00325521,0.0108116,-0.00054463,0.0108802,-0.00332372,-0.463904,0.0119932,0.11981,10.1096,9.98979
440,-0.0142473,-0.228888,0.000136044,-0.216537,1.09214,-0.696618,-0.00342257,0.0109757,-0.000537278,0.0110529,-0.00349975,-0.339615,0.0122727,0.122602,10.1124,9.98979
441,-0.0154886,-0.234483,0.000143978,-0.215866,1.09607,-0.695813,-0.00343479,0.0111871,-0.0003968,0.0112441,-0.00349179,-0.35126,0.0125491,0.125363,10.1152,9.98979
442,-0.0154886,-0.234483,0.000143978,-0.214376,1.09478,-0.697043,-0.00350239,0.011417,-0.000478371,0.0114813,-0.00356667,-0.496294,0.0129368,0.129235,10.119,9.98979
443,-0.0154886,-0.234483,0.000143978,-0.213181,1.10033,-0.694749,-0.00368289,0.0115753,-0.000489338,0.0116386,-0.0037462,-0.500982,0.0132252,0.132117,10.1219,9.98979
444,-0.0124441,-0.245594,0.000142887,-0.212585,1.10242,-0.695631,-0.00375674,0.011641,-0.000510827,0.0117082,-0.00382395,-0.415107,0.0135752,0.135613,10.1254,9.98979
445,-0.0142473,-0.228888,0.000136044,-0.21385,1.10656,-0.691338,-0.00386454,0.0119157,-0.000541985,0.01199,-0.00393885,-0.277727,0.0138817,0.138675,10.1285,9.98979
446,-0.0154886,-0.234483,0.000143978,-0.212761,1.10717,-0.694318,-0.00394804,0.0121708,-0.000452159,0.0122317,-0.00400894,-0.413232,0.0142318,0.142173,10.132,9.98979
447,-0.0154886,-0.234483,0.000143978,-0.213761,1.11108,-0.692401,-0.00409497,0.0122951,-0.000466845,0.0123556,-0.00415547,-0.499997,0.0145813,0.145664,10.1355,9.98979
448,-0.0154886,-0.234483,0.000143978,-0.212554,1.1146,-0.698187,-0.00419974,0.0125593,-0.000460702,0.0126198,-0.00426023,-0.415408,0.014949,0.149338,10.1391,9.98979
449,-0.0154886,-0.234483,0.000143978,-0.213111,1.11594,-0.698226,-0.0042643,0.012762,-0.000486228,0.0128252,-0.00432759,-0.439767,0.0153504,0.153348,10.1431,9.98979
450,-0.0124441,-0.245594,0.000142887,-0.212719,1.11965,-0.703384,-0.00432204,0.0127949,-0.000579794,0.0128693,-0.00439643,-0.431501,0.0156386,0.156226,10.146,9.98979
451,-0.0124441,-0.245594,0.000142887,-0.213711,1.12105,-0.698344,-0.0045033,0.0130279,-0.000483512,0.0130934,-0.00456882,-0.37891,0.0160576,0.160412,10.1502,9.98979
452,-0.0124441,-0.245594,0.000142887,-0.212615,1.12606,-0.695561,-0.00458714,0.013271,-0.000558902,0.0133456,-0.00466167,-0.526947,0.0164539,0.164371,10.1542,9.98979
453,-0.0154886,-0.234483,0.000143978,-0.213636,1.12529,-0.699057,-0.00464739,0.0135171,-0.000426734,0.0135809,-0.00471118,-0.381275,0.0167534,0.167363,10.1572,9.98979
454,-0.0124441,-0.245594,0.000142887,-0.211997,1.13137,-0.69685,-0.00476865,0.0137432,-0.000482821,0.0138136,-0.00483902,-0.366227,0.0172894,0.172717,10.1625,9.98979
455,-0.0154886,-0.234483,0.000143978,-0.213125,1.13331,-0.699071,-0.00496772,0.0139284,-0.000496458,0.0139952,-0.00503456,-0.510819,0.0174856,0.174678,10.1645,9.98979
456,-0.0154886,-0.234483,0.000143978,-0.211772,1.13885,-0.696324,-0.0049626,0.0142479,-0.000554941,0.0143149,-0.00502964,-0.584197,0.0179178,0.178995,10.1688,9.98979
457,-0.0124441,-0.245594,0.000142887,-0.211724,1.13613,-0.700708,-0.0051384,0.0143891,-0.000564225,0.0144608,-0.00521011,-0.406156,0.0183393,0.183206,10.173,9.98979
458,-0.0154886,-0.234483,0.000143978,-0.21152,1.14308,-0.701016,-0.00520633,0.0147171,-0.000504289,0.0147783,-0.0052676,-0.471068,0.0187204,0.187013,10.1768,9.98979
459,-0.0154886,-0.234483,0.000143978,-0.211362,1.14316,-0.705139,-0.00544293,0.0148705,-0.000524062,0.0149242,-0.00549656,-0.561508,0.0190731,0.190537,10.1803,9.98979
460,-0.0124441,-0.245594,0.000142887,-0.21254,1.14826,-0.700854,-0.00552795,0.0149769,-0.000561386,0.0150492,-0.00560018,-0.529442,0.0194631,0.194432,10.1842,9.98979
461,-0.0154886,-0.234483,0.000143978,-0.212199,1.14878,-0.70199,-0.00559481,0.0153688,-0.000527719,0.0154305,-0.00565647,-0.536008,0.0199019,0.198816,10.1886,9.98979
462,-0.0124441,-0.245594,0.000142887,-0.211019,1.15276,-0.701386,-0.00572108,0.0155084,-0.000556529,0.0155732,-0.0057859,-0.478197,0.020342,0.203212,10.193,9.98979
463,-0.0124441,-0.245594,0.000142887,-0.211124,1.15535,-0.70322,-0.00583108,0.0156874,-0.000530595,0.015756,-0.00589965,-0.458607,0.0207407,0.207195,10.197,9.98979
464,-0.0154886,-0.234483,0.000143978,-0.211515,1.15876,-0.700907,-0.00592157,0.0160287,-0.000457257,0.0160913,-0.00598413,-0.403118,0.0211212,0.210997,10.2008,9.98979
465,-0.0154886,-0.234483,0.000143978,-0.211135,1.16074,-0.704549,-0.00605039,0.016284,-0.000500046,0.0163488,-0.00611519,-0.477675,0.0215485,0.215265,10.2051,9.98979
466,-0.0154886,-0.234483,0.000143978,-0.212683,1.16287,-0.705438,-0.00622767,0.0165009,-0.000481673,0.0165645,-0.0062913,-0.437372,0.0220089,0.219864,10.2097,9.98979
467,-0.0124441,-0.245594,0.000142887,-0.209993,1.16876,-0.701215,-0.006325,0.016734,-0.000561467,0.0168036,-0.00639461,-0.460352,0.0224352,0.224123,10.2139,9.98979
468,-0.0154886,-0.234483,0.000143978,-0.209672,1.16687,-0.705417,-0.00645804,0.0169377,-0.000456126,0.0170031,-0.00652346,-0.438084,0.0227513,0.227281,10.2171,9.98979
469,-0.0124441,-0.245594,0.000142887,-0.211592,1.17509,-0.705512,-0.00660597,0.0171434,-0.000570266,0.0172066,-0.00666918,-0.435812,0.0232609,0.232372,10.2222,9.98979
470,-0.0154886,-0.234483,0.000143978,-0.211855,1.1737,-0.704944,-0.00672233,0.0174523,-0.000519181,0.0175157,-0.00678573,-0.433537,0.0236601,0.23636,10.2262,9.98979
471,-0.0101968,-0.262349,0.000151902,-0.21043,1.17742,-0.705445,-0.00680321,0.0175377,-0.000609184,0.0176052,-0.00687069,-0.562255,0.0241005,0.240759,10.2306,9.98979
472,-0.0124441,-0.245594,0.000142887,-0.211498,1.18111,-0.700381,-0.00700654,0.017829,-0.00057301,0.0178974,-0.00707499,-0.511586,0.0245135,0.244885,10.2347,9.98979
473,-0.0154886,-0.234483,0.000143978,-0.20918,1.18447,-0.702186,-0.00709778,0.0182411,-0.000546181,0.0183024,-0.00715914,-0.463528,0.0249835,0.24958,10.2394,9.98979
474,-0.0124441,-0.245594,0.000142887,-0.21177,1.18683,-0.698325,-0.00722926,0.0183631,-0.000617207,0.0184393,-0.00730551,-0.523643,0.0254142,0.253882,10.2437,9.98979
475,-0.0154886,-0.234483,0.000143978,-0.214079,1.19014,-0.692729,-0.00740641,0.0187342,-0.000517438,0.018795,-0.00746713,-0.473239,0.0258773,0.258508,10.2483,9.98979
476,-0.0154886,-0.234483,0.000143978,-0.212304,1.19297,-0.697442,-0.00750271,0.0190136,-0.000541386,0.0190744,-0.00756352,-0.498003,0.0263405,0.263136,10.2529,9.98979
477,-0.0124441,-0.245594,0.000142887,-0.214006,1.19471,-0.704508,-0.00769176,0.0190931,-0.000606503,0.0191623,-0.0077609,-0.539698,0.0267626,0.267353,10.2571,9.98979
478,-0.0124441,-0.245594,0.000142887,-0.211927,1.20007,-0.693361,-0.0077513,0.0193838,-0.000639376,0.0194533,-0.00782089,-0.52753,0.027215,0.271873,10.2617,9.98979
479,-0.0154886,-0.234483,0.000143978,-0.21226,1.20055,-0.698392,-0.00790809,0.0197712,-0.000561656,0.0198284,-0.00796522,-0.520443,0.0277114,0.276831,10.2666,9.98979
480,-0.0124441,-0.245594,0.000142887,-0.211304,1.20386,-0.700605,-0.00801063,0.0199647,-0.00065177,0.0200398,-0.00808567,-0.500472,0.0281439,0.281152,10.2709,9.98979
481,-0.0154886,-0.234483,0.000143978,-0.210432,1.20882,-0.690449,-0.00817701,0.0202164,-0.000671614,0.0202824,-0.00824301,-0.583328,0.02851,0.284809,10.2746,9.98979
482,-0.0154886,-0.234483,0.000143978,-0.213032,1.20797,-0.705487,-0.00829174,0.0205003,-0.000495345,0.0205574,-0.00834889,-0.475747,0.0290272,0.289975,10.2798,9.98979
483,-0.0124441,-0.245594,0.000142887,-0.211455,1.21516,-0.701471,-0.00844341,0.0207468,-0.000673448,0.0208213,-0.00851793,-0.533969,0.029535,0.295049,10.2848,9.98979
484,-0.0124441,-0.245594,0.000142887,-0.212033,1.21213,-0.702399,-0.00852699,0.020948,-0.000598627,0.0210172,-0.00859626,-0.479727,0.029932,0.299014,10.2888,9.98979
485,-0.0154886,-0.234483,0.000143978,-0.211921,1.21814,-0.702721,-0.00876899,0.0212811,-0.000561543,0.0213409,-0.00882879,-0.532751,0.0304205,0.303895,10.2937,9.98979
486,-0.0132491,-0.2512,0.000152984,-0.212153,1.21998,-0.701988,-0.0088897,0.0214214,-0.000545214,0.0214844,-0.00895268,-0.516529,0.0308717,0.308401,10.2982,9.98979
487,-0.0101968,-0.262349,0.000151902,-0.211881,1.2213,-0.703999,-0.0090109,0.0215834,-0.000618376,0.0216632,-0.00909075,-0.536197,0.0313316,0.312996,10.3028,9.98979
488,-0.0124441,-0.245594,0.000142887,-0.211666,1.22703,-0.699776,-0.00917711,0.0219859,-0.000641644,0.0220597,-0.00925091,-0.513536,0.0318251,0.317927,10.3077,9.98979
489,-0.0154886,-0.234483,0.000143978,-0.214303,1.22841,-0.698744,-0.00930708,0.0223806,-0.000601922,0.0224474,-0.00937383,-0.59106,0.0322952,0.322622,10.3124,9.98979
490,-0.0101968,-0.262349,0.000151902,-0.21209,1.23143,-0.700705,-0.00944042,0.022421,-0.000622545,0.0224958,-0.00951521,-0.504336,0.0327253,0.326919,10.3167,9.98979
491,-0.0101968,-0.262349,0.000151902,-0.211334,1.23424,-0.698692,-0.00959859,0.0226616,-0.000639105,0.022736,-0.00967291,-0.517938,0.0332057,0.331718,10.3215,9.98979
492,-0.0101968,-0.262349,0.000151902,-0.210372,1.23361,-0.702519,-0.00972016,0.0229351,-0.000643801,0.0230106,-0.00979566,-0.557464,0.0336575,0.336231,10.326,9.98979
493,-0.0154886,-0.234483,0.000143978,-0.212409,1.24014,-0.701116,-0.0098665,0.0234744,-0.000612837,0.0235414,-0.00993354,-0.530759,0.0341543,0.341195,10.331,9.98979
494,-0.0132491,-0.2512,0.000152984,-0.211907,1.24484,-0.703521,-0.0100014,0.0235612,-0.000570911,0.0236233,-0.0100635,-0.56197,0.034635,0.345996,10.3358,9.98979
495,-0.0101968,-0.262349,0.000151902,-0.211603,1.24365,-0.702037,-0.0102093,0.0236965,-0.000635493,0.0237723,-0.0102851,-0.515894,0.0351051,0.350693,10.3405,9.98979
496,-0.0101968,-0.262349,0.000151902,-0.211318,1.24794,-0.70252,-0.0102823,0.02402,-0.000686593,0.0240957,-0.010358,-0.548144,0.0356068,0.355704,10.3455,9.98979
497,-0.0132491,-0.2512,0.000152984,-0.210455,1.25074,-0.700958,-0.0104187,0.0243284,-0.00056322,0.0243913,-0.0104816,-0.513592,0.0360814,0.360445,10.3502,9.98979
498,-0.0101968,-0.262349,0.000151902,-0.210314,1.25447,-0.698948,-0.0106072,0.0245434,-0.000652025,0.0246229,-0.0106867,-0.538867,0.0366216,0.365842,10.3556,9.98979
499,-0.0101968,-0.262349,0.000151902,-0.211039,1.25619,-0.701225,-0.0107405,0.0248184,-0.000675193,0.0248955,-0.0108176,-0.51659,0.0370072,0.369695,10.3595,9.98979
500,-0.0101968,-0.262349,0.000151902,-0.211604,1.25802,-0.703843,-0.0108801,0.02508,-0.000666657,0.0251546,-0.0109547,-0.538874,0.0374782,0.374399,10.3642,9.98979
501,-0.0132491,-0.2512,0.000152984,-0.211036,1.26006,-0.703464,-0.0110353,0.025412,-0.000527491,0.0254745,-0.0110978,-0.481185,0.0379723,0.379335,10.3691,9.98979
502,-0.0132491,-0.2512,0.000152984,-0.210885,1.26495,-0.699374,-0.0112643,0.0257064,-0.000637585,0.0257769,-0.0113347,-0.559859,0.0384618,0.384226,10.374,9.98979
503,-0.0132491,-0.2512,0.000152984,-0.211766,1.26844,-0.701636,-0.0113236,0.0260128,-0.000587697,0.0260817,-0.0113924,-0.531348,0.0389207,0.38881,10.3786,9.98979
504,-0.0101968,-0.262349,0.000151902,-0.211336,1.26919,-0.701101,-0.0114568,0.0261665,-0.000671047,0.0262368,-0.0115271,-0.565013,0.0393887,0.393485,10.3833,9.98979
505,-0.0154886,-0.234483,0.000143978,-0.212761,1.2757,-0.703945,-0.0116006,0.0266514,-0.000628591,0.0267176,-0.0116668,-0.566606,0.0399074,0.398666,10.3885,9.98979
506,-0.0101968,-0.262349,0.000151902,-0.212773,1.27726,-0.703131,-0.0117819,0.0267423,-0.000676542,0.026815,-0.0118546,-0.564921,0.0404197,0.403785,10.3936,9.98979
507,-0.0154886,-0.234483,0.000143978,-0.21065,1.27933,-0.702134,-0.01188,0.0272319,-0.000687257,0.0273044,-0.0119525,-0.548383,0.0408686,0.408269,10.3981,9.98979
508,-0.0101968,-0.262349,0.000151902,-0.211721,1.27999,-0.70282,-0.0120629,0.0273315,-0.000768482,0.0274063,-0.0121377,-0.578419,0.0414568,0.414145,10.4039,9.98979
509,-0.0132491,-0.2512,0.000152984,-0.209791,1.28217,-0.705227,-0.0121991,0.0276607,-0.00066663,0.0277232,-0.0122617,-0.605056,0.0418836,0.418409,10.4082,9.98979
510,-0.0132491,-0.2512,0.000152984,-0.211587,1.28791,-0.703074,-0.012302,0.0279647,-0.0006363,0.0280317,-0.012369,-0.558792,0.0423708,0.423275,10.4131,9.98979
511,-0.0101968,-0.262349,0.000151902,-0.213107,1.28933,-0.702027,-0.0124464,0.0280619,-0.000751488,0.0281356,-0.0125201,-0.587481,0.0427744,0.427307,10.4171,9.98979
512,-0.0154886,-0.234483,0.000143978,-0.211418,1.29245,-0.703207,-0.0126876,0.0285877,-0.000721871,0.0286605,-0.0127605,-0.613921,0.0433237,0.432795,10.4226,9.98979
513,-0.0101968,-0.262349,0.000151902,-0.211745,1.29518,-0.706566,-0.0127467,0.0286156,-0.000671126,0.028688,-0.0128191,-0.568925,0.0437938,0.437491,10.4273,9.98979
514,-0.0132491,-0.2512,0.000152984,-0.21075,1.30025,-0.70713,-0.0128853,0.0290081,-0.000587948,0.029073,-0.0129502,-0.53485,0.0443285,0.442833,10.4326,9.98979
515,-0.0101968,-0.262349,0.000151902,-0.210271,1.29996,-0.705341,-0.0130655,0.0292277,-0.000666074,0.0292979,-0.0131357,-0.535108,0.0448741,0.448283,10.4381,9.98979
516,-0.0101968,-0.262349,0.000151902,-0.210847,1.30281,-0.706592,-0.0131941,0.0295206,-0.000738348,0.0296005,-0.0132739,-0.568853,0.0454125,0.453661,10.4435,9.98979
517,-0.0101968,-0.262349,0.000151902,-0.210626,1.30516,-0.704757,-0.0134253,0.0297417,-0.000822948,0.0298232,-0.0135068,-0.647036,0.0457534,0.457067,10.4469,9.98979
518,-0.0101968,-0.262349,0.000151902,-0.210211,1.30871,-0.705232,-0.0134756,0.0301202,-0.000724506,0.030198,-0.0135535,-0.555532,0.0462914,0.462442,10.4522,9.98979
519,-0.0101968,-0.262349,0.000151902,-0.212232,1.31173,-0.707474,-0.0136927,0.0304238,-0.000817335,0.0305007,-0.0137696,-0.613541,0.0468657,0.468179,10.458,9.98979
520,-0.0154886,-0.234483,0.000143978,-0.209384,1.31261,-0.705715,-0.0138198,0.0308587,-0.000735877,0.0309305,-0.0138916,-0.574432,0.0473677,0.473194,10.463,9.98979
521,-0.0101968,-0.262349,0.000151902,-0.211602,1.31788,-0.701916,-0.0140104,0.0308513,-0.000648293,0.0309319,-0.0140909,-0.538871,0.0478534,0.478045,10.4678,9.98979
522,-0.0132491,-0.2512,0.000152984,-0.212724,1.32219,-0.704592,-0.0140777,0.031294,-0.000677163,0.0313625,-0.0141462,-0.57259,0.0483439,0.482946,10.4727,9.98979
523,-0.0124441,-0.245594,0.000142887,-0.212394,1.32259,-0.703939,-0.0142205,0.0316703,-0.000862721,0.0317517,-0.0143019,-0.587234,0.0488115,0.487617,10.4774,9.98979
524,-0.0132491,-0.2512,0.000152984,-0.212435,1.32623,-0.704543,-0.0143939,0.0318759,-0.000715227,0.0319462,-0.0144642,-0.588222,0.0493198,0.492694,10.4825,9.98979
525,-0.0132491,-0.2512,0.000152984,-0.212144,1.32806,-0.706494,-0.0145099,0.0321699,-0.000690662,0.0322376,-0.0145775,-0.591902,0.0498737,0.498228,10.488,9.98979
526,-0.0132491,-0.2512,0.000152984,-0.211249,1.33224,-0.707498,-0.0146741,0.0324366,-0.000677819,0.032501,-0.0147386,-0.565092,0.0503353,0.50284,10.4926,9.98979
527,-0.0132491,-0.2512,0.000152984,-0.212179,1.33579,-0.706362,-0.0148498,0.0327469,-0.000643469,0.0328201,-0.0149231,-0.585282,0.0508936,0.508416,10.4982,9.98979
528,-0.0101968,-0.262349,0.000151902,-0.211447,1.33683,-0.705178,-0.0150164,0.0329464,-0.000768851,0.0330293,-0.0150993,-0.608832,0.0513578,0.513054,10.5028,9.98979
529,-0.0132491,-0.2512,0.000152984,-0.20975,1.34022,-0.709885,-0.0151355,0.0333423,-0.000719367,0.0334099,-0.0152032,-0.604306,0.0518866,0.518337,10.5081,9.98979
530,-0.0154886,-0.234483,0.000143978,-0.212279,1.34466,-0.706561,-0.0152572,0.0337008,-0.000747867,0.0337723,-0.0153286,-0.614708,0.0524125,0.52359,10.5134,9.98979
531,-0.0132491,-0.2512,0.000152984,-0.212007,1.34591,-0.705066,-0.0154471,0.0338844,-0.000782869,0.0339544,-0.0155172,-0.62413,0.0528772,0.528233,10.518,9.98979
532,-0.0132491,-0.2512,0.000152984,-0.210955,1.34729,-0.71012,-0.0155892,0.0341953,-0.000729796,0.0342657,-0.0156596,-0.585888,0.0534394,0.533848,10.5236,9.98979
533,-0.0101968,-0.262349,0.000151902,-0.209525,1.35162,-0.711327,-0.0157475,0.0343397,-0.000781317,0.0344237,-0.0158315,-0.614362,0.0538759,0.538209,10.528,9.98979
534,-0.0132491,-0.2512,0.000152984,-0.210745,1.35551,-0.709532,-0.0158672,0.034751,-0.000750528,0.0348277,-0.0159439,-0.596142,0.0544114,0.543559,10.5334,9.98979
535,-0.0101968,-0.262349,0.000151902,-0.211216,1.35764,-0.707877,-0.0160684,0.0349657,-0.000805771,0.0350471,-0.0161498,-0.597695,0.054939,0.548829,10.5386,9.98979
536,-0.0132491,-0.2512,0.000152984,-0.210937,1.3567,-0.707877,-0.0161523,0.0352876,-0.000722773,0.0353557,-0.0162205,-0.598111,0.0554375,0.553809,10.5436,9.98979
537,-0.0132491,-0.2512,0.000152984,-0.212313,1.36106,-0.706088,-0.0163551,0.0356212,-0.000741554,0.0357005,-0.0164344,-0.599351,0.0559399,0.558828,10.5486,9.98979
538,-0.0132491,-0.2512,0.000152984,-0.213327,1.36592,-0.706034,-0.0164656,0.0359157,-0.000767696,0.0359911,-0.016541,-0.622042,0.0564658,0.564082,10.5539,9.98979
539,-0.0101968,-0.262349,0.000151902,-0.212074,1.36917,-0.70508,-0.0166569,0.0361044,-0.000829789,0.036185,-0.0167376,-0.600767,0.0569518,0.568937,10.5587,9.98979
540,-0.0132491,-0.2512,0.000152984,-0.211125,1.36766,-0.704687,-0.0167979,0.0364884,-0.000785924,0.0365637,-0.0168732,-0.594424,0.057487,0.574283,10.5641,9.98979
541,-0.0132491,-0.2512,0.000152984,-0.211087,1.37704,-0.703167,-0.0169502,0.036734,-0.000757008,0.0368106,-0.0170268,-0.600895,0.0579707,0.579116,10.5689,9.98979
542,-0.0132491,-0.2512,0.000152984,-0.212118,1.37464,-0.705325,-0.0170857,0.037071,-0.000757656,0.0371418,-0.0171565,-0.639147,0.0584933,0.584336,10.5741,9.98979
543,-0.0101968,-0.262349,0.000151902,-0.212225,1.37918,-0.705253,-0.0172843,0.0372623,-0.000880735,0.0373523,-0.0173743,-0.61795,0.0590347,0.589745,10.5795,9.98979
544,-0.0101968,-0.262349,0.000151902,-0.212804,1.38221,-0.705091,-0.0174288,0.0375564,-0.00081731,0.0376303,-0.0175027,-0.597004,0.0595383,0.594775,10.5846,9.98979
545,-0.0101968,-0.262349,0.000151902,-0.210936,1.38365,-0.703047,-0.0175681,0.0378313,-0.000840551,0.0379176,-0.0176544,-0.604176,0.0600685,0.600072,10.5899,9.98979
546,-0.0101968,-0.262349,0.000151902,-0.210783,1.38829,-0.70255,-0.0177238,0.0381179,-0.00080792,0.0382037,-0.0178096,-0.587805,0.0605919,0.6053,10.5951,9.98979
547,-0.0101968,-0.262349,0.000151902,-0.209851,1.3905,-0.703525,-0.0178874,0.0384536,-0.000881428,0.0385414,-0.0179752,-0.636916,0.0610932,0.610308,10.6001,9.98979
548,-0.0101968,-0.262349,0.000151902,-0.211562,1.39239,-0.703061,-0.0180373,0.0386916,-0.000811362,0.0387785,-0.0181242,-0.606653,0.0615958,0.61533,10.6051,9.98979
549,-0.0101968,-0.262349,0.000151902,-0.211098,1.39504,-0.704926,-0.0181713,0.0389822,-0.000829994,0.0390674,-0.0182565,-0.616665,0.0621438,0.620804,10.6106,9.98979
550,-0.0101968,-0.262349,0.000151902,-0.210202,1.39905,-0.706387,-0.0183161,0.0393294,-0.000835956,0.0394191,-0.0184058,-0.604638,0.0626751,0.626112,10.6159,9.98979
551,-0.0132491,-0.2512,0.000152984,-0.21143,1.40231,-0.706347,-0.0184547,0.0396516,-0.000775554,0.0397265,-0.0185296,-0.601869,0.0631784,0.631139,10.6209,9.98979
552,-0.0101968,-0.262349,0.000151902,-0.211516,1.40403,-0.705342,-0.0186133,0.0398863,-0.000837755,0.0399742,-0.0187012,-0.593479,0.0637115,0.636465,10.6263,9.98979
553,-0.0101968,-0.262349,0.000151902,-0.212463,1.40571,-0.705671,-0.018818,0.0401788,-0.000877699,0.0402658,-0.0189049,-0.632942,0.0642108,0.641453,10.6312,9.98979
554,-0.0154886,-0.234483,0.000143978,-0.211154,1.41388,-0.705024,-0.0188623,0.0407239,-0.000872077,0.0408067,-0.0189451,-0.633168,0.0647451,0.64679,10.6366,9.98979
555,-0.0132491,-0.2512,0.000152984,-0.211396,1.41079,-0.704454,-0.0190817,0.0408835,-0.000825629,0.0409607,-0.0191589,-0.620611,0.065219,0.651524,10.6413,9.98979
556,-0.0154886,-0.234483,0.000143978,-0.213206,1.41619,-0.708198,-0.0191667,0.0412676,-0.000813206,0.0413454,-0.0192444,-0.598445,0.0658224,0.657552,10.6473,9.98979
557,-0.0132491,-0.2512,0.000152984,-0.213478,1.41733,-0.708133,-0.0194059,0.0414223,-0.000833751,0.0414993,-0.019483,-0.611616,0.0662726,0.662049,10.6518,9.98979
558,-0.0101968,-0.262349,0.000151902,-0.21361,1.42598,-0.704843,-0.019592,0.0416751,-0.000916096,0.0417622,-0.0196791,-0.623627,0.0668152,0.66747,10.6573,9.98979
559,-0.0101968,-0.262349,0.000151902,-0.208223,1.41751,-0.705702,-0.0196906,0.0419526,-0.000894282,0.0420419,-0.01978,-0.617315,0.0673356,0.672669,10.6625,9.98979
560,-0.0132491,-0.2512,0.000152984,-0.210952,1.43022,-0.705157,-0.0198241,0.0423205,-0.000821821,0.042402,-0.0199057,-0.610003,0.0678947,0.678254,10.668,9.98979
561,-0.0101968,-0.262349,0.000151902,-0.21161,1.42817,-0.710185,-0.020021,0.042516,-0.000866226,0.0426043,-0.0201093,-0.579829,0.0683294,0.682596,10.6724,9.98979
562,-0.0132491,-0.2512,0.000152984,-0.211146,1.43029,-0.716495,-0.0201801,0.0429042,-0.000821561,0.0429869,-0.0202629,-0.60048,0.068851,0.687807,10.6776,9.98979
563,-0.0132491,-0.2512,0.000152984,-0.210907,1.43535,-0.70742,-0.020283,0.0431851,-0.000838555,0.0432626,-0.0203605,-0.628241,0.0694102,0.693393,10.6832,9.98979
564,-0.0101968,-0.262349,0.000151902,-0.211789,1.44051,-0.707851,-0.02049,0.0434708,-0.000942359,0.0435621,-0.0205813,-0.604263,0.0699574,0.69886,10.6887,9.98979
565,-0.0154886,-0.234483,0.000143978,-0.211823,1.43917,-0.709292,-0.0205679,0.04391,-0.000855669,0.0439903,-0.0206483,-0.611253,0.0704714,0.703995,10.6938,9.98979
566,-0.0132491,-0.2512,0.000152984,-0.212021,1.44423,-0.708968,-0.0207548,0.0441187,-0.000874429,0.0442009,-0.020837,-0.612627,0.0709932,0.709207,10.699,9.98979
567,-0.0101968,-0.262349,0.000151902,-0.20988,1.44522,-0.70876,-0.0209599,0.0443443,-0.000927031,0.0444383,-0.0210539,-0.610132,0.07152,0.71447,10.7043,9.98979
568,-0.0101968,-0.262349,0.000151902,-0.212525,1.45025,-0.712118,-0.0210871,0.0446015,-0.000923377,0.044688,-0.0211737,-0.613922,0.0720456,0.71972,10.7095,9.98979
569,-0.0132491,-0.2512,0.000152984,-0.212099,1.45271,-0.711593,-0.0212486,0.0450088,-0.000852266,0.0450943,-0.0213342,-0.598249,0.0725966,0.725225,10.715,9.98979
570,-0.0132491,-0.2512,0.000152984,-0.213678,1.45138,-0.712349,-0.0213791,0.0453084,-0.000920362,0.0453902,-0.0214609,-0.629004,0.0731009,0.730263,10.7201,9.98979
571,-0.0132491,-0.2512,0.000152984,-0.212353,1.45936,-0.713563,-0.0215278,0.0456255,-0.000866242,0.0457089,-0.0216111,-0.585255,0.0736488,0.735737,10.7255,9.98979
572,-0.0132491,-0.2512,0.000152984,-0.211681,1.48719,-0.711825,-0.0232563,0.0487754,-0.000864306,0.0488615,-0.0233425,-0.580318,0.0793577,0.792767,10.7826,9.98979
573,-0.0101968,-0.262349,0.000151902,-0.212897,1.49279,-0.706781,-0.0233796,0.0490096,-0.000958287,0.0491025,-0.0234725,-0.599996,0.0799448,0.798632,10.7884,9.98979
574,-0.0101968,-0.262349,0.000151902,-0.211977,1.49417,-0.707973,-0.023552,0.0493661,-0.00100042,0.0494636,-0.0236496,-0.608034,0.0804904,0.804083,10.7939,9.98979
575,-0.0132491,-0.2512,0.000152984,-0.211986,1.49772,-0.710242,-0.0236679,0.0496842,-0.00090213,0.0497759,-0.0237596,-0.612794,0.0809913,0.809087,10.7989,9.98979
576,-0.0101968,-0.262349,0.000151902,-0.212167,1.49952,-0.711161,-0.0238071,0.0499164,-0.000977731,0.0500104,-0.0239012,-0.609639,0.0815439,0.814607,10.8044,9.98979
577,-0.0132491,-0.2512,0.000152984,-0.21259,1.50154,-0.713162,-0.0239785,0.0502798,-0.000917648,0.0503704,-0.0240691,-0.589609,0.0820378,0.819541,10.8093,9.98979
578,-0.0132491,-0.2512,0.000152984,-0.212297,1.50779,-0.712685,-0.0241675,0.0505427,-0.000953788,0.0506291,-0.024254,-0.608166,0.0825717,0.824875,10.8147,9.98979
579,-0.0101968,-0.262349,0.000151902,-0.213029,1.50675,-0.712683,-0.0243017,0.0508024,-0.00107279,0.0508991,-0.0243984,-0.639444,0.0831286,0.830437,10.8202,9.98979
580,-0.0101968,-0.262349,0.000151902,-0.211184,1.51083,-0.711843,-0.0244653,0.0510806,-0.000965398,0.0511724,-0.0245571,-0.599907,0.0836698,0.835844,10.8256,9.98979
581,-0.0132491,-0.2512,0.000152984,-0.212553,1.51279,-0.716065,-0.0245801,0.0515173,-0.000946494,0.0516051,-0.0246679,-0.612026,0.0841854,0.840995,10.8308,9.98979
582,-0.0101968,-0.262349,0.000151902,-0.211225,1.51461,-0.713625,-0.0247145,0.0517303,-0.000994792,0.0518306,-0.0248147,-0.59676,0.0847291,0.846426,10.8362,9.98979
583,-0.0101968,-0.262349,0.000151902,-0.211466,1.51864,-0.712295,-0.0248761,0.0520364,-0.00102851,0.0521398,-0.0249796,-0.604581,0.0852917,0.852046,10.8418,9.98979
584,-0.0132491,-0.2512,0.000152984,-0.21137,1.5233,-0.715912,-0.0250364,0.0523544,-0.000918377,0.0524392,-0.0251212,-0.612992,0.0858121,0.857245,10.847,9.98979
585,-0.0101968,-0.262349,0.000151902,-0.211036,1.52446,-0.714377,-0.0252138,0.0526059,-0.00105809,0.0527047,-0.0253126,-0.622818,0.0863652,0.862771,10.8526,9.98979
586,-0.0101968,-0.262349,0.000151902,-0.210736,1.53021,-0.712165,-0.0253261,0.0529397,-0.00104176,0.0530382,-0.0254246,-0.607479,0.086871,0.867823,10.8576,9.98979
587,-0.0101968,-0.262349,0.000151902,-0.210341,1.52978,-0.711893,-0.0255241,0.0532291,-0.0010598,0.0533259,-0.0256208,-0.618391,0.0874039,0.873147,10.8629,9.98979
588,-0.0101968,-0.262349,0.000151902,-0.211126,1.53641,-0.714539,-0.0256821,0.0535021,-0.00102834,0.0536,-0.02578,-0.60771,0.0879681,0.878783,10.8686,9.98979
589,-0.0101968,-0.262349,0.000151902,-0.212143,1.53505,-0.710699,-0.0257932,0.0538343,-0.00104065,0.0539392,-0.0258981,-0.605773,0.0884847,0.883944,10.8737,9.98979
590,-0.0132491,-0.2512,0.000152984,-0.211137,1.53943,-0.710742,-0.025951,0.0541977,-0.00100241,0.0542845,-0.0260378,-0.633108,0.0890386,0.889477,10.8793,9.98979
591,-0.0132491,-0.2512,0.000152984,-0.212153,1.54313,-0.711166,-0.0260482,0.0544992,-0.00100378,0.0545899,-0.0261388,-0.640799,0.089578,0.894865,10.8847,9.98979
592,-0.0132491,-0.2512,0.000152984,-0.211531,1.54391,-0.711467,-0.0262282,0.0547953,-0.000973088,0.0548854,-0.0263184,-0.606004,0.0901137,0.900217,10.89,9.98979
593,-0.0132491,-0.2512,0.000152984,-0.211317,1.54957,-0.709671,-0.0263733,0.0550866,-0.00101777,0.0551778,-0.0264646,-0.607562,0.0906548,0.905622,10.8954,9.98979
594,-0.0101968,-0.262349,0.000151902,-0.211981,1.55125,-0.711855,-0.026517,0.0553123,-0.00103611,0.0554114,-0.0266161,-0.620155,0.0912124,0.911193,10.901,9.98979
595,-0.0132491,-0.2512,0.000152984,-0.212376,1.55528,-0.708105,-0.0266795,0.0556942,-0.00098497,0.0557863,-0.0267716,-0.609571,0.0917528,0.916592,10.9064,9.98979
596,-0.0101968,-0.262349,0.000151902,-0.213027,1.5567,-0.706931,-0.0267884,0.0559417,-0.00106351,0.0560448,-0.0268915,-0.60597,0.0923157,0.922214,10.912,9.98979
597,-0.0132491,-0.2512,0.000152984,-0.213294,1.55979,-0.708382,-0.0270135,0.0562751,-0.00104365,0.056367,-0.0271054,-0.627229,0.0927812,0.926865,10.9167,9.98979
598,-0.0132491,-0.2512,0.000152984,-0.212815,1.5633,-0.709,-0.0271358,0.0565813,-0.000971704,0.0566734,-0.0272279,-0.602971,0.0933681,0.932728,10.9225,9.98979
599,-0.0132491,-0.2512,0.000152984,-0.211709,1.56339,-0.711492,-0.0272665,0.0568802,-0.00106099,0.0569714,-0.0273577,-0.631964,0.0938667,0.937709,10.9275,9.98979
600,-0.0101968,-0.262349,0.000151902,-0.208966,1.57005,-0.711958,-0.027478,0.0571262,-0.00107984,0.0572316,-0.0275834,-0.587009,0.0944346,0.943383,10.9332,9.98979
601,-0.0132491,-0.2512,0.000152984,-0.212433,1.57292,-0.713752,-0.0275595,0.0575042,-0.00101167,0.0576017,-0.0276569,-0.606117,0.0949633,0.948664,10.9385,9.98979
602,-0.0101968,-0.262349,0.000151902,-0.211179,1.57196,-0.714427,-0.0277121,0.0577083,-0.00104486,0.057801,-0.0278048,-0.616703,0.095516,0.954185,10.944,9.98979
603,-0.0132491,-0.2512,0.000152984,-0.210909,1.57816,-0.712207,-0.0278928,0.0580707,-0.00105399,0.0581584,-0.0279806,-0.627459,0.0960771,0.95979,10.9496,9.98979
604,-0.0101968,-0.262349,0.000151902,-0.211626,1.57817,-0.710596,-0.0280535,0.058384,-0.00109285,0.0584869,-0.0281564,-0.628492,0.0966245,0.965259,10.9551,9.98979
605,-0.0101968,-0.262349,0.000151902,-0.210114,1.58417,-0.708879,-0.0281934,0.0586466,-0.00110705,0.058747,-0.0282938,-0.612118,0.097148,0.970489,10.9603,9.98979
606,-0.0132491,-0.2512,0.000152984,-0.213483,1.58753,-0.709886,-0.0283263,0.0590228,-0.00103911,0.0591194,-0.0284229,-0.624124,0.0977048,0.976051,10.9658,9.98979
607,-0.0132491,-0.2512,0.000152984,-0.212333,1.58908,-0.706268,-0.0285081,0.0593005,-0.00107093,0.0593959,-0.0286034,-0.629715,0.0982371,0.981368,10.9712,9.98979
608,-0.0132491,-0.2512,0.000152984,-0.213349,1.59103,-0.711757,-0.0286225,0.0596184,-0.00110727,0.0597099,-0.028714,-0.63209,0.0987901,0.986892,10.9767,9.98979
609,-0.0132491,-0.2512,0.000152984,-0.213826,1.59559,-0.711419,-0.0287757,0.0599231,-0.00101127,0.060017,-0.0288696,-0.618383,0.0993168,0.992154,10.9819,9.98979
610,-0.0101968,-0.262349,0.000151902,-0.213157,1.59859,-0.713109,-0.0289253,0.0601648,-0.00113292,0.0602696,-0.0290302,-0.609251,0.0998564,0.997545,10.9873,9.98979
611,-0.0101968,-0.262349,0.000151902,-0.210831,1.59571,-0.712617,-0.0291433,0.0604791,-0.00113634,0.060591,-0.0292552,-0.634706,0.100432,1.0033,10.9931,9.98979
612,-0.0132491,-0.2512,0.000152984,-0.209578,1.60164,-0.71314,-0.0292534,0.0608687,-0.0010783,0.060963,-0.0293477,-0.626132,0.100988,1.00885,10.9986,9.98979
613,-0.0132491,-0.2512,0.000152984,-0.210764,1.60524,-0.711824,-0.029418,0.0610933,-0.00104,0.0611867,-0.0295113,-0.60718,0.101551,1.01448,11.0043,9.98979
614,-0.0132491,-0.2512,0.000152984,-0.210006,1.60802,-0.713406,-0.0295651,0.0614135,-0.00106205,0.0615059,-0.0296575,-0.619291,0.102083,1.01979,11.0096,9.98979
615,-0.0132491,-0.2512,0.000152984,-0.213512,1.60793,-0.712034,-0.0297175,0.0617408,-0.00110686,0.0618328,-0.0298096,-0.628137,0.102621,1.02516,11.015,9.98979
616,-0.0132491,-0.2512,0.000152984,-0.212614,1.61529,-0.710204,-0.0298549,0.0620269,-0.0010939,0.0621247,-0.0299527,-0.604623,0.103159,1.03054,11.0203,9.98979
617,-0.0132491,-0.2512,0.000152984,-0.211979,1.61493,-0.712907,-0.0300312,0.0622962,-0.00104131,0.0623866,-0.0301216,-0.617374,0.103723,1.03618,11.026,9.98979
618,-0.0132491,-0.2512,0.000152984,-0.211216,1.6181,-0.713039,-0.0302023,0.0626041,-0.00105577,0.0626993,-0.0302976,-0.600183,0.104278,1.04171,11.0315,9.98979
619,-0.0132491,-0.2512,0.000152984,-0.211658,1.62274,-0.713042,-0.0302904,0.0629133,-0.00109825,0.0630094,-0.0303865,-0.611862,0.10482,1.04713,11.0369,9.98979
620,-0.0101968,-0.262349,0.000151902,-0.212025,1.62194,-0.714715,-0.0304587,0.0632055,-0.00118391,0.0633127,-0.0305659,-0.608754,0.105356,1.05248,11.0423,9.98979
621,-0.0101968,-0.262349,0.000151902,-0.211865,1.62689,-0.71461,-0.0306478,0.063495,-0.00114143,0.0635995,-0.0307523,-0.615145,0.105953,1.05845,11.0482,9.98979
622,-0.0101968,-0.262349,0.000151902,-0.213684,1.631,-0.712449,-0.0308042,0.0638267,-0.00123077,0.0639317,-0.0309091,-0.616692,0.1065,1.06391,11.0537,9.98979
623,-0.0101968,-0.262349,0.000151902,-0.211789,1.6306,-0.710308,-0.0309059,0.0641429,-0.00121016,0.0642482,-0.0310112,-0.608402,0.107073,1.06963,11.0594,9.98979
624,-0.0132491,-0.2512,0.000152984,-0.21233,1.63396,-0.712487,-0.0310661,0.0644752,-0.00114786,0.0645709,-0.0311618,-0.627851,0.107669,1.07559,11.0654,9.98979
625,-0.0101968,-0.262349,0.000151902,-0.211749,1.63883,-0.713027,-0.0312237,0.0646933,-0.00119591,0.0647957,-0.0313261,-0.621161,0.108169,1.08059,11.0704,9.98979
626,-0.0132491,-0.2512,0.000152984,-0.21155,1.63929,-0.712691,-0.0313455,0.065053,-0.00112159,0.06515,-0.0314424,-0.605675,0.108693,1.08582,11.0756,9.98979
627,-0.0132491,-0.2512,0.000152984,-0.212688,1.64583,-0.712775,-0.0315001,0.0653547,-0.00112955,0.0654584,-0.0316037,-0.628127,0.109246,1.09135,11.0811,9.98979
628,-0.0132491,-0.2512,0.000152984,-0.211592,1.64667,-0.705325,-0.0316455,0.0656811,-0.00108621,0.0657835,-0.0317478,-0.564196,0.109784,1.09672,11.0865,9.98979
629,-0.0132491,-0.2512,0.000152984,-0.20964,1.65134,-0.709091,-0.0317976,0.0660041,-0.00114764,0.0660987,-0.0318921,-0.604688,0.110369,1.10256,11.0924,9.98979
630,-0.0101968,-0.262349,0.000151902,-0.210764,1.65269,-0.713049,-0.031959,0.0662109,-0.00114809,0.0663115,-0.0320596,-0.618428,0.110908,1.10795,11.0977,9.98979
631,-0.0132491,-0.2512,0.000152984,-0.212953,1.65512,-0.707357,-0.0320847,0.0665623,-0.0011538,0.0666614,-0.0321839,-0.621616,0.111446,1.11332,11.1031,9.98979
632,-0.0101968,-0.262349,0.000151902,-0.212546,1.65671,-0.709051,-0.032242,0.066818,-0.0012441,0.0669299,-0.0323539,-0.620575,0.111958,1.11844,11.1082,9.98979
633,-0.0132491,-0.2512,0.000152984,-0.213943,1.66107,-0.711786,-0.03237,0.0672226,-0.00112942,0.0673185,-0.0324659,-0.596743,0.112598,1.12483,11.1146,9.98979
634,-0.0132491,-0.2512,0.000152984,-0.213593,1.66329,-0.71028,-0.0326127,0.067462,-0.00114361,0.0675561,-0.0327067,-0.619814,0.113125,1.13009,11.1199,9.98979
635,-0.0132491,-0.2512,0.000152984,-0.213862,1.66647,-0.711558,-0.0326776,0.0678217,-0.00114756,0.0679202,-0.0327761,-0.611149,0.113739,1.13623,11.126,9.98979
636,-0.0101968,-0.262349,0.000151902,-0.214038,1.66777,-0.718976,-0.0328465,0.0680853,-0.00124369,0.0681933,-0.0329545,-0.59485,0.114312,1.14195,11.1317,9.98979
637,-0.0132491,-0.2512,0.000152984,-0.210825,1.67074,-0.712822,-0.0329475,0.0684324,-0.00118463,0.0685336,-0.0330487,-0.607763,0.114847,1.1473,11.1371,9.98979
638,-0.0101968,-0.262349,0.000151902,-0.211766,1.67232,-0.719772,-0.0331542,0.0686733,-0.00127684,0.0687821,-0.0332629,-0.610562,0.11538,1.15262,11.1424,9.98979
639,-0.0101968,-0.262349,0.000151902,-0.211509,1.67444,-0.719564,-0.0333195,0.0689742,-0.00126081,0.0690905,-0.0334358,-0.619364,0.115913,1.15795,11.1477,9.98979
640,-0.0101968,-0.262349,0.000151902,-0.211587,1.68093,-0.716881,-0.0334614,0.0693633,-0.0012544,0.069474,-0.0335721,-0.614145,0.116502,1.16383,11.1536,9.98979
641,-0.0101968,-0.262349,0.000151902,-0.214395,1.68401,-0.713984,-0.0336106,0.0696119,-0.00130833,0.06973,-0.0337287,-0.608567,0.117079,1.1696,11.1594,9.98979
642,-0.0101968,-0.262349,0.000151902,-0.21261,1.68462,-0.715263,-0.0337044,0.0699316,-0.0012664,0.0700443,-0.0338171,-0.613063,0.117669,1.17549,11.1653,9.98979
643,-0.0132491,-0.2512,0.000152984,-0.214255,1.69096,-0.713702,-0.0339003,0.0702682,-0.0012042,0.0703725,-0.0340046,-0.606112,0.118206,1.18085,11.1706,9.98979
644,-0.0132491,-0.2512,0.000152984,-0.212251,1.69051,-0.713198,-0.0340373,0.0706157,-0.00125413,0.0707207,-0.0341424,-0.626828,0.118772,1.18651,11.1763,9.98979
645,-0.0101968,-0.262349,0.000151902,-0.213585,1.69296,-0.714421,-0.0342026,0.0708876,-0.00136339,0.0709995,-0.0343145,-0.614974,0.119335,1.19214,11.1819,9.98979
646,-0.0101968,-0.262349,0.000151902,-0.214692,1.70076,-0.714568,-0.0343827,0.0711671,-0.00124526,0.0712795,-0.0344951,-0.590282,0.119913,1.1979,11.1877,9.98979
647,-0.0132491,-0.2512,0.000152984,-0.213745,1.69828,-0.718909,-0.0344786,0.0715167,-0.00125785,0.0716189,-0.0345808,-0.60877,0.120487,1.20364,11.1934,9.98979
648,-0.0101968,-0.262349,0.000151902,-0.213672,1.70287,-0.720189,-0.0346228,0.0717977,-0.00135133,0.0719124,-0.0347376,-0.610141,0.121057,1.20934,11.1991,9.98979
649,-0.0101968,-0.262349,0.000151902,-0.214069,1.70366,-0.718607,-0.0347753,0.0720976,-0.00131629,0.0722107,-0.0348884,-0.595968,0.12159,1.21466,11.2044,9.98979
650,-0.0132491,-0.2512,0.000152984,-0.214231,1.71101,-0.712972,-0.0349624,0.0724259,-0.00124344,0.0725251,-0.0350616,-0.606066,0.122176,1.22052,11.2103,9.98979
651,-0.0132491,-0.2512,0.000152984,-0.21281,1.71085,-0.71581,-0.0350631,0.0727587,-0.00130129,0.072864,-0.0351684,-0.599906,0.122747,1.22622,11.216,9.98979
652,-0.0101968,-0.262349,0.000151902,-0.209493,1.71409,-0.725841,-0.0352667,0.0729889,-0.00130968,0.073101,-0.0353788,-0.598833,0.123343,1.23217,11.222,9.98979
653,-0.0101968,-0.262349,0.000151902,-0.211241,1.71583,-0.719598,-0.0353807,0.073354,-0.00130542,0.073475,-0.0355017,-0.589807,0.123887,1.23761,11.2274,9.98979
654,-0.0101968,-0.262349,0.000151902,-0.213076,1.71921,-0.718756,-0.0355022,0.0736661,-0.0013713,0.0737772,-0.0356133,-0.592197,0.124462,1.24335,11.2331,9.98979
655,-0.0101968,-0.262349,0.000151902,-0.212447,1.71974,-0.721545,-0.0356608,0.0740002,-0.00133708,0.0741176,-0.0357781,-0.592059,0.125059,1.24932,11.2391,9.98979
656,-0.0101968,-0.262349,0.000151902,-0.212758,1.7252,-0.715163,-0.0358763,0.0742578,-0.00134975,0.0743695,-0.035988,-0.596846,0.125647,1.25519,11.245,9.98979
657,-0.0101968,-0.262349,0.000151902,-0.214334,1.72815,-0.711841,-0.0359899,0.0745718,-0.00136378,0.0746863,-0.0361043,-0.599485,0.126167,1.26038,11.2502,9.98979
658,-0.0132491,-0.2512,0.000152984,-0.21367,1.73391,-0.715538,-0.0361225,0.074883,-0.0012457,0.0749895,-0.036229,-0.590854,0.126795,1.26666,11.2564,9.98979
659,-0.0101968,-0.262349,0.000151902,-0.211219,1.72807,-0.719195,-0.0363095,0.0751927,-0.00136243,0.0753101,-0.0364269,-0.58677,0.127331,1.27201,11.2618,9.98979
660,-0.0132491,-0.2512,0.000152984,-0.210768,1.74143,-0.717019,-0.0363926,0.0755309,-0.00127386,0.0756333,-0.036495,-0.587911,0.12792,1.2779,11.2677,9.98979
661,-0.0101968,-0.262349,0.000151902,-0.212372,1.73823,-0.71715,-0.036593,0.0758017,-0.00135037,0.075919,-0.0367102,-0.595958,0.128527,1.28396,11.2738,9.98979
662,-0.0132491,-0.2512,0.000152984,-0.209753,1.74476,-0.712479,-0.0367152,0.0761247,-0.00127375,0.076236,-0.0368265,-0.588024,0.129022,1.2889,11.2787,9.98979
663,-0.0132491,-0.2512,0.000152984,-0.211775,1.74756,-0.710971,-0.0368585,0.0764632,-0.00134774,0.0765692,-0.0369645,-0.589031,0.129631,1.29499,11.2848,9.98979
664,-0.0101968,-0.262349,0.000151902,-0.211339,1.7468,-0.715492,-0.0370468,0.0767312,-0.00140357,0.0768443,-0.0371598,-0.573374,0.130222,1.3009,11.2907,9.98979
665,-0.0132491,-0.2512,0.000152984,-0.21142,1.75077,-0.71521,-0.0371459,0.0771317,-0.00132946,0.0772406,-0.0372548,-0.601679,0.130839,1.30706,11.2969,9.98979
666,-0.0101968,-0.262349,0.000151902,-0.211784,1.75458,-0.716639,-0.037297,0.0773909,-0.00142267,0.0775095,-0.0374156,-0.579314,0.131399,1.31265,11.3024,9.98979
667,-0.0101968,-0.262349,0.000151902,-0.211408,1.75675,-0.717166,-0.0374581,0.0776962,-0.00139962,0.0778122,-0.0375742,-0.574092,0.131967,1.31832,11.3081,9.98979
668,-0.0132491,-0.2512,0.000152984,-0.21036,1.76171,-0.715038,-0.037596,0.07802,-0.00131805,0.0781236,-0.0376997,-0.58814,0.132536,1.324,11.3138,9.98979
669,-0.0101968,-0.262349,0.000151902,-0.213704,1.76076,-0.716651,-0.0377739,0.0783386,-0.0014374,0.0784556,-0.037891,-0.587792,0.133145,1.33009,11.3199,9.98979
670,-0.0132491,-0.2512,0.000152984,-0.21299,1.76613,-0.718141,-0.0378522,0.0786216,-0.00132441,0.0787277,-0.0379583,-0.563847,0.133703,1.33566,11.3255,9.98979
671,-0.0132491,-0.2512,0.000152984,-0.21128,1.76715,-0.719851,-0.0379993,0.0789541,-0.0013606,0.079061,-0.0381061,-0.578608,0.134272,1.34135,11.3311,9.98979
672,-0.0132491,-0.2512,0.000152984,-0.210768,1.77188,-0.72018,-0.0381528,0.0792579,-0.00136515,0.0793634,-0.0382582,-0.571374,0.134871,1.34733,11.3371,9.98979
673,-0.0132491,-0.2512,0.000152984,-0.21085,1.77428,-0.716799,-0.0382756,0.079552,-0.00132578,0.0796624,-0.038386,-0.573367,0.135446,1.35308,11.3429,9.98979
674,-0.0132491,-0.2512,0.000152984,-0.213879,1.77579,-0.718996,-0.0384425,0.079916,-0.00136922,0.0800228,-0.0385493,-0.573478,0.136044,1.35905,11.3488,9.98979
675,-0.0132491,-0.2512,0.000152984,-0.212475,1.78121,-0.719402,-0.0385946,0.0802234,-0.00140286,0.0803366,-0.0387078,-0.572438,0.136629,1.36489,11.3547,9.98979
676,-0.0101968,-0.262349,0.000151902,-0.212913,1.78099,-0.718919,-0.0387961,0.0804659,-0.00146206,0.0805857,-0.038916,-0.573792,0.137218,1.37078,11.3606,9.98979
677,-0.0132491,-0.2512,0.000152984,-0.212227,1.78483,-0.718722,-0.0389018,0.0808296,-0.00142026,0.0809342,-0.0390064,-0.573397,0.137788,1.37648,11.3663,9.98979
678,-0.0101968,-0.262349,0.000151902,-0.214102,1.7867,-0.71788,-0.0390702,0.0811208,-0.00148936,0.0812369,-0.0391862,-0.582945,0.138406,1.38264,11.3724,9.98979
679,-0.0101968,-0.262349,0.000151902,-0.213283,1.79283,-0.716387,-0.0392399,0.081447,-0.00147881,0.0815655,-0.0393585,-0.572769,0.138959,1.38817,11.378,9.98979
680,-0.0132491,-0.2512,0.000152984,-0.212299,1.79364,-0.715917,-0.0392944,0.0818292,-0.00144482,0.081937,-0.0394022,-0.580898,0.139593,1.3945,11.3843,9.98979
681,-0.0101968,-0.262349,0.000151902,-0.211679,1.799,-0.716513,-0.0394842,0.0820819,-0.00148752,0.0822011,-0.0396034,-0.571862,0.140118,1.39975,11.3895,9.98979
682,-0.0101968,-0.262349,0.000151902,-0.21217,1.7994,-0.717433,-0.0396429,0.0824109,-0.00150363,0.0825332,-0.0397652,-0.567609,0.140779,1.40636,11.3962,9.98979
683,-0.0101968,-0.262349,0.000151902,-0.210892,1.80113,-0.719308,-0.0397766,0.0826875,-0.00145297,0.0828019,-0.0398911,-0.559733,0.141335,1.41191,11.4017,9.98979
684,-0.0132491,-0.2512,0.000152984,-0.213681,1.80363,-0.71703,-0.0399174,0.0830557,-0.00147879,0.0831644,-0.0400261,-0.579968,0.141928,1.41783,11.4076,9.98979
685,-0.0101968,-0.262349,0.000151902,-0.212422,1.81068,-0.717816,-0.0400868,0.0833227,-0.00149569,0.0834395,-0.0402036,-0.581126,0.142543,1.42397,11.4138,9.98979
686,-0.0132491,-0.2512,0.000152984,-0.213528,1.81007,-0.717922,-0.0401907,0.083689,-0.00146225,0.0838098,-0.0403114,-0.576268,0.143124,1.42978,11.4196,9.98979
687,-0.0132491,-0.2512,0.000152984,-0.212213,1.81497,-0.719079,-0.0403506,0.0840178,-0.0014775,0.0841258,-0.0404586,-0.569529,0.143756,1.43609,11.4259,9.98979
688,-0.0132491,-0.2512,0.000152984,-0.211247,1.81802,-0.718861,-0.0404488,0.0843289,-0.00149292,0.0844449,-0.0405648,-0.585691,0.144293,1.44146,11.4313,9.98979
689,-0.0132491,-0.2512,0.000152984,-0.211782,1.81934,-0.719418,-0.0406709,0.084634,-0.00150996,0.0847456,-0.0407825,-0.582062,0.144904,1.44756,11.4374,9.98979
690,-0.0132491,-0.2512,0.000152984,-0.211061,1.81959,-0.72059,-0.0407644,0.0849276,-0.00152541,0.0850371,-0.040874,-0.578328,0.145507,1.45359,11.4434,9.98979
691,-0.0101968,-0.262349,0.000151902,-0.211909,1.82498,-0.718004,-0.0409279,0.085259,-0.00162531,0.0853827,-0.0410516,-0.573021,0.146106,1.45957,11.4494,9.98979
692,-0.0101968,-0.262349,0.000151902,-0.213883,1.82557,-0.71969,-0.0411305,0.08559,-0.00161133,0.0857095,-0.04125,-0.579498,0.146733,1.46583,11.4556,9.98979
693,-0.0132491,-0.2512,0.000152984,-0.213248,1.83139,-0.721193,-0.0412025,0.0859146,-0.00153144,0.0860324,-0.0413203,-0.573815,0.147303,1.47153,11.4613,9.98979
694,-0.0101968,-0.262349,0.000151902,-0.213377,1.8303,-0.719778,-0.0413932,0.08621,-0.00158839,0.0863304,-0.0415136,-0.585865,0.14787,1.47719,11.467,9.98979
695,-0.0132491,-0.2512,0.000152984,-0.211521,1.83985,-0.722731,-0.0415005,0.0865171,-0.00148824,0.0866234,-0.0416068,-0.576451,0.148496,1.48344,11.4732,9.98979
696,-0.0101968,-0.262349,0.000151902,-0.209573,1.83662,-0.722875,-0.0416656,0.0868342,-0.00161976,0.0869555,-0.0417868,-0.573345,0.149114,1.48962,11.4794,9.98979
697,-0.0101968,-0.262349,0.000151902,-0.20977,1.84349,-0.721629,-0.0418409,0.0871272,-0.00156988,0.0872412,-0.0419549,-0.57882,0.14971,1.49558,11.4854,9.98979
698,-0.0101968,-0.262349,0.000151902,-0.212322,1.84291,-0.722519,-0.0419463,0.0874792,-0.00165524,0.0876041,-0.0420711,-0.569555,0.150308,1.50154,11.4913,9.98979
699,-0.0132491,-0.2512,0.000152984,-0.21292,1.85008,-0.723981,-0.0420701,0.0878436,-0.00156276,0.0879578,-0.0421843,-0.582205,0.150949,1.50795,11.4977,9.98979
700,-0.0101968,-0.262349,0.000151902,-0.211133,1.84744,-0.72507,-0.0422747,0.0880773,-0.00163241,0.0882042,-0.0424015,-0.569135,0.151525,1.5137,11.5035,9.98979
701,-0.0101968,-0.262349,0.000151902,-0.211986,1.85485,-0.721154,-0.042413,0.0884252,-0.00162031,0.0885502,-0.042538,-0.565622,0.152149,1.51993,11.5097,9.98979
702,-0.0132491,-0.2512,0.000152984,-0.21311,1.85441,-0.722874,-0.0425073,0.0887919,-0.00159201,0.0889071,-0.0426225,-0.575362,0.152762,1.52606,11.5159,9.98979
703,-0.0101968,-0.262349,0.000151902,-0.211941,1.85906,-0.721791,-0.0426795,0.0890459,-0.00163846,0.0891713,-0.0428049,-0.574142,0.153342,1.53186,11.5217,9.98979
704,-0.0101968,-0.262349,0.000151902,-0.214217,1.86209,-0.721186,-0.042817,0.0893477,-0.00163178,0.0894665,-0.0429358,-0.572894,0.153967,1.5381,11.5279,9.98979
705,-0.0132491,-0.2512,0.000152984,-0.210014,1.8666,-0.721513,-0.0429372,0.0897466,-0.00161849,0.0898566,-0.0430472,-0.571511,0.154592,1.54434,11.5341,9.98979
706,-0.0132491,-0.2512,0.000152984,-0.213215,1.86693,-0.720473,-0.0431086,0.0900795,-0.00161846,0.0901975,-0.0432267,-0.585675,0.155203,1.55044,11.5402,9.98979
707,-0.0132491,-0.2512,0.000152984,-0.212843,1.87353,-0.721631,-0.0433115,0.0903669,-0.00159522,0.0904833,-0.0434279,-0.563659,0.155777,1.55618,11.546,9.98979
708,-0.0101968,-0.262349,0.000151902,-0.213739,1.87385,-0.719664,-0.0434205,0.0906659,-0.00165689,0.0907892,-0.0435438,-0.556273,0.156396,1.56237,11.5522,9.98979
709,-0.0132491,-0.2512,0.000152984,-0.213574,1.87699,-0.722296,-0.0435341,0.0910062,-0.00162016,0.0911254,-0.0436532,-0.558311,0.15702,1.56859,11.5584,9.98979
710,-0.0101968,-0.262349,0.000151902,-0.214394,1.87919,-0.723913,-0.0437046,0.0912903,-0.00163569,0.0914075,-0.0438218,-0.552756,0.157618,1.57458,11.5644,9.98979
711,-0.0132491,-0.2512,0.000152984,-0.213203,1.88314,-0.725214,-0.0438203,0.0916797,-0.00164375,0.0917915,-0.0439321,-0.559936,0.158264,1.58103,11.5708,9.98979
712,-0.0101968,-0.262349,0.000151902,-0.214162,1.88541,-0.722649,-0.0440244,0.0919569,-0.0017194,0.0920788,-0.0441464,-0.556806,0.158838,1.58676,11.5766,9.98979
713,-0.0132491,-0.2512,0.000152984,-0.212819,1.88981,-0.72058,-0.0441113,0.0922709,-0.00164663,0.0923841,-0.0442245,-0.557269,0.159452,1.59289,11.5827,9.98979
714,-0.0132491,-0.2512,0.000152984,-0.211285,1.88978,-0.719517,-0.0442308,0.0926029,-0.00165284,0.0927198,-0.0443477,-0.550692,0.160044,1.5988,11.5886,9.98979
715,-0.0132491,-0.2512,0.000152984,-0.212056,1.89661,-0.718983,-0.0443773,0.09288,-0.0016217,0.0929912,-0.0444885,-0.556224,0.16069,1.60526,11.595,9.98979
716,-0.0132491,-0.2512,0.000152984,-0.212691,1.89639,-0.719576,-0.0445153,0.093214,-0.00163691,0.0933274,-0.0446287,-0.546569,0.161284,1.61119,11.601,9.98979
717,-0.0101968,-0.262349,0.000151902,-0.215513,1.9003,-0.720509,-0.0446919,0.0935547,-0.00174068,0.093683,-0.0448202,-0.541705,0.161927,1.61762,11.6074,9.98979
718,-0.0132491,-0.2512,0.000152984,-0.213296,1.90181,-0.721999,-0.0447891,0.0939059,-0.00161171,0.0940179,-0.0449011,-0.544714,0.162559,1.62393,11.6137,9.98979
719,-0.0132491,-0.2512,0.000152984,-0.210047,1.90607,-0.723842,-0.0448768,0.0942542,-0.00176054,0.094369,-0.0449916,-0.55862,0.163196,1.6303,11.6201,9.98979
720,-0.0132491,-0.2512,0.000152984,-0.213497,1.90758,-0.718419,-0.0450806,0.0945097,-0.0016805,0.0946274,-0.0451982,-0.557786,0.163802,1.63635,11.6261,9.98979
721,-0.0101968,-0.262349,0.000151902,-0.211264,1.91046,-0.723954,-0.0452407,0.0948514,-0.00173604,0.0949744,-0.0453637,-0.533104,0.16441,1.64242,11.6322,9.98979
722,-0.0101968,-0.262349,0.000151902,-0.213621,1.9135,-0.721178,-0.0453564,0.0951576,-0.00175498,0.0952792,-0.045478,-0.554541,0.164991,1.64823,11.638,9.98979
723,-0.0101968,-0.262349,0.000151902,-0.212461,1.91541,-0.721776,-0.0455317,0.0955086,-0.00175143,0.0956295,-0.0456525,-0.539631,0.165678,1.65509,11.6449,9.98979
724,-0.0132491,-0.2512,0.000152984,-0.213002,1.92024,-0.720591,-0.0456519,0.0958311,-0.00171922,0.0959452,-0.0457659,-0.545286,0.166284,1.66114,11.6509,9.98979
725,-0.0101968,-0.262349,0.000151902,-0.212852,1.92475,-0.719899,-0.0457866,0.0961602,-0.00179681,0.0962894,-0.0459159,-0.538006,0.166923,1.66753,11.6573,9.98979
726,-0.0132491,-0.2512,0.000152984,-0.210974,1.92282,-0.726327,-0.0458705,0.096493,-0.00165665,0.0966117,-0.0459892,-0.540198,0.167549,1.67378,11.6636,9.98979
727,-0.0101968,-0.262349,0.000151902,-0.21451,1.92603,-0.726148,-0.0460909,0.096748,-0.00170169,0.0968642,-0.0462071,-0.53026,0.168169,1.67998,11.6698,9.98979
728,-0.0132491,-0.2512,0.000152984,-0.212279,1.92853,-0.728675,-0.0461718,0.0970993,-0.00173277,0.0972147,-0.0462872,-0.545045,0.168768,1.68596,11.6758,9.98979
729,-0.0101968,-0.262349,0.000151902,-0.214863,1.93351,-0.72296,-0.0463695,0.0974151,-0.00181766,0.0975341,-0.0464885,-0.544751,0.16946,1.69287,11.6827,9.98979
730,-0.0101968,-0.262349,0.000151902,-0.212934,1.93351,-0.724556,-0.0464823,0.0977521,-0.00179621,0.0978807,-0.0466109,-0.530037,0.169969,1.69796,11.6878,9.98979
731,-0.0132491,-0.2512,0.000152984,-0.212896,1.93864,-0.722544,-0.0465927,0.0981176,-0.00180972,0.0982376,-0.0467127,-0.534039,0.170653,1.70479,11.6946,9.98979
732,-0.0101968,-0.262349,0.000151902,-0.212258,1.94369,-0.722826,-0.0467782,0.0983442,-0.00181485,0.0984714,-0.0469054,-0.520051,0.171203,1.71028,11.7001,9.98979
733,-0.0132491,-0.2512,0.000152984,-0.214334,1.94533,-0.724263,-0.0469166,0.0986944,-0.00167378,0.0988128,-0.047035,-0.536341,0.171894,1.71719,11.707,9.98979
734,-0.0132491,-0.2512,0.000152984,-0.211484,1.94989,-0.725788,-0.0469994,0.0990654,-0.00175766,0.0991795,-0.0471135,-0.528275,0.172415,1.72239,11.7122,9.98979
735,-0.0101968,-0.262349,0.000151902,-0.214457,1.95162,-0.725801,-0.0472083,0.0993699,-0.00178205,0.0994955,-0.0473339,-0.522173,0.173167,1.7299,11.7197,9.98979
736,-0.0101968,-0.262349,0.000151902,-0.211999,1.95205,-0.728024,-0.0474258,0.0996554,-0.00181601,0.099774,-0.0475444,-0.533232,0.173767,1.7359,11.7257,9.98979
737,-0.0101968,-0.262349,0.000151902,-0.214618,1.95589,-0.723133,-0.0475375,0.100041,-0.0018488,0.100167,-0.0476634,-0.52248,0.174377,1.74199,11.7318,9.98979
738,-0.0101968,-0.262349,0.000151902,-0.21407,1.96025,-0.725487,-0.047679,0.100334,-0.00181772,0.100458,-0.0478036,-0.532184,0.175023,1.74844,11.7382,9.98979
739,-0.0132491,-0.2512,0.000152984,-0.21241,1.95921,-0.727679,-0.0477203,0.100671,-0.00177679,0.100787,-0.0478363,-0.52527,0.175692,1.75513,11.7449,9.98979
740,-0.0132491,-0.2512,0.000152984,-0.213265,1.96786,-0.730122,-0.047897,0.100895,-0.0017019,0.101014,-0.0480159,-0.518966,0.176237,1.76057,11.7504,9.98979
741,-0.0132491,-0.2512,0.000152984,-0.213431,1.96796,-0.72908,-0.0479859,0.101317,-0.0017837,0.101433,-0.0481012,-0.522567,0.176973,1.76793,11.7577,9.98979
742,-0.0101968,-0.262349,0.000151902,-0.211475,1.97345,-0.729651,-0.0481961,0.101687,-0.00186629,0.101819,-0.0483276,-0.511822,0.177585,1.77403,11.7638,9.98979
743,-0.0132491,-0.2512,0.000152984,-0.2146,1.97197,-0.728401,-0.0482384,0.101984,-0.00177246,0.1021,-0.0483541,-0.522072,0.178186,1.78004,11.7698,9.98979
744,-0.0132491,-0.2512,0.000152984,-0.213253,1.98078,-0.726602,-0.048419,0.102311,-0.00177553,0.102428,-0.0485354,-0.518065,0.178832,1.7865,11.7763,9.98979
745,-0.0132491,-0.2512,0.000152984,-0.212541,1.97789,-0.731121,-0.0485585,0.10272,-0.0018083,0.102836,-0.048675,-0.519453,0.179519,1.79335,11.7831,9.98979
746,-0.0101968,-0.262349,0.000151902,-0.214266,1.98388,-0.727369,-0.0487119,0.102977,-0.00191933,0.103102,-0.0488367,-0.524176,0.180146,1.79962,11.7894,9.98979
747,-0.0132491,-0.2512,0.000152984,-0.212613,1.98642,-0.73201,-0.0488396,0.103369,-0.0017936,0.103485,-0.0489551,-0.502221,0.180791,1.80606,11.7959,9.98979
748,-0.0101968,-0.262349,0.000151902,-0.212261,1.98791,-0.725596,-0.049047,0.103619,-0.00182315,0.103745,-0.0491738,-0.509385,0.18142,1.81235,11.8021,9.98979
749,-0.0132491,-0.2512,0.000152984,-0.212786,1.98912,-0.727269,-0.0491018,0.103978,-0.00175721,0.104097,-0.0492205,-0.514528,0.182055,1.81869,11.8085,9.98979
750,-0.0101968,-0.262349,0.000151902,-0.213144,1.99657,-0.7202,-0.0492672,0.104262,-0.00184368,0.104388,-0.049394,-0.519891,0.182683,1.82496,11.8148,9.98979
751,-0.0101968,-0.262349,0.000151902,-0.212677,1.99574,-0.725861,-0.0494078,0.104665,-0.00188829,0.104799,-0.0495409,-0.498071,0.183333,1.83145,11.8212,9.98979
752,-0.0132491,-0.2512,0.000152984,-0.212525,1.99957,-0.727718,-0.0494885,0.104981,-0.00184361,0.1051,-0.0496079,-0.504364,0.183981,1.83793,11.8277,9.98979
753,-0.0132491,-0.2512,0.000152984,-0.213862,2.00309,-0.726823,-0.0496699,0.10529,-0.00178703,0.105405,-0.0497842,-0.495049,0.184625,1.84437,11.8342,9.98979
754,-0.0132491,-0.2512,0.000152984,-0.213118,2.00748,-0.72916,-0.0497581,0.105661,-0.00183238,0.105783,-0.0498802,-0.497442,0.185274,1.85085,11.8406,9.98979
755,-0.0132491,-0.2512,0.000152984,-0.213324,2.00663,-0.728581,-0.0499396,0.105966,-0.00183696,0.106083,-0.0500566,-0.508534,0.185895,1.85705,11.8468,9.98979
756,-0.0101968,-0.262349,0.000151902,-0.211339,2.01115,-0.728286,-0.0501088,0.106297,-0.00187174,0.106428,-0.0502401,-0.49631,0.186591,1.864,11.8538,9.98979
757,-0.0132491,-0.2512,0.000152984,-0.208837,2.01627,-0.728187,-0.0501838,0.106667,-0.001801,0.106789,-0.0503057,-0.480795,0.187215,1.87024,11.86,9.98979
758,-0.0132491,-0.2512,0.000152984,-0.213527,2.01912,-0.724043,-0.0503299,0.106976,-0.00186757,0.107094,-0.0504486,-0.482737,0.187838,1.87646,11.8663,9.98979
759,-0.0101968,-0.262349,0.000151902,-0.211825,2.01891,-0.727134,-0.0504843,0.107276,-0.00194561,0.107405,-0.0506127,-0.496268,0.188506,1.88313,11.8729,9.98979
760,-0.0101968,-0.262349,0.000151902,-0.214082,2.02446,-0.727719,-0.0506413,0.107664,-0.00190371,0.107794,-0.0507711,-0.482436,0.18913,1.88937,11.8792,9.98979
761,-0.0132491,-0.2512,0.000152984,-0.214577,2.02568,-0.730293,-0.0507228,0.108003,-0.00187886,0.108123,-0.0508432,-0.487369,0.189786,1.89592,11.8857,9.98979
762,-0.0101968,-0.262349,0.000151902,-0.210478,2.02735,-0.729888,-0.0508993,0.108286,-0.0018892,0.108409,-0.0510222,-0.470857,0.19044,1.90246,11.8923,9.98979
763,-0.0132491,-0.2512,0.000152984,-0.2133,2.03277,-0.727615,-0.0509996,0.108656,-0.00189289,0.10878,-0.0511242,-0.476473,0.19108,1.90885,11.8986,9.98979
764,-0.0132491,-0.2512,0.000152984,-0.212075,2.03655,-0.731309,-0.0510889,0.109001,-0.00190736,0.109123,-0.0512106,-0.493163,0.191722,1.91526,11.9051,9.98979
765,-0.0101968,-0.262349,0.000151902,-0.213664,2.03316,-0.731323,-0.0512983,0.109307,-0.00193125,0.109435,-0.0514255,-0.480517,0.192408,1.92212,11.9119,9.98979
766,-0.0132491,-0.2512,0.000152984,-0.211204,2.04169,-0.732398,-0.0513823,0.109643,-0.00186867,0.109764,-0.051504,-0.480798,0.193041,1.92844,11.9182,9.98979
767,-0.0132491,-0.2512,0.000152984,-0.212506,2.0422,-0.730788,-0.0514656,0.109899,-0.00178388,0.110025,-0.0515922,-0.460293,0.193579,1.93381,11.9236,9.98979
768,-0.0101968,-0.262349,0.000151902,-0.209449,2.04472,-0.729812,-0.0516906,0.110361,-0.0019055,0.110493,-0.0518228,-0.447813,0.194376,1.94178,11.9316,9.98979
769,-0.0132491,-0.2512,0.000152984,-0.212436,2.05037,-0.731249,-0.0517737,0.110681,-0.00183346,0.110805,-0.0518982,-0.463038,0.19493,1.94731,11.9371,9.98979
770,-0.0101968,-0.262349,0.000151902,-0.211794,2.04797,-0.733481,-0.0519928,0.111062,-0.00196088,0.111189,-0.0521208,-0.464591,0.195683,1.95483,11.9446,9.98979
771,-0.0101968,-0.262349,0.000151902,-0.213945,2.05561,-0.729085,-0.0520979,0.111305,-0.00194092,0.111434,-0.0522264,-0.463365,0.196264,1.96064,11.9504,9.98979
772,-0.0101968,-0.262349,0.000151902,-0.211874,2.05839,-0.735121,-0.0522716,0.111647,-0.0019284,0.11178,-0.0524042,-0.461191,0.196905,1.96704,11.9568,9.98979
773,-0.0101968,-0.262349,0.000151902,-0.21451,2.0573,-0.728268,-0.0523623,0.112029,-0.00195183,0.112162,-0.0524954,-0.458638,0.19756,1.97359,11.9634,9.98979
774,-0.0132491,-0.2512,0.000152984,-0.213224,2.06293,-0.724955,-0.0524543,0.112328,-0.00183997,0.112451,-0.052577,-0.454222,0.198201,1.97999,11.9698,9.98979
775,-0.0101968,-0.262349,0.000151902,-0.21315,2.06332,-0.727253,-0.0525957,0.11265,-0.00194721,0.112785,-0.0527299,-0.461564,0.19893,1.98727,11.9771,9.98979
776,-0.0101968,-0.262349,0.000151902,-0.213432,2.06748,-0.727217,-0.052783,0.113038,-0.00193594,0.113169,-0.0529145,-0.446201,0.199516,1.99312,11.9829,9.98979
777,-0.0101968,-0.262349,0.000151902,-0.21443,2.07109,-0.724242,-0.0528415,0.113366,-0.0019041,0.113493,-0.0529687,-0.441794,0.20029,2.00085,11.9906,9.98979
778,-0.0101968,-0.262349,0.000151902,-0.214751,2.07515,-0.72372,-0.053108,0.113643,-0.00187655,0.113778,-0.0532434,-0.429742,0.200843,2.00638,11.9962,9.98979
779,-0.0101968,-0.262349,0.000151902,-0.214771,2.07687,-0.725806,-0.0531792,0.114005,-0.00189494,0.114139,-0.053313,-0.455246,0.201519,2.01313,12.0029,9.98979
780,-0.0101968,-0.262349,0.000151902,-0.216687,2.08285,-0.726824,-0.0532802,0.114385,-0.00190709,0.114516,-0.0534108,-0.440087,0.202223,2.02017,12.01,9.98979
781,-0.0132491,-0.2512,0.000152984,-0.213799,2.08315,-0.729327,-0.0533519,0.114752,-0.00188775,0.114875,-0.0534751,-0.448056,0.202888,2.02681,12.0166,9.98979
782,-0.0132491,-0.2512,0.000152984,-0.213806,2.08731,-0.728903,-0.053536,0.115048,-0.00187001,0.11517,-0.0536576,-0.444386,0.203499,2.03291,12.0227,9.98979
783,-0.0101968,-0.262349,0.000151902,-0.214514,2.08871,-0.726766,-0.0536714,0.115423,-0.00197755,0.115557,-0.0538054,-0.441582,0.204163,2.03955,12.0293,9.98979
784,-0.0132491,-0.2512,0.000152984,-0.213448,2.09199,-0.725071,-0.0536739,0.115763,-0.00189958,0.115885,-0.0537957,-0.441711,0.204823,2.04614,12.0359,9.98979
785,-0.0101968,-0.262349,0.000151902,-0.2121,2.0959,-0.72593,-0.053925,0.116109,-0.00198948,0.116241,-0.0540568,-0.436797,0.205486,2.05277,12.0426,9.98979
786,-0.0101968,-0.262349,0.000151902,-0.213924,2.09862,-0.728477,-0.054054,0.116516,-0.00203509,0.116651,-0.0541886,-0.443699,0.206168,2.05957,12.0494,9.98979
787,-0.0101968,-0.262349,0.000151902,-0.21481,2.10153,-0.729097,-0.0541755,0.116772,-0.00197312,0.116904,-0.054308,-0.433446,0.206793,2.06581,12.0556,9.98979
788,-0.0101968,-0.262349,0.000151902,-0.213151,2.10122,-0.726832,-0.0543075,0.117051,-0.00201724,0.117189,-0.0544454,-0.446422,0.207405,2.07193,12.0617,9.98979
789,-0.0101968,-0.262349,0.000151902,-0.213545,2.10741,-0.727981,-0.0544436,0.117534,-0.00204869,0.117672,-0.054581,-0.449106,0.208152,2.0794,12.0692,9.98979
790,-0.0132491,-0.2512,0.000152984,-0.214558,2.1125,-0.72451,-0.0544504,0.117863,-0.00189535,0.117988,-0.054576,-0.428161,0.208884,2.08671,12.0765,9.98979
791,-0.0101968,-0.262349,0.000151902,-0.21516,2.11126,-0.727761,-0.0546171,0.118224,-0.00203782,0.118363,-0.0547557,-0.431435,0.209519,2.09306,12.0828,9.98979
792,-0.0101968,-0.262349,0.000151902,-0.214043,2.116,-0.729515,-0.0548453,0.11851,-0.00192844,0.11864,-0.0549762,-0.427135,0.210169,2.09955,12.0893,9.98979
793,-0.0132491,-0.2512,0.000152984,-0.215889,2.11871,-0.724597,-0.0548359,0.118864,-0.00194463,0.118985,-0.0549572,-0.428834,0.210792,2.10577,12.0956,9.98979
794,-0.0132491,-0.2512,0.000152984,-0.214367,2.12139,-0.729456,-0.0550775,0.119194,-0.00194401,0.119313,-0.0551962,-0.435093,0.211495,2.11279,12.1026,9.98979
795,-0.0132491,-0.2512,0.000152984,-0.215975,2.12503,-0.728896,-0.0551434,0.119616,-0.00198358,0.119736,-0.0552642,-0.44527,0.212233,2.12016,12.11,9.98979
796,-0.0132491,-0.2512,0.000152984,-0.215276,2.1293,-0.726748,-0.0552562,0.119928,-0.00184535,0.120041,-0.05537,-0.419643,0.212879,2.12662,12.1164,9.98979
797,-0.0101968,-0.262349,0.000151902,-0.21526,2.12931,-0.72792,-0.0554208,0.120279,-0.00198932,0.120414,-0.0555557,-0.413581,0.213528,2.13311,12.1229,9.98979
798,-0.0101968,-0.262349,0.000151902,-0.214663,2.134,-0.729055,-0.0555442,0.120638,-0.00198976,0.120769,-0.0556752,-0.416736,0.214213,2.13994,12.1297,9.98979
799,-0.0132491,-0.2512,0.000152984,-0.213659,2.13641,-0.729477,-0.0555725,0.121002,-0.00195563,0.121126,-0.0556964,-0.418166,0.21498,2.14761,12.1374,9.98979
800,-0.0101968,-0.262349,0.000151902,-0.21324,2.14071,-0.727286,-0.0557765,0.12132,-0.00201712,0.121453,-0.0559094,-0.421062,0.215543,2.15323,12.143,9.98979
801,-0.0132491,-0.2512,0.000152984,-0.214963,2.14239,-0.731426,-0.0558406,0.121731,-0.00200882,0.121853,-0.055962,-0.426343,0.216254,2.16033,12.1501,9.98979
802,-0.0101968,-0.262349,0.000151902,-0.215742,2.14602,-0.72676,-0.056026,0.122005,-0.0020069,0.122143,-0.0561632,-0.413903,0.216901,2.16679,12.1566,9.98979
803,-0.0101968,-0.262349,0.000151902,-0.213681,2.14409,-0.73201,-0.0561419,0.122426,-0.00206948,0.122559,-0.0562748,-0.407348,0.217571,2.17349,12.1633,9.98979
804,-0.0132491,-0.2512,0.000152984,-0.214542,2.15091,-0.73335,-0.0562107,0.122805,-0.00200403,0.12293,-0.0563359,-0.425207,0.218316,2.18094,12.1707,9.98979
805,-0.0132491,-0.2512,0.000152984,-0.214968,2.15387,-0.733853,-0.0563567,0.123122,-0.00202511,0.123247,-0.0564816,-0.419667,0.218964,2.18741,12.1772,9.98979
806,-0.0101968,-0.262349,0.000151902,-0.214106,2.15555,-0.732323,-0.0565443,0.123481,-0.00207013,0.123619,-0.0566829,-0.42583,0.219606,2.19381,12.1836,9.98979
807,-0.0132491,-0.2512,0.000152984,-0.214447,2.1589,-0.732463,-0.0565518,0.123829,-0.00201772,0.123958,-0.0566804,-0.429253,0.220306,2.20081,12.1906,9.98979
808,-0.0132491,-0.2512,0.000152984,-0.215666,2.16441,-0.734687,-0.0567274,0.124162,-0.00197755,0.124287,-0.0568523,-0.410143,0.221027,2.20801,12.1978,9.98979
809,-0.0132491,-0.2512,0.000152984,-0.215247,2.16502,-0.731781,-0.0567935,0.124562,-0.00203523,0.124686,-0.0569177,-0.41898,0.22171,2.21484,12.2046,9.98979
810,-0.0101968,-0.262349,0.000151902,-0.214091,2.16924,-0.733352,-0.0569755,0.124879,-0.00208509,0.125013,-0.0571098,-0.407255,0.222374,2.22147,12.2113,9.98979
811,-0.0132491,-0.2512,0.000152984,-0.215103,2.17234,-0.736702,-0.0570624,0.125275,-0.00199952,0.125406,-0.057194,-0.423211,0.223059,2.22831,12.2181,9.98979
812,-0.0132491,-0.2512,0.000152984,-0.212624,2.17468,-0.735834,-0.0571458,0.125588,-0.00198906,0.125711,-0.0572689,-0.423966,0.223755,2.23527,12.2251,9.98979
813,-0.0101968,-0.262349,0.000151902,-0.212818,2.17588,-0.73558,-0.0573332,0.125969,-0.00209377,0.126104,-0.0574686,-0.413796,0.224405,2.24176,12.2316,9.98979
814,-0.0101968,-0.262349,0.000151902,-0.212218,2.17732,-0.741215,-0.0574903,0.126381,-0.00209626,0.126515,-0.0576245,-0.409927,0.225142,2.24913,12.2389,9.98979
815,-0.0122344,-0.251466,0.000149185,-0.214918,2.18504,-0.739574,-0.0574914,0.126483,-0.00202444,0.126615,-0.0576237,-0.399908,0.225771,2.2554,12.2452,9.98979
816,-0.0132491,-0.2512,0.000152984,-0.214913,2.18429,-0.737755,-0.0576545,0.127075,-0.00210234,0.127203,-0.0577818,-0.411186,0.226469,2.26238,12.2522,9.98979
817,-0.0122344,-0.251466,0.000149185,-0.214616,2.18835,-0.734856,-0.0576916,0.127298,-0.00206686,0.127433,-0.057826,-0.412004,0.227169,2.26937,12.2592,9.98979
818,-0.0131156,-0.25091,0.00015746,-0.214559,2.19097,-0.733076,-0.0578784,0.127672,-0.00210421,0.1278,-0.0580067,-0.418013,0.227861,2.27628,12.2661,9.98979
819,-0.0132491,-0.2512,0.000152984,-0.215428,2.19753,-0.731286,-0.0579933,0.128134,-0.00214915,0.128265,-0.0581244,-0.415132,0.228562,2.28329,12.2731,9.98979
820,-0.0101968,-0.262349,0.000151902,-0.214631,2.19618,-0.734906,-0.0581662,0.128498,-0.00214429,0.128636,-0.0583038,-0.404691,0.229221,2.28987,12.2797,9.98979
821,-0.0132491,-0.2512,0.000152984,-0.215287,2.20329,-0.735062,-0.0582927,0.128893,-0.0021267,0.12902,-0.05842,-0.416525,0.22995,2.29716,12.2869,9.98979
822,-0.0113644,-0.251735,0.000145813,-0.215625,2.20078,-0.733864,-0.0582547,0.128953,-0.00211045,0.129081,-0.0583833,-0.418012,0.230628,2.30392,12.2937,9.98979
823,-0.0121,-0.262983,0.000156256,-0.213651,2.20654,-0.736703,-0.0583921,0.129276,-0.00219237,0.129412,-0.0585282,-0.408039,0.231341,2.31105,12.3008,9.98979
824,-0.0157418,-0.251546,0.000148149,-0.214928,2.21044,-0.734941,-0.0584924,0.129747,-0.00212058,0.129876,-0.0586214,-0.409549,0.232003,2.31767,12.3075,9.98979
825,-0.0141833,-0.250794,0.000167224,-0.2136,2.21449,-0.734982,-0.0584541,0.129542,-0.00206611,0.129668,-0.0585806,-0.400751,0.232725,2.32488,12.3147,9.98979
826,-0.0158886,-0.252125,0.000159965,-0.214259,2.21595,-0.740592,-0.0586256,0.130219,-0.00215925,0.130351,-0.0587581,-0.396315,0.233436,2.33198,12.3218,9.98979
827,-0.0143011,-0.251515,0.000163009,-0.213898,2.21921,-0.736996,-0.0587257,0.130506,-0.00215569,0.130638,-0.0588582,-0.39565,0.234146,2.33907,12.3289,9.98979
828,-0.01387,-0.252372,0.000161627,-0.215429,2.22104,-0.73994,-0.058745,0.13056,-0.00215605,0.130697,-0.0588815,-0.404694,0.234832,2.34593,12.3357,9.98979
829,-0.0118909,-0.262765,0.000174465,-0.215469,2.22424,-0.742057,-0.0584807,0.130137,-0.00226165,0.130277,-0.0586212,-0.392947,0.23555,2.3531,12.3429,9.98979
830,-0.0117411,-0.251758,0.000169233,-0.217301,2.23015,-0.73744,-0.0584933,0.130138,-0.00215102,0.13027,-0.0586254,-0.404216,0.236256,2.36015,12.3499,9.98979
831,-0.0176998,-0.254198,0.000184611,-0.214307,2.2289,-0.743383,-0.0586811,0.130855,-0.00204566,0.130981,-0.0588077,-0.388285,0.236981,2.36739,12.3572,9.98979
832,-0.0160724,-0.252423,0.000158415,-0.215343,2.23554,-0.744635,-0.059072,0.131856,-0.00215736,0.13199,-0.0592063,-0.393464,0.237659,2.37416,12.364,9.98979
833,-0.0128845,-0.267009,0.000194602,-0.213924,2.23361,-0.741393,-0.0587757,0.131079,-0.00222043,0.131219,-0.0589161,-0.415417,0.238363,2.38119,12.371,9.98979
834,-0.0162358,-0.251723,0.000204325,-0.213432,2.24141,-0.738787,-0.0583227,0.130243,-0.00203597,0.130376,-0.0584551,-0.392742,0.239071,2.38827,12.3781,9.98979
835,-0.0139031,-0.253827,0.000182743,-0.215198,2.24218,-0.745585,-0.0590077,0.132009,-0.00198992,0.132148,-0.0591464,-0.3916,0.239829,2.39584,12.3856,9.98979
836,-0.0105681,-0.263466,0.000169769,-0.218449,2.24558,-0.746673,-0.0591575,0.132367,-0.0020844,0.132506,-0.0592968,-0.380459,0.240403,2.40158,12.3914,9.98979
837,-0.0195253,-0.257458,0.000189072,-0.213978,2.24839,-0.741263,-0.0587586,0.131521,-0.00212299,0.131654,-0.0588917,-0.397158,0.241213,2.40967,12.3995,9.98979
838,-0.0159921,-0.269604,0.000176122,-0.211334,2.25311,-0.731923,-0.0590155,0.131877,-0.00223177,0.132018,-0.0591572,-0.392737,0.241938,2.41691,12.4067,9.98979
839,-0.0171827,-0.270528,0.000176578,-0.212677,2.25378,-0.741411,-0.0589298,0.131837,-0.00225331,0.131979,-0.059072,-0.413646,0.242669,2.42421,12.414,9.98979
840,-0.00573907,-0.265334,0.000180398,-0.215063,2.26074,-0.737206,-0.0591338,0.132552,-0.00212825,0.132691,-0.0592729,-0.385143,0.243419,2.43171,12.4215,9.98979
841,-0.0122228,-0.266644,0.000184585,-0.213137,2.25731,-0.740355,-0.0590089,0.132278,-0.00221434,0.132422,-0.0591537,-0.394925,0.244091,2.43842,12.4282,9.98979
842,-0.0136567,-0.253837,0.00017094,-0.215732,2.26682,-0.737175,-0.0594187,0.13379,-0.00219615,0.133919,-0.059548,-0.390916,0.244805,2.44555,12.4353,9.98979
843,-0.014372,-0.260125,0.000181638,-0.214663,2.26686,-0.74042,-0.0591676,0.132971,-0.00223812,0.133105,-0.0593016,-0.385533,0.245544,2.45293,12.4427,9.98979
844,-0.0146076,-0.259157,0.000218452,-0.215405,2.27014,-0.734266,-0.0587195,0.131945,-0.00223348,0.132078,-0.0588526,-0.397745,0.246307,2.46056,12.4504,9.98979
845,-0.0146938,-0.257512,0.00016761,-0.215693,2.27352,-0.733046,-0.0595193,0.133978,-0.00213492,0.134109,-0.0596506,-0.398028,0.24703,2.46778,12.4576,9.98979
846,-0.0188244,-0.270584,0.000235209,-0.213502,2.27651,-0.740985,-0.058807,0.132164,-0.00219225,0.132312,-0.0589551,-0.388916,0.247755,2.47502,12.4648,9.98979
847,-0.0138534,-0.257371,0.000205705,-0.215148,2.27907,-0.742573,-0.0592952,0.133651,-0.00202024,0.133778,-0.0594222,-0.375422,0.248528,2.48275,12.4725,9.98979
848,-0.0153402,-0.266731,0.00023178,-0.212691,2.28366,-0.741757,-0.0596543,0.134692,-0.00211079,0.134831,-0.059794,-0.380736,0.249257,2.49003,12.4798,9.98979
849,-0.0142745,-0.264147,0.000189159,-0.215858,2.28331,-0.73763,-0.0588267,0.132685,-0.00221297,0.132826,-0.0589669,-0.398013,0.249988,2.49732,12.4871,9.98979
850,-0.0105259,-0.270466,0.000246318,-0.21472,2.28823,-0.740729,-0.0585511,0.131926,-0.00230532,0.132074,-0.0586988,-0.384189,0.250724,2.50468,12.4945,9.98979
851,-0.0134979,-0.276715,0.000185877,-0.21227,2.28577,-0.739936,-0.0595137,0.134566,-0.00229711,0.134708,-0.0596551,-0.394588,0.251488,2.51232,12.5021,9.98979
852,-0.0135552,-0.26031,0.000185799,-0.215263,2.29296,-0.739056,-0.0591951,0.134349,-0.00234108,0.134488,-0.0593342,-0.394795,0.252218,2.5196,12.5094,9.98979
853,-0.0160352,-0.269976,0.000236046,-0.214807,2.2971,-0.739311,-0.0590335,0.133584,-0.00217882,0.133728,-0.0591771,-0.372343,0.252959,2.52701,12.5168,9.98979
854,-0.0101577,-0.271675,0.000190652,-0.216783,2.29805,-0.741161,-0.0596263,0.135084,-0.00230484,0.135229,-0.0597717,-0.385768,0.253753,2.53494,12.5247,9.98979
855,-0.0174317,-0.26529,0.000228392,-0.214182,2.29982,-0.739487,-0.0589115,0.133562,-0.00236711,0.133702,-0.0590513,-0.385285,0.254533,2.54273,12.5325,9.98979
856,-0.00872277,-0.267839,0.000201609,-0.217246,2.30761,-0.741197,-0.0597866,0.135932,-0.00225896,0.136084,-0.0599384,-0.374345,0.25528,2.55019,12.54,9.98979
857,-0.0168653,-0.268281,0.000188415,-0.215609,2.30937,-0.742232,-0.058722,0.133865,-0.00222372,0.134001,-0.0588582,-0.383856,0.256025,2.55763,12.5474,9.98979
858,-0.0140214,-0.262852,0.000195888,-0.216441,2.30939,-0.740629,-0.0592563,0.134946,-0.00236055,0.135086,-0.0593969,-0.388042,0.256816,2.56554,12.5553,9.98979
859,-0.0107767,-0.275212,0.000223444,-0.216865,2.31781,-0.743198,-0.0591694,0.134738,-0.00245207,0.134887,-0.059318,-0.377134,0.25764,2.57377,12.5636,9.98979
860,-0.0136965,-0.264595,0.000235337,-0.217718,2.31887,-0.739096,-0.0583289,0.132368,-0.00221635,0.132513,-0.0584744,-0.368675,0.258414,2.5815,12.5713,9.98979
861,-0.0195237,-0.266196,0.000233914,-0.214076,2.32107,-0.736253,-0.058345,0.132205,-0.00229998,0.132347,-0.0584876,-0.3838,0.259369,2.59104,12.5808,9.98979
862,0.00145095,-0.0107848,4.91E-05,-1.12082,2.48665,-1.65187,-0.049283,0.107726,-0.00147916,0.107902,-0.0494589,-0.354476,0,,,
863,-0.00349317,-0.0159411,9.63E-05,-0.688544,2.47788,-1.02329,-0.0484444,0.106214,-0.00150441,0.106412,-0.0486429,-0.508434,0,,,
864,0.00168469,-0.0164792,6.69E-05,-1.14974,2.48019,-1.89864,-0.0488993,0.106867,-0.00157167,0.107058,-0.0490911,-0.489434,0,,,
865,-0.00667577,-0.0168622,5.84E-05,-0.830455,2.47537,-1.1442,-0.0488735,0.107085,-0.00168267,0.107281,-0.0490701,-0.502833,0,,,
866,0.00703882,-0.00578311,3.09E-05,-0.885359,2.47743,-1.64409,-0.0486241,0.106537,-0.00165431,0.106738,-0.0488249,-0.447148,0,,,
867,-0.00220715,-0.00968828,5.12E-05,-1.1096,2.48117,-1.51402,-0.0490888,0.107634,-0.00155655,0.107838,-0.0492928,-0.464434,0,,,
868,-0.00887547,-0.010735,7.59E-05,-0.701718,2.47907,-1.27526,-0.0491445,0.107457,-0.00164869,0.10765,-0.0493381,-0.494584,0,,,
869,-0.00454661,-0.0160169,6.54E-05,-1.13271,2.47751,-1.78547,-0.0489218,0.107002,-0.0015512,0.107193,-0.0491134,-0.467615,0,,,
870,-0.0104059,-0.0127832,6.67E-05,-0.835137,2.47467,-1.15317,-0.0485078,0.106721,-0.00199773,0.106917,-0.0487034,-0.483626,0,,,
871,0.000351524,-0.0193115,3.60E-05,-0.888532,2.47087,-1.74237,-0.0489785,0.107578,-0.00160851,0.107773,-0.0491731,-0.453438,0,,,