Count,Filename_0_0,Filename_0_1,Time_0_0,Time_0_1,cDAQ1Mod1/ai0,cDAQ1Mod1/ai1,cDAQ1Mod1/ai2,cDAQ1Mod1/ai3,Load,,,
0,C:/Users/VicUser/Documents/RobC/20260801/FL15\FL15-00000000_0.tif,C:/Users/VicUser/Documents/RobC/20260801/FL15\FL15-00000000_1.tif,22.567395,22.567781,-0.001508,-10.383721,-10.430638,-10.389762,0.009366,0.000000,0.000000,0.000000
1,C:/Users/VicUser/Documents/RobC/20260801/FL15\FL15-00000001_0.tif,C:/Users/VicUser/Documents/RobC/20260801/FL15\FL15-00000001_1.tif,23.067439,23.067812,-0.000870,-10.383721,-10.430638,-10.389762,0.011240,0.000000,0.000000,0.000000
2,C:/Users/VicUser/Documents/RobC/20260801/FL15\FL15-00000002_0.tif,C:/Users/VicUser/Documents/RobC/20260801/FL15\FL15-00000002_1.tif,23.567452,23.567829,-0.000870,-10.383721,-10.430638,-10.389762,0.011240,0.000000,0.000000,0.000000
3,C:/Users/VicUser/Documents/RobC/20260801/FL15\FL15-00000003_0.tif,C:/Users/VicUser/Documents/RobC/20260801/FL15\FL15-00000003_1.tif,24.067452,24.067851,-0.000870,-10.383721,-10.430638,-10.389762,0.011240,0.000000,0.000000,0.000000
4,C:/Users/VicUser/Documents/RobC/20260801/FL15\FL15-00000004_0.tif,C:/Users/VicUser/Documents/RobC/20260801/FL15\FL15-00000004_1.tif,24.567409,24.567864,-0.001827,-10.383721,-10.430638,-10.389762,0.008430,0.000000,0.000000,0.000000
5,C:/Users/VicUser/Documents/RobC/20260801/FL15\FL15-00000005_0.tif,C:/Users/VicUser/Documents/RobC/20260801/FL15\FL15-00000005_1.tif,25.067400,25.068109,-0.001827,-10.383721,-10.430638,-10.389762,0.008430,0.000000,0.000000,0.000000
6,C:/Users/VicUser/Documents/RobC/20260801/FL15\FL15-00000006_0.tif,C:/Users/VicUser/Documents/RobC/20260801/FL15\FL15-00000006_1.tif,25.567474,25.567826,-0.000233,-10.383721,-10.430638,-10.389762,0.013113,0.000000,0.000000,0.000000
7,C:/Users/VicUser/Documents/RobC/20260801/FL15\FL15-00000007_0.tif,C:/Users/VicUser/Documents/RobC/20260801/FL15\FL15-00000007_1.tif,26.067358,26.067985,-0.000233,-10.383721,-10.430638,-10.389762,0.013113,0.000000,0.000000,0.000000
8,C:/Users/VicUser/Documents/RobC/20260801/FL15\FL15-00000008_0.tif,C:/Users/VicUser/Documents/RobC/20260801/FL15\FL15-00000008_1.tif,26.567405,26.567921,-0.000551,-10.383721,-10.430638,-10.389762,0.012176,0.000000,0.000000,0.000000
9,C:/Users/VicUser/Documents/RobC/20260801/FL15\FL15-00000009_0.tif,C:/Users/VicUser/Documents/RobC/20260801/FL15\FL15-00000009_1.tif,27.067402,27.067823,-0.000551,-10.383721,-10.430638,-10.389762,0.012176,0.000000,0.000000,0.000000
10,C:/Users/VicUser/Documents/RobC/20260801/FL15\FL15-00000010_0.tif,C:/Users/VicUser/Documents/RobC/20260801/FL15\FL15-00000010_1.tif,27.567451,27.568035,-0.000870,-10.383721,-10.430638,-10.389762,0.011240,0.000000,0.000000,0.000000
11,C:/Users/VicUser/Documents/RobC/20260801/FL15\FL15-00000011_0.tif,C:/Users/VicUser/Documents/RobC/20260801/FL15\FL15-00000011_1.tif,28.067395,28.067925,-0.001189,-10.383721,-10.430638,-10.389762,0.010303,0.000000,0.000000,0.000000
12,C:/Users/VicUser/Documents/RobC/20260801/FL15\FL15-00000012_0.tif,C:/Users/VicUser/Documents/RobC/20260801/FL15\FL15-00000012_1.tif,28.567435,28.567844,-0.001189,-10.383721,-10.430638,-10.389762,0.010303,0.000000,0.000000,0.000000
13,C:/Users/VicUser/Documents/RobC/20260801/FL15\FL15-00000013_0.tif,C:/Users/VicUser/Documents/RobC/20260801/FL15\FL15-00000013_1.tif,29.067348,29.067617,-0.001189,-10.383721,-10.430638,-10.389762,0.010303,0.000000,0.000000,0.000000
14,C:/Users/VicUser/Documents/RobC/20260801/FL15\FL15-00000014_0.tif,C:/Users/VicUser/Documents/RobC/20260801/FL15\FL15-00000014_1.tif,29.567459,29.567887,-0.000870,-10.383721,-10.430638,-10.389762,0.011240,0.000000,0.000000,0.000000
15,C:/Users/VicUser/Documents/RobC/20260801/FL15\FL15-00000015_0.tif,C:/Users/VicUser/Documents/RobC/20260801/FL15\FL15-00000015_1.tif,30.067416,30.067927,-0.001508,-10.383721,-10.430638,-10.389762,0.009366,0.000000,0.000000,0.000000
16,C:/Users/VicUser/Documents/RobC/20260801/FL15\FL15-00000016_0.tif,C:/Users/VicUser/Documents/RobC/20260801/FL15\FL15-00000016_1.tif,30.567435,30.567846,-0.002464,-10.383721,-10.430638,-10.389762,0.006557,0.000000,0.000000,0.000000
17,C:/Users/VicUser/Documents/RobC/20260801/FL15\FL15-00000017_0.tif,C:/Users/VicUser/Documents/RobC/20260801/FL15\FL15-00000017_1.tif,31.067397,31.067735,-0.002464,-10.383721,-10.430638,-10.389762,0.006557,0.000000,0.000000,0.000000
18,C:/Users/VicUser/Documents/RobC/20260801/FL15\FL15-00000018_0.tif,C:/Users/VicUser/Documents/RobC/20260801/FL15\FL15-00000018_1.tif,31.567373,31.567930,-0.000870,-10.383721,-10.430638,-10.389762,0.011240,0.000000,0.000000,0.000000
19,C:/Users/VicUser/Documents/RobC/20260801/FL15\FL15-00000019_0.tif,C:/Users/VicUser/Documents/RobC/20260801/FL15\FL15-00000019_1.tif,32.067395,32.068028,-0.000870,-10.383721,-10.430638,-10.389762,0.011240,0.000000,0.000000,0.000000
20,C:/Users/VicUser/Documents/RobC/20260801/FL15\FL15-00000020_0.tif,C:/Users/VicUser/Documents/RobC/20260801/FL15\FL15-00000020_1.tif,32.567439,32.567885,-0.000870,-10.383721,-10.430638,-10.389762,0.011240,0.000000,0.000000,0.000000
21,C:/Users/VicUser/Documents/RobC/20260801/FL15\FL15-00000021_0.tif,C:/Users/VicUser/Documents/RobC/20260801/FL15\FL15-00000021_1.tif,33.067436,33.067986,-0.000870,-10.383721,-10.430638,-10.389762,0.011240,0.000000,0.000000,0.000000
22,C:/Users/VicUser/Documents/RobC/20260801/FL15\FL15-00000022_0.tif,C:/Users/VicUser/Documents/RobC/20260801/FL15\FL15-00000022_1.tif,33.567464,33.567991,-0.001189,-10.383721,-10.430638,-10.389762,0.010303,0.000000,0.000000,0.000000
23,C:/Users/VicUser/Documents/RobC/20260801/FL15\FL15-00000023_0.tif,C:/Users/VicUser/Documents/RobC/20260801/FL15\FL15-00000023_1.tif,34.067484,34.067815,-0.000551,-10.383721,-10.430638,-10.389762,0.012176,0.000000,0.000000,0.000000
24,C:/Users/VicUser/Documents/RobC/20260801/FL15\FL15-00000024_0.tif,C:/Users/VicUser/Documents/RobC/20260801/FL15\FL15-00000024_1.tif,34.567386,34.567977,-0.000870,-10.383721,-10.430638,-10.389762,0.011240,0.000000,0.000000,0.000000
25,C:/Users/VicUser/Documents/RobC/20260801/FL15\FL15-00000025_0.tif,C:/Users/VicUser/Documents/RobC/20260801/FL15\FL15-00000025_1.tif,35.067384,35.067759,-0.000551,-10.383721,-10.430638,-10.389762,0.012176,0.000000,0.000000,0.000000
26,C:/Users/VicUser/Documents/RobC/20260801/FL15\FL15-00000026_0.tif,C:/Users/VicUser/Documents/RobC/20260801/FL15\FL15-00000026_1.tif,35.567499,35.567828,-0.000233,-10.383721,-10.430638,-10.389762,0.013113,0.000000,0.000000,0.000000
27,C:/Users/VicUser/Documents/RobC/20260801/FL15\FL15-00000027_0.tif,C:/Users/VicUser/Documents/RobC/20260801/FL15\FL15-00000027_1.tif,36.067396,36.067783,-0.000233,-10.383721,-10.430638,-10.389762,0.013113,0.000000,0.000000,0.000000
28,C:/Users/VicUser/Documents/RobC/20260801/FL15\FL15-00000028_0.tif,C:/Users/VicUser/Documents/RobC/20260801/FL15\FL15-00000028_1.tif,36.567577,36.567886,0.000086,-10.383721,-10.430638,-10.389762,0.014050,0.000000,0.000000,0.000000
29,C:/Users/VicUser/Documents/RobC/20260801/FL15\FL15-00000029_0.tif,C:/Users/VicUser/Documents/RobC/20260801/FL15\FL15-00000029_1.tif,37.067433,37.067939,-0.000233,-10.383721,-10.430638,-10.389762,0.013113,0.000000,0.000000,0.000000
30,C:/Users/VicUser/Documents/RobC/20260801/FL15\FL15-00000030_0.tif,C:/Users/VicUser/Documents/RobC/20260801/FL15\FL15-00000030_1.tif,37.567469,37.568217,-0.000233,-10.383721,-10.430638,-10.389762,0.013113,0.000000,0.000000,0.000000
31,C:/Users/VicUser/Documents/RobC/20260801/FL15\FL15-00000031_0.tif,C:/Users/VicUser/Documents/RobC/20260801/FL15\FL15-00000031_1.tif,38.067526,38.067931,0.000086,-10.383721,-10.430638,-10.389762,0.014050,0.000000,0.000000,0.000000
32,C:/Users/VicUser/Documents/RobC/20260801/FL15\FL15-00000032_0.tif,C:/Users/VicUser/Documents/RobC/20260801/FL15\FL15-00000032_1.tif,38.567480,38.567837,0.000405,-10.383721,-10.430638,-10.389762,0.014986,0.000000,0.000000,0.000000
33,C:/Users/VicUser/Documents/RobC/20260801/FL15\FL15-00000033_0.tif,C:/Users/VicUser/Documents/RobC/20260801/FL15\FL15-00000033_1.tif,39.067392,39.067881,-0.001189,-10.383721,-10.430638,-10.389762,0.010303,0.000000,0.000000,0.000000
34,C:/Users/VicUser/Documents/RobC/20260801/FL15\FL15-00000034_0.tif,C:/Users/VicUser/Documents/RobC/20260801/FL15\FL15-00000034_1.tif,39.567445,39.567700,-0.000551,-10.383721,-10.430638,-10.389762,0.012176,0.000000,0.000000,0.000000
35,C:/Users/VicUser/Documents/RobC/20260801/FL15\FL15-00000035_0.tif,C:/Users/VicUser/Documents/RobC/20260801/FL15\FL15-00000035_1.tif,40.067465,40.067838,0.000405,-10.383721,-10.430638,-10.389762,0.014986,0.000000,0.000000,0.000000
36,C:/Users/VicUser/Documents/RobC/20260801/FL15\FL15-00000036_0.tif,C:/Users/VicUser/Documents/RobC/20260801/FL15\FL15-00000036_1.tif,40.567411,40.567984,0.000086,-10.383721,-10.430638,-10.389762,0.014050,0.000000,0.000000,0.000000
37,C:/Users/VicUser/Documents/RobC/20260801/FL15\FL15-00000037_0.tif,C:/Users/VicUser/Documents/RobC/20260801/FL15\FL15-00000037_1.tif,41.067388,41.067787,0.000086,-10.383721,-10.430638,-10.389762,0.014050,0.000000,0.000000,0.000000
38,C:/Users/VicUser/Documents/RobC/20260801/FL15\FL15-00000038_0.tif,C:/Users/VicUser/Documents/RobC/20260801/FL15\FL15-00000038_1.tif,41.567476,41.567857,0.000405,-10.383721,-10.430638,-10.389762,0.014986,0.000000,0.000000,0.000000
39,C:/Users/VicUser/Documents/RobC/20260801/FL15\FL15-00000039_0.tif,C:/Users/VicUser/Documents/RobC/20260801/FL15\FL15-00000039_1.tif,42.067399,42.067771,-0.000233,-10.383721,-10.430638,-10.389762,0.013113,0.000000,0.000000,0.000000
40,C:/Users/VicUser/Documents/RobC/20260801/FL15\FL15-00000040_0.tif,C:/Users/VicUser/Documents/RobC/20260801/FL15\FL15-00000040_1.tif,42.567421,42.567805,-0.000233,-10.383721,-10.430638,-10.389762,0.013113,0.000000,0.000000,0.000000
41,C:/Users/VicUser/Documents/RobC/20260801/FL15\FL15-00000041_0.tif,C:/Users/VicUser/Documents/RobC/20260801/FL15\FL15-00000041_1.tif,43.067319,43.067930,-0.000551,-10.383721,-10.430638,-10.389762,0.012176,0.000000,0.000000,0.000000
42,C:/Users/VicUser/Documents/RobC/20260801/FL15\FL15-00000042_0.tif,C:/Users/VicUser/Documents/RobC/20260801/FL15\FL15-00000042_1.tif,43.567368,43.567779,0.001999,-10.383721,-10.430638,-10.389762,0.019670,0.000000,0.000000,0.000000
43,C:/Users/VicUser/Documents/RobC/20260801/FL15\FL15-00000043_0.tif,C:/Users/VicUser/Documents/RobC/20260801/FL15\FL15-00000043_1.tif,44.067412,44.067841,-0.001508,-10.383721,-10.430638,-10.389762,0.009366,0.000000,0.000000,0.000000
44,C:/Users/VicUser/Documents/RobC/20260801/FL15\FL15-00000044_0.tif,C:/Users/VicUser/Documents/RobC/20260801/FL15\FL15-00000044_1.tif,44.567517,44.567855,-0.000870,-10.383721,-10.430638,-10.389762,0.011240,0.000000,0.000000,0.000000
45,C:/Users/VicUser/Documents/RobC/20260801/FL15\FL15-00000045_0.tif,C:/Users/VicUser/Documents/RobC/20260801/FL15\FL15-00000045_1.tif,45.067357,45.068043,0.001680,-10.383721,-10.430638,-10.389762,0.018733,0.000000,0.000000,0.000000
46,C:/Users/VicUser/Documents/RobC/20260801/FL15\FL15-00000046_0.tif,C:/Users/VicUser/Documents/RobC/20260801/FL15\FL15-00000046_1.tif,45.567529,45.567855,0.000405,-10.383721,-10.430638,-10.389762,0.014986,0.000000,0.000000,0.000000
47,C:/Users/VicUser/Documents/RobC/20260801/FL15\FL15-00000047_0.tif,C:/Users/VicUser/Documents/RobC/20260801/FL15\FL15-00000047_1.tif,46.067394,46.068016,0.000086,-10.383721,-10.430638,-10.389762,0.014050,0.000000,0.000000,0.000000
48,C:/Users/VicUser/Documents/RobC/20260801/FL15\FL15-00000048_0.tif,C:/Users/VicUser/Documents/RobC/20260801/FL15\FL15-00000048_1.tif,46.567411,46.568017,0.001680,-10.383721,-10.430638,-10.389762,0.018733,0.000000,0.000000,0.000000
49,C:/Users/VicUser/Documents/RobC/20260801/FL15\FL15-00000049_0.tif,C:/Users/VicUser/Documents/RobC/20260801/FL15\FL15-00000049_1.tif,47.067436,47.067835,0.002955,-10.383721,-10.430638,-10.389762,0.022480,0.000000,0.000000,0.000000
50,C:/Users/VicUser/Documents/RobC/20260801/FL15\FL15-00000050_0.tif,C:/Users/VicUser/Documents/RobC/20260801/FL15\FL15-00000050_1.tif,47.567413,47.567827,0.005187,-10.383721,-10.430638,-10.389762,0.029036,0.000000,0.000000,0.000000
51,C:/Users/VicUser/Documents/RobC/20260801/FL15\FL15-00000051_0.tif,C:/Users/VicUser/Documents/RobC/20260801/FL15\FL15-00000051_1.tif,48.067470,48.068059,0.013795,-10.383721,-10.430638,-10.389762,0.054326,0.000000,0.000000,0.000000
52,C:/Users/VicUser/Documents/RobC/20260801/FL15\FL15-00000052_0.tif,C:/Users/VicUser/Documents/RobC/20260801/FL15\FL15-00000052_1.tif,48.567351,48.567768,0.021127,-10.383721,-10.430638,-10.389762,0.075869,0.000000,0.000000,0.000000
53,C:/Users/VicUser/Documents/RobC/20260801/FL15\FL15-00000053_0.tif,C:/Users/VicUser/Documents/RobC/20260801/FL15\FL15-00000053_1.tif,49.067399,49.067993,0.030692,-10.383721,-10.430638,-10.389762,0.103968,0.000000,0.000000,0.000000
54,C:/Users/VicUser/Documents/RobC/20260801/FL15\FL15-00000054_0.tif,C:/Users/VicUser/Documents/RobC/20260801/FL15\FL15-00000054_1.tif,49.567389,49.567855,0.041212,-10.383721,-10.430638,-10.389762,0.134878,0.000000,0.000000,0.000000
55,C:/Users/VicUser/Documents/RobC/20260801/FL15\FL15-00000055_0.tif,C:/Users/VicUser/Documents/RobC/20260801/FL15\FL15-00000055_1.tif,50.067364,50.068000,0.052689,-10.383721,-10.430638,-10.389762,0.168597,0.000000,0.000000,0.000000
56,C:/Users/VicUser/Documents/RobC/20260801/FL15\FL15-00000056_0.tif,C:/Users/VicUser/Documents/RobC/20260801/FL15\FL15-00000056_1.tif,50.567402,50.567776,0.062253,-10.383721,-10.430638,-10.389762,0.196697,0.000000,0.000000,0.000000
57,C:/Users/VicUser/Documents/RobC/20260801/FL15\FL15-00000057_0.tif,C:/Users/VicUser/Documents/RobC/20260801/FL15\FL15-00000057_1.tif,51.067421,51.067881,0.073093,-10.383721,-10.430638,-10.389762,0.228543,0.000000,0.000000,0.000000
58,C:/Users/VicUser/Documents/RobC/20260801/FL15\FL15-00000058_0.tif,C:/Users/VicUser/Documents/RobC/20260801/FL15\FL15-00000058_1.tif,51.567369,51.567834,0.084570,-10.383721,-10.430638,-10.389762,0.262263,0.000000,0.000000,0.000000
59,C:/Users/VicUser/Documents/RobC/20260801/FL15\FL15-00000059_0.tif,C:/Users/VicUser/Documents/RobC/20260801/FL15\FL15-00000059_1.tif,52.067427,52.067784,0.092859,-10.383721,-10.430638,-10.389762,0.286615,0.000000,0.000000,0.000000
60,C:/Users/VicUser/Documents/RobC/20260801/FL15\FL15-00000060_0.tif,C:/Users/VicUser/Documents/RobC/20260801/FL15\FL15-00000060_1.tif,52.567412,52.567888,0.097003,-10.383721,-10.430638,-10.389762,0.298792,0.000000,0.000000,0.000000
61,C:/Users/VicUser/Documents/RobC/20260801/FL15\FL15-00000061_0.tif,C:/Users/VicUser/Documents/RobC/20260801/FL15\FL15-00000061_1.tif,53.067372,53.067766,0.104017,-10.383721,-10.430638,-10.389762,0.319398,0.000000,0.000000,0.000000
62,C:/Users/VicUser/Documents/RobC/20260801/FL15\FL15-00000062_0.tif,C:/Users/VicUser/Documents/RobC/20260801/FL15\FL15-00000062_1.tif,53.567357,53.567751,0.109437,-10.383721,-10.430638,-10.389762,0.335321,0.000000,0.000000,0.000000
63,C:/Users/VicUser/Documents/RobC/20260801/FL15\FL15-00000063_0.tif,C:/Users/VicUser/Documents/RobC/20260801/FL15\FL15-00000063_1.tif,54.067460,54.067921,0.112306,-10.383721,-10.430638,-10.389762,0.343751,0.000000,0.000000,0.000000
64,C:/Users/VicUser/Documents/RobC/20260801/FL15\FL15-00000064_0.tif,C:/Users/VicUser/Documents/RobC/20260801/FL15\FL15-00000064_1.tif,54.567449,54.568000,0.116769,-10.383721,-10.430638,-10.389762,0.356864,0.000000,0.000000,0.000000
65,C:/Users/VicUser/Documents/RobC/20260801/FL15\FL15-00000065_0.tif,C:/Users/VicUser/Documents/RobC/20260801/FL15\FL15-00000065_1.tif,55.067418,55.067836,0.120914,-10.383721,-10.430638,-10.389762,0.369041,0.000000,0.000000,0.000000
66,C:/Users/VicUser/Documents/RobC/20260801/FL15\FL15-00000066_0.tif,C:/Users/VicUser/Documents/RobC/20260801/FL15\FL15-00000066_1.tif,55.567394,55.567824,0.124102,-10.383721,-10.430638,-10.389762,0.378407,0.000000,0.000000,0.000000
67,C:/Users/VicUser/Documents/RobC/20260801/FL15\FL15-00000067_0.tif,C:/Users/VicUser/Documents/RobC/20260801/FL15\FL15-00000067_1.tif,56.067419,56.067969,0.130478,-10.383721,-10.430638,-10.389762,0.397140,0.000000,0.000000,0.000000
68,C:/Users/VicUser/Documents/RobC/20260801/FL15\FL15-00000068_0.tif,C:/Users/VicUser/Documents/RobC/20260801/FL15\FL15-00000068_1.tif,56.567445,56.567881,0.134303,-10.383721,-10.430638,-10.389762,0.408380,0.000000,0.000000,0.000000
69,C:/Users/VicUser/Documents/RobC/20260801/FL15\FL15-00000069_0.tif,C:/Users/VicUser/Documents/RobC/20260801/FL15\FL15-00000069_1.tif,57.067463,57.068004,0.138767,-10.383721,-10.430638,-10.389762,0.421493,0.000000,0.000000,0.000000
70,C:/Users/VicUser/Documents/RobC/20260801/FL15\FL15-00000070_0.tif,C:/Users/VicUser/Documents/RobC/20260801/FL15\FL15-00000070_1.tif,57.567452,57.567888,0.144186,-10.383721,-10.430638,-10.389762,0.437416,0.000000,0.000000,0.000000
71,C:/Users/VicUser/Documents/RobC/20260801/FL15\FL15-00000071_0.tif,C:/Users/VicUser/Documents/RobC/20260801/FL15\FL15-00000071_1.tif,58.067415,58.067780,0.148650,-10.383721,-10.430638,-10.389762,0.450530,0.000000,0.000000,0.000000
72,C:/Users/VicUser/Documents/RobC/20260801/FL15\FL15-00000072_0.tif,C:/Users/VicUser/Documents/RobC/20260801/FL15\FL15-00000072_1.tif,58.567414,58.567950,0.152157,-10.383721,-10.430638,-10.389762,0.460833,0.000000,0.000000,0.000000
73,C:/Users/VicUser/Documents/RobC/20260801/FL15\FL15-00000073_0.tif,C:/Users/VicUser/Documents/RobC/20260801/FL15\FL15-00000073_1.tif,59.067335,59.067754,0.157576,-10.383721,-10.430638,-10.389762,0.476756,0.000000,0.000000,0.000000
74,C:/Users/VicUser/Documents/RobC/20260801/FL15\FL15-00000074_0.tif,C:/Users/VicUser/Documents/RobC/20260801/FL15\FL15-00000074_1.tif,59.567393,59.567898,0.163315,-10.383721,-10.430638,-10.389762,0.493616,0.000000,0.000000,0.000000
75,C:/Users/VicUser/Documents/RobC/20260801/FL15\FL15-00000075_0.tif,C:/Users/VicUser/Documents/RobC/20260801/FL15\FL15-00000075_1.tif,60.067492,60.067912,0.169372,-10.383721,-10.430638,-10.389762,0.511412,0.000000,0.000000,0.000000
76,C:/Users/VicUser/Documents/RobC/20260801/FL15\FL15-00000076_0.tif,C:/Users/VicUser/Documents/RobC/20260801/FL15\FL15-00000076_1.tif,60.567465,60.567848,0.175111,-10.383721,-10.430638,-10.389762,0.528272,0.000000,0.000000,0.000000
77,C:/Users/VicUser/Documents/RobC/20260801/FL15\FL15-00000077_0.tif,C:/Users/VicUser/Documents/RobC/20260801/FL15\FL15-00000077_1.tif,61.067353,61.067750,0.178936,-10.383721,-10.430638,-10.389762,0.539512,0.000000,0.000000,0.000000
78,C:/Users/VicUser/Documents/RobC/20260801/FL15\FL15-00000078_0.tif,C:/Users/VicUser/Documents/RobC/20260801/FL15\FL15-00000078_1.tif,61.567430,61.567850,0.183718,-10.383721,-10.430638,-10.389762,0.553561,0.000000,0.000000,0.000000
79,C:/Users/VicUser/Documents/RobC/20260801/FL15\FL15-00000079_0.tif,C:/Users/VicUser/Documents/RobC/20260801/FL15\FL15-00000079_1.tif,62.067383,62.067840,0.188182,-10.383721,-10.430638,-10.389762,0.566674,0.000000,0.000000,0.000000
80,C:/Users/VicUser/Documents/RobC/20260801/FL15\FL15-00000080_0.tif,C:/Users/VicUser/Documents/RobC/20260801/FL15\FL15-00000080_1.tif,62.567439,62.567828,0.194877,-10.383721,-10.430638,-10.389762,0.586344,0.000000,0.000000,0.000000
81,C:/Users/VicUser/Documents/RobC/20260801/FL15\FL15-00000081_0.tif,C:/Users/VicUser/Documents/RobC/20260801/FL15\FL15-00000081_1.tif,63.067402,63.067866,0.199977,-10.383721,-10.430638,-10.389762,0.601331,0.000000,0.000000,0.000000
82,C:/Users/VicUser/Documents/RobC/20260801/FL15\FL15-00000082_0.tif,C:/Users/VicUser/Documents/RobC/20260801/FL15\FL15-00000082_1.tif,63.567388,63.567819,0.204441,-10.383721,-10.430638,-10.389762,0.614444,0.000000,0.000000,0.000000
83,C:/Users/VicUser/Documents/RobC/20260801/FL15\FL15-00000083_0.tif,C:/Users/VicUser/Documents/RobC/20260801/FL15\FL15-00000083_1.tif,64.067487,64.067759,0.209542,-10.383721,-10.430638,-10.389762,0.629430,0.000000,0.000000,0.000000
84,C:/Users/VicUser/Documents/RobC/20260801/FL15\FL15-00000084_0.tif,C:/Users/VicUser/Documents/RobC/20260801/FL15\FL15-00000084_1.tif,64.567403,64.567818,0.214961,-10.383721,-10.430638,-10.389762,0.645353,0.000000,0.000000,0.000000
85,C:/Users/VicUser/Documents/RobC/20260801/FL15\FL15-00000085_0.tif,C:/Users/VicUser/Documents/RobC/20260801/FL15\FL15-00000085_1.tif,65.067455,65.067877,0.221019,-10.383721,-10.430638,-10.389762,0.663150,0.000000,0.000000,0.000000
86,C:/Users/VicUser/Documents/RobC/20260801/FL15\FL15-00000086_0.tif,C:/Users/VicUser/Documents/RobC/20260801/FL15\FL15-00000086_1.tif,65.567519,65.567924,0.226438,-10.383721,-10.430638,-10.389762,0.679073,0.000000,0.000000,0.000000
87,C:/Users/VicUser/Documents/RobC/20260801/FL15\FL15-00000087_0.tif,C:/Users/VicUser/Documents/RobC/20260801/FL15\FL15-00000087_1.tif,66.067480,66.068152,0.231858,-10.383721,-10.430638,-10.389762,0.694996,0.000000,0.000000,0.000000
88,C:/Users/VicUser/Documents/RobC/20260801/FL15\FL15-00000088_0.tif,C:/Users/VicUser/Documents/RobC/20260801/FL15\FL15-00000088_1.tif,66.567443,66.567823,0.237597,-10.383721,-10.430638,-10.389762,0.711856,0.000000,0.000000,0.000000
89,C:/Users/VicUser/Documents/RobC/20260801/FL15\FL15-00000089_0.tif,C:/Users/VicUser/Documents/RobC/20260801/FL15\FL15-00000089_1.tif,67.067459,67.067935,0.241741,-10.383721,-10.430638,-10.389762,0.724032,0.000000,0.000000,0.000000
90,C:/Users/VicUser/Documents/RobC/20260801/FL15\FL15-00000090_0.tif,C:/Users/VicUser/Documents/RobC/20260801/FL15\FL15-00000090_1.tif,67.567444,67.567875,0.248117,-10.383721,-10.430638,-10.389762,0.742765,0.000000,0.000000,0.000000
91,C:/Users/VicUser/Documents/RobC/20260801/FL15\FL15-00000091_0.tif,C:/Users/VicUser/Documents/RobC/20260801/FL15\FL15-00000091_1.tif,68.067378,68.067985,0.252899,-10.383721,-10.430638,-10.389762,0.756815,0.000000,0.000000,0.000000
92,C:/Users/VicUser/Documents/RobC/20260801/FL15\FL15-00000092_0.tif,C:/Users/VicUser/Documents/RobC/20260801/FL15\FL15-00000092_1.tif,68.567406,68.567838,0.258957,-10.383721,-10.430638,-10.389762,0.774611,0.000000,0.000000,0.000000
93,C:/Users/VicUser/Documents/RobC/20260801/FL15\FL15-00000093_0.tif,C:/Users/VicUser/Documents/RobC/20260801/FL15\FL15-00000093_1.tif,69.067448,69.067746,0.265970,-10.383721,-10.430638,-10.389762,0.795217,0.000000,0.000000,0.000000
94,C:/Users/VicUser/Documents/RobC/20260801/FL15\FL15-00000094_0.tif,C:/Users/VicUser/Documents/RobC/20260801/FL15\FL15-00000094_1.tif,69.567453,69.567810,0.270115,-10.383721,-10.430638,-10.389762,0.807394,0.000000,0.000000,0.000000
95,C:/Users/VicUser/Documents/RobC/20260801/FL15\FL15-00000095_0.tif,C:/Users/VicUser/Documents/RobC/20260801/FL15\FL15-00000095_1.tif,70.067430,70.067931,0.274897,-10.383721,-10.430638,-10.389762,0.821444,0.000000,0.000000,0.000000
96,C:/Users/VicUser/Documents/RobC/20260801/FL15\FL15-00000096_0.tif,C:/Users/VicUser/Documents/RobC/20260801/FL15\FL15-00000096_1.tif,70.567369,70.567897,0.280954,-10.383721,-10.430638,-10.389762,0.839240,0.000000,0.000000,0.000000
97,C:/Users/VicUser/Documents/RobC/20260801/FL15\FL15-00000097_0.tif,C:/Users/VicUser/Documents/RobC/20260801/FL15\FL15-00000097_1.tif,71.067383,71.067793,0.285417,-10.383721,-10.430638,-10.389762,0.852353,0.000000,0.000000,0.000000
98,C:/Users/VicUser/Documents/RobC/20260801/FL15\FL15-00000098_0.tif,C:/Users/VicUser/Documents/RobC/20260801/FL15\FL15-00000098_1.tif,71.567429,71.567868,0.291475,-10.383721,-10.430638,-10.389762,0.870150,0.000000,0.000000,0.000000
99,C:/Users/VicUser/Documents/RobC/20260801/FL15\FL15-00000099_0.tif,C:/Users/VicUser/Documents/RobC/20260801/FL15\FL15-00000099_1.tif,72.067441,72.067867,0.296895,-10.383721,-10.430638,-10.389762,0.886073,0.000000,0.000000,0.000000
100,C:/Users/VicUser/Documents/RobC/20260801/FL15\FL15-00000100_0.tif,C:/Users/VicUser/Documents/RobC/20260801/FL15\FL15-00000100_1.tif,72.567440,72.567879,0.303271,-10.383721,-10.430638,-10.389762,0.904806,0.000000,0.000000,0.000000
101,C:/Users/VicUser/Documents/RobC/20260801/FL15\FL15-00000101_0.tif,C:/Users/VicUser/Documents/RobC/20260801/FL15\FL15-00000101_1.tif,73.067504,73.067891,0.307734,-10.383721,-10.430638,-10.389762,0.917919,0.000000,0.000000,0.000000
102,C:/Users/VicUser/Documents/RobC/20260801/FL15\FL15-00000102_0.tif,C:/Users/VicUser/Documents/RobC/20260801/FL15\FL15-00000102_1.tif,73.567447,73.567931,0.312516,-10.383721,-10.430638,-10.389762,0.931969,0.000000,0.000000,0.000000
103,C:/Users/VicUser/Documents/RobC/20260801/FL15\FL15-00000103_0.tif,C:/Users/VicUser/Documents/RobC/20260801/FL15\FL15-00000103_1.tif,74.067399,74.067889,0.319211,-10.383721,-10.430638,-10.389762,0.951638,0.000000,0.000000,0.000000
104,C:/Users/VicUser/Documents/RobC/20260801/FL15\FL15-00000104_0.tif,C:/Users/VicUser/Documents/RobC/20260801/FL15\FL15-00000104_1.tif,74.567440,74.567946,0.324631,-10.383721,-10.430638,-10.389762,0.967562,0.000000,0.000000,0.000000
105,C:/Users/VicUser/Documents/RobC/20260801/FL15\FL15-00000105_0.tif,C:/Users/VicUser/Documents/RobC/20260801/FL15\FL15-00000105_1.tif,75.067440,75.068051,0.329413,-10.383721,-10.430638,-10.389762,0.981611,0.000000,0.000000,0.000000
106,C:/Users/VicUser/Documents/RobC/20260801/FL15\FL15-00000106_0.tif,C:/Users/VicUser/Documents/RobC/20260801/FL15\FL15-00000106_1.tif,75.567435,75.567849,0.337064,-10.383721,-10.430638,-10.389762,1.004091,0.000000,0.000000,0.000000
107,C:/Users/VicUser/Documents/RobC/20260801/FL15\FL15-00000107_0.tif,C:/Users/VicUser/Documents/RobC/20260801/FL15\FL15-00000107_1.tif,76.067428,76.067711,0.342803,-10.383721,-10.430638,-10.389762,1.020951,0.000000,0.000000,0.000000
108,C:/Users/VicUser/Documents/RobC/20260801/FL15\FL15-00000108_0.tif,C:/Users/VicUser/Documents/RobC/20260801/FL15\FL15-00000108_1.tif,76.567372,76.567810,0.347585,-10.383721,-10.430638,-10.389762,1.035000,0.000000,0.000000,0.000000
109,C:/Users/VicUser/Documents/RobC/20260801/FL15\FL15-00000109_0.tif,C:/Users/VicUser/Documents/RobC/20260801/FL15\FL15-00000109_1.tif,77.067386,77.067927,0.353961,-10.383721,-10.430638,-10.389762,1.053733,0.000000,0.000000,0.000000
110,C:/Users/VicUser/Documents/RobC/20260801/FL15\FL15-00000110_0.tif,C:/Users/VicUser/Documents/RobC/20260801/FL15\FL15-00000110_1.tif,77.567389,77.567761,0.358743,-10.383721,-10.430638,-10.389762,1.067783,0.000000,0.000000,0.000000
111,C:/Users/VicUser/Documents/RobC/20260801/FL15\FL15-00000111_0.tif,C:/Users/VicUser/Documents/RobC/20260801/FL15\FL15-00000111_1.tif,78.067421,78.067815,0.366075,-10.383721,-10.430638,-10.389762,1.089326,0.000000,0.000000,0.000000
112,C:/Users/VicUser/Documents/RobC/20260801/FL15\FL15-00000112_0.tif,C:/Users/VicUser/Documents/RobC/20260801/FL15\FL15-00000112_1.tif,78.567458,78.567732,0.370858,-10.383721,-10.430638,-10.389762,1.103376,0.000000,0.000000,0.000000
113,C:/Users/VicUser/Documents/RobC/20260801/FL15\FL15-00000113_0.tif,C:/Users/VicUser/Documents/RobC/20260801/FL15\FL15-00000113_1.tif,79.067454,79.067902,0.376596,-10.383721,-10.430638,-10.389762,1.120236,0.000000,0.000000,0.000000
114,C:/Users/VicUser/Documents/RobC/20260801/FL15\FL15-00000114_0.tif,C:/Users/VicUser/Documents/RobC/20260801/FL15\FL15-00000114_1.tif,79.567394,79.567965,0.383610,-10.383721,-10.430638,-10.389762,1.140842,0.000000,0.000000,0.000000
115,C:/Users/VicUser/Documents/RobC/20260801/FL15\FL15-00000115_0.tif,C:/Users/VicUser/Documents/RobC/20260801/FL15\FL15-00000115_1.tif,80.067376,80.067739,0.387754,-10.383721,-10.430638,-10.389762,1.153019,0.000000,0.000000,0.000000
116,C:/Users/VicUser/Documents/RobC/20260801/FL15\FL15-00000116_0.tif,C:/Users/VicUser/Documents/RobC/20260801/FL15\FL15-00000116_1.tif,80.567423,80.567993,0.393493,-10.383721,-10.430638,-10.389762,1.169878,0.000000,0.000000,0.000000
117,C:/Users/VicUser/Documents/RobC/20260801/FL15\FL15-00000117_0.tif,C:/Users/VicUser/Documents/RobC/20260801/FL15\FL15-00000117_1.tif,81.067393,81.067824,0.399231,-10.383721,-10.430638,-10.389762,1.186738,0.000000,0.000000,0.000000
118,C:/Users/VicUser/Documents/RobC/20260801/FL15\FL15-00000118_0.tif,C:/Users/VicUser/Documents/RobC/20260801/FL15\FL15-00000118_1.tif,81.567411,81.567834,0.404332,-10.383721,-10.430638,-10.389762,1.201724,0.000000,0.000000,0.000000
119,C:/Users/VicUser/Documents/RobC/20260801/FL15\FL15-00000119_0.tif,C:/Users/VicUser/Documents/RobC/20260801/FL15\FL15-00000119_1.tif,82.067443,82.067962,0.411665,-10.383721,-10.430638,-10.389762,1.223267,0.000000,0.000000,0.000000
120,C:/Users/VicUser/Documents/RobC/20260801/FL15\FL15-00000120_0.tif,C:/Users/VicUser/Documents/RobC/20260801/FL15\FL15-00000120_1.tif,82.567436,82.567849,0.416447,-10.383721,-10.430638,-10.389762,1.237317,0.000000,0.000000,0.000000
121,C:/Users/VicUser/Documents/RobC/20260801/FL15\FL15-00000121_0.tif,C:/Users/VicUser/Documents/RobC/20260801/FL15\FL15-00000121_1.tif,83.067436,83.067894,0.422823,-10.383721,-10.430638,-10.389762,1.256050,0.000000,0.000000,0.000000
122,C:/Users/VicUser/Documents/RobC/20260801/FL15\FL15-00000122_0.tif,C:/Users/VicUser/Documents/RobC/20260801/FL15\FL15-00000122_1.tif,83.567435,83.567862,0.430474,-10.383721,-10.430638,-10.389762,1.278530,0.000000,0.000000,0.000000
123,C:/Users/VicUser/Documents/RobC/20260801/FL15\FL15-00000123_0.tif,C:/Users/VicUser/Documents/RobC/20260801/FL15\FL15-00000123_1.tif,84.067445,84.067932,0.434300,-10.383721,-10.430638,-10.389762,1.289770,0.000000,0.000000,0.000000
124,C:/Users/VicUser/Documents/RobC/20260801/FL15\FL15-00000124_0.tif,C:/Users/VicUser/Documents/RobC/20260801/FL15\FL15-00000124_1.tif,84.567430,84.567874,0.440038,-10.383721,-10.430638,-10.389762,1.306630,0.000000,0.000000,0.000000
125,C:/Users/VicUser/Documents/RobC/20260801/FL15\FL15-00000125_0.tif,C:/Users/VicUser/Documents/RobC/20260801/FL15\FL15-00000125_1.tif,85.067425,85.067860,0.447052,-10.383721,-10.430638,-10.389762,1.327236,0.000000,0.000000,0.000000
126,C:/Users/VicUser/Documents/RobC/20260801/FL15\FL15-00000126_0.tif,C:/Users/VicUser/Documents/RobC/20260801/FL15\FL15-00000126_1.tif,85.567453,85.567844,0.451197,-10.383721,-10.430638,-10.389762,1.339412,0.000000,0.000000,0.000000
127,C:/Users/VicUser/Documents/RobC/20260801/FL15\FL15-00000127_0.tif,C:/Users/VicUser/Documents/RobC/20260801/FL15\FL15-00000127_1.tif,86.067450,86.067772,0.457892,-10.383721,-10.430638,-10.389762,1.359082,0.000000,0.000000,0.000000
128,C:/Users/VicUser/Documents/RobC/20260801/FL15\FL15-00000128_0.tif,C:/Users/VicUser/Documents/RobC/20260801/FL15\FL15-00000128_1.tif,86.567399,86.567885,0.463949,-10.383721,-10.430638,-10.389762,1.376878,0.000000,0.000000,0.000000
129,C:/Users/VicUser/Documents/RobC/20260801/FL15\FL15-00000129_0.tif,C:/Users/VicUser/Documents/RobC/20260801/FL15\FL15-00000129_1.tif,87.067443,87.067868,0.471281,-10.383721,-10.430638,-10.389762,1.398421,0.000000,0.000000,0.000000
130,C:/Users/VicUser/Documents/RobC/20260801/FL15\FL15-00000130_0.tif,C:/Users/VicUser/Documents/RobC/20260801/FL15\FL15-00000130_1.tif,87.567411,87.567994,0.475426,-10.383721,-10.430638,-10.389762,1.410598,0.000000,0.000000,0.000000
131,C:/Users/VicUser/Documents/RobC/20260801/FL15\FL15-00000131_0.tif,C:/Users/VicUser/Documents/RobC/20260801/FL15\FL15-00000131_1.tif,88.067431,88.068101,0.480208,-10.383721,-10.430638,-10.389762,1.424648,0.000000,0.000000,0.000000
132,C:/Users/VicUser/Documents/RobC/20260801/FL15\FL15-00000132_0.tif,C:/Users/VicUser/Documents/RobC/20260801/FL15\FL15-00000132_1.tif,88.567397,88.567759,0.488178,-10.383721,-10.430638,-10.389762,1.448064,0.000000,0.000000,0.000000
133,C:/Users/VicUser/Documents/RobC/20260801/FL15\FL15-00000133_0.tif,C:/Users/VicUser/Documents/RobC/20260801/FL15\FL15-00000133_1.tif,89.067432,89.067876,0.492323,-10.383721,-10.430638,-10.389762,1.460240,0.000000,0.000000,0.000000
134,C:/Users/VicUser/Documents/RobC/20260801/FL15\FL15-00000134_0.tif,C:/Users/VicUser/Documents/RobC/20260801/FL15\FL15-00000134_1.tif,89.567383,89.567753,0.499018,-10.383721,-10.430638,-10.389762,1.479910,0.000000,0.000000,0.000000
135,C:/Users/VicUser/Documents/RobC/20260801/FL15\FL15-00000135_0.tif,C:/Users/VicUser/Documents/RobC/20260801/FL15\FL15-00000135_1.tif,90.067371,90.067912,0.503481,-10.383721,-10.430638,-10.389762,1.493023,0.000000,0.000000,0.000000
136,C:/Users/VicUser/Documents/RobC/20260801/FL15\FL15-00000136_0.tif,C:/Users/VicUser/Documents/RobC/20260801/FL15\FL15-00000136_1.tif,90.567394,90.567846,0.508901,-10.383721,-10.430638,-10.389762,1.508946,0.000000,0.000000,0.000000
137,C:/Users/VicUser/Documents/RobC/20260801/FL15\FL15-00000137_0.tif,C:/Users/VicUser/Documents/RobC/20260801/FL15\FL15-00000137_1.tif,91.067411,91.067920,0.516233,-10.383721,-10.430638,-10.389762,1.530489,0.000000,0.000000,0.000000
138,C:/Users/VicUser/Documents/RobC/20260801/FL15\FL15-00000138_0.tif,C:/Users/VicUser/Documents/RobC/20260801/FL15\FL15-00000138_1.tif,91.567306,91.567722,0.522609,-10.383721,-10.430638,-10.389762,1.549222,0.000000,0.000000,0.000000
139,C:/Users/VicUser/Documents/RobC/20260801/FL15\FL15-00000139_0.tif,C:/Users/VicUser/Documents/RobC/20260801/FL15\FL15-00000139_1.tif,92.067481,92.067928,0.527710,-10.383721,-10.430638,-10.389762,1.564209,0.000000,0.000000,0.000000
140,C:/Users/VicUser/Documents/RobC/20260801/FL15\FL15-00000140_0.tif,C:/Users/VicUser/Documents/RobC/20260801/FL15\FL15-00000140_1.tif,92.567418,92.567911,0.533449,-10.383721,-10.430638,-10.389762,1.581069,0.000000,0.000000,0.000000
141,C:/Users/VicUser/Documents/RobC/20260801/FL15\FL15-00000141_0.tif,C:/Users/VicUser/Documents/RobC/20260801/FL15\FL15-00000141_1.tif,93.067417,93.067987,0.540462,-10.383721,-10.430638,-10.389762,1.601675,0.000000,0.000000,0.000000
142,C:/Users/VicUser/Documents/RobC/20260801/FL15\FL15-00000142_0.tif,C:/Users/VicUser/Documents/RobC/20260801/FL15\FL15-00000142_1.tif,93.567432,93.567814,0.545244,-10.383721,-10.430638,-10.389762,1.615725,0.000000,0.000000,0.000000
143,C:/Users/VicUser/Documents/RobC/20260801/FL15\FL15-00000143_0.tif,C:/Users/VicUser/Documents/RobC/20260801/FL15\FL15-00000143_1.tif,94.067490,94.068146,0.552577,-10.383721,-10.430638,-10.389762,1.637268,0.000000,0.000000,0.000000
144,C:/Users/VicUser/Documents/RobC/20260801/FL15\FL15-00000144_0.tif,C:/Users/VicUser/Documents/RobC/20260801/FL15\FL15-00000144_1.tif,94.567519,94.567843,0.557997,-10.383721,-10.430638,-10.389762,1.653191,0.000000,0.000000,0.000000
145,C:/Users/VicUser/Documents/RobC/20260801/FL15\FL15-00000145_0.tif,C:/Users/VicUser/Documents/RobC/20260801/FL15\FL15-00000145_1.tif,95.067507,95.067849,0.564373,-10.383721,-10.430638,-10.389762,1.671924,0.000000,0.000000,0.000000
146,C:/Users/VicUser/Documents/RobC/20260801/FL15\FL15-00000146_0.tif,C:/Users/VicUser/Documents/RobC/20260801/FL15\FL15-00000146_1.tif,95.567426,95.567916,0.571068,-10.383721,-10.430638,-10.389762,1.691594,0.000000,0.000000,0.000000
147,C:/Users/VicUser/Documents/RobC/20260801/FL15\FL15-00000147_0.tif,C:/Users/VicUser/Documents/RobC/20260801/FL15\FL15-00000147_1.tif,96.067482,96.067859,0.577444,-10.383721,-10.430638,-10.389762,1.710327,0.000000,0.000000,0.000000
148,C:/Users/VicUser/Documents/RobC/20260801/FL15\FL15-00000148_0.tif,C:/Users/VicUser/Documents/RobC/20260801/FL15\FL15-00000148_1.tif,96.567442,96.567759,0.584458,-10.383721,-10.430638,-10.389762,1.730933,0.000000,0.000000,0.000000
149,C:/Users/VicUser/Documents/RobC/20260801/FL15\FL15-00000149_0.tif,C:/Users/VicUser/Documents/RobC/20260801/FL15\FL15-00000149_1.tif,97.067418,97.067812,0.590834,-10.383721,-10.430638,-10.389762,1.749666,0.000000,0.000000,0.000000
150,C:/Users/VicUser/Documents/RobC/20260801/FL15\FL15-00000150_0.tif,C:/Users/VicUser/Documents/RobC/20260801/FL15\FL15-00000150_1.tif,97.567398,97.567942,0.596891,-10.383721,-10.430638,-10.389762,1.767462,0.000000,0.000000,0.000000
151,C:/Users/VicUser/Documents/RobC/20260801/FL15\FL15-00000151_0.tif,C:/Users/VicUser/Documents/RobC/20260801/FL15\FL15-00000151_1.tif,98.067468,98.067947,0.602948,-10.383721,-10.430638,-10.389762,1.785259,0.000000,0.000000,0.000000
152,C:/Users/VicUser/Documents/RobC/20260801/FL15\FL15-00000152_0.tif,C:/Users/VicUser/Documents/RobC/20260801/FL15\FL15-00000152_1.tif,98.567432,98.567937,0.611556,-10.383721,-10.430638,-10.389762,1.810548,0.000000,0.000000,0.000000
153,C:/Users/VicUser/Documents/RobC/20260801/FL15\FL15-00000153_0.tif,C:/Users/VicUser/Documents/RobC/20260801/FL15\FL15-00000153_1.tif,99.067431,99.067807,0.616338,-10.383721,-10.430638,-10.389762,1.824598,0.000000,0.000000,0.000000
154,C:/Users/VicUser/Documents/RobC/20260801/FL15\FL15-00000154_0.tif,C:/Users/VicUser/Documents/RobC/20260801/FL15\FL15-00000154_1.tif,99.567445,99.567929,0.624946,-10.383721,-10.430638,-10.389762,1.849888,0.000000,0.000000,0.000000
155,C:/Users/VicUser/Documents/RobC/20260801/FL15\FL15-00000155_0.tif,C:/Users/VicUser/Documents/RobC/20260801/FL15\FL15-00000155_1.tif,100.067371,100.067648,0.631960,-10.383721,-10.430638,-10.389762,1.870494,0.000000,0.000000,0.000000
156,C:/Users/VicUser/Documents/RobC/20260801/FL15\FL15-00000156_0.tif,C:/Users/VicUser/Documents/RobC/20260801/FL15\FL15-00000156_1.tif,100.567337,100.567699,0.639611,-10.383721,-10.430638,-10.389762,1.892974,0.000000,0.000000,0.000000
157,C:/Users/VicUser/Documents/RobC/20260801/FL15\FL15-00000157_0.tif,C:/Users/VicUser/Documents/RobC/20260801/FL15\FL15-00000157_1.tif,101.067428,101.067948,0.644393,-10.383721,-10.430638,-10.389762,1.907023,0.000000,0.000000,0.000000
158,C:/Users/VicUser/Documents/RobC/20260801/FL15\FL15-00000158_0.tif,C:/Users/VicUser/Documents/RobC/20260801/FL15\FL15-00000158_1.tif,101.567410,101.567856,0.652363,-10.383721,-10.430638,-10.389762,1.930440,0.000000,0.000000,0.000000
159,C:/Users/VicUser/Documents/RobC/20260801/FL15\FL15-00000159_0.tif,C:/Users/VicUser/Documents/RobC/20260801/FL15\FL15-00000159_1.tif,102.067336,102.067697,0.658739,-10.383721,-10.430638,-10.389762,1.949173,0.000000,0.000000,0.000000
160,C:/Users/VicUser/Documents/RobC/20260801/FL15\FL15-00000160_0.tif,C:/Users/VicUser/Documents/RobC/20260801/FL15\FL15-00000160_1.tif,102.567397,102.567948,0.666391,-10.383721,-10.430638,-10.389762,1.971652,0.000000,0.000000,0.000000
161,C:/Users/VicUser/Documents/RobC/20260801/FL15\FL15-00000161_0.tif,C:/Users/VicUser/Documents/RobC/20260801/FL15\FL15-00000161_1.tif,103.067395,103.067840,0.674361,-10.383721,-10.430638,-10.389762,1.995069,0.000000,0.000000,0.000000
162,C:/Users/VicUser/Documents/RobC/20260801/FL15\FL15-00000162_0.tif,C:/Users/VicUser/Documents/RobC/20260801/FL15\FL15-00000162_1.tif,103.567459,103.567773,0.678824,-10.383721,-10.430638,-10.389762,2.008182,0.000000,0.000000,0.000000
163,C:/Users/VicUser/Documents/RobC/20260801/FL15\FL15-00000163_0.tif,C:/Users/VicUser/Documents/RobC/20260801/FL15\FL15-00000163_1.tif,104.067426,104.067790,0.685838,-10.383721,-10.430638,-10.389762,2.028788,0.000000,0.000000,0.000000
164,C:/Users/VicUser/Documents/RobC/20260801/FL15\FL15-00000164_0.tif,C:/Users/VicUser/Documents/RobC/20260801/FL15\FL15-00000164_1.tif,104.567420,104.567933,0.692533,-10.383721,-10.430638,-10.389762,2.048458,0.000000,0.000000,0.000000
165,C:/Users/VicUser/Documents/RobC/20260801/FL15\FL15-00000165_0.tif,C:/Users/VicUser/Documents/RobC/20260801/FL15\FL15-00000165_1.tif,105.067388,105.067724,0.698909,-10.383721,-10.430638,-10.389762,2.067191,0.000000,0.000000,0.000000
166,C:/Users/VicUser/Documents/RobC/20260801/FL15\FL15-00000166_0.tif,C:/Users/VicUser/Documents/RobC/20260801/FL15\FL15-00000166_1.tif,105.567398,105.567887,0.706241,-10.383721,-10.430638,-10.389762,2.088734,0.000000,0.000000,0.000000
167,C:/Users/VicUser/Documents/RobC/20260801/FL15\FL15-00000167_0.tif,C:/Users/VicUser/Documents/RobC/20260801/FL15\FL15-00000167_1.tif,106.067422,106.067734,0.713574,-10.383721,-10.430638,-10.389762,2.110277,0.000000,0.000000,0.000000
168,C:/Users/VicUser/Documents/RobC/20260801/FL15\FL15-00000168_0.tif,C:/Users/VicUser/Documents/RobC/20260801/FL15\FL15-00000168_1.tif,106.567308,106.567730,0.719631,-10.383721,-10.430638,-10.389762,2.128073,0.000000,0.000000,0.000000
169,C:/Users/VicUser/Documents/RobC/20260801/FL15\FL15-00000169_0.tif,C:/Users/VicUser/Documents/RobC/20260801/FL15\FL15-00000169_1.tif,107.067428,107.068000,0.726645,-10.383721,-10.430638,-10.389762,2.148680,0.000000,0.000000,0.000000
170,C:/Users/VicUser/Documents/RobC/20260801/FL15\FL15-00000170_0.tif,C:/Users/VicUser/Documents/RobC/20260801/FL15\FL15-00000170_1.tif,107.567440,107.567873,0.733659,-10.383721,-10.430638,-10.389762,2.169286,0.000000,0.000000,0.000000
171,C:/Users/VicUser/Documents/RobC/20260801/FL15\FL15-00000171_0.tif,C:/Users/VicUser/Documents/RobC/20260801/FL15\FL15-00000171_1.tif,108.067395,108.067767,0.739397,-10.383721,-10.430638,-10.389762,2.186146,0.000000,0.000000,0.000000
172,C:/Users/VicUser/Documents/RobC/20260801/FL15\FL15-00000172_0.tif,C:/Users/VicUser/Documents/RobC/20260801/FL15\FL15-00000172_1.tif,108.567407,108.567811,0.748324,-10.383721,-10.430638,-10.389762,2.212372,0.000000,0.000000,0.000000
173,C:/Users/VicUser/Documents/RobC/20260801/FL15\FL15-00000173_0.tif,C:/Users/VicUser/Documents/RobC/20260801/FL15\FL15-00000173_1.tif,109.067447,109.068097,0.759801,-10.383721,-10.430638,-10.389762,2.246092,0.000000,0.000000,0.000000
174,C:/Users/VicUser/Documents/RobC/20260801/FL15\FL15-00000174_0.tif,C:/Users/VicUser/Documents/RobC/20260801/FL15\FL15-00000174_1.tif,109.567422,109.567989,0.766815,-10.383721,-10.430638,-10.389762,2.266698,0.000000,0.000000,0.000000
175,C:/Users/VicUser/Documents/RobC/20260801/FL15\FL15-00000175_0.tif,C:/Users/VicUser/Documents/RobC/20260801/FL15\FL15-00000175_1.tif,110.067432,110.067937,0.776060,-10.383721,-10.430638,-10.389762,2.293861,0.000000,0.000000,0.000000
176,C:/Users/VicUser/Documents/RobC/20260801/FL15\FL15-00000176_0.tif,C:/Users/VicUser/Documents/RobC/20260801/FL15\FL15-00000176_1.tif,110.567374,110.567918,0.781161,-10.383721,-10.430638,-10.389762,2.308847,0.000000,0.000000,0.000000
177,C:/Users/VicUser/Documents/RobC/20260801/FL15\FL15-00000177_0.tif,C:/Users/VicUser/Documents/RobC/20260801/FL15\FL15-00000177_1.tif,111.067374,111.067867,0.788493,-10.383721,-10.430638,-10.389762,2.330390,0.000000,0.000000,0.000000
178,C:/Users/VicUser/Documents/RobC/20260801/FL15\FL15-00000178_0.tif,C:/Users/VicUser/Documents/RobC/20260801/FL15\FL15-00000178_1.tif,111.567585,111.567921,0.795826,-10.383721,-10.430638,-10.389762,2.351933,0.000000,0.000000,0.000000
179,C:/Users/VicUser/Documents/RobC/20260801/FL15\FL15-00000179_0.tif,C:/Users/VicUser/Documents/RobC/20260801/FL15\FL15-00000179_1.tif,112.067410,112.067741,0.804434,-10.383721,-10.430638,-10.389762,2.377223,0.000000,0.000000,0.000000
180,C:/Users/VicUser/Documents/RobC/20260801/FL15\FL15-00000180_0.tif,C:/Users/VicUser/Documents/RobC/20260801/FL15\FL15-00000180_1.tif,112.567396,112.567927,0.811447,-10.383721,-10.430638,-10.389762,2.397829,0.000000,0.000000,0.000000
181,C:/Users/VicUser/Documents/RobC/20260801/FL15\FL15-00000181_0.tif,C:/Users/VicUser/Documents/RobC/20260801/FL15\FL15-00000181_1.tif,113.067321,113.067874,0.818780,-10.383721,-10.430638,-10.389762,2.419372,0.000000,0.000000,0.000000
182,C:/Users/VicUser/Documents/RobC/20260801/FL15\FL15-00000182_0.tif,C:/Users/VicUser/Documents/RobC/20260801/FL15\FL15-00000182_1.tif,113.567387,113.567896,0.826750,-10.383721,-10.430638,-10.389762,2.442788,0.000000,0.000000,0.000000
183,C:/Users/VicUser/Documents/RobC/20260801/FL15\FL15-00000183_0.tif,C:/Users/VicUser/Documents/RobC/20260801/FL15\FL15-00000183_1.tif,114.067397,114.067947,0.834083,-10.383721,-10.430638,-10.389762,2.464331,0.000000,0.000000,0.000000
184,C:/Users/VicUser/Documents/RobC/20260801/FL15\FL15-00000184_0.tif,C:/Users/VicUser/Documents/RobC/20260801/FL15\FL15-00000184_1.tif,114.567435,114.567582,0.842053,-10.383721,-10.430638,-10.389762,2.487748,0.000000,0.000000,0.000000
185,C:/Users/VicUser/Documents/RobC/20260801/FL15\FL15-00000185_0.tif,C:/Users/VicUser/Documents/RobC/20260801/FL15\FL15-00000185_1.tif,115.067377,115.067829,0.848748,-10.383721,-10.430638,-10.389762,2.507418,0.000000,0.000000,0.000000
186,C:/Users/VicUser/Documents/RobC/20260801/FL15\FL15-00000186_0.tif,C:/Users/VicUser/Documents/RobC/20260801/FL15\FL15-00000186_1.tif,115.567303,115.567669,0.856080,-10.383721,-10.430638,-10.389762,2.528960,0.000000,0.000000,0.000000
187,C:/Users/VicUser/Documents/RobC/20260801/FL15\FL15-00000187_0.tif,C:/Users/VicUser/Documents/RobC/20260801/FL15\FL15-00000187_1.tif,116.067482,116.067766,0.862138,-10.383721,-10.430638,-10.389762,2.546757,0.000000,0.000000,0.000000
188,C:/Users/VicUser/Documents/RobC/20260801/FL15\FL15-00000188_0.tif,C:/Users/VicUser/Documents/RobC/20260801/FL15\FL15-00000188_1.tif,116.567244,116.567946,0.870108,-10.383721,-10.430638,-10.389762,2.570173,0.000000,0.000000,0.000000
189,C:/Users/VicUser/Documents/RobC/20260801/FL15\FL15-00000189_0.tif,C:/Users/VicUser/Documents/RobC/20260801/FL15\FL15-00000189_1.tif,117.067379,117.067882,0.876484,-10.383721,-10.430638,-10.389762,2.588906,0.000000,0.000000,0.000000
190,C:/Users/VicUser/Documents/RobC/20260801/FL15\FL15-00000190_0.tif,C:/Users/VicUser/Documents/RobC/20260801/FL15\FL15-00000190_1.tif,117.567410,117.567637,0.883179,-10.383721,-10.430638,-10.389762,2.608576,0.000000,0.000000,0.000000
191,C:/Users/VicUser/Documents/RobC/20260801/FL15\FL15-00000191_0.tif,C:/Users/VicUser/Documents/RobC/20260801/FL15\FL15-00000191_1.tif,118.067467,118.067754,0.890193,-10.383721,-10.430638,-10.389762,2.629182,0.000000,0.000000,0.000000
192,C:/Users/VicUser/Documents/RobC/20260801/FL15\FL15-00000192_0.tif,C:/Users/VicUser/Documents/RobC/20260801/FL15\FL15-00000192_1.tif,118.567376,118.567980,0.897844,-10.383721,-10.430638,-10.389762,2.651662,0.000000,0.000000,0.000000
193,C:/Users/VicUser/Documents/RobC/20260801/FL15\FL15-00000193_0.tif,C:/Users/VicUser/Documents/RobC/20260801/FL15\FL15-00000193_1.tif,119.067431,119.067877,0.904220,-10.383721,-10.430638,-10.389762,2.670395,0.000000,0.000000,0.000000
194,C:/Users/VicUser/Documents/RobC/20260801/FL15\FL15-00000194_0.tif,C:/Users/VicUser/Documents/RobC/20260801/FL15\FL15-00000194_1.tif,119.567370,119.567700,0.910915,-10.383721,-10.430638,-10.389762,2.690065,0.000000,0.000000,0.000000
195,C:/Users/VicUser/Documents/RobC/20260801/FL15\FL15-00000195_0.tif,C:/Users/VicUser/Documents/RobC/20260801/FL15\FL15-00000195_1.tif,120.067422,120.067724,0.918885,-10.383721,-10.430638,-10.389762,2.713481,0.000000,0.000000,0.000000
196,C:/Users/VicUser/Documents/RobC/20260801/FL15\FL15-00000196_0.tif,C:/Users/VicUser/Documents/RobC/20260801/FL15\FL15-00000196_1.tif,120.567423,120.567674,0.924305,-10.383721,-10.430638,-10.389762,2.729404,0.000000,0.000000,0.000000
197,C:/Users/VicUser/Documents/RobC/20260801/FL15\FL15-00000197_0.tif,C:/Users/VicUser/Documents/RobC/20260801/FL15\FL15-00000197_1.tif,121.067454,121.067810,0.931956,-10.383721,-10.430638,-10.389762,2.751884,0.000000,0.000000,0.000000
198,C:/Users/VicUser/Documents/RobC/20260801/FL15\FL15-00000198_0.tif,C:/Users/VicUser/Documents/RobC/20260801/FL15\FL15-00000198_1.tif,121.567353,121.567628,0.937057,-10.383721,-10.430638,-10.389762,2.766870,0.000000,0.000000,0.000000
199,C:/Users/VicUser/Documents/RobC/20260801/FL15\FL15-00000199_0.tif,C:/Users/VicUser/Documents/RobC/20260801/FL15\FL15-00000199_1.tif,122.067530,122.067982,0.945027,-10.383721,-10.430638,-10.389762,2.790286,0.000000,0.000000,0.000000
200,C:/Users/VicUser/Documents/RobC/20260801/FL15\FL15-00000200_0.tif,C:/Users/VicUser/Documents/RobC/20260801/FL15\FL15-00000200_1.tif,122.567570,122.567938,0.951403,-10.383721,-10.430638,-10.389762,2.809019,0.000000,0.000000,0.000000
201,C:/Users/VicUser/Documents/RobC/20260801/FL15\FL15-00000201_0.tif,C:/Users/VicUser/Documents/RobC/20260801/FL15\FL15-00000201_1.tif,123.067486,123.068028,0.958098,-10.383721,-10.430638,-10.389762,2.828689,0.000000,0.000000,0.000000
202,C:/Users/VicUser/Documents/RobC/20260801/FL15\FL15-00000202_0.tif,C:/Users/VicUser/Documents/RobC/20260801/FL15\FL15-00000202_1.tif,123.567469,123.567800,0.964793,-10.383721,-10.430638,-10.389762,2.848359,0.000000,0.000000,0.000000
203,C:/Users/VicUser/Documents/RobC/20260801/FL15\FL15-00000203_0.tif,C:/Users/VicUser/Documents/RobC/20260801/FL15\FL15-00000203_1.tif,124.067447,124.067881,0.970850,-10.383721,-10.430638,-10.389762,2.866155,0.000000,0.000000,0.000000
204,C:/Users/VicUser/Documents/RobC/20260801/FL15\FL15-00000204_0.tif,C:/Users/VicUser/Documents/RobC/20260801/FL15\FL15-00000204_1.tif,124.567409,124.567998,0.979139,-10.383721,-10.430638,-10.389762,2.890508,0.000000,0.000000,0.000000
205,C:/Users/VicUser/Documents/RobC/20260801/FL15\FL15-00000205_0.tif,C:/Users/VicUser/Documents/RobC/20260801/FL15\FL15-00000205_1.tif,125.067441,125.067819,0.983603,-10.383721,-10.430638,-10.389762,2.903621,0.000000,0.000000,0.000000
206,C:/Users/VicUser/Documents/RobC/20260801/FL15\FL15-00000206_0.tif,C:/Users/VicUser/Documents/RobC/20260801/FL15\FL15-00000206_1.tif,125.567436,125.568122,0.991254,-10.383721,-10.430638,-10.389762,2.926101,0.000000,0.000000,0.000000
207,C:/Users/VicUser/Documents/RobC/20260801/FL15\FL15-00000207_0.tif,C:/Users/VicUser/Documents/RobC/20260801/FL15\FL15-00000207_1.tif,126.067423,126.067767,0.996992,-10.383721,-10.430638,-10.389762,2.942961,0.000000,0.000000,0.000000
208,C:/Users/VicUser/Documents/RobC/20260801/FL15\FL15-00000208_0.tif,C:/Users/VicUser/Documents/RobC/20260801/FL15\FL15-00000208_1.tif,126.567389,126.568055,1.003050,-10.383721,-10.430638,-10.389762,2.960757,0.000000,0.000000,0.000000
209,C:/Users/VicUser/Documents/RobC/20260801/FL15\FL15-00000209_0.tif,C:/Users/VicUser/Documents/RobC/20260801/FL15\FL15-00000209_1.tif,127.067447,127.067913,1.009107,-10.383721,-10.430638,-10.389762,2.978553,0.000000,0.000000,0.000000
210,C:/Users/VicUser/Documents/RobC/20260801/FL15\FL15-00000210_0.tif,C:/Users/VicUser/Documents/RobC/20260801/FL15\FL15-00000210_1.tif,127.567429,127.567726,1.016121,-10.383721,-10.430638,-10.389762,2.999160,0.000000,0.000000,0.000000
211,C:/Users/VicUser/Documents/RobC/20260801/FL15\FL15-00000211_0.tif,C:/Users/VicUser/Documents/RobC/20260801/FL15\FL15-00000211_1.tif,128.067343,128.067780,1.021859,-10.383721,-10.430638,-10.389762,3.016020,0.000000,0.000000,0.000000
212,C:/Users/VicUser/Documents/RobC/20260801/FL15\FL15-00000212_0.tif,C:/Users/VicUser/Documents/RobC/20260801/FL15\FL15-00000212_1.tif,128.567429,128.567740,1.027598,-10.383721,-10.430638,-10.389762,3.032879,0.000000,0.000000,0.000000
213,C:/Users/VicUser/Documents/RobC/20260801/FL15\FL15-00000213_0.tif,C:/Users/VicUser/Documents/RobC/20260801/FL15\FL15-00000213_1.tif,129.067432,129.067702,1.032380,-10.383721,-10.430638,-10.389762,3.046929,0.000000,0.000000,0.000000
214,C:/Users/VicUser/Documents/RobC/20260801/FL15\FL15-00000214_0.tif,C:/Users/VicUser/Documents/RobC/20260801/FL15\FL15-00000214_1.tif,129.567407,129.567706,1.040031,-10.383721,-10.430638,-10.389762,3.069409,0.000000,0.000000,0.000000
215,C:/Users/VicUser/Documents/RobC/20260801/FL15\FL15-00000215_0.tif,C:/Users/VicUser/Documents/RobC/20260801/FL15\FL15-00000215_1.tif,130.067385,130.067689,1.046089,-10.383721,-10.430638,-10.389762,3.087205,0.000000,0.000000,0.000000
216,C:/Users/VicUser/Documents/RobC/20260801/FL15\FL15-00000216_0.tif,C:/Users/VicUser/Documents/RobC/20260801/FL15\FL15-00000216_1.tif,130.567385,130.567679,1.051827,-10.383721,-10.430638,-10.389762,3.104065,0.000000,0.000000,0.000000
217,C:/Users/VicUser/Documents/RobC/20260801/FL15\FL15-00000217_0.tif,C:/Users/VicUser/Documents/RobC/20260801/FL15\FL15-00000217_1.tif,131.067405,131.067731,1.059160,-10.383721,-10.430638,-10.389762,3.125608,0.000000,0.000000,0.000000
218,C:/Users/VicUser/Documents/RobC/20260801/FL15\FL15-00000218_0.tif,C:/Users/VicUser/Documents/RobC/20260801/FL15\FL15-00000218_1.tif,131.567400,131.567746,1.065536,-10.383721,-10.430638,-10.389762,3.144341,0.000000,0.000000,0.000000
219,C:/Users/VicUser/Documents/RobC/20260801/FL15\FL15-00000219_0.tif,C:/Users/VicUser/Documents/RobC/20260801/FL15\FL15-00000219_1.tif,132.067467,132.067779,1.071274,-10.383721,-10.430638,-10.389762,3.161200,0.000000,0.000000,0.000000
220,C:/Users/VicUser/Documents/RobC/20260801/FL15\FL15-00000220_0.tif,C:/Users/VicUser/Documents/RobC/20260801/FL15\FL15-00000220_1.tif,132.567261,132.567560,1.077013,-10.383721,-10.430638,-10.389762,3.178060,0.000000,0.000000,0.000000
221,C:/Users/VicUser/Documents/RobC/20260801/FL15\FL15-00000221_0.tif,C:/Users/VicUser/Documents/RobC/20260801/FL15\FL15-00000221_1.tif,133.067380,133.067665,1.083070,-10.383721,-10.430638,-10.389762,3.195857,0.000000,0.000000,0.000000
222,C:/Users/VicUser/Documents/RobC/20260801/FL15\FL15-00000222_0.tif,C:/Users/VicUser/Documents/RobC/20260801/FL15\FL15-00000222_1.tif,133.567410,133.567733,1.089765,-10.383721,-10.430638,-10.389762,3.215526,0.000000,0.000000,0.000000
223,C:/Users/VicUser/Documents/RobC/20260801/FL15\FL15-00000223_0.tif,C:/Users/VicUser/Documents/RobC/20260801/FL15\FL15-00000223_1.tif,134.067398,134.067682,1.098054,-10.383721,-10.430638,-10.389762,3.239879,0.000000,0.000000,0.000000
224,C:/Users/VicUser/Documents/RobC/20260801/FL15\FL15-00000224_0.tif,C:/Users/VicUser/Documents/RobC/20260801/FL15\FL15-00000224_1.tif,134.567423,134.567767,1.103793,-10.383721,-10.430638,-10.389762,3.256739,0.000000,0.000000,0.000000
225,C:/Users/VicUser/Documents/RobC/20260801/FL15\FL15-00000225_0.tif,C:/Users/VicUser/Documents/RobC/20260801/FL15\FL15-00000225_1.tif,135.067367,135.067755,1.108893,-10.383721,-10.430638,-10.389762,3.271725,0.000000,0.000000,0.000000
226,C:/Users/VicUser/Documents/RobC/20260801/FL15\FL15-00000226_0.tif,C:/Users/VicUser/Documents/RobC/20260801/FL15\FL15-00000226_1.tif,135.567434,135.567817,1.118139,-10.383721,-10.430638,-10.389762,3.298888,0.000000,0.000000,0.000000
227,C:/Users/VicUser/Documents/RobC/20260801/FL15\FL15-00000227_0.tif,C:/Users/VicUser/Documents/RobC/20260801/FL15\FL15-00000227_1.tif,136.067371,136.067779,1.123240,-10.383721,-10.430638,-10.389762,3.313875,0.000000,0.000000,0.000000
228,C:/Users/VicUser/Documents/RobC/20260801/FL15\FL15-00000228_0.tif,C:/Users/VicUser/Documents/RobC/20260801/FL15\FL15-00000228_1.tif,136.567365,136.567762,1.129297,-10.383721,-10.430638,-10.389762,3.331671,0.000000,0.000000,0.000000
229,C:/Users/VicUser/Documents/RobC/20260801/FL15\FL15-00000229_0.tif,C:/Users/VicUser/Documents/RobC/20260801/FL15\FL15-00000229_1.tif,137.067451,137.067847,1.136629,-10.383721,-10.430638,-10.389762,3.353214,0.000000,0.000000,0.000000
230,C:/Users/VicUser/Documents/RobC/20260801/FL15\FL15-00000230_0.tif,C:/Users/VicUser/Documents/RobC/20260801/FL15\FL15-00000230_1.tif,137.567360,137.568155,1.141730,-10.383721,-10.430638,-10.389762,3.368201,0.000000,0.000000,0.000000
231,C:/Users/VicUser/Documents/RobC/20260801/FL15\FL15-00000231_0.tif,C:/Users/VicUser/Documents/RobC/20260801/FL15\FL15-00000231_1.tif,138.067411,138.067746,1.148744,-10.383721,-10.430638,-10.389762,3.388807,0.000000,0.000000,0.000000
232,C:/Users/VicUser/Documents/RobC/20260801/FL15\FL15-00000232_0.tif,C:/Users/VicUser/Documents/RobC/20260801/FL15\FL15-00000232_1.tif,138.567446,138.567767,1.155758,-10.383721,-10.430638,-10.389762,3.409413,0.000000,0.000000,0.000000
233,C:/Users/VicUser/Documents/RobC/20260801/FL15\FL15-00000233_0.tif,C:/Users/VicUser/Documents/RobC/20260801/FL15\FL15-00000233_1.tif,139.067407,139.067748,1.163728,-10.383721,-10.430638,-10.389762,3.432830,0.000000,0.000000,0.000000
234,C:/Users/VicUser/Documents/RobC/20260801/FL15\FL15-00000234_0.tif,C:/Users/VicUser/Documents/RobC/20260801/FL15\FL15-00000234_1.tif,139.567415,139.567785,1.168191,-10.383721,-10.430638,-10.389762,3.445943,0.000000,0.000000,0.000000
235,C:/Users/VicUser/Documents/RobC/20260801/FL15\FL15-00000235_0.tif,C:/Users/VicUser/Documents/RobC/20260801/FL15\FL15-00000235_1.tif,140.067442,140.067976,1.175205,-10.383721,-10.430638,-10.389762,3.466549,0.000000,0.000000,0.000000
236,C:/Users/VicUser/Documents/RobC/20260801/FL15\FL15-00000236_0.tif,C:/Users/VicUser/Documents/RobC/20260801/FL15\FL15-00000236_1.tif,140.567355,140.567950,1.181262,-10.383721,-10.430638,-10.389762,3.484346,0.000000,0.000000,0.000000
237,C:/Users/VicUser/Documents/RobC/20260801/FL15\FL15-00000237_0.tif,C:/Users/VicUser/Documents/RobC/20260801/FL15\FL15-00000237_1.tif,141.067402,141.067754,1.188276,-10.383721,-10.430638,-10.389762,3.504952,0.000000,0.000000,0.000000
238,C:/Users/VicUser/Documents/RobC/20260801/FL15\FL15-00000238_0.tif,C:/Users/VicUser/Documents/RobC/20260801/FL15\FL15-00000238_1.tif,141.567415,141.567720,1.194652,-10.383721,-10.430638,-10.389762,3.523685,0.000000,0.000000,0.000000
239,C:/Users/VicUser/Documents/RobC/20260801/FL15\FL15-00000239_0.tif,C:/Users/VicUser/Documents/RobC/20260801/FL15\FL15-00000239_1.tif,142.067401,142.067816,1.200710,-10.383721,-10.430638,-10.389762,3.541481,0.000000,0.000000,0.000000
240,C:/Users/VicUser/Documents/RobC/20260801/FL15\FL15-00000240_0.tif,C:/Users/VicUser/Documents/RobC/20260801/FL15\FL15-00000240_1.tif,142.567397,142.567784,1.206767,-10.383721,-10.430638,-10.389762,3.559278,0.000000,0.000000,0.000000
241,C:/Users/VicUser/Documents/RobC/20260801/FL15\FL15-00000241_0.tif,C:/Users/VicUser/Documents/RobC/20260801/FL15\FL15-00000241_1.tif,143.067394,143.067806,1.212824,-10.383721,-10.430638,-10.389762,3.577074,0.000000,0.000000,0.000000
242,C:/Users/VicUser/Documents/RobC/20260801/FL15\FL15-00000242_0.tif,C:/Users/VicUser/Documents/RobC/20260801/FL15\FL15-00000242_1.tif,143.567374,143.567761,1.218881,-10.383721,-10.430638,-10.389762,3.594870,0.000000,0.000000,0.000000
243,C:/Users/VicUser/Documents/RobC/20260801/FL15\FL15-00000243_0.tif,C:/Users/VicUser/Documents/RobC/20260801/FL15\FL15-00000243_1.tif,144.067450,144.067915,1.225576,-10.383721,-10.430638,-10.389762,3.614540,0.000000,0.000000,0.000000
244,C:/Users/VicUser/Documents/RobC/20260801/FL15\FL15-00000244_0.tif,C:/Users/VicUser/Documents/RobC/20260801/FL15\FL15-00000244_1.tif,144.567406,144.567717,1.232590,-10.383721,-10.430638,-10.389762,3.635146,0.000000,0.000000,0.000000
245,C:/Users/VicUser/Documents/RobC/20260801/FL15\FL15-00000245_0.tif,C:/Users/VicUser/Documents/RobC/20260801/FL15\FL15-00000245_1.tif,145.067376,145.067897,1.240879,-10.383721,-10.430638,-10.389762,3.659499,0.000000,0.000000,0.000000
246,C:/Users/VicUser/Documents/RobC/20260801/FL15\FL15-00000246_0.tif,C:/Users/VicUser/Documents/RobC/20260801/FL15\FL15-00000246_1.tif,145.567446,145.567791,1.246618,-10.383721,-10.430638,-10.389762,3.676359,0.000000,0.000000,0.000000
247,C:/Users/VicUser/Documents/RobC/20260801/FL15\FL15-00000247_0.tif,C:/Users/VicUser/Documents/RobC/20260801/FL15\FL15-00000247_1.tif,146.067409,146.067767,1.252994,-10.383721,-10.430638,-10.389762,3.695092,0.000000,0.000000,0.000000
248,C:/Users/VicUser/Documents/RobC/20260801/FL15\FL15-00000248_0.tif,C:/Users/VicUser/Documents/RobC/20260801/FL15\FL15-00000248_1.tif,146.567443,146.567793,1.259689,-10.383721,-10.430638,-10.389762,3.714762,0.000000,0.000000,0.000000
249,C:/Users/VicUser/Documents/RobC/20260801/FL15\FL15-00000249_0.tif,C:/Users/VicUser/Documents/RobC/20260801/FL15\FL15-00000249_1.tif,147.067469,147.067751,1.265108,-10.383721,-10.430638,-10.389762,3.730685,0.000000,0.000000,0.000000
250,C:/Users/VicUser/Documents/RobC/20260801/FL15\FL15-00000250_0.tif,C:/Users/VicUser/Documents/RobC/20260801/FL15\FL15-00000250_1.tif,147.567414,147.567817,1.271166,-10.383721,-10.430638,-10.389762,3.748481,0.000000,0.000000,0.000000
251,C:/Users/VicUser/Documents/RobC/20260801/FL15\FL15-00000251_0.tif,C:/Users/VicUser/Documents/RobC/20260801/FL15\FL15-00000251_1.tif,148.067394,148.067725,1.278817,-10.383721,-10.430638,-10.389762,3.770961,0.000000,0.000000,0.000000
252,C:/Users/VicUser/Documents/RobC/20260801/FL15\FL15-00000252_0.tif,C:/Users/VicUser/Documents/RobC/20260801/FL15\FL15-00000252_1.tif,148.567414,148.567752,1.283918,-10.383721,-10.430638,-10.389762,3.785947,0.000000,0.000000,0.000000
253,C:/Users/VicUser/Documents/RobC/20260801/FL15\FL15-00000253_0.tif,C:/Users/VicUser/Documents/RobC/20260801/FL15\FL15-00000253_1.tif,149.067436,149.067756,1.291250,-10.383721,-10.430638,-10.389762,3.807491,0.000000,0.000000,0.000000
254,C:/Users/VicUser/Documents/RobC/20260801/FL15\FL15-00000254_0.tif,C:/Users/VicUser/Documents/RobC/20260801/FL15\FL15-00000254_1.tif,149.567464,149.567754,1.298264,-10.383721,-10.430638,-10.389762,3.828097,0.000000,0.000000,0.000000
255,C:/Users/VicUser/Documents/RobC/20260801/FL15\FL15-00000255_0.tif,C:/Users/VicUser/Documents/RobC/20260801/FL15\FL15-00000255_1.tif,150.067402,150.067745,1.306872,-10.383721,-10.430638,-10.389762,3.853386,0.000000,0.000000,0.000000
256,C:/Users/VicUser/Documents/RobC/20260801/FL15\FL15-00000256_0.tif,C:/Users/VicUser/Documents/RobC/20260801/FL15\FL15-00000256_1.tif,150.567432,150.567729,1.317074,-10.383721,-10.430638,-10.389762,3.883359,0.000000,0.000000,0.000000
257,C:/Users/VicUser/Documents/RobC/20260801/FL15\FL15-00000257_0.tif,C:/Users/VicUser/Documents/RobC/20260801/FL15\FL15-00000257_1.tif,151.067446,151.067701,1.318987,-10.383721,-10.430638,-10.389762,3.888979,0.000000,0.000000,0.000000
258,C:/Users/VicUser/Documents/RobC/20260801/FL15\FL15-00000258_0.tif,C:/Users/VicUser/Documents/RobC/20260801/FL15\FL15-00000258_1.tif,151.567432,151.567735,1.325044,-10.383721,-10.430638,-10.389762,3.906776,0.000000,0.000000,0.000000
259,C:/Users/VicUser/Documents/RobC/20260801/FL15\FL15-00000259_0.tif,C:/Users/VicUser/Documents/RobC/20260801/FL15\FL15-00000259_1.tif,152.067488,152.067840,1.331420,-10.383721,-10.430638,-10.389762,3.925508,0.000000,0.000000,0.000000
260,C:/Users/VicUser/Documents/RobC/20260801/FL15\FL15-00000260_0.tif,C:/Users/VicUser/Documents/RobC/20260801/FL15\FL15-00000260_1.tif,152.567482,152.567792,1.338434,-10.383721,-10.430638,-10.389762,3.946115,0.000000,0.000000,0.000000
261,C:/Users/VicUser/Documents/RobC/20260801/FL15\FL15-00000261_0.tif,C:/Users/VicUser/Documents/RobC/20260801/FL15\FL15-00000261_1.tif,153.067454,153.067757,1.344491,-10.383721,-10.430638,-10.389762,3.963911,0.000000,0.000000,0.000000
262,C:/Users/VicUser/Documents/RobC/20260801/FL15\FL15-00000262_0.tif,C:/Users/VicUser/Documents/RobC/20260801/FL15\FL15-00000262_1.tif,153.567426,153.567774,1.352780,-10.383721,-10.430638,-10.389762,3.988264,0.000000,0.000000,0.000000
263,C:/Users/VicUser/Documents/RobC/20260801/FL15\FL15-00000263_0.tif,C:/Users/VicUser/Documents/RobC/20260801/FL15\FL15-00000263_1.tif,154.067457,154.067777,1.358518,-10.383721,-10.430638,-10.389762,4.005124,0.000000,0.000000,0.000000
264,C:/Users/VicUser/Documents/RobC/20260801/FL15\FL15-00000264_0.tif,C:/Users/VicUser/Documents/RobC/20260801/FL15\FL15-00000264_1.tif,154.567347,154.567741,1.363619,-10.383721,-10.430638,-10.389762,4.020111,0.000000,0.000000,0.000000
265,C:/Users/VicUser/Documents/RobC/20260801/FL15\FL15-00000265_0.tif,C:/Users/VicUser/Documents/RobC/20260801/FL15\FL15-00000265_1.tif,155.067425,155.067770,1.371271,-10.383721,-10.430638,-10.389762,4.042590,0.000000,0.000000,0.000000
266,C:/Users/VicUser/Documents/RobC/20260801/FL15\FL15-00000266_0.tif,C:/Users/VicUser/Documents/RobC/20260801/FL15\FL15-00000266_1.tif,155.567364,155.567647,1.376690,-10.383721,-10.430638,-10.389762,4.058513,0.000000,0.000000,0.000000
267,C:/Users/VicUser/Documents/RobC/20260801/FL15\FL15-00000267_0.tif,C:/Users/VicUser/Documents/RobC/20260801/FL15\FL15-00000267_1.tif,156.067334,156.067748,1.383385,-10.383721,-10.430638,-10.389762,4.078183,0.000000,0.000000,0.000000
268,C:/Users/VicUser/Documents/RobC/20260801/FL15\FL15-00000268_0.tif,C:/Users/VicUser/Documents/RobC/20260801/FL15\FL15-00000268_1.tif,156.567444,156.567797,1.390080,-10.383721,-10.430638,-10.389762,4.097853,0.000000,0.000000,0.000000
269,C:/Users/VicUser/Documents/RobC/20260801/FL15\FL15-00000269_0.tif,C:/Users/VicUser/Documents/RobC/20260801/FL15\FL15-00000269_1.tif,157.067437,157.067659,1.396138,-10.383721,-10.430638,-10.389762,4.115649,0.000000,0.000000,0.000000
270,C:/Users/VicUser/Documents/RobC/20260801/FL15\FL15-00000270_0.tif,C:/Users/VicUser/Documents/RobC/20260801/FL15\FL15-00000270_1.tif,157.567410,157.567706,1.401557,-10.383721,-10.430638,-10.389762,4.131572,0.000000,0.000000,0.000000
271,C:/Users/VicUser/Documents/RobC/20260801/FL15\FL15-00000271_0.tif,C:/Users/VicUser/Documents/RobC/20260801/FL15\FL15-00000271_1.tif,158.067394,158.067677,1.410165,-10.383721,-10.430638,-10.389762,4.156862,0.000000,0.000000,0.000000
272,C:/Users/VicUser/Documents/RobC/20260801/FL15\FL15-00000272_0.tif,C:/Users/VicUser/Documents/RobC/20260801/FL15\FL15-00000272_1.tif,158.567412,158.567718,1.414310,-10.383721,-10.430638,-10.389762,4.169038,0.000000,0.000000,0.000000
273,C:/Users/VicUser/Documents/RobC/20260801/FL15\FL15-00000273_0.tif,C:/Users/VicUser/Documents/RobC/20260801/FL15\FL15-00000273_1.tif,159.067427,159.067715,1.423236,-10.383721,-10.430638,-10.389762,4.195264,0.000000,0.000000,0.000000
274,C:/Users/VicUser/Documents/RobC/20260801/FL15\FL15-00000274_0.tif,C:/Users/VicUser/Documents/RobC/20260801/FL15\FL15-00000274_1.tif,159.567406,159.567707,1.430250,-10.383721,-10.430638,-10.389762,4.215871,0.000000,0.000000,0.000000
275,C:/Users/VicUser/Documents/RobC/20260801/FL15\FL15-00000275_0.tif,C:/Users/VicUser/Documents/RobC/20260801/FL15\FL15-00000275_1.tif,160.067440,160.067765,1.435988,-10.383721,-10.430638,-10.389762,4.232730,0.000000,0.000000,0.000000
276,C:/Users/VicUser/Documents/RobC/20260801/FL15\FL15-00000276_0.tif,C:/Users/VicUser/Documents/RobC/20260801/FL15\FL15-00000276_1.tif,160.567392,160.567829,1.442046,-10.383721,-10.430638,-10.389762,4.250527,0.000000,0.000000,0.000000
277,C:/Users/VicUser/Documents/RobC/20260801/FL15\FL15-00000277_0.tif,C:/Users/VicUser/Documents/RobC/20260801/FL15\FL15-00000277_1.tif,161.067425,161.067693,1.448103,-10.383721,-10.430638,-10.389762,4.268323,0.000000,0.000000,0.000000
278,C:/Users/VicUser/Documents/RobC/20260801/FL15\FL15-00000278_0.tif,C:/Users/VicUser/Documents/RobC/20260801/FL15\FL15-00000278_1.tif,161.567420,161.567725,1.453523,-10.383721,-10.430638,-10.389762,4.284246,0.000000,0.000000,0.000000
279,C:/Users/VicUser/Documents/RobC/20260801/FL15\FL15-00000279_0.tif,C:/Users/VicUser/Documents/RobC/20260801/FL15\FL15-00000279_1.tif,162.067417,162.067738,1.462130,-10.383721,-10.430638,-10.389762,4.309536,0.000000,0.000000,0.000000
280,C:/Users/VicUser/Documents/RobC/20260801/FL15\FL15-00000280_0.tif,C:/Users/VicUser/Documents/RobC/20260801/FL15\FL15-00000280_1.tif,162.567491,162.567719,1.467231,-10.383721,-10.430638,-10.389762,4.324522,0.000000,0.000000,0.000000
281,C:/Users/VicUser/Documents/RobC/20260801/FL15\FL15-00000281_0.tif,C:/Users/VicUser/Documents/RobC/20260801/FL15\FL15-00000281_1.tif,163.067411,163.067807,1.476477,-10.383721,-10.430638,-10.389762,4.351685,0.000000,0.000000,0.000000
282,C:/Users/VicUser/Documents/RobC/20260801/FL15\FL15-00000282_0.tif,C:/Users/VicUser/Documents/RobC/20260801/FL15\FL15-00000282_1.tif,163.567440,163.567694,1.482215,-10.383721,-10.430638,-10.389762,4.368545,0.000000,0.000000,0.000000
283,C:/Users/VicUser/Documents/RobC/20260801/FL15\FL15-00000283_0.tif,C:/Users/VicUser/Documents/RobC/20260801/FL15\FL15-00000283_1.tif,164.067433,164.067754,1.489229,-10.383721,-10.430638,-10.389762,4.389151,0.000000,0.000000,0.000000
284,C:/Users/VicUser/Documents/RobC/20260801/FL15\FL15-00000284_0.tif,C:/Users/VicUser/Documents/RobC/20260801/FL15\FL15-00000284_1.tif,164.567451,164.567711,1.494649,-10.383721,-10.430638,-10.389762,4.405075,0.000000,0.000000,0.000000
285,C:/Users/VicUser/Documents/RobC/20260801/FL15\FL15-00000285_0.tif,C:/Users/VicUser/Documents/RobC/20260801/FL15\FL15-00000285_1.tif,165.067466,165.067857,1.501344,-10.383721,-10.430638,-10.389762,4.424744,0.000000,0.000000,0.000000
286,C:/Users/VicUser/Documents/RobC/20260801/FL15\FL15-00000286_0.tif,C:/Users/VicUser/Documents/RobC/20260801/FL15\FL15-00000286_1.tif,165.567440,165.567812,1.507082,-10.383721,-10.430638,-10.389762,4.441604,0.000000,0.000000,0.000000
287,C:/Users/VicUser/Documents/RobC/20260801/FL15\FL15-00000287_0.tif,C:/Users/VicUser/Documents/RobC/20260801/FL15\FL15-00000287_1.tif,166.067327,166.067626,1.513777,-10.383721,-10.430638,-10.389762,4.461274,0.000000,0.000000,0.000000
288,C:/Users/VicUser/Documents/RobC/20260801/FL15\FL15-00000288_0.tif,C:/Users/VicUser/Documents/RobC/20260801/FL15\FL15-00000288_1.tif,166.567399,166.567748,1.519516,-10.383721,-10.430638,-10.389762,4.478133,0.000000,0.000000,0.000000
289,C:/Users/VicUser/Documents/RobC/20260801/FL15\FL15-00000289_0.tif,C:/Users/VicUser/Documents/RobC/20260801/FL15\FL15-00000289_1.tif,167.067383,167.067782,1.527486,-10.383721,-10.430638,-10.389762,4.501550,0.000000,0.000000,0.000000
290,C:/Users/VicUser/Documents/RobC/20260801/FL15\FL15-00000290_0.tif,C:/Users/VicUser/Documents/RobC/20260801/FL15\FL15-00000290_1.tif,167.567415,167.567770,1.533862,-10.383721,-10.430638,-10.389762,4.520282,0.000000,0.000000,0.000000
291,C:/Users/VicUser/Documents/RobC/20260801/FL15\FL15-00000291_0.tif,C:/Users/VicUser/Documents/RobC/20260801/FL15\FL15-00000291_1.tif,168.067411,168.067793,1.539919,-10.383721,-10.430638,-10.389762,4.538079,0.000000,0.000000,0.000000
292,C:/Users/VicUser/Documents/RobC/20260801/FL15\FL15-00000292_0.tif,C:/Users/VicUser/Documents/RobC/20260801/FL15\FL15-00000292_1.tif,168.567410,168.567756,1.548208,-10.383721,-10.430638,-10.389762,4.562432,0.000000,0.000000,0.000000
293,C:/Users/VicUser/Documents/RobC/20260801/FL15\FL15-00000293_0.tif,C:/Users/VicUser/Documents/RobC/20260801/FL15\FL15-00000293_1.tif,169.067289,169.067808,1.553947,-10.383721,-10.430638,-10.389762,4.579292,0.000000,0.000000,0.000000
294,C:/Users/VicUser/Documents/RobC/20260801/FL15\FL15-00000294_0.tif,C:/Users/VicUser/Documents/RobC/20260801/FL15\FL15-00000294_1.tif,169.567353,169.567941,1.561917,-10.383721,-10.430638,-10.389762,4.602708,0.000000,0.000000,0.000000
295,C:/Users/VicUser/Documents/RobC/20260801/FL15\FL15-00000295_0.tif,C:/Users/VicUser/Documents/RobC/20260801/FL15\FL15-00000295_1.tif,170.067366,170.067785,1.566380,-10.383721,-10.430638,-10.389762,4.615821,0.000000,0.000000,0.000000
296,C:/Users/VicUser/Documents/RobC/20260801/FL15\FL15-00000296_0.tif,C:/Users/VicUser/Documents/RobC/20260801/FL15\FL15-00000296_1.tif,170.567291,170.567944,1.574350,-10.383721,-10.430638,-10.389762,4.639237,0.000000,0.000000,0.000000
297,C:/Users/VicUser/Documents/RobC/20260801/FL15\FL15-00000297_0.tif,C:/Users/VicUser/Documents/RobC/20260801/FL15\FL15-00000297_1.tif,171.067343,171.067699,1.579132,-10.383721,-10.430638,-10.389762,4.653287,0.000000,0.000000,0.000000
298,C:/Users/VicUser/Documents/RobC/20260801/FL15\FL15-00000298_0.tif,C:/Users/VicUser/Documents/RobC/20260801/FL15\FL15-00000298_1.tif,171.567453,171.567891,1.587102,-10.383721,-10.430638,-10.389762,4.676704,0.000000,0.000000,0.000000
299,C:/Users/VicUser/Documents/RobC/20260801/FL15\FL15-00000299_0.tif,C:/Users/VicUser/Documents/RobC/20260801/FL15\FL15-00000299_1.tif,172.067378,172.067937,1.595391,-10.383721,-10.430638,-10.389762,4.701057,0.000000,0.000000,0.000000
300,C:/Users/VicUser/Documents/RobC/20260801/FL15\FL15-00000300_0.tif,C:/Users/VicUser/Documents/RobC/20260801/FL15\FL15-00000300_1.tif,172.567385,172.567830,1.602086,-10.383721,-10.430638,-10.389762,4.720726,0.000000,0.000000,0.000000
301,C:/Users/VicUser/Documents/RobC/20260801/FL15\FL15-00000301_0.tif,C:/Users/VicUser/Documents/RobC/20260801/FL15\FL15-00000301_1.tif,173.067351,173.067688,1.608781,-10.383721,-10.430638,-10.389762,4.740396,0.000000,0.000000,0.000000
302,C:/Users/VicUser/Documents/RobC/20260801/FL15\FL15-00000302_0.tif,C:/Users/VicUser/Documents/RobC/20260801/FL15\FL15-00000302_1.tif,173.567430,173.567829,1.616114,-10.383721,-10.430638,-10.389762,4.761939,0.000000,0.000000,0.000000
303,C:/Users/VicUser/Documents/RobC/20260801/FL15\FL15-00000303_0.tif,C:/Users/VicUser/Documents/RobC/20260801/FL15\FL15-00000303_1.tif,174.067383,174.067795,1.621533,-10.383721,-10.430638,-10.389762,4.777862,0.000000,0.000000,0.000000
304,C:/Users/VicUser/Documents/RobC/20260801/FL15\FL15-00000304_0.tif,C:/Users/VicUser/Documents/RobC/20260801/FL15\FL15-00000304_1.tif,174.567386,174.567829,1.627591,-10.383721,-10.430638,-10.389762,4.795658,0.000000,0.000000,0.000000
305,C:/Users/VicUser/Documents/RobC/20260801/FL15\FL15-00000305_0.tif,C:/Users/VicUser/Documents/RobC/20260801/FL15\FL15-00000305_1.tif,175.067451,175.067800,1.634923,-10.383721,-10.430638,-10.389762,4.817201,0.000000,0.000000,0.000000
306,C:/Users/VicUser/Documents/RobC/20260801/FL15\FL15-00000306_0.tif,C:/Users/VicUser/Documents/RobC/20260801/FL15\FL15-00000306_1.tif,175.567351,175.567861,1.642575,-10.383721,-10.430638,-10.389762,4.839681,0.000000,0.000000,0.000000
307,C:/Users/VicUser/Documents/RobC/20260801/FL15\FL15-00000307_0.tif,C:/Users/VicUser/Documents/RobC/20260801/FL15\FL15-00000307_1.tif,176.067341,176.067915,1.648632,-10.383721,-10.430638,-10.389762,4.857477,0.000000,0.000000,0.000000
308,C:/Users/VicUser/Documents/RobC/20260801/FL15\FL15-00000308_0.tif,C:/Users/VicUser/Documents/RobC/20260801/FL15\FL15-00000308_1.tif,176.567421,176.567807,1.655964,-10.383721,-10.430638,-10.389762,4.879020,0.000000,0.000000,0.000000
309,C:/Users/VicUser/Documents/RobC/20260801/FL15\FL15-00000309_0.tif,C:/Users/VicUser/Documents/RobC/20260801/FL15\FL15-00000309_1.tif,177.067348,177.067880,1.663616,-10.383721,-10.430638,-10.389762,4.901500,0.000000,0.000000,0.000000
310,C:/Users/VicUser/Documents/RobC/20260801/FL15\FL15-00000310_0.tif,C:/Users/VicUser/Documents/RobC/20260801/FL15\FL15-00000310_1.tif,177.567456,177.567901,1.670630,-10.383721,-10.430638,-10.389762,4.922106,0.000000,0.000000,0.000000
311,C:/Users/VicUser/Documents/RobC/20260801/FL15\FL15-00000311_0.tif,C:/Users/VicUser/Documents/RobC/20260801/FL15\FL15-00000311_1.tif,178.067404,178.067737,1.676687,-10.383721,-10.430638,-10.389762,4.939903,0.000000,0.000000,0.000000
312,C:/Users/VicUser/Documents/RobC/20260801/FL15\FL15-00000312_0.tif,C:/Users/VicUser/Documents/RobC/20260801/FL15\FL15-00000312_1.tif,178.567388,178.567703,1.684657,-10.383721,-10.430638,-10.389762,4.963319,0.000000,0.000000,0.000000
313,C:/Users/VicUser/Documents/RobC/20260801/FL15\FL15-00000313_0.tif,C:/Users/VicUser/Documents/RobC/20260801/FL15\FL15-00000313_1.tif,179.067523,179.067955,1.691033,-10.383721,-10.430638,-10.389762,4.982052,0.000000,0.000000,0.000000
314,C:/Users/VicUser/Documents/RobC/20260801/FL15\FL15-00000314_0.tif,C:/Users/VicUser/Documents/RobC/20260801/FL15\FL15-00000314_1.tif,179.567504,179.567947,1.700916,-10.383721,-10.430638,-10.389762,5.011088,0.000000,0.000000,0.000000
315,C:/Users/VicUser/Documents/RobC/20260801/FL15\FL15-00000315_0.tif,C:/Users/VicUser/Documents/RobC/20260801/FL15\FL15-00000315_1.tif,180.067498,180.067888,1.706017,-10.383721,-10.430638,-10.389762,5.026075,0.000000,0.000000,0.000000
316,C:/Users/VicUser/Documents/RobC/20260801/FL15\FL15-00000316_0.tif,C:/Users/VicUser/Documents/RobC/20260801/FL15\FL15-00000316_1.tif,180.567471,180.567829,1.716219,-10.383721,-10.430638,-10.389762,5.056048,0.000000,0.000000,0.000000
317,C:/Users/VicUser/Documents/RobC/20260801/FL15\FL15-00000317_0.tif,C:/Users/VicUser/Documents/RobC/20260801/FL15\FL15-00000317_1.tif,181.067501,181.067839,1.723233,-10.383721,-10.430638,-10.389762,5.076654,0.000000,0.000000,0.000000
318,C:/Users/VicUser/Documents/RobC/20260801/FL15\FL15-00000318_0.tif,C:/Users/VicUser/Documents/RobC/20260801/FL15\FL15-00000318_1.tif,181.567399,181.567752,1.732797,-10.383721,-10.430638,-10.389762,5.104754,0.000000,0.000000,0.000000
319,C:/Users/VicUser/Documents/RobC/20260801/FL15\FL15-00000319_0.tif,C:/Users/VicUser/Documents/RobC/20260801/FL15\FL15-00000319_1.tif,182.067397,182.067847,1.738854,-10.383721,-10.430638,-10.389762,5.122550,0.000000,0.000000,0.000000
320,C:/Users/VicUser/Documents/RobC/20260801/FL15\FL15-00000320_0.tif,C:/Users/VicUser/Documents/RobC/20260801/FL15\FL15-00000320_1.tif,182.567470,182.567672,1.748099,-10.383721,-10.430638,-10.389762,5.149713,0.000000,0.000000,0.000000
321,C:/Users/VicUser/Documents/RobC/20260801/FL15\FL15-00000321_0.tif,C:/Users/VicUser/Documents/RobC/20260801/FL15\FL15-00000321_1.tif,183.067395,183.067791,1.755751,-10.383721,-10.430638,-10.389762,5.172192,0.000000,0.000000,0.000000
322,C:/Users/VicUser/Documents/RobC/20260801/FL15\FL15-00000322_0.tif,C:/Users/VicUser/Documents/RobC/20260801/FL15\FL15-00000322_1.tif,183.567394,183.567715,1.762127,-10.383721,-10.430638,-10.389762,5.190926,0.000000,0.000000,0.000000
323,C:/Users/VicUser/Documents/RobC/20260801/FL15\FL15-00000323_0.tif,C:/Users/VicUser/Documents/RobC/20260801/FL15\FL15-00000323_1.tif,184.067378,184.067658,1.771053,-10.383721,-10.430638,-10.389762,5.217152,0.000000,0.000000,0.000000
324,C:/Users/VicUser/Documents/RobC/20260801/FL15\FL15-00000324_0.tif,C:/Users/VicUser/Documents/RobC/20260801/FL15\FL15-00000324_1.tif,184.567496,184.567830,1.779661,-10.383721,-10.430638,-10.389762,5.242441,0.000000,0.000000,0.000000
325,C:/Users/VicUser/Documents/RobC/20260801/FL15\FL15-00000325_0.tif,C:/Users/VicUser/Documents/RobC/20260801/FL15\FL15-00000325_1.tif,185.067381,185.067679,1.787631,-10.383721,-10.430638,-10.389762,5.265858,0.000000,0.000000,0.000000
326,C:/Users/VicUser/Documents/RobC/20260801/FL15\FL15-00000326_0.tif,C:/Users/VicUser/Documents/RobC/20260801/FL15\FL15-00000326_1.tif,185.567401,185.567732,1.797196,-10.383721,-10.430638,-10.389762,5.293957,0.000000,0.000000,0.000000
327,C:/Users/VicUser/Documents/RobC/20260801/FL15\FL15-00000327_0.tif,C:/Users/VicUser/Documents/RobC/20260801/FL15\FL15-00000327_1.tif,186.067428,186.067864,1.806122,-10.383721,-10.430638,-10.389762,5.320183,0.000000,0.000000,0.000000
328,C:/Users/VicUser/Documents/RobC/20260801/FL15\FL15-00000328_0.tif,C:/Users/VicUser/Documents/RobC/20260801/FL15\FL15-00000328_1.tif,186.567434,186.567895,1.813455,-10.383721,-10.430638,-10.389762,5.341726,0.000000,0.000000,0.000000
329,C:/Users/VicUser/Documents/RobC/20260801/FL15\FL15-00000329_0.tif,C:/Users/VicUser/Documents/RobC/20260801/FL15\FL15-00000329_1.tif,187.067417,187.067960,1.820150,-10.383721,-10.430638,-10.389762,5.361396,0.000000,0.000000,0.000000
330,C:/Users/VicUser/Documents/RobC/20260801/FL15\FL15-00000330_0.tif,C:/Users/VicUser/Documents/RobC/20260801/FL15\FL15-00000330_1.tif,187.567434,187.567680,1.831627,-10.383721,-10.430638,-10.389762,5.395116,0.000000,0.000000,0.000000
331,C:/Users/VicUser/Documents/RobC/20260801/FL15\FL15-00000331_0.tif,C:/Users/VicUser/Documents/RobC/20260801/FL15\FL15-00000331_1.tif,188.067366,188.067949,1.838322,-10.383721,-10.430638,-10.389762,5.414785,0.000000,0.000000,0.000000
332,C:/Users/VicUser/Documents/RobC/20260801/FL15\FL15-00000332_0.tif,C:/Users/VicUser/Documents/RobC/20260801/FL15\FL15-00000332_1.tif,188.567425,188.567706,1.845335,-10.383721,-10.430638,-10.389762,5.435392,0.000000,0.000000,0.000000
333,C:/Users/VicUser/Documents/RobC/20260801/FL15\FL15-00000333_0.tif,C:/Users/VicUser/Documents/RobC/20260801/FL15\FL15-00000333_1.tif,189.067406,189.067738,1.854581,-10.383721,-10.430638,-10.389762,5.462555,0.000000,0.000000,0.000000
334,C:/Users/VicUser/Documents/RobC/20260801/FL15\FL15-00000334_0.tif,C:/Users/VicUser/Documents/RobC/20260801/FL15\FL15-00000334_1.tif,189.567458,189.567721,1.862232,-10.383721,-10.430638,-10.389762,5.485034,0.000000,0.000000,0.000000
335,C:/Users/VicUser/Documents/RobC/20260801/FL15\FL15-00000335_0.tif,C:/Users/VicUser/Documents/RobC/20260801/FL15\FL15-00000335_1.tif,190.067427,190.067843,1.871159,-10.383721,-10.430638,-10.389762,5.511261,0.000000,0.000000,0.000000
336,C:/Users/VicUser/Documents/RobC/20260801/FL15\FL15-00000336_0.tif,C:/Users/VicUser/Documents/RobC/20260801/FL15\FL15-00000336_1.tif,190.567421,190.567746,1.879447,-10.383721,-10.430638,-10.389762,5.535613,0.000000,0.000000,0.000000
337,C:/Users/VicUser/Documents/RobC/20260801/FL15\FL15-00000337_0.tif,C:/Users/VicUser/Documents/RobC/20260801/FL15\FL15-00000337_1.tif,191.067452,191.067696,1.888055,-10.383721,-10.430638,-10.389762,5.560903,0.000000,0.000000,0.000000
338,C:/Users/VicUser/Documents/RobC/20260801/FL15\FL15-00000338_0.tif,C:/Users/VicUser/Documents/RobC/20260801/FL15\FL15-00000338_1.tif,191.567388,191.567706,1.896025,-10.383721,-10.430638,-10.389762,5.584319,0.000000,0.000000,0.000000
339,C:/Users/VicUser/Documents/RobC/20260801/FL15\FL15-00000339_0.tif,C:/Users/VicUser/Documents/RobC/20260801/FL15\FL15-00000339_1.tif,192.067425,192.067906,1.905908,-10.383721,-10.430638,-10.389762,5.613355,0.000000,0.000000,0.000000
340,C:/Users/VicUser/Documents/RobC/20260801/FL15\FL15-00000340_0.tif,C:/Users/VicUser/Documents/RobC/20260801/FL15\FL15-00000340_1.tif,192.567405,192.567732,1.913879,-10.383721,-10.430638,-10.389762,5.636772,0.000000,0.000000,0.000000
341,C:/Users/VicUser/Documents/RobC/20260801/FL15\FL15-00000341_0.tif,C:/Users/VicUser/Documents/RobC/20260801/FL15\FL15-00000341_1.tif,193.067366,193.067718,1.922805,-10.383721,-10.430638,-10.389762,5.662998,0.000000,0.000000,0.000000
342,C:/Users/VicUser/Documents/RobC/20260801/FL15\FL15-00000342_0.tif,C:/Users/VicUser/Documents/RobC/20260801/FL15\FL15-00000342_1.tif,193.567413,193.567791,1.929181,-10.383721,-10.430638,-10.389762,5.681731,0.000000,0.000000,0.000000
343,C:/Users/VicUser/Documents/RobC/20260801/FL15\FL15-00000343_0.tif,C:/Users/VicUser/Documents/RobC/20260801/FL15\FL15-00000343_1.tif,194.067400,194.067674,1.939064,-10.383721,-10.430638,-10.389762,5.710767,0.000000,0.000000,0.000000
344,C:/Users/VicUser/Documents/RobC/20260801/FL15\FL15-00000344_0.tif,C:/Users/VicUser/Documents/RobC/20260801/FL15\FL15-00000344_1.tif,194.567399,194.567735,1.945440,-10.383721,-10.430638,-10.389762,5.729500,0.000000,0.000000,0.000000
345,C:/Users/VicUser/Documents/RobC/20260801/FL15\FL15-00000345_0.tif,C:/Users/VicUser/Documents/RobC/20260801/FL15\FL15-00000345_1.tif,195.067440,195.067851,1.955005,-10.383721,-10.430638,-10.389762,5.757600,0.000000,0.000000,0.000000
346,C:/Users/VicUser/Documents/RobC/20260801/FL15\FL15-00000346_0.tif,C:/Users/VicUser/Documents/RobC/20260801/FL15\FL15-00000346_1.tif,195.567417,195.567673,1.960105,-10.383721,-10.430638,-10.389762,5.772586,0.000000,0.000000,0.000000
347,C:/Users/VicUser/Documents/RobC/20260801/FL15\FL15-00000347_0.tif,C:/Users/VicUser/Documents/RobC/20260801/FL15\FL15-00000347_1.tif,196.067349,196.067727,1.966482,-10.383721,-10.430638,-10.389762,5.791319,0.000000,0.000000,0.000000
348,C:/Users/VicUser/Documents/RobC/20260801/FL15\FL15-00000348_0.tif,C:/Users/VicUser/Documents/RobC/20260801/FL15\FL15-00000348_1.tif,196.567438,196.567803,1.975089,-10.383721,-10.430638,-10.389762,5.816609,0.000000,0.000000,0.000000
349,C:/Users/VicUser/Documents/RobC/20260801/FL15\FL15-00000349_0.tif,C:/Users/VicUser/Documents/RobC/20260801/FL15\FL15-00000349_1.tif,197.067417,197.067943,1.982103,-10.383721,-10.430638,-10.389762,5.837215,0.000000,0.000000,0.000000
350,C:/Users/VicUser/Documents/RobC/20260801/FL15\FL15-00000350_0.tif,C:/Users/VicUser/Documents/RobC/20260801/FL15\FL15-00000350_1.tif,197.567399,197.567640,1.991030,-10.383721,-10.430638,-10.389762,5.863442,0.000000,0.000000,0.000000
351,C:/Users/VicUser/Documents/RobC/20260801/FL15\FL15-00000351_0.tif,C:/Users/VicUser/Documents/RobC/20260801/FL15\FL15-00000351_1.tif,198.067424,198.067923,1.996768,-10.383721,-10.430638,-10.389762,5.880301,0.000000,0.000000,0.000000
352,C:/Users/VicUser/Documents/RobC/20260801/FL15\FL15-00000352_0.tif,C:/Users/VicUser/Documents/RobC/20260801/FL15\FL15-00000352_1.tif,198.567437,198.567719,2.003782,-10.383721,-10.430638,-10.389762,5.900908,0.000000,0.000000,0.000000
353,C:/Users/VicUser/Documents/RobC/20260801/FL15\FL15-00000353_0.tif,C:/Users/VicUser/Documents/RobC/20260801/FL15\FL15-00000353_1.tif,199.067432,199.067754,2.012708,-10.383721,-10.430638,-10.389762,5.927134,0.000000,0.000000,0.000000
354,C:/Users/VicUser/Documents/RobC/20260801/FL15\FL15-00000354_0.tif,C:/Users/VicUser/Documents/RobC/20260801/FL15\FL15-00000354_1.tif,199.567418,199.567806,2.019722,-10.383721,-10.430638,-10.389762,5.947741,0.000000,0.000000,0.000000
355,C:/Users/VicUser/Documents/RobC/20260801/FL15\FL15-00000355_0.tif,C:/Users/VicUser/Documents/RobC/20260801/FL15\FL15-00000355_1.tif,200.067416,200.067776,2.025779,-10.383721,-10.430638,-10.389762,5.965537,0.000000,0.000000,0.000000
356,C:/Users/VicUser/Documents/RobC/20260801/FL15\FL15-00000356_0.tif,C:/Users/VicUser/Documents/RobC/20260801/FL15\FL15-00000356_1.tif,200.567475,200.567789,2.024185,-10.383721,-10.430638,-10.389762,5.960853,0.000000,0.000000,0.000000
357,C:/Users/VicUser/Documents/RobC/20260801/FL15\FL15-00000357_0.tif,C:/Users/VicUser/Documents/RobC/20260801/FL15\FL15-00000357_1.tif,201.067392,201.068003,2.028649,-10.383721,-10.430638,-10.389762,5.973966,0.000000,0.000000,0.000000
358,C:/Users/VicUser/Documents/RobC/20260801/FL15\FL15-00000358_0.tif,C:/Users/VicUser/Documents/RobC/20260801/FL15\FL15-00000358_1.tif,201.567424,201.567738,2.036619,-10.383721,-10.430638,-10.389762,5.997383,0.000000,0.000000,0.000000
359,C:/Users/VicUser/Documents/RobC/20260801/FL15\FL15-00000359_0.tif,C:/Users/VicUser/Documents/RobC/20260801/FL15\FL15-00000359_1.tif,202.067415,202.067673,2.044270,-10.383721,-10.430638,-10.389762,6.019863,0.000000,0.000000,0.000000
360,C:/Users/VicUser/Documents/RobC/20260801/FL15\FL15-00000360_0.tif,C:/Users/VicUser/Documents/RobC/20260801/FL15\FL15-00000360_1.tif,202.567452,202.567731,2.052240,-10.383721,-10.430638,-10.389762,6.043279,0.000000,0.000000,0.000000
361,C:/Users/VicUser/Documents/RobC/20260801/FL15\FL15-00000361_0.tif,C:/Users/VicUser/Documents/RobC/20260801/FL15\FL15-00000361_1.tif,203.067397,203.068053,2.061805,-10.383721,-10.430638,-10.389762,6.071378,0.000000,0.000000,0.000000
362,C:/Users/VicUser/Documents/RobC/20260801/FL15\FL15-00000362_0.tif,C:/Users/VicUser/Documents/RobC/20260801/FL15\FL15-00000362_1.tif,203.567434,203.567753,2.068500,-10.383721,-10.430638,-10.389762,6.091048,0.000000,0.000000,0.000000
363,C:/Users/VicUser/Documents/RobC/20260801/FL15\FL15-00000363_0.tif,C:/Users/VicUser/Documents/RobC/20260801/FL15\FL15-00000363_1.tif,204.067509,204.067849,2.076470,-10.383721,-10.430638,-10.389762,6.114464,0.000000,0.000000,0.000000
364,C:/Users/VicUser/Documents/RobC/20260801/FL15\FL15-00000364_0.tif,C:/Users/VicUser/Documents/RobC/20260801/FL15\FL15-00000364_1.tif,204.567421,204.567842,2.082208,-10.383721,-10.430638,-10.389762,6.131324,0.000000,0.000000,0.000000
365,C:/Users/VicUser/Documents/RobC/20260801/FL15\FL15-00000365_0.tif,C:/Users/VicUser/Documents/RobC/20260801/FL15\FL15-00000365_1.tif,205.067457,205.067823,2.091772,-10.383721,-10.430638,-10.389762,6.159424,0.000000,0.000000,0.000000
366,C:/Users/VicUser/Documents/RobC/20260801/FL15\FL15-00000366_0.tif,C:/Users/VicUser/Documents/RobC/20260801/FL15\FL15-00000366_1.tif,205.567419,205.567786,2.099424,-10.383721,-10.430638,-10.389762,6.181903,0.000000,0.000000,0.000000
367,C:/Users/VicUser/Documents/RobC/20260801/FL15\FL15-00000367_0.tif,C:/Users/VicUser/Documents/RobC/20260801/FL15\FL15-00000367_1.tif,206.067330,206.067776,2.105800,-10.383721,-10.430638,-10.389762,6.200636,0.000000,0.000000,0.000000
368,C:/Users/VicUser/Documents/RobC/20260801/FL15\FL15-00000368_0.tif,C:/Users/VicUser/Documents/RobC/20260801/FL15\FL15-00000368_1.tif,206.567464,206.567783,2.114089,-10.383721,-10.430638,-10.389762,6.224989,0.000000,0.000000,0.000000
369,C:/Users/VicUser/Documents/RobC/20260801/FL15\FL15-00000369_0.tif,C:/Users/VicUser/Documents/RobC/20260801/FL15\FL15-00000369_1.tif,207.067420,207.067782,2.122378,-10.383721,-10.430638,-10.389762,6.249342,0.000000,0.000000,0.000000
370,C:/Users/VicUser/Documents/RobC/20260801/FL15\FL15-00000370_0.tif,C:/Users/VicUser/Documents/RobC/20260801/FL15\FL15-00000370_1.tif,207.567520,207.568019,2.130667,-10.383721,-10.430638,-10.389762,6.273695,0.000000,0.000000,0.000000
371,C:/Users/VicUser/Documents/RobC/20260801/FL15\FL15-00000371_0.tif,C:/Users/VicUser/Documents/RobC/20260801/FL15\FL15-00000371_1.tif,208.067473,208.067751,2.137043,-10.383721,-10.430638,-10.389762,6.292428,0.000000,0.000000,0.000000
372,C:/Users/VicUser/Documents/RobC/20260801/FL15\FL15-00000372_0.tif,C:/Users/VicUser/Documents/RobC/20260801/FL15\FL15-00000372_1.tif,208.567532,208.567855,2.144375,-10.383721,-10.430638,-10.389762,6.313971,0.000000,0.000000,0.000000
373,C:/Users/VicUser/Documents/RobC/20260801/FL15\FL15-00000373_0.tif,C:/Users/VicUser/Documents/RobC/20260801/FL15\FL15-00000373_1.tif,209.067409,209.067892,2.150751,-10.383721,-10.430638,-10.389762,6.332704,0.000000,0.000000,0.000000
374,C:/Users/VicUser/Documents/RobC/20260801/FL15\FL15-00000374_0.tif,C:/Users/VicUser/Documents/RobC/20260801/FL15\FL15-00000374_1.tif,209.567483,209.567721,2.158084,-10.383721,-10.430638,-10.389762,6.354247,0.000000,0.000000,0.000000
375,C:/Users/VicUser/Documents/RobC/20260801/FL15\FL15-00000375_0.tif,C:/Users/VicUser/Documents/RobC/20260801/FL15\FL15-00000375_1.tif,210.067459,210.067769,2.167648,-10.383721,-10.430638,-10.389762,6.382347,0.000000,0.000000,0.000000
376,C:/Users/VicUser/Documents/RobC/20260801/FL15\FL15-00000376_0.tif,C:/Users/VicUser/Documents/RobC/20260801/FL15\FL15-00000376_1.tif,210.567514,210.567796,2.174024,-10.383721,-10.430638,-10.389762,6.401080,0.000000,0.000000,0.000000
377,C:/Users/VicUser/Documents/RobC/20260801/FL15\FL15-00000377_0.tif,C:/Users/VicUser/Documents/RobC/20260801/FL15\FL15-00000377_1.tif,211.067466,211.067643,2.181994,-10.383721,-10.430638,-10.389762,6.424496,0.000000,0.000000,0.000000
378,C:/Users/VicUser/Documents/RobC/20260801/FL15\FL15-00000378_0.tif,C:/Users/VicUser/Documents/RobC/20260801/FL15\FL15-00000378_1.tif,211.567395,211.567703,2.189965,-10.383721,-10.430638,-10.389762,6.447912,0.000000,0.000000,0.000000
379,C:/Users/VicUser/Documents/RobC/20260801/FL15\FL15-00000379_0.tif,C:/Users/VicUser/Documents/RobC/20260801/FL15\FL15-00000379_1.tif,212.067427,212.067659,2.197935,-10.383721,-10.430638,-10.389762,6.471329,0.000000,0.000000,0.000000
380,C:/Users/VicUser/Documents/RobC/20260801/FL15\FL15-00000380_0.tif,C:/Users/VicUser/Documents/RobC/20260801/FL15\FL15-00000380_1.tif,212.567410,212.567761,2.203992,-10.383721,-10.430638,-10.389762,6.489125,0.000000,0.000000,0.000000
381,C:/Users/VicUser/Documents/RobC/20260801/FL15\FL15-00000381_0.tif,C:/Users/VicUser/Documents/RobC/20260801/FL15\FL15-00000381_1.tif,213.067495,213.067764,2.210687,-10.383721,-10.430638,-10.389762,6.508795,0.000000,0.000000,0.000000
382,C:/Users/VicUser/Documents/RobC/20260801/FL15\FL15-00000382_0.tif,C:/Users/VicUser/Documents/RobC/20260801/FL15\FL15-00000382_1.tif,213.567400,213.567709,2.218019,-10.383721,-10.430638,-10.389762,6.530338,0.000000,0.000000,0.000000
383,C:/Users/VicUser/Documents/RobC/20260801/FL15\FL15-00000383_0.tif,C:/Users/VicUser/Documents/RobC/20260801/FL15\FL15-00000383_1.tif,214.067361,214.067710,2.225352,-10.383721,-10.430638,-10.389762,6.551881,0.000000,0.000000,0.000000
384,C:/Users/VicUser/Documents/RobC/20260801/FL15\FL15-00000384_0.tif,C:/Users/VicUser/Documents/RobC/20260801/FL15\FL15-00000384_1.tif,214.567440,214.567724,2.233322,-10.383721,-10.430638,-10.389762,6.575297,0.000000,0.000000,0.000000
385,C:/Users/VicUser/Documents/RobC/20260801/FL15\FL15-00000385_0.tif,C:/Users/VicUser/Documents/RobC/20260801/FL15\FL15-00000385_1.tif,215.067396,215.067703,2.239698,-10.383721,-10.430638,-10.389762,6.594030,0.000000,0.000000,0.000000
386,C:/Users/VicUser/Documents/RobC/20260801/FL15\FL15-00000386_0.tif,C:/Users/VicUser/Documents/RobC/20260801/FL15\FL15-00000386_1.tif,215.567408,215.567747,2.247987,-10.383721,-10.430638,-10.389762,6.618383,0.000000,0.000000,0.000000
387,C:/Users/VicUser/Documents/RobC/20260801/FL15\FL15-00000387_0.tif,C:/Users/VicUser/Documents/RobC/20260801/FL15\FL15-00000387_1.tif,216.067400,216.067665,2.255639,-10.383721,-10.430638,-10.389762,6.640863,0.000000,0.000000,0.000000
388,C:/Users/VicUser/Documents/RobC/20260801/FL15\FL15-00000388_0.tif,C:/Users/VicUser/Documents/RobC/20260801/FL15\FL15-00000388_1.tif,216.567469,216.567744,2.263609,-10.383721,-10.430638,-10.389762,6.664279,0.000000,0.000000,0.000000
389,C:/Users/VicUser/Documents/RobC/20260801/FL15\FL15-00000389_0.tif,C:/Users/VicUser/Documents/RobC/20260801/FL15\FL15-00000389_1.tif,217.067424,217.067748,2.269985,-10.383721,-10.430638,-10.389762,6.683012,0.000000,0.000000,0.000000
390,C:/Users/VicUser/Documents/RobC/20260801/FL15\FL15-00000390_0.tif,C:/Users/VicUser/Documents/RobC/20260801/FL15\FL15-00000390_1.tif,217.567403,217.567720,2.277955,-10.383721,-10.430638,-10.389762,6.706429,0.000000,0.000000,0.000000
391,C:/Users/VicUser/Documents/RobC/20260801/FL15\FL15-00000391_0.tif,C:/Users/VicUser/Documents/RobC/20260801/FL15\FL15-00000391_1.tif,218.067434,218.067766,2.285606,-10.383721,-10.430638,-10.389762,6.728908,0.000000,0.000000,0.000000
392,C:/Users/VicUser/Documents/RobC/20260801/FL15\FL15-00000392_0.tif,C:/Users/VicUser/Documents/RobC/20260801/FL15\FL15-00000392_1.tif,218.567488,218.567679,2.292301,-10.383721,-10.430638,-10.389762,6.748577,0.000000,0.000000,0.000000
393,C:/Users/VicUser/Documents/RobC/20260801/FL15\FL15-00000393_0.tif,C:/Users/VicUser/Documents/RobC/20260801/FL15\FL15-00000393_1.tif,219.067440,219.067791,2.301228,-10.383721,-10.430638,-10.389762,6.774804,0.000000,0.000000,0.000000
394,C:/Users/VicUser/Documents/RobC/20260801/FL15\FL15-00000394_0.tif,C:/Users/VicUser/Documents/RobC/20260801/FL15\FL15-00000394_1.tif,219.567435,219.567784,2.306648,-10.383721,-10.430638,-10.389762,6.790727,0.000000,0.000000,0.000000
395,C:/Users/VicUser/Documents/RobC/20260801/FL15\FL15-00000395_0.tif,C:/Users/VicUser/Documents/RobC/20260801/FL15\FL15-00000395_1.tif,220.067380,220.067744,2.314936,-10.383721,-10.430638,-10.389762,6.815080,0.000000,0.000000,0.000000
396,C:/Users/VicUser/Documents/RobC/20260801/FL15\FL15-00000396_0.tif,C:/Users/VicUser/Documents/RobC/20260801/FL15\FL15-00000396_1.tif,220.567387,220.567759,2.322907,-10.383721,-10.430638,-10.389762,6.838497,0.000000,0.000000,0.000000
397,C:/Users/VicUser/Documents/RobC/20260801/FL15\FL15-00000397_0.tif,C:/Users/VicUser/Documents/RobC/20260801/FL15\FL15-00000397_1.tif,221.067445,221.067755,2.329283,-10.383721,-10.430638,-10.389762,6.857229,0.000000,0.000000,0.000000
398,C:/Users/VicUser/Documents/RobC/20260801/FL15\FL15-00000398_0.tif,C:/Users/VicUser/Documents/RobC/20260801/FL15\FL15-00000398_1.tif,221.567442,221.567814,2.335978,-10.383721,-10.430638,-10.389762,6.876899,0.000000,0.000000,0.000000
399,C:/Users/VicUser/Documents/RobC/20260801/FL15\FL15-00000399_0.tif,C:/Users/VicUser/Documents/RobC/20260801/FL15\FL15-00000399_1.tif,222.067447,222.067719,2.343629,-10.383721,-10.430638,-10.389762,6.899379,0.000000,0.000000,0.000000
400,C:/Users/VicUser/Documents/RobC/20260801/FL15\FL15-00000400_0.tif,C:/Users/VicUser/Documents/RobC/20260801/FL15\FL15-00000400_1.tif,222.567441,222.567809,2.350005,-10.383721,-10.430638,-10.389762,6.918112,0.000000,0.000000,0.000000
401,C:/Users/VicUser/Documents/RobC/20260801/FL15\FL15-00000401_0.tif,C:/Users/VicUser/Documents/RobC/20260801/FL15\FL15-00000401_1.tif,223.067396,223.067728,2.358613,-10.383721,-10.430638,-10.389762,6.943402,0.000000,0.000000,0.000000
402,C:/Users/VicUser/Documents/RobC/20260801/FL15\FL15-00000402_0.tif,C:/Users/VicUser/Documents/RobC/20260801/FL15\FL15-00000402_1.tif,223.567438,223.567756,2.366264,-10.383721,-10.430638,-10.389762,6.965881,0.000000,0.000000,0.000000
403,C:/Users/VicUser/Documents/RobC/20260801/FL15\FL15-00000403_0.tif,C:/Users/VicUser/Documents/RobC/20260801/FL15\FL15-00000403_1.tif,224.067374,224.067735,2.370728,-10.383721,-10.430638,-10.389762,6.978994,0.000000,0.000000,0.000000
404,C:/Users/VicUser/Documents/RobC/20260801/FL15\FL15-00000404_0.tif,C:/Users/VicUser/Documents/RobC/20260801/FL15\FL15-00000404_1.tif,224.567396,224.567718,2.379973,-10.383721,-10.430638,-10.389762,7.006157,0.000000,0.000000,0.000000
405,C:/Users/VicUser/Documents/RobC/20260801/FL15\FL15-00000405_0.tif,C:/Users/VicUser/Documents/RobC/20260801/FL15\FL15-00000405_1.tif,225.067450,225.067699,2.386987,-10.383721,-10.430638,-10.389762,7.026764,0.000000,0.000000,0.000000
406,C:/Users/VicUser/Documents/RobC/20260801/FL15\FL15-00000406_0.tif,C:/Users/VicUser/Documents/RobC/20260801/FL15\FL15-00000406_1.tif,225.567379,225.567732,2.394957,-10.383721,-10.430638,-10.389762,7.050180,0.000000,0.000000,0.000000
407,C:/Users/VicUser/Documents/RobC/20260801/FL15\FL15-00000407_0.tif,C:/Users/VicUser/Documents/RobC/20260801/FL15\FL15-00000407_1.tif,226.067433,226.067789,2.401014,-10.383721,-10.430638,-10.389762,7.067976,0.000000,0.000000,0.000000
408,C:/Users/VicUser/Documents/RobC/20260801/FL15\FL15-00000408_0.tif,C:/Users/VicUser/Documents/RobC/20260801/FL15\FL15-00000408_1.tif,226.567362,226.567689,2.407709,-10.383721,-10.430638,-10.389762,7.087646,0.000000,0.000000,0.000000
409,C:/Users/VicUser/Documents/RobC/20260801/FL15\FL15-00000409_0.tif,C:/Users/VicUser/Documents/RobC/20260801/FL15\FL15-00000409_1.tif,227.067373,227.067776,2.415998,-10.383721,-10.430638,-10.389762,7.111999,0.000000,0.000000,0.000000
410,C:/Users/VicUser/Documents/RobC/20260801/FL15\FL15-00000410_0.tif,C:/Users/VicUser/Documents/RobC/20260801/FL15\FL15-00000410_1.tif,227.567351,227.567721,2.422693,-10.383721,-10.430638,-10.389762,7.131669,0.000000,0.000000,0.000000
411,C:/Users/VicUser/Documents/RobC/20260801/FL15\FL15-00000411_0.tif,C:/Users/VicUser/Documents/RobC/20260801/FL15\FL15-00000411_1.tif,228.067401,228.067671,2.431301,-10.383721,-10.430638,-10.389762,7.156958,0.000000,0.000000,0.000000
412,C:/Users/VicUser/Documents/RobC/20260801/FL15\FL15-00000412_0.tif,C:/Users/VicUser/Documents/RobC/20260801/FL15\FL15-00000412_1.tif,228.567434,228.567793,2.435445,-10.383721,-10.430638,-10.389762,7.169134,0.000000,0.000000,0.000000
413,C:/Users/VicUser/Documents/RobC/20260801/FL15\FL15-00000413_0.tif,C:/Users/VicUser/Documents/RobC/20260801/FL15\FL15-00000413_1.tif,229.067399,229.067707,2.444690,-10.383721,-10.430638,-10.389762,7.196297,0.000000,0.000000,0.000000
414,C:/Users/VicUser/Documents/RobC/20260801/FL15\FL15-00000414_0.tif,C:/Users/VicUser/Documents/RobC/20260801/FL15\FL15-00000414_1.tif,229.567445,229.567792,2.451385,-10.383721,-10.430638,-10.389762,7.215967,0.000000,0.000000,0.000000
415,C:/Users/VicUser/Documents/RobC/20260801/FL15\FL15-00000415_0.tif,C:/Users/VicUser/Documents/RobC/20260801/FL15\FL15-00000415_1.tif,230.067404,230.067708,2.459674,-10.383721,-10.430638,-10.389762,7.240320,0.000000,0.000000,0.000000
416,C:/Users/VicUser/Documents/RobC/20260801/FL15\FL15-00000416_0.tif,C:/Users/VicUser/Documents/RobC/20260801/FL15\FL15-00000416_1.tif,230.567346,230.567782,2.465732,-10.383721,-10.430638,-10.389762,7.258116,0.000000,0.000000,0.000000
417,C:/Users/VicUser/Documents/RobC/20260801/FL15\FL15-00000417_0.tif,C:/Users/VicUser/Documents/RobC/20260801/FL15\FL15-00000417_1.tif,231.067412,231.067813,2.473064,-10.383721,-10.430638,-10.389762,7.279659,0.000000,0.000000,0.000000
418,C:/Users/VicUser/Documents/RobC/20260801/FL15\FL15-00000418_0.tif,C:/Users/VicUser/Documents/RobC/20260801/FL15\FL15-00000418_1.tif,231.567399,231.567773,2.480397,-10.383721,-10.430638,-10.389762,7.301202,0.000000,0.000000,0.000000
419,C:/Users/VicUser/Documents/RobC/20260801/FL15\FL15-00000419_0.tif,C:/Users/VicUser/Documents/RobC/20260801/FL15\FL15-00000419_1.tif,232.067388,232.067802,2.485816,-10.383721,-10.430638,-10.389762,7.317125,0.000000,0.000000,0.000000
420,C:/Users/VicUser/Documents/RobC/20260801/FL15\FL15-00000420_0.tif,C:/Users/VicUser/Documents/RobC/20260801/FL15\FL15-00000420_1.tif,232.567368,232.567686,2.492193,-10.383721,-10.430638,-10.389762,7.335859,0.000000,0.000000,0.000000
421,C:/Users/VicUser/Documents/RobC/20260801/FL15\FL15-00000421_0.tif,C:/Users/VicUser/Documents/RobC/20260801/FL15\FL15-00000421_1.tif,233.067367,233.067714,2.498888,-10.383721,-10.430638,-10.389762,7.355528,0.000000,0.000000,0.000000
422,C:/Users/VicUser/Documents/RobC/20260801/FL15\FL15-00000422_0.tif,C:/Users/VicUser/Documents/RobC/20260801/FL15\FL15-00000422_1.tif,233.567442,233.567805,2.505583,-10.383721,-10.430638,-10.389762,7.375198,0.000000,0.000000,0.000000
423,C:/Users/VicUser/Documents/RobC/20260801/FL15\FL15-00000423_0.tif,C:/Users/VicUser/Documents/RobC/20260801/FL15\FL15-00000423_1.tif,234.067421,234.067936,2.513234,-10.383721,-10.430638,-10.389762,7.397678,0.000000,0.000000,0.000000
424,C:/Users/VicUser/Documents/RobC/20260801/FL15\FL15-00000424_0.tif,C:/Users/VicUser/Documents/RobC/20260801/FL15\FL15-00000424_1.tif,234.567367,234.567812,2.518654,-10.383721,-10.430638,-10.389762,7.413601,0.000000,0.000000,0.000000
425,C:/Users/VicUser/Documents/RobC/20260801/FL15\FL15-00000425_0.tif,C:/Users/VicUser/Documents/RobC/20260801/FL15\FL15-00000425_1.tif,235.067456,235.067807,2.524392,-10.383721,-10.430638,-10.389762,7.430461,0.000000,0.000000,0.000000
426,C:/Users/VicUser/Documents/RobC/20260801/FL15\FL15-00000426_0.tif,C:/Users/VicUser/Documents/RobC/20260801/FL15\FL15-00000426_1.tif,235.567382,235.567757,2.531406,-10.383721,-10.430638,-10.389762,7.451067,0.000000,0.000000,0.000000
427,C:/Users/VicUser/Documents/RobC/20260801/FL15\FL15-00000427_0.tif,C:/Users/VicUser/Documents/RobC/20260801/FL15\FL15-00000427_1.tif,236.067383,236.067706,2.536507,-10.383721,-10.430638,-10.389762,7.466053,0.000000,0.000000,0.000000
428,C:/Users/VicUser/Documents/RobC/20260801/FL15\FL15-00000428_0.tif,C:/Users/VicUser/Documents/RobC/20260801/FL15\FL15-00000428_1.tif,236.567370,236.567725,2.542564,-10.383721,-10.430638,-10.389762,7.483849,0.000000,0.000000,0.000000
429,C:/Users/VicUser/Documents/RobC/20260801/FL15\FL15-00000429_0.tif,C:/Users/VicUser/Documents/RobC/20260801/FL15\FL15-00000429_1.tif,237.067523,237.067883,2.548302,-10.383721,-10.430638,-10.389762,7.500709,0.000000,0.000000,0.000000
430,C:/Users/VicUser/Documents/RobC/20260801/FL15\FL15-00000430_0.tif,C:/Users/VicUser/Documents/RobC/20260801/FL15\FL15-00000430_1.tif,237.567394,237.567770,2.549896,-10.383721,-10.430638,-10.389762,7.505392,0.000000,0.000000,0.000000
431,C:/Users/VicUser/Documents/RobC/20260801/FL15\FL15-00000431_0.tif,C:/Users/VicUser/Documents/RobC/20260801/FL15\FL15-00000431_1.tif,238.067484,238.067793,2.554679,-10.383721,-10.430638,-10.389762,7.519443,0.000000,0.000000,0.000000
432,C:/Users/VicUser/Documents/RobC/20260801/FL15\FL15-00000432_0.tif,C:/Users/VicUser/Documents/RobC/20260801/FL15\FL15-00000432_1.tif,238.567466,238.567704,2.560417,-10.383721,-10.430638,-10.389762,7.536302,0.000000,0.000000,0.000000
433,C:/Users/VicUser/Documents/RobC/20260801/FL15\FL15-00000433_0.tif,C:/Users/VicUser/Documents/RobC/20260801/FL15\FL15-00000433_1.tif,239.067425,239.067875,2.565199,-10.383721,-10.430638,-10.389762,7.550352,0.000000,0.000000,0.000000
434,C:/Users/VicUser/Documents/RobC/20260801/FL15\FL15-00000434_0.tif,C:/Users/VicUser/Documents/RobC/20260801/FL15\FL15-00000434_1.tif,239.567375,239.567813,2.569344,-10.383721,-10.430638,-10.389762,7.562528,0.000000,0.000000,0.000000
435,C:/Users/VicUser/Documents/RobC/20260801/FL15\FL15-00000435_0.tif,C:/Users/VicUser/Documents/RobC/20260801/FL15\FL15-00000435_1.tif,240.067417,240.067767,2.573488,-10.383721,-10.430638,-10.389762,7.574705,0.000000,0.000000,0.000000
436,C:/Users/VicUser/Documents/RobC/20260801/FL15\FL15-00000436_0.tif,C:/Users/VicUser/Documents/RobC/20260801/FL15\FL15-00000436_1.tif,240.567427,240.567722,2.574763,-10.383721,-10.430638,-10.389762,7.578451,0.000000,0.000000,0.000000
437,C:/Users/VicUser/Documents/RobC/20260801/FL15\FL15-00000437_0.tif,C:/Users/VicUser/Documents/RobC/20260801/FL15\FL15-00000437_1.tif,241.067439,241.067750,2.578270,-10.383721,-10.430638,-10.389762,7.588754,0.000000,0.000000,0.000000
438,C:/Users/VicUser/Documents/RobC/20260801/FL15\FL15-00000438_0.tif,C:/Users/VicUser/Documents/RobC/20260801/FL15\FL15-00000438_1.tif,241.567372,241.567758,2.584009,-10.383721,-10.430638,-10.389762,7.605614,0.000000,0.000000,0.000000
439,C:/Users/VicUser/Documents/RobC/20260801/FL15\FL15-00000439_0.tif,C:/Users/VicUser/Documents/RobC/20260801/FL15\FL15-00000439_1.tif,242.067418,242.067723,2.585922,-10.383721,-10.430638,-10.389762,7.611234,0.000000,0.000000,0.000000
440,C:/Users/VicUser/Documents/RobC/20260801/FL15\FL15-00000440_0.tif,C:/Users/VicUser/Documents/RobC/20260801/FL15\FL15-00000440_1.tif,242.567399,242.567832,2.589428,-10.383721,-10.430638,-10.389762,7.621537,0.000000,0.000000,0.000000
441,C:/Users/VicUser/Documents/RobC/20260801/FL15\FL15-00000441_0.tif,C:/Users/VicUser/Documents/RobC/20260801/FL15\FL15-00000441_1.tif,243.067380,243.067671,2.594211,-10.383721,-10.430638,-10.389762,7.635587,0.000000,0.000000,0.000000
442,C:/Users/VicUser/Documents/RobC/20260801/FL15\FL15-00000442_0.tif,C:/Users/VicUser/Documents/RobC/20260801/FL15\FL15-00000442_1.tif,243.567426,243.567746,2.596123,-10.383721,-10.430638,-10.389762,7.641207,0.000000,0.000000,0.000000
443,C:/Users/VicUser/Documents/RobC/20260801/FL15\FL15-00000443_0.tif,C:/Users/VicUser/Documents/RobC/20260801/FL15\FL15-00000443_1.tif,244.067397,244.067711,2.598355,-10.383721,-10.430638,-10.389762,7.647764,0.000000,0.000000,0.000000
444,C:/Users/VicUser/Documents/RobC/20260801/FL15\FL15-00000444_0.tif,C:/Users/VicUser/Documents/RobC/20260801/FL15\FL15-00000444_1.tif,244.567406,244.567678,2.600905,-10.383721,-10.430638,-10.389762,7.655257,0.000000,0.000000,0.000000
445,C:/Users/VicUser/Documents/RobC/20260801/FL15\FL15-00000445_0.tif,C:/Users/VicUser/Documents/RobC/20260801/FL15\FL15-00000445_1.tif,245.067421,245.067824,2.603137,-10.383721,-10.430638,-10.389762,7.661813,0.000000,0.000000,0.000000
446,C:/Users/VicUser/Documents/RobC/20260801/FL15\FL15-00000446_0.tif,C:/Users/VicUser/Documents/RobC/20260801/FL15\FL15-00000446_1.tif,245.567423,245.567693,2.606006,-10.383721,-10.430638,-10.389762,7.670243,0.000000,0.000000,0.000000
447,C:/Users/VicUser/Documents/RobC/20260801/FL15\FL15-00000447_0.tif,C:/Users/VicUser/Documents/RobC/20260801/FL15\FL15-00000447_1.tif,246.067443,246.067871,2.609832,-10.383721,-10.430638,-10.389762,7.681483,0.000000,0.000000,0.000000
448,C:/Users/VicUser/Documents/RobC/20260801/FL15\FL15-00000448_0.tif,C:/Users/VicUser/Documents/RobC/20260801/FL15\FL15-00000448_1.tif,246.567405,246.567707,2.609195,-10.383721,-10.430638,-10.389762,7.679610,0.000000,0.000000,0.000000
449,C:/Users/VicUser/Documents/RobC/20260801/FL15\FL15-00000449_0.tif,C:/Users/VicUser/Documents/RobC/20260801/FL15\FL15-00000449_1.tif,247.067399,247.067693,2.611107,-10.383721,-10.430638,-10.389762,7.685230,0.000000,0.000000,0.000000
450,C:/Users/VicUser/Documents/RobC/20260801/FL15\FL15-00000450_0.tif,C:/Users/VicUser/Documents/RobC/20260801/FL15\FL15-00000450_1.tif,247.567419,247.567714,2.614933,-10.383721,-10.430638,-10.389762,7.696470,0.000000,0.000000,0.000000
451,C:/Users/VicUser/Documents/RobC/20260801/FL15\FL15-00000451_0.tif,C:/Users/VicUser/Documents/RobC/20260801/FL15\FL15-00000451_1.tif,248.067393,248.067702,2.617483,-10.383721,-10.430638,-10.389762,7.703963,0.000000,0.000000,0.000000
452,C:/Users/VicUser/Documents/RobC/20260801/FL15\FL15-00000452_0.tif,C:/Users/VicUser/Documents/RobC/20260801/FL15\FL15-00000452_1.tif,248.567409,248.567708,2.620990,-10.383721,-10.430638,-10.389762,7.714266,0.000000,0.000000,0.000000
453,C:/Users/VicUser/Documents/RobC/20260801/FL15\FL15-00000453_0.tif,C:/Users/VicUser/Documents/RobC/20260801/FL15\FL15-00000453_1.tif,249.067469,249.067793,2.621947,-10.383721,-10.430638,-10.389762,7.717076,0.000000,0.000000,0.000000
454,C:/Users/VicUser/Documents/RobC/20260801/FL15\FL15-00000454_0.tif,C:/Users/VicUser/Documents/RobC/20260801/FL15\FL15-00000454_1.tif,249.567247,249.567502,2.623859,-10.383721,-10.430638,-10.389762,7.722696,0.000000,0.000000,0.000000
455,C:/Users/VicUser/Documents/RobC/20260801/FL15\FL15-00000455_0.tif,C:/Users/VicUser/Documents/RobC/20260801/FL15\FL15-00000455_1.tif,250.067411,250.067736,2.626091,-10.383721,-10.430638,-10.389762,7.729253,0.000000,0.000000,0.000000
456,C:/Users/VicUser/Documents/RobC/20260801/FL15\FL15-00000456_0.tif,C:/Users/VicUser/Documents/RobC/20260801/FL15\FL15-00000456_1.tif,250.567444,250.567770,2.628004,-10.383721,-10.430638,-10.389762,7.734873,0.000000,0.000000,0.000000
457,C:/Users/VicUser/Documents/RobC/20260801/FL15\FL15-00000457_0.tif,C:/Users/VicUser/Documents/RobC/20260801/FL15\FL15-00000457_1.tif,251.067304,251.067600,2.629279,-10.383721,-10.430638,-10.389762,7.738619,0.000000,0.000000,0.000000
458,C:/Users/VicUser/Documents/RobC/20260801/FL15\FL15-00000458_0.tif,C:/Users/VicUser/Documents/RobC/20260801/FL15\FL15-00000458_1.tif,251.567397,251.567671,2.632149,-10.383721,-10.430638,-10.389762,7.747049,0.000000,0.000000,0.000000
459,C:/Users/VicUser/Documents/RobC/20260801/FL15\FL15-00000459_0.tif,C:/Users/VicUser/Documents/RobC/20260801/FL15\FL15-00000459_1.tif,252.067356,252.067647,2.634380,-10.383721,-10.430638,-10.389762,7.753605,0.000000,0.000000,0.000000
460,C:/Users/VicUser/Documents/RobC/20260801/FL15\FL15-00000460_0.tif,C:/Users/VicUser/Documents/RobC/20260801/FL15\FL15-00000460_1.tif,252.567393,252.567814,2.636293,-10.383721,-10.430638,-10.389762,7.759225,0.000000,0.000000,0.000000
461,C:/Users/VicUser/Documents/RobC/20260801/FL15\FL15-00000461_0.tif,C:/Users/VicUser/Documents/RobC/20260801/FL15\FL15-00000461_1.tif,253.067341,253.067719,2.637568,-10.383721,-10.430638,-10.389762,7.762972,0.000000,0.000000,0.000000
462,C:/Users/VicUser/Documents/RobC/20260801/FL15\FL15-00000462_0.tif,C:/Users/VicUser/Documents/RobC/20260801/FL15\FL15-00000462_1.tif,253.567424,253.567730,2.639800,-10.383721,-10.430638,-10.389762,7.769529,0.000000,0.000000,0.000000
463,C:/Users/VicUser/Documents/RobC/20260801/FL15\FL15-00000463_0.tif,C:/Users/VicUser/Documents/RobC/20260801/FL15\FL15-00000463_1.tif,254.067374,254.067708,2.641075,-10.383721,-10.430638,-10.389762,7.773275,0.000000,0.000000,0.000000
464,C:/Users/VicUser/Documents/RobC/20260801/FL15\FL15-00000464_0.tif,C:/Users/VicUser/Documents/RobC/20260801/FL15\FL15-00000464_1.tif,254.567444,254.567726,2.642350,-10.383721,-10.430638,-10.389762,7.777021,0.000000,0.000000,0.000000
465,C:/Users/VicUser/Documents/RobC/20260801/FL15\FL15-00000465_0.tif,C:/Users/VicUser/Documents/RobC/20260801/FL15\FL15-00000465_1.tif,255.067417,255.067780,2.645220,-10.383721,-10.430638,-10.389762,7.785452,0.000000,0.000000,0.000000
466,C:/Users/VicUser/Documents/RobC/20260801/FL15\FL15-00000466_0.tif,C:/Users/VicUser/Documents/RobC/20260801/FL15\FL15-00000466_1.tif,255.567405,255.567651,2.644582,-10.383721,-10.430638,-10.389762,7.783578,0.000000,0.000000,0.000000
467,C:/Users/VicUser/Documents/RobC/20260801/FL15\FL15-00000467_0.tif,C:/Users/VicUser/Documents/RobC/20260801/FL15\FL15-00000467_1.tif,256.067339,256.067662,2.647132,-10.383721,-10.430638,-10.389762,7.791072,0.000000,0.000000,0.000000
468,C:/Users/VicUser/Documents/RobC/20260801/FL15\FL15-00000468_0.tif,C:/Users/VicUser/Documents/RobC/20260801/FL15\FL15-00000468_1.tif,256.567456,256.567720,2.649045,-10.383721,-10.430638,-10.389762,7.796691,0.000000,0.000000,0.000000
469,C:/Users/VicUser/Documents/RobC/20260801/FL15\FL15-00000469_0.tif,C:/Users/VicUser/Documents/RobC/20260801/FL15\FL15-00000469_1.tif,257.067446,257.067743,2.650639,-10.383721,-10.430638,-10.389762,7.801375,0.000000,0.000000,0.000000
470,C:/Users/VicUser/Documents/RobC/20260801/FL15\FL15-00000470_0.tif,C:/Users/VicUser/Documents/RobC/20260801/FL15\FL15-00000470_1.tif,257.567441,257.567753,2.651596,-10.383721,-10.430638,-10.389762,7.804184,0.000000,0.000000,0.000000
471,C:/Users/VicUser/Documents/RobC/20260801/FL15\FL15-00000471_0.tif,C:/Users/VicUser/Documents/RobC/20260801/FL15\FL15-00000471_1.tif,258.067347,258.067720,2.652552,-10.383721,-10.430638,-10.389762,7.806995,0.000000,0.000000,0.000000
472,C:/Users/VicUser/Documents/RobC/20260801/FL15\FL15-00000472_0.tif,C:/Users/VicUser/Documents/RobC/20260801/FL15\FL15-00000472_1.tif,258.567351,258.567701,2.654784,-10.383721,-10.430638,-10.389762,7.813551,0.000000,0.000000,0.000000
473,C:/Users/VicUser/Documents/RobC/20260801/FL15\FL15-00000473_0.tif,C:/Users/VicUser/Documents/RobC/20260801/FL15\FL15-00000473_1.tif,259.067466,259.067760,2.655421,-10.383721,-10.430638,-10.389762,7.815424,0.000000,0.000000,0.000000
474,C:/Users/VicUser/Documents/RobC/20260801/FL15\FL15-00000474_0.tif,C:/Users/VicUser/Documents/RobC/20260801/FL15\FL15-00000474_1.tif,259.567348,259.567668,2.659247,-10.383721,-10.430638,-10.389762,7.826664,0.000000,0.000000,0.000000
475,C:/Users/VicUser/Documents/RobC/20260801/FL15\FL15-00000475_0.tif,C:/Users/VicUser/Documents/RobC/20260801/FL15\FL15-00000475_1.tif,260.067448,260.067776,2.658609,-10.383721,-10.430638,-10.389762,7.824791,0.000000,0.000000,0.000000
476,C:/Users/VicUser/Documents/RobC/20260801/FL15\FL15-00000476_0.tif,C:/Users/VicUser/Documents/RobC/20260801/FL15\FL15-00000476_1.tif,260.567332,260.567697,2.661798,-10.383721,-10.430638,-10.389762,7.834158,0.000000,0.000000,0.000000
477,C:/Users/VicUser/Documents/RobC/20260801/FL15\FL15-00000477_0.tif,C:/Users/VicUser/Documents/RobC/20260801/FL15\FL15-00000477_1.tif,261.067343,261.067768,2.662754,-10.383721,-10.430638,-10.389762,7.836967,0.000000,0.000000,0.000000
478,C:/Users/VicUser/Documents/RobC/20260801/FL15\FL15-00000478_0.tif,C:/Users/VicUser/Documents/RobC/20260801/FL15\FL15-00000478_1.tif,261.567394,261.567780,2.663073,-10.383721,-10.430638,-10.389762,7.837904,0.000000,0.000000,0.000000
479,C:/Users/VicUser/Documents/RobC/20260801/FL15\FL15-00000479_0.tif,C:/Users/VicUser/Documents/RobC/20260801/FL15\FL15-00000479_1.tif,262.067462,262.067621,2.663391,-10.383721,-10.430638,-10.389762,7.838840,0.000000,0.000000,0.000000
480,C:/Users/VicUser/Documents/RobC/20260801/FL15\FL15-00000480_0.tif,C:/Users/VicUser/Documents/RobC/20260801/FL15\FL15-00000480_1.tif,262.567404,262.567960,2.664667,-10.383721,-10.430638,-10.389762,7.842587,0.000000,0.000000,0.000000
481,C:/Users/VicUser/Documents/RobC/20260801/FL15\FL15-00000481_0.tif,C:/Users/VicUser/Documents/RobC/20260801/FL15\FL15-00000481_1.tif,263.067407,263.067756,2.665623,-10.383721,-10.430638,-10.389762,7.845398,0.000000,0.000000,0.000000
482,C:/Users/VicUser/Documents/RobC/20260801/FL15\FL15-00000482_0.tif,C:/Users/VicUser/Documents/RobC/20260801/FL15\FL15-00000482_1.tif,263.567406,263.567733,2.667217,-10.383721,-10.430638,-10.389762,7.850080,0.000000,0.000000,0.000000
483,C:/Users/VicUser/Documents/RobC/20260801/FL15\FL15-00000483_0.tif,C:/Users/VicUser/Documents/RobC/20260801/FL15\FL15-00000483_1.tif,264.067403,264.067908,2.668492,-10.383721,-10.430638,-10.389762,7.853827,0.000000,0.000000,0.000000
484,C:/Users/VicUser/Documents/RobC/20260801/FL15\FL15-00000484_0.tif,C:/Users/VicUser/Documents/RobC/20260801/FL15\FL15-00000484_1.tif,264.567437,264.567858,2.669130,-10.383721,-10.430638,-10.389762,7.855700,0.000000,0.000000,0.000000
485,C:/Users/VicUser/Documents/RobC/20260801/FL15\FL15-00000485_0.tif,C:/Users/VicUser/Documents/RobC/20260801/FL15\FL15-00000485_1.tif,265.067370,265.067821,2.669130,-10.383721,-10.430638,-10.389762,7.855700,0.000000,0.000000,0.000000
486,C:/Users/VicUser/Documents/RobC/20260801/FL15\FL15-00000486_0.tif,C:/Users/VicUser/Documents/RobC/20260801/FL15\FL15-00000486_1.tif,265.567391,265.567855,2.671680,-10.383721,-10.430638,-10.389762,7.863194,0.000000,0.000000,0.000000
487,C:/Users/VicUser/Documents/RobC/20260801/FL15\FL15-00000487_0.tif,C:/Users/VicUser/Documents/RobC/20260801/FL15\FL15-00000487_1.tif,266.067500,266.067812,2.672637,-10.383721,-10.430638,-10.389762,7.866003,0.000000,0.000000,0.000000
488,C:/Users/VicUser/Documents/RobC/20260801/FL15\FL15-00000488_0.tif,C:/Users/VicUser/Documents/RobC/20260801/FL15\FL15-00000488_1.tif,266.567526,266.567868,2.671999,-10.383721,-10.430638,-10.389762,7.864130,0.000000,0.000000,0.000000
489,C:/Users/VicUser/Documents/RobC/20260801/FL15\FL15-00000489_0.tif,C:/Users/VicUser/Documents/RobC/20260801/FL15\FL15-00000489_1.tif,267.067466,267.067867,2.672956,-10.383721,-10.430638,-10.389762,7.866941,0.000000,0.000000,0.000000
490,C:/Users/VicUser/Documents/RobC/20260801/FL15\FL15-00000490_0.tif,C:/Users/VicUser/Documents/RobC/20260801/FL15\FL15-00000490_1.tif,267.567459,267.567824,2.675506,-10.383721,-10.430638,-10.389762,7.874434,0.000000,0.000000,0.000000
491,C:/Users/VicUser/Documents/RobC/20260801/FL15\FL15-00000491_0.tif,C:/Users/VicUser/Documents/RobC/20260801/FL15\FL15-00000491_1.tif,268.067376,268.067703,2.676462,-10.383721,-10.430638,-10.389762,7.877243,0.000000,0.000000,0.000000
492,C:/Users/VicUser/Documents/RobC/20260801/FL15\FL15-00000492_0.tif,C:/Users/VicUser/Documents/RobC/20260801/FL15\FL15-00000492_1.tif,268.567404,268.567758,2.677100,-10.383721,-10.430638,-10.389762,7.879117,0.000000,0.000000,0.000000
493,C:/Users/VicUser/Documents/RobC/20260801/FL15\FL15-00000493_0.tif,C:/Users/VicUser/Documents/RobC/20260801/FL15\FL15-00000493_1.tif,269.067417,269.067758,2.677100,-10.383721,-10.430638,-10.389762,7.879117,0.000000,0.000000,0.000000
494,C:/Users/VicUser/Documents/RobC/20260801/FL15\FL15-00000494_0.tif,C:/Users/VicUser/Documents/RobC/20260801/FL15\FL15-00000494_1.tif,269.567345,269.567579,2.678694,-10.383721,-10.430638,-10.389762,7.883800,0.000000,0.000000,0.000000
495,C:/Users/VicUser/Documents/RobC/20260801/FL15\FL15-00000495_0.tif,C:/Users/VicUser/Documents/RobC/20260801/FL15\FL15-00000495_1.tif,270.067418,270.067727,2.679332,-10.383721,-10.430638,-10.389762,7.885673,0.000000,0.000000,0.000000
496,C:/Users/VicUser/Documents/RobC/20260801/FL15\FL15-00000496_0.tif,C:/Users/VicUser/Documents/RobC/20260801/FL15\FL15-00000496_1.tif,270.567368,270.567689,2.680926,-10.383721,-10.430638,-10.389762,7.890357,0.000000,0.000000,0.000000
497,C:/Users/VicUser/Documents/RobC/20260801/FL15\FL15-00000497_0.tif,C:/Users/VicUser/Documents/RobC/20260801/FL15\FL15-00000497_1.tif,271.067385,271.067674,2.680288,-10.383721,-10.430638,-10.389762,7.888483,0.000000,0.000000,0.000000
498,C:/Users/VicUser/Documents/RobC/20260801/FL15\FL15-00000498_0.tif,C:/Users/VicUser/Documents/RobC/20260801/FL15\FL15-00000498_1.tif,271.567418,271.567788,2.681563,-10.383721,-10.430638,-10.389762,7.892230,0.000000,0.000000,0.000000
499,C:/Users/VicUser/Documents/RobC/20260801/FL15\FL15-00000499_0.tif,C:/Users/VicUser/Documents/RobC/20260801/FL15\FL15-00000499_1.tif,272.067403,272.067708,2.681563,-10.383721,-10.430638,-10.389762,7.892230,0.000000,0.000000,0.000000
500,C:/Users/VicUser/Documents/RobC/20260801/FL15\FL15-00000500_0.tif,C:/Users/VicUser/Documents/RobC/20260801/FL15\FL15-00000500_1.tif,272.567417,272.567688,2.682839,-10.383721,-10.430638,-10.389762,7.895977,0.000000,0.000000,0.000000
501,C:/Users/VicUser/Documents/RobC/20260801/FL15\FL15-00000501_0.tif,C:/Users/VicUser/Documents/RobC/20260801/FL15\FL15-00000501_1.tif,273.067395,273.067779,2.683795,-10.383721,-10.430638,-10.389762,7.898786,0.000000,0.000000,0.000000
502,C:/Users/VicUser/Documents/RobC/20260801/FL15\FL15-00000502_0.tif,C:/Users/VicUser/Documents/RobC/20260801/FL15\FL15-00000502_1.tif,273.567378,273.567762,2.683795,-10.383721,-10.430638,-10.389762,7.898786,0.000000,0.000000,0.000000
503,C:/Users/VicUser/Documents/RobC/20260801/FL15\FL15-00000503_0.tif,C:/Users/VicUser/Documents/RobC/20260801/FL15\FL15-00000503_1.tif,274.067504,274.067842,2.684114,-10.383721,-10.430638,-10.389762,7.899723,0.000000,0.000000,0.000000
504,C:/Users/VicUser/Documents/RobC/20260801/FL15\FL15-00000504_0.tif,C:/Users/VicUser/Documents/RobC/20260801/FL15\FL15-00000504_1.tif,274.567435,274.567759,2.687939,-10.383721,-10.430638,-10.389762,7.910963,0.000000,0.000000,0.000000
505,C:/Users/VicUser/Documents/RobC/20260801/FL15\FL15-00000505_0.tif,C:/Users/VicUser/Documents/RobC/20260801/FL15\FL15-00000505_1.tif,275.067437,275.067745,2.686664,-10.383721,-10.430638,-10.389762,7.907216,0.000000,0.000000,0.000000
506,C:/Users/VicUser/Documents/RobC/20260801/FL15\FL15-00000506_0.tif,C:/Users/VicUser/Documents/RobC/20260801/FL15\FL15-00000506_1.tif,275.567419,275.567723,2.686983,-10.383721,-10.430638,-10.389762,7.908153,0.000000,0.000000,0.000000
507,C:/Users/VicUser/Documents/RobC/20260801/FL15\FL15-00000507_0.tif,C:/Users/VicUser/Documents/RobC/20260801/FL15\FL15-00000507_1.tif,276.067426,276.067784,2.688258,-10.383721,-10.430638,-10.389762,7.911900,0.000000,0.000000,0.000000
508,C:/Users/VicUser/Documents/RobC/20260801/FL15\FL15-00000508_0.tif,C:/Users/VicUser/Documents/RobC/20260801/FL15\FL15-00000508_1.tif,276.567441,276.567759,2.688896,-10.383721,-10.430638,-10.389762,7.913773,0.000000,0.000000,0.000000
509,C:/Users/VicUser/Documents/RobC/20260801/FL15\FL15-00000509_0.tif,C:/Users/VicUser/Documents/RobC/20260801/FL15\FL15-00000509_1.tif,277.067395,277.067731,2.688258,-10.383721,-10.430638,-10.389762,7.911900,0.000000,0.000000,0.000000
510,C:/Users/VicUser/Documents/RobC/20260801/FL15\FL15-00000510_0.tif,C:/Users/VicUser/Documents/RobC/20260801/FL15\FL15-00000510_1.tif,277.567447,277.567767,2.689533,-10.383721,-10.430638,-10.389762,7.915646,0.000000,0.000000,0.000000
511,C:/Users/VicUser/Documents/RobC/20260801/FL15\FL15-00000511_0.tif,C:/Users/VicUser/Documents/RobC/20260801/FL15\FL15-00000511_1.tif,278.067448,278.067815,2.687621,-10.383721,-10.430638,-10.389762,7.910026,0.000000,0.000000,0.000000
512,C:/Users/VicUser/Documents/RobC/20260801/FL15\FL15-00000512_0.tif,C:/Users/VicUser/Documents/RobC/20260801/FL15\FL15-00000512_1.tif,278.567465,278.567618,2.690490,-10.383721,-10.430638,-10.389762,7.918456,0.000000,0.000000,0.000000
513,C:/Users/VicUser/Documents/RobC/20260801/FL15\FL15-00000513_0.tif,C:/Users/VicUser/Documents/RobC/20260801/FL15\FL15-00000513_1.tif,279.067448,279.067765,2.692084,-10.383721,-10.430638,-10.389762,7.923140,0.000000,0.000000,0.000000
514,C:/Users/VicUser/Documents/RobC/20260801/FL15\FL15-00000514_0.tif,C:/Users/VicUser/Documents/RobC/20260801/FL15\FL15-00000514_1.tif,279.567449,279.567830,2.691765,-10.383721,-10.430638,-10.389762,7.922202,0.000000,0.000000,0.000000
515,C:/Users/VicUser/Documents/RobC/20260801/FL15\FL15-00000515_0.tif,C:/Users/VicUser/Documents/RobC/20260801/FL15\FL15-00000515_1.tif,280.067399,280.067752,2.693040,-10.383721,-10.430638,-10.389762,7.925949,0.000000,0.000000,0.000000
516,C:/Users/VicUser/Documents/RobC/20260801/FL15\FL15-00000516_0.tif,C:/Users/VicUser/Documents/RobC/20260801/FL15\FL15-00000516_1.tif,280.567437,280.567762,2.691446,-10.383721,-10.430638,-10.389762,7.921266,0.000000,0.000000,0.000000
517,C:/Users/VicUser/Documents/RobC/20260801/FL15\FL15-00000517_0.tif,C:/Users/VicUser/Documents/RobC/20260801/FL15\FL15-00000517_1.tif,281.067319,281.067630,2.694316,-10.383721,-10.430638,-10.389762,7.929696,0.000000,0.000000,0.000000
518,C:/Users/VicUser/Documents/RobC/20260801/FL15\FL15-00000518_0.tif,C:/Users/VicUser/Documents/RobC/20260801/FL15\FL15-00000518_1.tif,281.567416,281.567748,2.692722,-10.383721,-10.430638,-10.389762,7.925013,0.000000,0.000000,0.000000
519,C:/Users/VicUser/Documents/RobC/20260801/FL15\FL15-00000519_0.tif,C:/Users/VicUser/Documents/RobC/20260801/FL15\FL15-00000519_1.tif,282.067509,282.067705,2.693678,-10.383721,-10.430638,-10.389762,7.927823,0.000000,0.000000,0.000000
520,C:/Users/VicUser/Documents/RobC/20260801/FL15\FL15-00000520_0.tif,C:/Users/VicUser/Documents/RobC/20260801/FL15\FL15-00000520_1.tif,282.567404,282.567769,2.693359,-10.383721,-10.430638,-10.389762,7.926886,0.000000,0.000000,0.000000
521,C:/Users/VicUser/Documents/RobC/20260801/FL15\FL15-00000521_0.tif,C:/Users/VicUser/Documents/RobC/20260801/FL15\FL15-00000521_1.tif,283.067413,283.067763,2.693997,-10.383721,-10.430638,-10.389762,7.928760,0.000000,0.000000,0.000000
522,C:/Users/VicUser/Documents/RobC/20260801/FL15\FL15-00000522_0.tif,C:/Users/VicUser/Documents/RobC/20260801/FL15\FL15-00000522_1.tif,283.567452,283.567722,2.696229,-10.383721,-10.430638,-10.389762,7.935316,0.000000,0.000000,0.000000
523,C:/Users/VicUser/Documents/RobC/20260801/FL15\FL15-00000523_0.tif,C:/Users/VicUser/Documents/RobC/20260801/FL15\FL15-00000523_1.tif,284.067398,284.067723,2.696866,-10.383721,-10.430638,-10.389762,7.937189,0.000000,0.000000,0.000000
524,C:/Users/VicUser/Documents/RobC/20260801/FL15\FL15-00000524_0.tif,C:/Users/VicUser/Documents/RobC/20260801/FL15\FL15-00000524_1.tif,284.567457,284.567770,2.696547,-10.383721,-10.430638,-10.389762,7.936252,0.000000,0.000000,0.000000
525,C:/Users/VicUser/Documents/RobC/20260801/FL15\FL15-00000525_0.tif,C:/Users/VicUser/Documents/RobC/20260801/FL15\FL15-00000525_1.tif,285.067410,285.067700,2.697504,-10.383721,-10.430638,-10.389762,7.939063,0.000000,0.000000,0.000000
526,C:/Users/VicUser/Documents/RobC/20260801/FL15\FL15-00000526_0.tif,C:/Users/VicUser/Documents/RobC/20260801/FL15\FL15-00000526_1.tif,285.567373,285.567614,2.697823,-10.383721,-10.430638,-10.389762,7.939999,0.000000,0.000000,0.000000
527,C:/Users/VicUser/Documents/RobC/20260801/FL15\FL15-00000527_0.tif,C:/Users/VicUser/Documents/RobC/20260801/FL15\FL15-00000527_1.tif,286.067376,286.067683,2.696866,-10.383721,-10.430638,-10.389762,7.937189,0.000000,0.000000,0.000000
528,C:/Users/VicUser/Documents/RobC/20260801/FL15\FL15-00000528_0.tif,C:/Users/VicUser/Documents/RobC/20260801/FL15\FL15-00000528_1.tif,286.567394,286.567768,2.698460,-10.383721,-10.430638,-10.389762,7.941872,0.000000,0.000000,0.000000
529,C:/Users/VicUser/Documents/RobC/20260801/FL15\FL15-00000529_0.tif,C:/Users/VicUser/Documents/RobC/20260801/FL15\FL15-00000529_1.tif,287.067441,287.067803,2.697823,-10.383721,-10.430638,-10.389762,7.939999,0.000000,0.000000,0.000000
530,C:/Users/VicUser/Documents/RobC/20260801/FL15\FL15-00000530_0.tif,C:/Users/VicUser/Documents/RobC/20260801/FL15\FL15-00000530_1.tif,287.567391,287.567714,2.699417,-10.383721,-10.430638,-10.389762,7.944683,0.000000,0.000000,0.000000
531,C:/Users/VicUser/Documents/RobC/20260801/FL15\FL15-00000531_0.tif,C:/Users/VicUser/Documents/RobC/20260801/FL15\FL15-00000531_1.tif,288.067429,288.067701,2.701967,-10.383721,-10.430638,-10.389762,7.952176,0.000000,0.000000,0.000000
532,C:/Users/VicUser/Documents/RobC/20260801/FL15\FL15-00000532_0.tif,C:/Users/VicUser/Documents/RobC/20260801/FL15\FL15-00000532_1.tif,288.567448,288.567786,2.701648,-10.383721,-10.430638,-10.389762,7.951239,0.000000,0.000000,0.000000
533,C:/Users/VicUser/Documents/RobC/20260801/FL15\FL15-00000533_0.tif,C:/Users/VicUser/Documents/RobC/20260801/FL15\FL15-00000533_1.tif,289.067401,289.067767,2.701329,-10.383721,-10.430638,-10.389762,7.950303,0.000000,0.000000,0.000000
534,C:/Users/VicUser/Documents/RobC/20260801/FL15\FL15-00000534_0.tif,C:/Users/VicUser/Documents/RobC/20260801/FL15\FL15-00000534_1.tif,289.567463,289.567754,2.701648,-10.383721,-10.430638,-10.389762,7.951239,0.000000,0.000000,0.000000
535,C:/Users/VicUser/Documents/RobC/20260801/FL15\FL15-00000535_0.tif,C:/Users/VicUser/Documents/RobC/20260801/FL15\FL15-00000535_1.tif,290.067407,290.067747,2.702605,-10.383721,-10.430638,-10.389762,7.954049,0.000000,0.000000,0.000000
536,C:/Users/VicUser/Documents/RobC/20260801/FL15\FL15-00000536_0.tif,C:/Users/VicUser/Documents/RobC/20260801/FL15\FL15-00000536_1.tif,290.567424,290.567782,2.703242,-10.383721,-10.430638,-10.389762,7.955922,0.000000,0.000000,0.000000
537,C:/Users/VicUser/Documents/RobC/20260801/FL15\FL15-00000537_0.tif,C:/Users/VicUser/Documents/RobC/20260801/FL15\FL15-00000537_1.tif,291.067408,291.067682,2.703242,-10.383721,-10.430638,-10.389762,7.955922,0.000000,0.000000,0.000000
538,C:/Users/VicUser/Documents/RobC/20260801/FL15\FL15-00000538_0.tif,C:/Users/VicUser/Documents/RobC/20260801/FL15\FL15-00000538_1.tif,291.567424,291.567740,2.701648,-10.383721,-10.430638,-10.389762,7.951239,0.000000,0.000000,0.000000
539,C:/Users/VicUser/Documents/RobC/20260801/FL15\FL15-00000539_0.tif,C:/Users/VicUser/Documents/RobC/20260801/FL15\FL15-00000539_1.tif,292.067426,292.067777,2.702286,-10.383721,-10.430638,-10.389762,7.953112,0.000000,0.000000,0.000000
540,C:/Users/VicUser/Documents/RobC/20260801/FL15\FL15-00000540_0.tif,C:/Users/VicUser/Documents/RobC/20260801/FL15\FL15-00000540_1.tif,292.567393,292.567758,2.703880,-10.383721,-10.430638,-10.389762,7.957796,0.000000,0.000000,0.000000
541,C:/Users/VicUser/Documents/RobC/20260801/FL15\FL15-00000541_0.tif,C:/Users/VicUser/Documents/RobC/20260801/FL15\FL15-00000541_1.tif,293.067408,293.067734,2.704199,-10.383721,-10.430638,-10.389762,7.958732,0.000000,0.000000,0.000000
542,C:/Users/VicUser/Documents/RobC/20260801/FL15\FL15-00000542_0.tif,C:/Users/VicUser/Documents/RobC/20260801/FL15\FL15-00000542_1.tif,293.567519,293.567921,2.704199,-10.383721,-10.430638,-10.389762,7.958732,0.000000,0.000000,0.000000
543,C:/Users/VicUser/Documents/RobC/20260801/FL15\FL15-00000543_0.tif,C:/Users/VicUser/Documents/RobC/20260801/FL15\FL15-00000543_1.tif,294.067549,294.067936,2.705155,-10.383721,-10.430638,-10.389762,7.961542,0.000000,0.000000,0.000000
544,C:/Users/VicUser/Documents/RobC/20260801/FL15\FL15-00000544_0.tif,C:/Users/VicUser/Documents/RobC/20260801/FL15\FL15-00000544_1.tif,294.567544,294.567994,2.705474,-10.383721,-10.430638,-10.389762,7.962479,0.000000,0.000000,0.000000
545,C:/Users/VicUser/Documents/RobC/20260801/FL15\FL15-00000545_0.tif,C:/Users/VicUser/Documents/RobC/20260801/FL15\FL15-00000545_1.tif,295.067418,295.067795,2.704517,-10.383721,-10.430638,-10.389762,7.959669,0.000000,0.000000,0.000000
546,C:/Users/VicUser/Documents/RobC/20260801/FL15\FL15-00000546_0.tif,C:/Users/VicUser/Documents/RobC/20260801/FL15\FL15-00000546_1.tif,295.567434,295.567850,2.706111,-10.383721,-10.430638,-10.389762,7.964352,0.000000,0.000000,0.000000
547,C:/Users/VicUser/Documents/RobC/20260801/FL15\FL15-00000547_0.tif,C:/Users/VicUser/Documents/RobC/20260801/FL15\FL15-00000547_1.tif,296.067443,296.067790,2.705155,-10.383721,-10.430638,-10.389762,7.961542,0.000000,0.000000,0.000000
548,C:/Users/VicUser/Documents/RobC/20260801/FL15\FL15-00000548_0.tif,C:/Users/VicUser/Documents/RobC/20260801/FL15\FL15-00000548_1.tif,296.567467,296.567919,2.706430,-10.383721,-10.430638,-10.389762,7.965289,0.000000,0.000000,0.000000
549,C:/Users/VicUser/Documents/RobC/20260801/FL15\FL15-00000549_0.tif,C:/Users/VicUser/Documents/RobC/20260801/FL15\FL15-00000549_1.tif,297.067387,297.067794,2.705793,-10.383721,-10.430638,-10.389762,7.963415,0.000000,0.000000,0.000000
550,C:/Users/VicUser/Documents/RobC/20260801/FL15\FL15-00000550_0.tif,C:/Users/VicUser/Documents/RobC/20260801/FL15\FL15-00000550_1.tif,297.567427,297.567843,2.706430,-10.383721,-10.430638,-10.389762,7.965289,0.000000,0.000000,0.000000
551,C:/Users/VicUser/Documents/RobC/20260801/FL15\FL15-00000551_0.tif,C:/Users/VicUser/Documents/RobC/20260801/FL15\FL15-00000551_1.tif,298.067388,298.067798,2.707387,-10.383721,-10.430638,-10.389762,7.968099,0.000000,0.000000,0.000000
552,C:/Users/VicUser/Documents/RobC/20260801/FL15\FL15-00000552_0.tif,C:/Users/VicUser/Documents/RobC/20260801/FL15\FL15-00000552_1.tif,298.567416,298.567770,2.706749,-10.383721,-10.430638,-10.389762,7.966225,0.000000,0.000000,0.000000
553,C:/Users/VicUser/Documents/RobC/20260801/FL15\FL15-00000553_0.tif,C:/Users/VicUser/Documents/RobC/20260801/FL15\FL15-00000553_1.tif,299.067379,299.067683,2.707387,-10.383721,-10.430638,-10.389762,7.968099,0.000000,0.000000,0.000000
554,C:/Users/VicUser/Documents/RobC/20260801/FL15\FL15-00000554_0.tif,C:/Users/VicUser/Documents/RobC/20260801/FL15\FL15-00000554_1.tif,299.567426,299.567736,2.706430,-10.383721,-10.430638,-10.389762,7.965289,0.000000,0.000000,0.000000
555,C:/Users/VicUser/Documents/RobC/20260801/FL15\FL15-00000555_0.tif,C:/Users/VicUser/Documents/RobC/20260801/FL15\FL15-00000555_1.tif,300.067385,300.067720,2.708024,-10.383721,-10.430638,-10.389762,7.969972,0.000000,0.000000,0.000000
556,C:/Users/VicUser/Documents/RobC/20260801/FL15\FL15-00000556_0.tif,C:/Users/VicUser/Documents/RobC/20260801/FL15\FL15-00000556_1.tif,300.567409,300.567758,2.707387,-10.383721,-10.430638,-10.389762,7.968099,0.000000,0.000000,0.000000
557,C:/Users/VicUser/Documents/RobC/20260801/FL15\FL15-00000557_0.tif,C:/Users/VicUser/Documents/RobC/20260801/FL15\FL15-00000557_1.tif,301.067400,301.067714,2.708343,-10.383721,-10.430638,-10.389762,7.970908,0.000000,0.000000,0.000000
558,C:/Users/VicUser/Documents/RobC/20260801/FL15\FL15-00000558_0.tif,C:/Users/VicUser/Documents/RobC/20260801/FL15\FL15-00000558_1.tif,301.567440,301.567749,2.709618,-10.383721,-10.430638,-10.389762,7.974655,0.000000,0.000000,0.000000
559,C:/Users/VicUser/Documents/RobC/20260801/FL15\FL15-00000559_0.tif,C:/Users/VicUser/Documents/RobC/20260801/FL15\FL15-00000559_1.tif,302.067424,302.067736,2.709618,-10.383721,-10.430638,-10.389762,7.974655,0.000000,0.000000,0.000000
560,C:/Users/VicUser/Documents/RobC/20260801/FL15\FL15-00000560_0.tif,C:/Users/VicUser/Documents/RobC/20260801/FL15\FL15-00000560_1.tif,302.567414,302.567754,2.708343,-10.383721,-10.430638,-10.389762,7.970908,0.000000,0.000000,0.000000
561,C:/Users/VicUser/Documents/RobC/20260801/FL15\FL15-00000561_0.tif,C:/Users/VicUser/Documents/RobC/20260801/FL15\FL15-00000561_1.tif,303.067430,303.067787,2.708981,-10.383721,-10.430638,-10.389762,7.972782,0.000000,0.000000,0.000000
562,C:/Users/VicUser/Documents/RobC/20260801/FL15\FL15-00000562_0.tif,C:/Users/VicUser/Documents/RobC/20260801/FL15\FL15-00000562_1.tif,303.567446,303.567805,2.708662,-10.383721,-10.430638,-10.389762,7.971845,0.000000,0.000000,0.000000
563,C:/Users/VicUser/Documents/RobC/20260801/FL15\FL15-00000563_0.tif,C:/Users/VicUser/Documents/RobC/20260801/FL15\FL15-00000563_1.tif,304.067430,304.067770,2.710256,-10.383721,-10.430638,-10.389762,7.976528,0.000000,0.000000,0.000000
564,C:/Users/VicUser/Documents/RobC/20260801/FL15\FL15-00000564_0.tif,C:/Users/VicUser/Documents/RobC/20260801/FL15\FL15-00000564_1.tif,304.567394,304.567742,2.709937,-10.383721,-10.430638,-10.389762,7.975592,0.000000,0.000000,0.000000
565,C:/Users/VicUser/Documents/RobC/20260801/FL15\FL15-00000565_0.tif,C:/Users/VicUser/Documents/RobC/20260801/FL15\FL15-00000565_1.tif,305.067421,305.067781,2.709300,-10.383721,-10.430638,-10.389762,7.973719,0.000000,0.000000,0.000000
566,C:/Users/VicUser/Documents/RobC/20260801/FL15\FL15-00000566_0.tif,C:/Users/VicUser/Documents/RobC/20260801/FL15\FL15-00000566_1.tif,305.567364,305.567743,2.710575,-10.383721,-10.430638,-10.389762,7.977465,0.000000,0.000000,0.000000
567,C:/Users/VicUser/Documents/RobC/20260801/FL15\FL15-00000567_0.tif,C:/Users/VicUser/Documents/RobC/20260801/FL15\FL15-00000567_1.tif,306.067472,306.067851,2.709618,-10.383721,-10.430638,-10.389762,7.974655,0.000000,0.000000,0.000000
568,C:/Users/VicUser/Documents/RobC/20260801/FL15\FL15-00000568_0.tif,C:/Users/VicUser/Documents/RobC/20260801/FL15\FL15-00000568_1.tif,306.567393,306.567670,2.710575,-10.383721,-10.430638,-10.389762,7.977465,0.000000,0.000000,0.000000
569,C:/Users/VicUser/Documents/RobC/20260801/FL15\FL15-00000569_0.tif,C:/Users/VicUser/Documents/RobC/20260801/FL15\FL15-00000569_1.tif,307.067432,307.067717,2.709618,-10.383721,-10.430638,-10.389762,7.974655,0.000000,0.000000,0.000000
570,C:/Users/VicUser/Documents/RobC/20260801/FL15\FL15-00000570_0.tif,C:/Users/VicUser/Documents/RobC/20260801/FL15\FL15-00000570_1.tif,307.567421,307.567710,2.710894,-10.383721,-10.430638,-10.389762,7.978402,0.000000,0.000000,0.000000
571,C:/Users/VicUser/Documents/RobC/20260801/FL15\FL15-00000571_0.tif,C:/Users/VicUser/Documents/RobC/20260801/FL15\FL15-00000571_1.tif,308.067393,308.067804,2.710575,-10.383721,-10.430638,-10.389762,7.977465,0.000000,0.000000,0.000000
572,C:/Users/VicUser/Documents/RobC/20260801/FL15\FL15-00000572_0.tif,C:/Users/VicUser/Documents/RobC/20260801/FL15\FL15-00000572_1.tif,313.517372,313.517761,2.712806,-10.383721,-10.430638,-10.389762,7.984022,0.000000,0.000000,0.000000
573,C:/Users/VicUser/Documents/RobC/20260801/FL15\FL15-00000573_0.tif,C:/Users/VicUser/Documents/RobC/20260801/FL15\FL15-00000573_1.tif,314.017411,314.017788,2.711531,-10.383721,-10.430638,-10.389762,7.980275,0.000000,0.000000,0.000000
574,C:/Users/VicUser/Documents/RobC/20260801/FL15\FL15-00000574_0.tif,C:/Users/VicUser/Documents/RobC/20260801/FL15\FL15-00000574_1.tif,314.517424,314.517632,2.712806,-10.383721,-10.430638,-10.389762,7.984022,0.000000,0.000000,0.000000
575,C:/Users/VicUser/Documents/RobC/20260801/FL15\FL15-00000575_0.tif,C:/Users/VicUser/Documents/RobC/20260801/FL15\FL15-00000575_1.tif,315.017403,315.017722,2.712806,-10.383721,-10.430638,-10.389762,7.984022,0.000000,0.000000,0.000000
576,C:/Users/VicUser/Documents/RobC/20260801/FL15\FL15-00000576_0.tif,C:/Users/VicUser/Documents/RobC/20260801/FL15\FL15-00000576_1.tif,315.517434,315.517787,2.712806,-10.383721,-10.430638,-10.389762,7.984022,0.000000,0.000000,0.000000
577,C:/Users/VicUser/Documents/RobC/20260801/FL15\FL15-00000577_0.tif,C:/Users/VicUser/Documents/RobC/20260801/FL15\FL15-00000577_1.tif,316.017423,316.017738,2.713763,-10.383721,-10.430638,-10.389762,7.986832,0.000000,0.000000,0.000000
578,C:/Users/VicUser/Documents/RobC/20260801/FL15\FL15-00000578_0.tif,C:/Users/VicUser/Documents/RobC/20260801/FL15\FL15-00000578_1.tif,316.517304,316.517680,2.713444,-10.383721,-10.430638,-10.389762,7.985895,0.000000,0.000000,0.000000
579,C:/Users/VicUser/Documents/RobC/20260801/FL15\FL15-00000579_0.tif,C:/Users/VicUser/Documents/RobC/20260801/FL15\FL15-00000579_1.tif,317.017332,317.017777,2.712806,-10.383721,-10.430638,-10.389762,7.984022,0.000000,0.000000,0.000000
580,C:/Users/VicUser/Documents/RobC/20260801/FL15\FL15-00000580_0.tif,C:/Users/VicUser/Documents/RobC/20260801/FL15\FL15-00000580_1.tif,317.517452,317.517895,2.713444,-10.383721,-10.430638,-10.389762,7.985895,0.000000,0.000000,0.000000
581,C:/Users/VicUser/Documents/RobC/20260801/FL15\FL15-00000581_0.tif,C:/Users/VicUser/Documents/RobC/20260801/FL15\FL15-00000581_1.tif,318.017354,318.017707,2.714719,-10.383721,-10.430638,-10.389762,7.989642,0.000000,0.000000,0.000000
582,C:/Users/VicUser/Documents/RobC/20260801/FL15\FL15-00000582_0.tif,C:/Users/VicUser/Documents/RobC/20260801/FL15\FL15-00000582_1.tif,318.517347,318.517711,2.712806,-10.383721,-10.430638,-10.389762,7.984022,0.000000,0.000000,0.000000
583,C:/Users/VicUser/Documents/RobC/20260801/FL15\FL15-00000583_0.tif,C:/Users/VicUser/Documents/RobC/20260801/FL15\FL15-00000583_1.tif,319.017350,319.017686,2.713125,-10.383721,-10.430638,-10.389762,7.984959,0.000000,0.000000,0.000000
584,C:/Users/VicUser/Documents/RobC/20260801/FL15\FL15-00000584_0.tif,C:/Users/VicUser/Documents/RobC/20260801/FL15\FL15-00000584_1.tif,319.517413,319.517680,2.713125,-10.383721,-10.430638,-10.389762,7.984959,0.000000,0.000000,0.000000
585,C:/Users/VicUser/Documents/RobC/20260801/FL15\FL15-00000585_0.tif,C:/Users/VicUser/Documents/RobC/20260801/FL15\FL15-00000585_1.tif,320.017370,320.017783,2.714401,-10.383721,-10.430638,-10.389762,7.988705,0.000000,0.000000,0.000000
586,C:/Users/VicUser/Documents/RobC/20260801/FL15\FL15-00000586_0.tif,C:/Users/VicUser/Documents/RobC/20260801/FL15\FL15-00000586_1.tif,320.517414,320.517746,2.714401,-10.383721,-10.430638,-10.389762,7.988705,0.000000,0.000000,0.000000
587,C:/Users/VicUser/Documents/RobC/20260801/FL15\FL15-00000587_0.tif,C:/Users/VicUser/Documents/RobC/20260801/FL15\FL15-00000587_1.tif,321.017372,321.017715,2.712806,-10.383721,-10.430638,-10.389762,7.984022,0.000000,0.000000,0.000000
588,C:/Users/VicUser/Documents/RobC/20260801/FL15\FL15-00000588_0.tif,C:/Users/VicUser/Documents/RobC/20260801/FL15\FL15-00000588_1.tif,321.517471,321.517719,2.713444,-10.383721,-10.430638,-10.389762,7.985895,0.000000,0.000000,0.000000
589,C:/Users/VicUser/Documents/RobC/20260801/FL15\FL15-00000589_0.tif,C:/Users/VicUser/Documents/RobC/20260801/FL15\FL15-00000589_1.tif,322.017375,322.017722,2.714719,-10.383721,-10.430638,-10.389762,7.989642,0.000000,0.000000,0.000000
590,C:/Users/VicUser/Documents/RobC/20260801/FL15\FL15-00000590_0.tif,C:/Users/VicUser/Documents/RobC/20260801/FL15\FL15-00000590_1.tif,322.517403,322.517761,2.713763,-10.383721,-10.430638,-10.389762,7.986832,0.000000,0.000000,0.000000
591,C:/Users/VicUser/Documents/RobC/20260801/FL15\FL15-00000591_0.tif,C:/Users/VicUser/Documents/RobC/20260801/FL15\FL15-00000591_1.tif,323.017496,323.018002,2.713444,-10.383721,-10.430638,-10.389762,7.985895,0.000000,0.000000,0.000000
592,C:/Users/VicUser/Documents/RobC/20260801/FL15\FL15-00000592_0.tif,C:/Users/VicUser/Documents/RobC/20260801/FL15\FL15-00000592_1.tif,323.517463,323.517766,2.713444,-10.383721,-10.430638,-10.389762,7.985895,0.000000,0.000000,0.000000
593,C:/Users/VicUser/Documents/RobC/20260801/FL15\FL15-00000593_0.tif,C:/Users/VicUser/Documents/RobC/20260801/FL15\FL15-00000593_1.tif,324.017443,324.017863,2.714401,-10.383721,-10.430638,-10.389762,7.988705,0.000000,0.000000,0.000000
594,C:/Users/VicUser/Documents/RobC/20260801/FL15\FL15-00000594_0.tif,C:/Users/VicUser/Documents/RobC/20260801/FL15\FL15-00000594_1.tif,324.517405,324.517781,2.714082,-10.383721,-10.430638,-10.389762,7.987768,0.000000,0.000000,0.000000
595,C:/Users/VicUser/Documents/RobC/20260801/FL15\FL15-00000595_0.tif,C:/Users/VicUser/Documents/RobC/20260801/FL15\FL15-00000595_1.tif,325.017385,325.017924,2.714401,-10.383721,-10.430638,-10.389762,7.988705,0.000000,0.000000,0.000000
596,C:/Users/VicUser/Documents/RobC/20260801/FL15\FL15-00000596_0.tif,C:/Users/VicUser/Documents/RobC/20260801/FL15\FL15-00000596_1.tif,325.517420,325.517652,2.712487,-10.383721,-10.430638,-10.389762,7.983085,0.000000,0.000000,0.000000
597,C:/Users/VicUser/Documents/RobC/20260801/FL15\FL15-00000597_0.tif,C:/Users/VicUser/Documents/RobC/20260801/FL15\FL15-00000597_1.tif,326.017417,326.017855,2.713763,-10.383721,-10.430638,-10.389762,7.986832,0.000000,0.000000,0.000000
598,C:/Users/VicUser/Documents/RobC/20260801/FL15\FL15-00000598_0.tif,C:/Users/VicUser/Documents/RobC/20260801/FL15\FL15-00000598_1.tif,326.517404,326.517807,2.714401,-10.383721,-10.430638,-10.389762,7.988705,0.000000,0.000000,0.000000
599,C:/Users/VicUser/Documents/RobC/20260801/FL15\FL15-00000599_0.tif,C:/Users/VicUser/Documents/RobC/20260801/FL15\FL15-00000599_1.tif,327.017359,327.017710,2.715038,-10.383721,-10.430638,-10.389762,7.990578,0.000000,0.000000,0.000000
600,C:/Users/VicUser/Documents/RobC/20260801/FL15\FL15-00000600_0.tif,C:/Users/VicUser/Documents/RobC/20260801/FL15\FL15-00000600_1.tif,327.517358,327.517717,2.714082,-10.383721,-10.430638,-10.389762,7.987768,0.000000,0.000000,0.000000
601,C:/Users/VicUser/Documents/RobC/20260801/FL15\FL15-00000601_0.tif,C:/Users/VicUser/Documents/RobC/20260801/FL15\FL15-00000601_1.tif,328.017380,328.017821,2.714082,-10.383721,-10.430638,-10.389762,7.987768,0.000000,0.000000,0.000000
602,C:/Users/VicUser/Documents/RobC/20260801/FL15\FL15-00000602_0.tif,C:/Users/VicUser/Documents/RobC/20260801/FL15\FL15-00000602_1.tif,328.517340,328.517747,2.715676,-10.383721,-10.430638,-10.389762,7.992451,0.000000,0.000000,0.000000
603,C:/Users/VicUser/Documents/RobC/20260801/FL15\FL15-00000603_0.tif,C:/Users/VicUser/Documents/RobC/20260801/FL15\FL15-00000603_1.tif,329.017398,329.017825,2.715994,-10.383721,-10.430638,-10.389762,7.993388,0.000000,0.000000,0.000000
604,C:/Users/VicUser/Documents/RobC/20260801/FL15\FL15-00000604_0.tif,C:/Users/VicUser/Documents/RobC/20260801/FL15\FL15-00000604_1.tif,329.517404,329.517784,2.715357,-10.383721,-10.430638,-10.389762,7.991515,0.000000,0.000000,0.000000
605,C:/Users/VicUser/Documents/RobC/20260801/FL15\FL15-00000605_0.tif,C:/Users/VicUser/Documents/RobC/20260801/FL15\FL15-00000605_1.tif,330.017375,330.017727,2.715038,-10.383721,-10.430638,-10.389762,7.990578,0.000000,0.000000,0.000000
606,C:/Users/VicUser/Documents/RobC/20260801/FL15\FL15-00000606_0.tif,C:/Users/VicUser/Documents/RobC/20260801/FL15\FL15-00000606_1.tif,330.517374,330.517651,2.715357,-10.383721,-10.430638,-10.389762,7.991515,0.000000,0.000000,0.000000
607,C:/Users/VicUser/Documents/RobC/20260801/FL15\FL15-00000607_0.tif,C:/Users/VicUser/Documents/RobC/20260801/FL15\FL15-00000607_1.tif,331.017363,331.017651,2.715038,-10.383721,-10.430638,-10.389762,7.990578,0.000000,0.000000,0.000000
608,C:/Users/VicUser/Documents/RobC/20260801/FL15\FL15-00000608_0.tif,C:/Users/VicUser/Documents/RobC/20260801/FL15\FL15-00000608_1.tif,331.517351,331.517658,2.715357,-10.383721,-10.430638,-10.389762,7.991515,0.000000,0.000000,0.000000
609,C:/Users/VicUser/Documents/RobC/20260801/FL15\FL15-00000609_0.tif,C:/Users/VicUser/Documents/RobC/20260801/FL15\FL15-00000609_1.tif,332.017335,332.017649,2.715038,-10.383721,-10.430638,-10.389762,7.990578,0.000000,0.000000,0.000000
610,C:/Users/VicUser/Documents/RobC/20260801/FL15\FL15-00000610_0.tif,C:/Users/VicUser/Documents/RobC/20260801/FL15\FL15-00000610_1.tif,332.517384,332.517714,2.713125,-10.383721,-10.430638,-10.389762,7.984959,0.000000,0.000000,0.000000
611,C:/Users/VicUser/Documents/RobC/20260801/FL15\FL15-00000611_0.tif,C:/Users/VicUser/Documents/RobC/20260801/FL15\FL15-00000611_1.tif,333.017358,333.017636,2.715038,-10.383721,-10.430638,-10.389762,7.990578,0.000000,0.000000,0.000000
612,C:/Users/VicUser/Documents/RobC/20260801/FL15\FL15-00000612_0.tif,C:/Users/VicUser/Documents/RobC/20260801/FL15\FL15-00000612_1.tif,333.517375,333.517721,2.715357,-10.383721,-10.430638,-10.389762,7.991515,0.000000,0.000000,0.000000
613,C:/Users/VicUser/Documents/RobC/20260801/FL15\FL15-00000613_0.tif,C:/Users/VicUser/Documents/RobC/20260801/FL15\FL15-00000613_1.tif,334.017369,334.017642,2.713444,-10.383721,-10.430638,-10.389762,7.985895,0.000000,0.000000,0.000000
614,C:/Users/VicUser/Documents/RobC/20260801/FL15\FL15-00000614_0.tif,C:/Users/VicUser/Documents/RobC/20260801/FL15\FL15-00000614_1.tif,334.517407,334.517727,2.713125,-10.383721,-10.430638,-10.389762,7.984959,0.000000,0.000000,0.000000
615,C:/Users/VicUser/Documents/RobC/20260801/FL15\FL15-00000615_0.tif,C:/Users/VicUser/Documents/RobC/20260801/FL15\FL15-00000615_1.tif,335.017390,335.017816,2.714401,-10.383721,-10.430638,-10.389762,7.988705,0.000000,0.000000,0.000000
616,C:/Users/VicUser/Documents/RobC/20260801/FL15\FL15-00000616_0.tif,C:/Users/VicUser/Documents/RobC/20260801/FL15\FL15-00000616_1.tif,335.517463,335.517807,2.714082,-10.383721,-10.430638,-10.389762,7.987768,0.000000,0.000000,0.000000
617,C:/Users/VicUser/Documents/RobC/20260801/FL15\FL15-00000617_0.tif,C:/Users/VicUser/Documents/RobC/20260801/FL15\FL15-00000617_1.tif,336.017350,336.017683,2.712487,-10.383721,-10.430638,-10.389762,7.983085,0.000000,0.000000,0.000000
618,C:/Users/VicUser/Documents/RobC/20260801/FL15\FL15-00000618_0.tif,C:/Users/VicUser/Documents/RobC/20260801/FL15\FL15-00000618_1.tif,336.517420,336.517694,2.712169,-10.383721,-10.430638,-10.389762,7.982148,0.000000,0.000000,0.000000
619,C:/Users/VicUser/Documents/RobC/20260801/FL15\FL15-00000619_0.tif,C:/Users/VicUser/Documents/RobC/20260801/FL15\FL15-00000619_1.tif,337.017376,337.017671,2.714401,-10.383721,-10.430638,-10.389762,7.988705,0.000000,0.000000,0.000000
620,C:/Users/VicUser/Documents/RobC/20260801/FL15\FL15-00000620_0.tif,C:/Users/VicUser/Documents/RobC/20260801/FL15\FL15-00000620_1.tif,337.517373,337.517682,2.714719,-10.383721,-10.430638,-10.389762,7.989642,0.000000,0.000000,0.000000
621,C:/Users/VicUser/Documents/RobC/20260801/FL15\FL15-00000621_0.tif,C:/Users/VicUser/Documents/RobC/20260801/FL15\FL15-00000621_1.tif,338.017336,338.017690,2.714719,-10.383721,-10.430638,-10.389762,7.989642,0.000000,0.000000,0.000000
622,C:/Users/VicUser/Documents/RobC/20260801/FL15\FL15-00000622_0.tif,C:/Users/VicUser/Documents/RobC/20260801/FL15\FL15-00000622_1.tif,338.517392,338.517725,2.714401,-10.383721,-10.430638,-10.389762,7.988705,0.000000,0.000000,0.000000
623,C:/Users/VicUser/Documents/RobC/20260801/FL15\FL15-00000623_0.tif,C:/Users/VicUser/Documents/RobC/20260801/FL15\FL15-00000623_1.tif,339.017380,339.017753,2.712806,-10.383721,-10.430638,-10.389762,7.984022,0.000000,0.000000,0.000000
624,C:/Users/VicUser/Documents/RobC/20260801/FL15\FL15-00000624_0.tif,C:/Users/VicUser/Documents/RobC/20260801/FL15\FL15-00000624_1.tif,339.517384,339.517757,2.713444,-10.383721,-10.430638,-10.389762,7.985895,0.000000,0.000000,0.000000
625,C:/Users/VicUser/Documents/RobC/20260801/FL15\FL15-00000625_0.tif,C:/Users/VicUser/Documents/RobC/20260801/FL15\FL15-00000625_1.tif,340.017439,340.017677,2.713125,-10.383721,-10.430638,-10.389762,7.984959,0.000000,0.000000,0.000000
626,C:/Users/VicUser/Documents/RobC/20260801/FL15\FL15-00000626_0.tif,C:/Users/VicUser/Documents/RobC/20260801/FL15\FL15-00000626_1.tif,340.517337,340.517694,2.714401,-10.383721,-10.430638,-10.389762,7.988705,0.000000,0.000000,0.000000
627,C:/Users/VicUser/Documents/RobC/20260801/FL15\FL15-00000627_0.tif,C:/Users/VicUser/Documents/RobC/20260801/FL15\FL15-00000627_1.tif,341.017301,341.017667,2.712169,-10.383721,-10.430638,-10.389762,7.982148,0.000000,0.000000,0.000000
628,C:/Users/VicUser/Documents/RobC/20260801/FL15\FL15-00000628_0.tif,C:/Users/VicUser/Documents/RobC/20260801/FL15\FL15-00000628_1.tif,341.517386,341.517748,2.711850,-10.383721,-10.430638,-10.389762,7.981212,0.000000,0.000000,0.000000
629,C:/Users/VicUser/Documents/RobC/20260801/FL15\FL15-00000629_0.tif,C:/Users/VicUser/Documents/RobC/20260801/FL15\FL15-00000629_1.tif,342.017393,342.017749,2.714401,-10.383721,-10.430638,-10.389762,7.988705,0.000000,0.000000,0.000000
630,C:/Users/VicUser/Documents/RobC/20260801/FL15\FL15-00000630_0.tif,C:/Users/VicUser/Documents/RobC/20260801/FL15\FL15-00000630_1.tif,342.517398,342.517732,2.713763,-10.383721,-10.430638,-10.389762,7.986832,0.000000,0.000000,0.000000
631,C:/Users/VicUser/Documents/RobC/20260801/FL15\FL15-00000631_0.tif,C:/Users/VicUser/Documents/RobC/20260801/FL15\FL15-00000631_1.tif,343.017366,343.017724,2.711531,-10.383721,-10.430638,-10.389762,7.980275,0.000000,0.000000,0.000000
632,C:/Users/VicUser/Documents/RobC/20260801/FL15\FL15-00000632_0.tif,C:/Users/VicUser/Documents/RobC/20260801/FL15\FL15-00000632_1.tif,343.517346,343.517645,2.711850,-10.383721,-10.430638,-10.389762,7.981212,0.000000,0.000000,0.000000
633,C:/Users/VicUser/Documents/RobC/20260801/FL15\FL15-00000633_0.tif,C:/Users/VicUser/Documents/RobC/20260801/FL15\FL15-00000633_1.tif,344.017381,344.017794,2.712169,-10.383721,-10.430638,-10.389762,7.982148,0.000000,0.000000,0.000000
634,C:/Users/VicUser/Documents/RobC/20260801/FL15\FL15-00000634_0.tif,C:/Users/VicUser/Documents/RobC/20260801/FL15\FL15-00000634_1.tif,344.517387,344.517751,2.711531,-10.383721,-10.430638,-10.389762,7.980275,0.000000,0.000000,0.000000
635,C:/Users/VicUser/Documents/RobC/20260801/FL15\FL15-00000635_0.tif,C:/Users/VicUser/Documents/RobC/20260801/FL15\FL15-00000635_1.tif,345.017387,345.017736,2.711212,-10.383721,-10.430638,-10.389762,7.979339,0.000000,0.000000,0.000000
636,C:/Users/VicUser/Documents/RobC/20260801/FL15\FL15-00000636_0.tif,C:/Users/VicUser/Documents/RobC/20260801/FL15\FL15-00000636_1.tif,345.517373,345.517723,2.710894,-10.383721,-10.430638,-10.389762,7.978402,0.000000,0.000000,0.000000
637,C:/Users/VicUser/Documents/RobC/20260801/FL15\FL15-00000637_0.tif,C:/Users/VicUser/Documents/RobC/20260801/FL15\FL15-00000637_1.tif,346.017391,346.017816,2.710256,-10.383721,-10.430638,-10.389762,7.976528,0.000000,0.000000,0.000000
638,C:/Users/VicUser/Documents/RobC/20260801/FL15\FL15-00000638_0.tif,C:/Users/VicUser/Documents/RobC/20260801/FL15\FL15-00000638_1.tif,346.517391,346.517728,2.710256,-10.383721,-10.430638,-10.389762,7.976528,0.000000,0.000000,0.000000
639,C:/Users/VicUser/Documents/RobC/20260801/FL15\FL15-00000639_0.tif,C:/Users/VicUser/Documents/RobC/20260801/FL15\FL15-00000639_1.tif,347.017362,347.017667,2.709937,-10.383721,-10.430638,-10.389762,7.975592,0.000000,0.000000,0.000000
640,C:/Users/VicUser/Documents/RobC/20260801/FL15\FL15-00000640_0.tif,C:/Users/VicUser/Documents/RobC/20260801/FL15\FL15-00000640_1.tif,347.517328,347.517665,2.711212,-10.383721,-10.430638,-10.389762,7.979339,0.000000,0.000000,0.000000
641,C:/Users/VicUser/Documents/RobC/20260801/FL15\FL15-00000641_0.tif,C:/Users/VicUser/Documents/RobC/20260801/FL15\FL15-00000641_1.tif,348.017390,348.017766,2.710256,-10.383721,-10.430638,-10.389762,7.976528,0.000000,0.000000,0.000000
642,C:/Users/VicUser/Documents/RobC/20260801/FL15\FL15-00000642_0.tif,C:/Users/VicUser/Documents/RobC/20260801/FL15\FL15-00000642_1.tif,348.517335,348.517626,2.710575,-10.383721,-10.430638,-10.389762,7.977465,0.000000,0.000000,0.000000
643,C:/Users/VicUser/Documents/RobC/20260801/FL15\FL15-00000643_0.tif,C:/Users/VicUser/Documents/RobC/20260801/FL15\FL15-00000643_1.tif,349.017382,349.017747,2.710575,-10.383721,-10.430638,-10.389762,7.977465,0.000000,0.000000,0.000000
644,C:/Users/VicUser/Documents/RobC/20260801/FL15\FL15-00000644_0.tif,C:/Users/VicUser/Documents/RobC/20260801/FL15\FL15-00000644_1.tif,349.517322,349.517768,2.710256,-10.383721,-10.430638,-10.389762,7.976528,0.000000,0.000000,0.000000
645,C:/Users/VicUser/Documents/RobC/20260801/FL15\FL15-00000645_0.tif,C:/Users/VicUser/Documents/RobC/20260801/FL15\FL15-00000645_1.tif,350.017343,350.017754,2.709300,-10.383721,-10.430638,-10.389762,7.973719,0.000000,0.000000,0.000000
646,C:/Users/VicUser/Documents/RobC/20260801/FL15\FL15-00000646_0.tif,C:/Users/VicUser/Documents/RobC/20260801/FL15\FL15-00000646_1.tif,350.517352,350.517756,2.709618,-10.383721,-10.430638,-10.389762,7.974655,0.000000,0.000000,0.000000
647,C:/Users/VicUser/Documents/RobC/20260801/FL15\FL15-00000647_0.tif,C:/Users/VicUser/Documents/RobC/20260801/FL15\FL15-00000647_1.tif,351.017340,351.017704,2.708981,-10.383721,-10.430638,-10.389762,7.972782,0.000000,0.000000,0.000000
648,C:/Users/VicUser/Documents/RobC/20260801/FL15\FL15-00000648_0.tif,C:/Users/VicUser/Documents/RobC/20260801/FL15\FL15-00000648_1.tif,351.517341,351.517644,2.709300,-10.383721,-10.430638,-10.389762,7.973719,0.000000,0.000000,0.000000
649,C:/Users/VicUser/Documents/RobC/20260801/FL15\FL15-00000649_0.tif,C:/Users/VicUser/Documents/RobC/20260801/FL15\FL15-00000649_1.tif,352.017465,352.017790,2.708662,-10.383721,-10.430638,-10.389762,7.971845,0.000000,0.000000,0.000000
650,C:/Users/VicUser/Documents/RobC/20260801/FL15\FL15-00000650_0.tif,C:/Users/VicUser/Documents/RobC/20260801/FL15\FL15-00000650_1.tif,352.517482,352.517788,2.706749,-10.383721,-10.430638,-10.389762,7.966225,0.000000,0.000000,0.000000
651,C:/Users/VicUser/Documents/RobC/20260801/FL15\FL15-00000651_0.tif,C:/Users/VicUser/Documents/RobC/20260801/FL15\FL15-00000651_1.tif,353.017435,353.017859,2.708662,-10.383721,-10.430638,-10.389762,7.971845,0.000000,0.000000,0.000000
652,C:/Users/VicUser/Documents/RobC/20260801/FL15\FL15-00000652_0.tif,C:/Users/VicUser/Documents/RobC/20260801/FL15\FL15-00000652_1.tif,353.517426,353.517855,2.708024,-10.383721,-10.430638,-10.389762,7.969972,0.000000,0.000000,0.000000
653,C:/Users/VicUser/Documents/RobC/20260801/FL15\FL15-00000653_0.tif,C:/Users/VicUser/Documents/RobC/20260801/FL15\FL15-00000653_1.tif,354.017398,354.017722,2.708024,-10.383721,-10.430638,-10.389762,7.969972,0.000000,0.000000,0.000000
654,C:/Users/VicUser/Documents/RobC/20260801/FL15\FL15-00000654_0.tif,C:/Users/VicUser/Documents/RobC/20260801/FL15\FL15-00000654_1.tif,354.517430,354.517791,2.706430,-10.383721,-10.430638,-10.389762,7.965289,0.000000,0.000000,0.000000
655,C:/Users/VicUser/Documents/RobC/20260801/FL15\FL15-00000655_0.tif,C:/Users/VicUser/Documents/RobC/20260801/FL15\FL15-00000655_1.tif,355.017391,355.017755,2.706749,-10.383721,-10.430638,-10.389762,7.966225,0.000000,0.000000,0.000000
656,C:/Users/VicUser/Documents/RobC/20260801/FL15\FL15-00000656_0.tif,C:/Users/VicUser/Documents/RobC/20260801/FL15\FL15-00000656_1.tif,355.517378,355.517678,2.705793,-10.383721,-10.430638,-10.389762,7.963415,0.000000,0.000000,0.000000
657,C:/Users/VicUser/Documents/RobC/20260801/FL15\FL15-00000657_0.tif,C:/Users/VicUser/Documents/RobC/20260801/FL15\FL15-00000657_1.tif,356.017342,356.017776,2.706111,-10.383721,-10.430638,-10.389762,7.964352,0.000000,0.000000,0.000000
658,C:/Users/VicUser/Documents/RobC/20260801/FL15\FL15-00000658_0.tif,C:/Users/VicUser/Documents/RobC/20260801/FL15\FL15-00000658_1.tif,356.517300,356.517684,2.704517,-10.383721,-10.430638,-10.389762,7.959669,0.000000,0.000000,0.000000
659,C:/Users/VicUser/Documents/RobC/20260801/FL15\FL15-00000659_0.tif,C:/Users/VicUser/Documents/RobC/20260801/FL15\FL15-00000659_1.tif,357.017334,357.017651,2.704517,-10.383721,-10.430638,-10.389762,7.959669,0.000000,0.000000,0.000000
660,C:/Users/VicUser/Documents/RobC/20260801/FL15\FL15-00000660_0.tif,C:/Users/VicUser/Documents/RobC/20260801/FL15\FL15-00000660_1.tif,357.517345,357.517619,2.704517,-10.383721,-10.430638,-10.389762,7.959669,0.000000,0.000000,0.000000
661,C:/Users/VicUser/Documents/RobC/20260801/FL15\FL15-00000661_0.tif,C:/Users/VicUser/Documents/RobC/20260801/FL15\FL15-00000661_1.tif,358.017378,358.017883,2.704836,-10.383721,-10.430638,-10.389762,7.960605,0.000000,0.000000,0.000000
662,C:/Users/VicUser/Documents/RobC/20260801/FL15\FL15-00000662_0.tif,C:/Users/VicUser/Documents/RobC/20260801/FL15\FL15-00000662_1.tif,358.517406,358.517861,2.705155,-10.383721,-10.430638,-10.389762,7.961542,0.000000,0.000000,0.000000
663,C:/Users/VicUser/Documents/RobC/20260801/FL15\FL15-00000663_0.tif,C:/Users/VicUser/Documents/RobC/20260801/FL15\FL15-00000663_1.tif,359.017347,359.017715,2.706749,-10.383721,-10.430638,-10.389762,7.966225,0.000000,0.000000,0.000000
664,C:/Users/VicUser/Documents/RobC/20260801/FL15\FL15-00000664_0.tif,C:/Users/VicUser/Documents/RobC/20260801/FL15\FL15-00000664_1.tif,359.517344,359.517727,2.703561,-10.383721,-10.430638,-10.389762,7.956859,0.000000,0.000000,0.000000
665,C:/Users/VicUser/Documents/RobC/20260801/FL15\FL15-00000665_0.tif,C:/Users/VicUser/Documents/RobC/20260801/FL15\FL15-00000665_1.tif,360.017355,360.017725,2.703880,-10.383721,-10.430638,-10.389762,7.957796,0.000000,0.000000,0.000000
666,C:/Users/VicUser/Documents/RobC/20260801/FL15\FL15-00000666_0.tif,C:/Users/VicUser/Documents/RobC/20260801/FL15\FL15-00000666_1.tif,360.517341,360.517667,2.703242,-10.383721,-10.430638,-10.389762,7.955922,0.000000,0.000000,0.000000
667,C:/Users/VicUser/Documents/RobC/20260801/FL15\FL15-00000667_0.tif,C:/Users/VicUser/Documents/RobC/20260801/FL15\FL15-00000667_1.tif,361.017304,361.017723,2.701967,-10.383721,-10.430638,-10.389762,7.952176,0.000000,0.000000,0.000000
668,C:/Users/VicUser/Documents/RobC/20260801/FL15\FL15-00000668_0.tif,C:/Users/VicUser/Documents/RobC/20260801/FL15\FL15-00000668_1.tif,361.517338,361.517695,2.701010,-10.383721,-10.430638,-10.389762,7.949365,0.000000,0.000000,0.000000
669,C:/Users/VicUser/Documents/RobC/20260801/FL15\FL15-00000669_0.tif,C:/Users/VicUser/Documents/RobC/20260801/FL15\FL15-00000669_1.tif,362.017405,362.017771,2.701010,-10.383721,-10.430638,-10.389762,7.949365,0.000000,0.000000,0.000000
670,C:/Users/VicUser/Documents/RobC/20260801/FL15\FL15-00000670_0.tif,C:/Users/VicUser/Documents/RobC/20260801/FL15\FL15-00000670_1.tif,362.517365,362.517727,2.701010,-10.383721,-10.430638,-10.389762,7.949365,0.000000,0.000000,0.000000
671,C:/Users/VicUser/Documents/RobC/20260801/FL15\FL15-00000671_0.tif,C:/Users/VicUser/Documents/RobC/20260801/FL15\FL15-00000671_1.tif,363.017378,363.017791,2.701967,-10.383721,-10.430638,-10.389762,7.952176,0.000000,0.000000,0.000000
672,C:/Users/VicUser/Documents/RobC/20260801/FL15\FL15-00000672_0.tif,C:/Users/VicUser/Documents/RobC/20260801/FL15\FL15-00000672_1.tif,363.517441,363.517702,2.700692,-10.383721,-10.430638,-10.389762,7.948429,0.000000,0.000000,0.000000
673,C:/Users/VicUser/Documents/RobC/20260801/FL15\FL15-00000673_0.tif,C:/Users/VicUser/Documents/RobC/20260801/FL15\FL15-00000673_1.tif,364.017408,364.017673,2.699735,-10.383721,-10.430638,-10.389762,7.945619,0.000000,0.000000,0.000000
674,C:/Users/VicUser/Documents/RobC/20260801/FL15\FL15-00000674_0.tif,C:/Users/VicUser/Documents/RobC/20260801/FL15\FL15-00000674_1.tif,364.517378,364.517699,2.699417,-10.383721,-10.430638,-10.389762,7.944683,0.000000,0.000000,0.000000
675,C:/Users/VicUser/Documents/RobC/20260801/FL15\FL15-00000675_0.tif,C:/Users/VicUser/Documents/RobC/20260801/FL15\FL15-00000675_1.tif,365.017411,365.017706,2.699417,-10.383721,-10.430638,-10.389762,7.944683,0.000000,0.000000,0.000000
676,C:/Users/VicUser/Documents/RobC/20260801/FL15\FL15-00000676_0.tif,C:/Users/VicUser/Documents/RobC/20260801/FL15\FL15-00000676_1.tif,365.517376,365.517765,2.698779,-10.383721,-10.430638,-10.389762,7.942809,0.000000,0.000000,0.000000
677,C:/Users/VicUser/Documents/RobC/20260801/FL15\FL15-00000677_0.tif,C:/Users/VicUser/Documents/RobC/20260801/FL15\FL15-00000677_1.tif,366.017365,366.017712,2.697504,-10.383721,-10.430638,-10.389762,7.939063,0.000000,0.000000,0.000000
678,C:/Users/VicUser/Documents/RobC/20260801/FL15\FL15-00000678_0.tif,C:/Users/VicUser/Documents/RobC/20260801/FL15\FL15-00000678_1.tif,366.517369,366.517743,2.697185,-10.383721,-10.430638,-10.389762,7.938126,0.000000,0.000000,0.000000
679,C:/Users/VicUser/Documents/RobC/20260801/FL15\FL15-00000679_0.tif,C:/Users/VicUser/Documents/RobC/20260801/FL15\FL15-00000679_1.tif,367.017403,367.017693,2.696229,-10.383721,-10.430638,-10.389762,7.935316,0.000000,0.000000,0.000000
680,C:/Users/VicUser/Documents/RobC/20260801/FL15\FL15-00000680_0.tif,C:/Users/VicUser/Documents/RobC/20260801/FL15\FL15-00000680_1.tif,367.517399,367.517674,2.695910,-10.383721,-10.430638,-10.389762,7.934379,0.000000,0.000000,0.000000
681,C:/Users/VicUser/Documents/RobC/20260801/FL15\FL15-00000681_0.tif,C:/Users/VicUser/Documents/RobC/20260801/FL15\FL15-00000681_1.tif,368.017372,368.017757,2.693997,-10.383721,-10.430638,-10.389762,7.928760,0.000000,0.000000,0.000000
682,C:/Users/VicUser/Documents/RobC/20260801/FL15\FL15-00000682_0.tif,C:/Users/VicUser/Documents/RobC/20260801/FL15\FL15-00000682_1.tif,368.517351,368.517738,2.694953,-10.383721,-10.430638,-10.389762,7.931569,0.000000,0.000000,0.000000
683,C:/Users/VicUser/Documents/RobC/20260801/FL15\FL15-00000683_0.tif,C:/Users/VicUser/Documents/RobC/20260801/FL15\FL15-00000683_1.tif,369.017395,369.017714,2.693678,-10.383721,-10.430638,-10.389762,7.927823,0.000000,0.000000,0.000000
684,C:/Users/VicUser/Documents/RobC/20260801/FL15\FL15-00000684_0.tif,C:/Users/VicUser/Documents/RobC/20260801/FL15\FL15-00000684_1.tif,369.517338,369.517681,2.693678,-10.383721,-10.430638,-10.389762,7.927823,0.000000,0.000000,0.000000
685,C:/Users/VicUser/Documents/RobC/20260801/FL15\FL15-00000685_0.tif,C:/Users/VicUser/Documents/RobC/20260801/FL15\FL15-00000685_1.tif,370.017348,370.017696,2.693359,-10.383721,-10.430638,-10.389762,7.926886,0.000000,0.000000,0.000000
686,C:/Users/VicUser/Documents/RobC/20260801/FL15\FL15-00000686_0.tif,C:/Users/VicUser/Documents/RobC/20260801/FL15\FL15-00000686_1.tif,370.517350,370.517641,2.691446,-10.383721,-10.430638,-10.389762,7.921266,0.000000,0.000000,0.000000
687,C:/Users/VicUser/Documents/RobC/20260801/FL15\FL15-00000687_0.tif,C:/Users/VicUser/Documents/RobC/20260801/FL15\FL15-00000687_1.tif,371.017262,371.017591,2.691446,-10.383721,-10.430638,-10.389762,7.921266,0.000000,0.000000,0.000000
688,C:/Users/VicUser/Documents/RobC/20260801/FL15\FL15-00000688_0.tif,C:/Users/VicUser/Documents/RobC/20260801/FL15\FL15-00000688_1.tif,371.517336,371.517673,2.691446,-10.383721,-10.430638,-10.389762,7.921266,0.000000,0.000000,0.000000
689,C:/Users/VicUser/Documents/RobC/20260801/FL15\FL15-00000689_0.tif,C:/Users/VicUser/Documents/RobC/20260801/FL15\FL15-00000689_1.tif,372.017380,372.017678,2.689852,-10.383721,-10.430638,-10.389762,7.916582,0.000000,0.000000,0.000000
690,C:/Users/VicUser/Documents/RobC/20260801/FL15\FL15-00000690_0.tif,C:/Users/VicUser/Documents/RobC/20260801/FL15\FL15-00000690_1.tif,372.517364,372.517649,2.688577,-10.383721,-10.430638,-10.389762,7.912836,0.000000,0.000000,0.000000
691,C:/Users/VicUser/Documents/RobC/20260801/FL15\FL15-00000691_0.tif,C:/Users/VicUser/Documents/RobC/20260801/FL15\FL15-00000691_1.tif,373.017336,373.017741,2.688258,-10.383721,-10.430638,-10.389762,7.911900,0.000000,0.000000,0.000000
692,C:/Users/VicUser/Documents/RobC/20260801/FL15\FL15-00000692_0.tif,C:/Users/VicUser/Documents/RobC/20260801/FL15\FL15-00000692_1.tif,373.517343,373.517637,2.688577,-10.383721,-10.430638,-10.389762,7.912836,0.000000,0.000000,0.000000
693,C:/Users/VicUser/Documents/RobC/20260801/FL15\FL15-00000693_0.tif,C:/Users/VicUser/Documents/RobC/20260801/FL15\FL15-00000693_1.tif,374.017343,374.017673,2.686664,-10.383721,-10.430638,-10.389762,7.907216,0.000000,0.000000,0.000000
694,C:/Users/VicUser/Documents/RobC/20260801/FL15\FL15-00000694_0.tif,C:/Users/VicUser/Documents/RobC/20260801/FL15\FL15-00000694_1.tif,374.517349,374.517660,2.687621,-10.383721,-10.430638,-10.389762,7.910026,0.000000,0.000000,0.000000
695,C:/Users/VicUser/Documents/RobC/20260801/FL15\FL15-00000695_0.tif,C:/Users/VicUser/Documents/RobC/20260801/FL15\FL15-00000695_1.tif,375.017397,375.017789,2.687302,-10.383721,-10.430638,-10.389762,7.909090,0.000000,0.000000,0.000000
696,C:/Users/VicUser/Documents/RobC/20260801/FL15\FL15-00000696_0.tif,C:/Users/VicUser/Documents/RobC/20260801/FL15\FL15-00000696_1.tif,375.517341,375.517693,2.685389,-10.383721,-10.430638,-10.389762,7.903470,0.000000,0.000000,0.000000
697,C:/Users/VicUser/Documents/RobC/20260801/FL15\FL15-00000697_0.tif,C:/Users/VicUser/Documents/RobC/20260801/FL15\FL15-00000697_1.tif,376.017371,376.017793,2.684114,-10.383721,-10.430638,-10.389762,7.899723,0.000000,0.000000,0.000000
698,C:/Users/VicUser/Documents/RobC/20260801/FL15\FL15-00000698_0.tif,C:/Users/VicUser/Documents/RobC/20260801/FL15\FL15-00000698_1.tif,376.517299,376.517705,2.683795,-10.383721,-10.430638,-10.389762,7.898786,0.000000,0.000000,0.000000
699,C:/Users/VicUser/Documents/RobC/20260801/FL15\FL15-00000699_0.tif,C:/Users/VicUser/Documents/RobC/20260801/FL15\FL15-00000699_1.tif,377.017376,377.017672,2.681563,-10.383721,-10.430638,-10.389762,7.892230,0.000000,0.000000,0.000000
700,C:/Users/VicUser/Documents/RobC/20260801/FL15\FL15-00000700_0.tif,C:/Users/VicUser/Documents/RobC/20260801/FL15\FL15-00000700_1.tif,377.517371,377.517672,2.681882,-10.383721,-10.430638,-10.389762,7.893166,0.000000,0.000000,0.000000
701,C:/Users/VicUser/Documents/RobC/20260801/FL15\FL15-00000701_0.tif,C:/Users/VicUser/Documents/RobC/20260801/FL15\FL15-00000701_1.tif,378.017369,378.017685,2.682201,-10.383721,-10.430638,-10.389762,7.894103,0.000000,0.000000,0.000000
702,C:/Users/VicUser/Documents/RobC/20260801/FL15\FL15-00000702_0.tif,C:/Users/VicUser/Documents/RobC/20260801/FL15\FL15-00000702_1.tif,378.517380,378.517793,2.681245,-10.383721,-10.430638,-10.389762,7.891293,0.000000,0.000000,0.000000
703,C:/Users/VicUser/Documents/RobC/20260801/FL15\FL15-00000703_0.tif,C:/Users/VicUser/Documents/RobC/20260801/FL15\FL15-00000703_1.tif,379.017371,379.017754,2.678056,-10.383721,-10.430638,-10.389762,7.881927,0.000000,0.000000,0.000000
704,C:/Users/VicUser/Documents/RobC/20260801/FL15\FL15-00000704_0.tif,C:/Users/VicUser/Documents/RobC/20260801/FL15\FL15-00000704_1.tif,379.517386,379.517669,2.678375,-10.383721,-10.430638,-10.389762,7.882863,0.000000,0.000000,0.000000
705,C:/Users/VicUser/Documents/RobC/20260801/FL15\FL15-00000705_0.tif,C:/Users/VicUser/Documents/RobC/20260801/FL15\FL15-00000705_1.tif,380.017412,380.017690,2.677419,-10.383721,-10.430638,-10.389762,7.880053,0.000000,0.000000,0.000000
706,C:/Users/VicUser/Documents/RobC/20260801/FL15\FL15-00000706_0.tif,C:/Users/VicUser/Documents/RobC/20260801/FL15\FL15-00000706_1.tif,380.517343,380.517621,2.677100,-10.383721,-10.430638,-10.389762,7.879117,0.000000,0.000000,0.000000
707,C:/Users/VicUser/Documents/RobC/20260801/FL15\FL15-00000707_0.tif,C:/Users/VicUser/Documents/RobC/20260801/FL15\FL15-00000707_1.tif,381.017478,381.017823,2.676144,-10.383721,-10.430638,-10.389762,7.876307,0.000000,0.000000,0.000000
708,C:/Users/VicUser/Documents/RobC/20260801/FL15\FL15-00000708_0.tif,C:/Users/VicUser/Documents/RobC/20260801/FL15\FL15-00000708_1.tif,381.517483,381.517761,2.674550,-10.383721,-10.430638,-10.389762,7.871623,0.000000,0.000000,0.000000
709,C:/Users/VicUser/Documents/RobC/20260801/FL15\FL15-00000709_0.tif,C:/Users/VicUser/Documents/RobC/20260801/FL15\FL15-00000709_1.tif,382.017458,382.017794,2.674550,-10.383721,-10.430638,-10.389762,7.871623,0.000000,0.000000,0.000000
710,C:/Users/VicUser/Documents/RobC/20260801/FL15\FL15-00000710_0.tif,C:/Users/VicUser/Documents/RobC/20260801/FL15\FL15-00000710_1.tif,382.517412,382.517807,2.674231,-10.383721,-10.430638,-10.389762,7.870687,0.000000,0.000000,0.000000
711,C:/Users/VicUser/Documents/RobC/20260801/FL15\FL15-00000711_0.tif,C:/Users/VicUser/Documents/RobC/20260801/FL15\FL15-00000711_1.tif,383.017369,383.017691,2.673912,-10.383721,-10.430638,-10.389762,7.869750,0.000000,0.000000,0.000000
712,C:/Users/VicUser/Documents/RobC/20260801/FL15\FL15-00000712_0.tif,C:/Users/VicUser/Documents/RobC/20260801/FL15\FL15-00000712_1.tif,383.517350,383.517804,2.671362,-10.383721,-10.430638,-10.389762,7.862257,0.000000,0.000000,0.000000
713,C:/Users/VicUser/Documents/RobC/20260801/FL15\FL15-00000713_0.tif,C:/Users/VicUser/Documents/RobC/20260801/FL15\FL15-00000713_1.tif,384.017353,384.017722,2.670405,-10.383721,-10.430638,-10.389762,7.859447,0.000000,0.000000,0.000000
714,C:/Users/VicUser/Documents/RobC/20260801/FL15\FL15-00000714_0.tif,C:/Users/VicUser/Documents/RobC/20260801/FL15\FL15-00000714_1.tif,384.517339,384.517735,2.669768,-10.383721,-10.430638,-10.389762,7.857574,0.000000,0.000000,0.000000
715,C:/Users/VicUser/Documents/RobC/20260801/FL15\FL15-00000715_0.tif,C:/Users/VicUser/Documents/RobC/20260801/FL15\FL15-00000715_1.tif,385.017333,385.017612,2.668174,-10.383721,-10.430638,-10.389762,7.852890,0.000000,0.000000,0.000000
716,C:/Users/VicUser/Documents/RobC/20260801/FL15\FL15-00000716_0.tif,C:/Users/VicUser/Documents/RobC/20260801/FL15\FL15-00000716_1.tif,385.517358,385.517654,2.668174,-10.383721,-10.430638,-10.389762,7.852890,0.000000,0.000000,0.000000
717,C:/Users/VicUser/Documents/RobC/20260801/FL15\FL15-00000717_0.tif,C:/Users/VicUser/Documents/RobC/20260801/FL15\FL15-00000717_1.tif,386.017306,386.017537,2.666898,-10.383721,-10.430638,-10.389762,7.849144,0.000000,0.000000,0.000000
718,C:/Users/VicUser/Documents/RobC/20260801/FL15\FL15-00000718_0.tif,C:/Users/VicUser/Documents/RobC/20260801/FL15\FL15-00000718_1.tif,386.517366,386.517889,2.664029,-10.383721,-10.430638,-10.389762,7.840714,0.000000,0.000000,0.000000
719,C:/Users/VicUser/Documents/RobC/20260801/FL15\FL15-00000719_0.tif,C:/Users/VicUser/Documents/RobC/20260801/FL15\FL15-00000719_1.tif,387.017302,387.017608,2.664667,-10.383721,-10.430638,-10.389762,7.842587,0.000000,0.000000,0.000000
720,C:/Users/VicUser/Documents/RobC/20260801/FL15\FL15-00000720_0.tif,C:/Users/VicUser/Documents/RobC/20260801/FL15\FL15-00000720_1.tif,387.517385,387.517790,2.656059,-10.383721,-10.430638,-10.389762,7.817298,0.000000,0.000000,0.000000
721,C:/Users/VicUser/Documents/RobC/20260801/FL15\FL15-00000721_0.tif,C:/Users/VicUser/Documents/RobC/20260801/FL15\FL15-00000721_1.tif,388.017431,388.017534,2.663073,-10.383721,-10.430638,-10.389762,7.837904,0.000000,0.000000,0.000000
722,C:/Users/VicUser/Documents/RobC/20260801/FL15\FL15-00000722_0.tif,C:/Users/VicUser/Documents/RobC/20260801/FL15\FL15-00000722_1.tif,388.517378,388.517735,2.661798,-10.383721,-10.430638,-10.389762,7.834158,0.000000,0.000000,0.000000
723,C:/Users/VicUser/Documents/RobC/20260801/FL15\FL15-00000723_0.tif,C:/Users/VicUser/Documents/RobC/20260801/FL15\FL15-00000723_1.tif,389.017436,389.017821,2.659566,-10.383721,-10.430638,-10.389762,7.827601,0.000000,0.000000,0.000000
724,C:/Users/VicUser/Documents/RobC/20260801/FL15\FL15-00000724_0.tif,C:/Users/VicUser/Documents/RobC/20260801/FL15\FL15-00000724_1.tif,389.517407,389.517850,2.660203,-10.383721,-10.430638,-10.389762,7.829474,0.000000,0.000000,0.000000
725,C:/Users/VicUser/Documents/RobC/20260801/FL15\FL15-00000725_0.tif,C:/Users/VicUser/Documents/RobC/20260801/FL15\FL15-00000725_1.tif,390.017430,390.017824,2.658291,-10.383721,-10.430638,-10.389762,7.823854,0.000000,0.000000,0.000000
726,C:/Users/VicUser/Documents/RobC/20260801/FL15\FL15-00000726_0.tif,C:/Users/VicUser/Documents/RobC/20260801/FL15\FL15-00000726_1.tif,390.517361,390.517758,2.655740,-10.383721,-10.430638,-10.389762,7.816361,0.000000,0.000000,0.000000
727,C:/Users/VicUser/Documents/RobC/20260801/FL15\FL15-00000727_0.tif,C:/Users/VicUser/Documents/RobC/20260801/FL15\FL15-00000727_1.tif,391.017336,391.017723,2.655421,-10.383721,-10.430638,-10.389762,7.815424,0.000000,0.000000,0.000000
728,C:/Users/VicUser/Documents/RobC/20260801/FL15\FL15-00000728_0.tif,C:/Users/VicUser/Documents/RobC/20260801/FL15\FL15-00000728_1.tif,391.517436,391.517732,2.653508,-10.383721,-10.430638,-10.389762,7.809804,0.000000,0.000000,0.000000
729,C:/Users/VicUser/Documents/RobC/20260801/FL15\FL15-00000729_0.tif,C:/Users/VicUser/Documents/RobC/20260801/FL15\FL15-00000729_1.tif,392.017418,392.017747,2.652552,-10.383721,-10.430638,-10.389762,7.806995,0.000000,0.000000,0.000000
730,C:/Users/VicUser/Documents/RobC/20260801/FL15\FL15-00000730_0.tif,C:/Users/VicUser/Documents/RobC/20260801/FL15\FL15-00000730_1.tif,392.517310,392.517554,2.651596,-10.383721,-10.430638,-10.389762,7.804184,0.000000,0.000000,0.000000
731,C:/Users/VicUser/Documents/RobC/20260801/FL15\FL15-00000731_0.tif,C:/Users/VicUser/Documents/RobC/20260801/FL15\FL15-00000731_1.tif,393.017417,393.017738,2.650002,-10.383721,-10.430638,-10.389762,7.799501,0.000000,0.000000,0.000000
732,C:/Users/VicUser/Documents/RobC/20260801/FL15\FL15-00000732_0.tif,C:/Users/VicUser/Documents/RobC/20260801/FL15\FL15-00000732_1.tif,393.517355,393.517778,2.649683,-10.383721,-10.430638,-10.389762,7.798565,0.000000,0.000000,0.000000
733,C:/Users/VicUser/Documents/RobC/20260801/FL15\FL15-00000733_0.tif,C:/Users/VicUser/Documents/RobC/20260801/FL15\FL15-00000733_1.tif,394.017408,394.017778,2.647132,-10.383721,-10.430638,-10.389762,7.791072,0.000000,0.000000,0.000000
734,C:/Users/VicUser/Documents/RobC/20260801/FL15\FL15-00000734_0.tif,C:/Users/VicUser/Documents/RobC/20260801/FL15\FL15-00000734_1.tif,394.517325,394.517630,2.645857,-10.383721,-10.430638,-10.389762,7.787325,0.000000,0.000000,0.000000
735,C:/Users/VicUser/Documents/RobC/20260801/FL15\FL15-00000735_0.tif,C:/Users/VicUser/Documents/RobC/20260801/FL15\FL15-00000735_1.tif,395.017353,395.017723,2.643625,-10.383721,-10.430638,-10.389762,7.780768,0.000000,0.000000,0.000000
736,C:/Users/VicUser/Documents/RobC/20260801/FL15\FL15-00000736_0.tif,C:/Users/VicUser/Documents/RobC/20260801/FL15\FL15-00000736_1.tif,395.517374,395.517736,2.642988,-10.383721,-10.430638,-10.389762,7.778895,0.000000,0.000000,0.000000
737,C:/Users/VicUser/Documents/RobC/20260801/FL15\FL15-00000737_0.tif,C:/Users/VicUser/Documents/RobC/20260801/FL15\FL15-00000737_1.tif,396.017360,396.017637,2.642350,-10.383721,-10.430638,-10.389762,7.777021,0.000000,0.000000,0.000000
738,C:/Users/VicUser/Documents/RobC/20260801/FL15\FL15-00000738_0.tif,C:/Users/VicUser/Documents/RobC/20260801/FL15\FL15-00000738_1.tif,396.517378,396.517686,2.642350,-10.383721,-10.430638,-10.389762,7.777021,0.000000,0.000000,0.000000
739,C:/Users/VicUser/Documents/RobC/20260801/FL15\FL15-00000739_0.tif,C:/Users/VicUser/Documents/RobC/20260801/FL15\FL15-00000739_1.tif,397.017422,397.017889,2.638843,-10.383721,-10.430638,-10.389762,7.766718,0.000000,0.000000,0.000000
740,C:/Users/VicUser/Documents/RobC/20260801/FL15\FL15-00000740_0.tif,C:/Users/VicUser/Documents/RobC/20260801/FL15\FL15-00000740_1.tif,397.517328,397.517630,2.637249,-10.383721,-10.430638,-10.389762,7.762036,0.000000,0.000000,0.000000
741,C:/Users/VicUser/Documents/RobC/20260801/FL15\FL15-00000741_0.tif,C:/Users/VicUser/Documents/RobC/20260801/FL15\FL15-00000741_1.tif,398.017335,398.017718,2.636930,-10.383721,-10.430638,-10.389762,7.761098,0.000000,0.000000,0.000000
742,C:/Users/VicUser/Documents/RobC/20260801/FL15\FL15-00000742_0.tif,C:/Users/VicUser/Documents/RobC/20260801/FL15\FL15-00000742_1.tif,398.517387,398.517638,2.635018,-10.383721,-10.430638,-10.389762,7.755478,0.000000,0.000000,0.000000
743,C:/Users/VicUser/Documents/RobC/20260801/FL15\FL15-00000743_0.tif,C:/Users/VicUser/Documents/RobC/20260801/FL15\FL15-00000743_1.tif,399.017379,399.017728,2.633105,-10.383721,-10.430638,-10.389762,7.749859,0.000000,0.000000,0.000000
744,C:/Users/VicUser/Documents/RobC/20260801/FL15\FL15-00000744_0.tif,C:/Users/VicUser/Documents/RobC/20260801/FL15\FL15-00000744_1.tif,399.517371,399.517656,2.631830,-10.383721,-10.430638,-10.389762,7.746112,0.000000,0.000000,0.000000
745,C:/Users/VicUser/Documents/RobC/20260801/FL15\FL15-00000745_0.tif,C:/Users/VicUser/Documents/RobC/20260801/FL15\FL15-00000745_1.tif,400.017380,400.017653,2.632149,-10.383721,-10.430638,-10.389762,7.747049,0.000000,0.000000,0.000000
746,C:/Users/VicUser/Documents/RobC/20260801/FL15\FL15-00000746_0.tif,C:/Users/VicUser/Documents/RobC/20260801/FL15\FL15-00000746_1.tif,400.517392,400.517831,2.630554,-10.383721,-10.430638,-10.389762,7.742366,0.000000,0.000000,0.000000
747,C:/Users/VicUser/Documents/RobC/20260801/FL15\FL15-00000747_0.tif,C:/Users/VicUser/Documents/RobC/20260801/FL15\FL15-00000747_1.tif,401.017324,401.017631,2.629279,-10.383721,-10.430638,-10.389762,7.738619,0.000000,0.000000,0.000000
748,C:/Users/VicUser/Documents/RobC/20260801/FL15\FL15-00000748_0.tif,C:/Users/VicUser/Documents/RobC/20260801/FL15\FL15-00000748_1.tif,401.517335,401.517623,2.625772,-10.383721,-10.430638,-10.389762,7.728315,0.000000,0.000000,0.000000
749,C:/Users/VicUser/Documents/RobC/20260801/FL15\FL15-00000749_0.tif,C:/Users/VicUser/Documents/RobC/20260801/FL15\FL15-00000749_1.tif,402.017421,402.017738,2.623541,-10.383721,-10.430638,-10.389762,7.721759,0.000000,0.000000,0.000000
750,C:/Users/VicUser/Documents/RobC/20260801/FL15\FL15-00000750_0.tif,C:/Users/VicUser/Documents/RobC/20260801/FL15\FL15-00000750_1.tif,402.517367,402.517680,2.623222,-10.383721,-10.430638,-10.389762,7.720822,0.000000,0.000000,0.000000
751,C:/Users/VicUser/Documents/RobC/20260801/FL15\FL15-00000751_0.tif,C:/Users/VicUser/Documents/RobC/20260801/FL15\FL15-00000751_1.tif,403.017359,403.017708,2.621309,-10.383721,-10.430638,-10.389762,7.715203,0.000000,0.000000,0.000000
752,C:/Users/VicUser/Documents/RobC/20260801/FL15\FL15-00000752_0.tif,C:/Users/VicUser/Documents/RobC/20260801/FL15\FL15-00000752_1.tif,403.517390,403.517791,2.620672,-10.383721,-10.430638,-10.389762,7.713330,0.000000,0.000000,0.000000
753,C:/Users/VicUser/Documents/RobC/20260801/FL15\FL15-00000753_0.tif,C:/Users/VicUser/Documents/RobC/20260801/FL15\FL15-00000753_1.tif,404.017392,404.017783,2.618121,-10.383721,-10.430638,-10.389762,7.705836,0.000000,0.000000,0.000000
754,C:/Users/VicUser/Documents/RobC/20260801/FL15\FL15-00000754_0.tif,C:/Users/VicUser/Documents/RobC/20260801/FL15\FL15-00000754_1.tif,404.517383,404.517841,2.615252,-10.383721,-10.430638,-10.389762,7.697406,0.000000,0.000000,0.000000
755,C:/Users/VicUser/Documents/RobC/20260801/FL15\FL15-00000755_0.tif,C:/Users/VicUser/Documents/RobC/20260801/FL15\FL15-00000755_1.tif,405.017397,405.017778,2.615571,-10.383721,-10.430638,-10.389762,7.698343,0.000000,0.000000,0.000000
756,C:/Users/VicUser/Documents/RobC/20260801/FL15\FL15-00000756_0.tif,C:/Users/VicUser/Documents/RobC/20260801/FL15\FL15-00000756_1.tif,405.517363,405.517633,2.614933,-10.383721,-10.430638,-10.389762,7.696470,0.000000,0.000000,0.000000
757,C:/Users/VicUser/Documents/RobC/20260801/FL15\FL15-00000757_0.tif,C:/Users/VicUser/Documents/RobC/20260801/FL15\FL15-00000757_1.tif,406.017372,406.017626,2.611745,-10.383721,-10.430638,-10.389762,7.687103,0.000000,0.000000,0.000000
758,C:/Users/VicUser/Documents/RobC/20260801/FL15\FL15-00000758_0.tif,C:/Users/VicUser/Documents/RobC/20260801/FL15\FL15-00000758_1.tif,406.517352,406.517643,2.610151,-10.383721,-10.430638,-10.389762,7.682420,0.000000,0.000000,0.000000
759,C:/Users/VicUser/Documents/RobC/20260801/FL15\FL15-00000759_0.tif,C:/Users/VicUser/Documents/RobC/20260801/FL15\FL15-00000759_1.tif,407.017413,407.017766,2.607600,-10.383721,-10.430638,-10.389762,7.674927,0.000000,0.000000,0.000000
760,C:/Users/VicUser/Documents/RobC/20260801/FL15\FL15-00000760_0.tif,C:/Users/VicUser/Documents/RobC/20260801/FL15\FL15-00000760_1.tif,407.517406,407.517798,2.604412,-10.383721,-10.430638,-10.389762,7.665560,0.000000,0.000000,0.000000
761,C:/Users/VicUser/Documents/RobC/20260801/FL15\FL15-00000761_0.tif,C:/Users/VicUser/Documents/RobC/20260801/FL15\FL15-00000761_1.tif,408.017408,408.017734,2.604412,-10.383721,-10.430638,-10.389762,7.665560,0.000000,0.000000,0.000000
762,C:/Users/VicUser/Documents/RobC/20260801/FL15\FL15-00000762_0.tif,C:/Users/VicUser/Documents/RobC/20260801/FL15\FL15-00000762_1.tif,408.517376,408.517746,2.603137,-10.383721,-10.430638,-10.389762,7.661813,0.000000,0.000000,0.000000
763,C:/Users/VicUser/Documents/RobC/20260801/FL15\FL15-00000763_0.tif,C:/Users/VicUser/Documents/RobC/20260801/FL15\FL15-00000763_1.tif,409.017373,409.017737,2.599630,-10.383721,-10.430638,-10.389762,7.651511,0.000000,0.000000,0.000000
764,C:/Users/VicUser/Documents/RobC/20260801/FL15\FL15-00000764_0.tif,C:/Users/VicUser/Documents/RobC/20260801/FL15\FL15-00000764_1.tif,409.517407,409.517634,2.599630,-10.383721,-10.430638,-10.389762,7.651511,0.000000,0.000000,0.000000
765,C:/Users/VicUser/Documents/RobC/20260801/FL15\FL15-00000765_0.tif,C:/Users/VicUser/Documents/RobC/20260801/FL15\FL15-00000765_1.tif,410.017436,410.017825,2.597718,-10.383721,-10.430638,-10.389762,7.645891,0.000000,0.000000,0.000000
766,C:/Users/VicUser/Documents/RobC/20260801/FL15\FL15-00000766_0.tif,C:/Users/VicUser/Documents/RobC/20260801/FL15\FL15-00000766_1.tif,410.517444,410.517813,2.596761,-10.383721,-10.430638,-10.389762,7.643080,0.000000,0.000000,0.000000
767,C:/Users/VicUser/Documents/RobC/20260801/FL15\FL15-00000767_0.tif,C:/Users/VicUser/Documents/RobC/20260801/FL15\FL15-00000767_1.tif,411.017457,411.017863,2.592298,-10.383721,-10.430638,-10.389762,7.629968,0.000000,0.000000,0.000000
768,C:/Users/VicUser/Documents/RobC/20260801/FL15\FL15-00000768_0.tif,C:/Users/VicUser/Documents/RobC/20260801/FL15\FL15-00000768_1.tif,411.517380,411.517666,2.591660,-10.383721,-10.430638,-10.389762,7.628094,0.000000,0.000000,0.000000
769,C:/Users/VicUser/Documents/RobC/20260801/FL15\FL15-00000769_0.tif,C:/Users/VicUser/Documents/RobC/20260801/FL15\FL15-00000769_1.tif,412.017352,412.017627,2.590066,-10.383721,-10.430638,-10.389762,7.623410,0.000000,0.000000,0.000000
770,C:/Users/VicUser/Documents/RobC/20260801/FL15\FL15-00000770_0.tif,C:/Users/VicUser/Documents/RobC/20260801/FL15\FL15-00000770_1.tif,412.517395,412.517726,2.588153,-10.383721,-10.430638,-10.389762,7.617790,0.000000,0.000000,0.000000
771,C:/Users/VicUser/Documents/RobC/20260801/FL15\FL15-00000771_0.tif,C:/Users/VicUser/Documents/RobC/20260801/FL15\FL15-00000771_1.tif,413.017366,413.017545,2.584327,-10.383721,-10.430638,-10.389762,7.606551,0.000000,0.000000,0.000000
772,C:/Users/VicUser/Documents/RobC/20260801/FL15\FL15-00000772_0.tif,C:/Users/VicUser/Documents/RobC/20260801/FL15\FL15-00000772_1.tif,413.517399,413.517661,2.583052,-10.383721,-10.430638,-10.389762,7.602805,0.000000,0.000000,0.000000
773,C:/Users/VicUser/Documents/RobC/20260801/FL15\FL15-00000773_0.tif,C:/Users/VicUser/Documents/RobC/20260801/FL15\FL15-00000773_1.tif,414.017322,414.017623,2.583052,-10.383721,-10.430638,-10.389762,7.602805,0.000000,0.000000,0.000000
774,C:/Users/VicUser/Documents/RobC/20260801/FL15\FL15-00000774_0.tif,C:/Users/VicUser/Documents/RobC/20260801/FL15\FL15-00000774_1.tif,414.517328,414.517667,2.581140,-10.383721,-10.430638,-10.389762,7.597185,0.000000,0.000000,0.000000
775,C:/Users/VicUser/Documents/RobC/20260801/FL15\FL15-00000775_0.tif,C:/Users/VicUser/Documents/RobC/20260801/FL15\FL15-00000775_1.tif,415.017361,415.017612,2.576995,-10.383721,-10.430638,-10.389762,7.585008,0.000000,0.000000,0.000000
776,C:/Users/VicUser/Documents/RobC/20260801/FL15\FL15-00000776_0.tif,C:/Users/VicUser/Documents/RobC/20260801/FL15\FL15-00000776_1.tif,415.517359,415.517672,2.574763,-10.383721,-10.430638,-10.389762,7.578451,0.000000,0.000000,0.000000
777,C:/Users/VicUser/Documents/RobC/20260801/FL15\FL15-00000777_0.tif,C:/Users/VicUser/Documents/RobC/20260801/FL15\FL15-00000777_1.tif,416.017368,416.017652,2.574126,-10.383721,-10.430638,-10.389762,7.576578,0.000000,0.000000,0.000000
778,C:/Users/VicUser/Documents/RobC/20260801/FL15\FL15-00000778_0.tif,C:/Users/VicUser/Documents/RobC/20260801/FL15\FL15-00000778_1.tif,416.517337,416.517618,2.569981,-10.383721,-10.430638,-10.389762,7.564402,0.000000,0.000000,0.000000
779,C:/Users/VicUser/Documents/RobC/20260801/FL15\FL15-00000779_0.tif,C:/Users/VicUser/Documents/RobC/20260801/FL15\FL15-00000779_1.tif,417.017362,417.017669,2.569344,-10.383721,-10.430638,-10.389762,7.562528,0.000000,0.000000,0.000000
780,C:/Users/VicUser/Documents/RobC/20260801/FL15\FL15-00000780_0.tif,C:/Users/VicUser/Documents/RobC/20260801/FL15\FL15-00000780_1.tif,417.517359,417.517647,2.567112,-10.383721,-10.430638,-10.389762,7.555972,0.000000,0.000000,0.000000
781,C:/Users/VicUser/Documents/RobC/20260801/FL15\FL15-00000781_0.tif,C:/Users/VicUser/Documents/RobC/20260801/FL15\FL15-00000781_1.tif,418.017334,418.017948,2.564880,-10.383721,-10.430638,-10.389762,7.549415,0.000000,0.000000,0.000000
782,C:/Users/VicUser/Documents/RobC/20260801/FL15\FL15-00000782_0.tif,C:/Users/VicUser/Documents/RobC/20260801/FL15\FL15-00000782_1.tif,418.517355,418.517627,2.562011,-10.383721,-10.430638,-10.389762,7.540986,0.000000,0.000000,0.000000
783,C:/Users/VicUser/Documents/RobC/20260801/FL15\FL15-00000783_0.tif,C:/Users/VicUser/Documents/RobC/20260801/FL15\FL15-00000783_1.tif,419.017355,419.017645,2.559142,-10.383721,-10.430638,-10.389762,7.532555,0.000000,0.000000,0.000000
784,C:/Users/VicUser/Documents/RobC/20260801/FL15\FL15-00000784_0.tif,C:/Users/VicUser/Documents/RobC/20260801/FL15\FL15-00000784_1.tif,419.517335,419.517695,2.556592,-10.383721,-10.430638,-10.389762,7.525062,0.000000,0.000000,0.000000
785,C:/Users/VicUser/Documents/RobC/20260801/FL15\FL15-00000785_0.tif,C:/Users/VicUser/Documents/RobC/20260801/FL15\FL15-00000785_1.tif,420.017363,420.017782,2.554997,-10.383721,-10.430638,-10.389762,7.520379,0.000000,0.000000,0.000000
786,C:/Users/VicUser/Documents/RobC/20260801/FL15\FL15-00000786_0.tif,C:/Users/VicUser/Documents/RobC/20260801/FL15\FL15-00000786_1.tif,420.517269,420.517473,2.554679,-10.383721,-10.430638,-10.389762,7.519443,0.000000,0.000000,0.000000
787,C:/Users/VicUser/Documents/RobC/20260801/FL15\FL15-00000787_0.tif,C:/Users/VicUser/Documents/RobC/20260801/FL15\FL15-00000787_1.tif,421.017409,421.017585,2.549578,-10.383721,-10.430638,-10.389762,7.504456,0.000000,0.000000,0.000000
788,C:/Users/VicUser/Documents/RobC/20260801/FL15\FL15-00000788_0.tif,C:/Users/VicUser/Documents/RobC/20260801/FL15\FL15-00000788_1.tif,421.517335,421.517760,2.547665,-10.383721,-10.430638,-10.389762,7.498836,0.000000,0.000000,0.000000
789,C:/Users/VicUser/Documents/RobC/20260801/FL15\FL15-00000789_0.tif,C:/Users/VicUser/Documents/RobC/20260801/FL15\FL15-00000789_1.tif,422.017395,422.017678,2.546390,-10.383721,-10.430638,-10.389762,7.495089,0.000000,0.000000,0.000000
790,C:/Users/VicUser/Documents/RobC/20260801/FL15\FL15-00000790_0.tif,C:/Users/VicUser/Documents/RobC/20260801/FL15\FL15-00000790_1.tif,422.517375,422.517760,2.543839,-10.383721,-10.430638,-10.389762,7.487596,0.000000,0.000000,0.000000
791,C:/Users/VicUser/Documents/RobC/20260801/FL15\FL15-00000791_0.tif,C:/Users/VicUser/Documents/RobC/20260801/FL15\FL15-00000791_1.tif,423.017362,423.017777,2.542245,-10.383721,-10.430638,-10.389762,7.482913,0.000000,0.000000,0.000000
792,C:/Users/VicUser/Documents/RobC/20260801/FL15\FL15-00000792_0.tif,C:/Users/VicUser/Documents/RobC/20260801/FL15\FL15-00000792_1.tif,423.517357,423.517690,2.538738,-10.383721,-10.430638,-10.389762,7.472610,0.000000,0.000000,0.000000
793,C:/Users/VicUser/Documents/RobC/20260801/FL15\FL15-00000793_0.tif,C:/Users/VicUser/Documents/RobC/20260801/FL15\FL15-00000793_1.tif,424.017336,424.017634,2.535869,-10.383721,-10.430638,-10.389762,7.464180,0.000000,0.000000,0.000000
794,C:/Users/VicUser/Documents/RobC/20260801/FL15\FL15-00000794_0.tif,C:/Users/VicUser/Documents/RobC/20260801/FL15\FL15-00000794_1.tif,424.517388,424.517765,2.533000,-10.383721,-10.430638,-10.389762,7.455750,0.000000,0.000000,0.000000
795,C:/Users/VicUser/Documents/RobC/20260801/FL15\FL15-00000795_0.tif,C:/Users/VicUser/Documents/RobC/20260801/FL15\FL15-00000795_1.tif,425.017384,425.017704,2.529493,-10.383721,-10.430638,-10.389762,7.445447,0.000000,0.000000,0.000000
796,C:/Users/VicUser/Documents/RobC/20260801/FL15\FL15-00000796_0.tif,C:/Users/VicUser/Documents/RobC/20260801/FL15\FL15-00000796_1.tif,425.517403,425.517688,2.527261,-10.383721,-10.430638,-10.389762,7.438890,0.000000,0.000000,0.000000
797,C:/Users/VicUser/Documents/RobC/20260801/FL15\FL15-00000797_0.tif,C:/Users/VicUser/Documents/RobC/20260801/FL15\FL15-00000797_1.tif,426.017372,426.017689,2.524711,-10.383721,-10.430638,-10.389762,7.431397,0.000000,0.000000,0.000000
798,C:/Users/VicUser/Documents/RobC/20260801/FL15\FL15-00000798_0.tif,C:/Users/VicUser/Documents/RobC/20260801/FL15\FL15-00000798_1.tif,426.517346,426.517685,2.521842,-10.383721,-10.430638,-10.389762,7.422967,0.000000,0.000000,0.000000
799,C:/Users/VicUser/Documents/RobC/20260801/FL15\FL15-00000799_0.tif,C:/Users/VicUser/Documents/RobC/20260801/FL15\FL15-00000799_1.tif,427.017452,427.017638,2.521523,-10.383721,-10.430638,-10.389762,7.422030,0.000000,0.000000,0.000000
800,C:/Users/VicUser/Documents/RobC/20260801/FL15\FL15-00000800_0.tif,C:/Users/VicUser/Documents/RobC/20260801/FL15\FL15-00000800_1.tif,427.517326,427.517692,2.518654,-10.383721,-10.430638,-10.389762,7.413601,0.000000,0.000000,0.000000
801,C:/Users/VicUser/Documents/RobC/20260801/FL15\FL15-00000801_0.tif,C:/Users/VicUser/Documents/RobC/20260801/FL15\FL15-00000801_1.tif,428.017399,428.017750,2.515465,-10.383721,-10.430638,-10.389762,7.404234,0.000000,0.000000,0.000000
802,C:/Users/VicUser/Documents/RobC/20260801/FL15\FL15-00000802_0.tif,C:/Users/VicUser/Documents/RobC/20260801/FL15\FL15-00000802_1.tif,428.517419,428.517786,2.512277,-10.383721,-10.430638,-10.389762,7.394868,0.000000,0.000000,0.000000
803,C:/Users/VicUser/Documents/RobC/20260801/FL15\FL15-00000803_0.tif,C:/Users/VicUser/Documents/RobC/20260801/FL15\FL15-00000803_1.tif,429.017370,429.017705,2.510046,-10.383721,-10.430638,-10.389762,7.388311,0.000000,0.000000,0.000000
804,C:/Users/VicUser/Documents/RobC/20260801/FL15\FL15-00000804_0.tif,C:/Users/VicUser/Documents/RobC/20260801/FL15\FL15-00000804_1.tif,429.517358,429.517718,2.507814,-10.383721,-10.430638,-10.389762,7.381755,0.000000,0.000000,0.000000
805,C:/Users/VicUser/Documents/RobC/20260801/FL15\FL15-00000805_0.tif,C:/Users/VicUser/Documents/RobC/20260801/FL15\FL15-00000805_1.tif,430.017495,430.017643,2.503032,-10.383721,-10.430638,-10.389762,7.367705,0.000000,0.000000,0.000000
806,C:/Users/VicUser/Documents/RobC/20260801/FL15\FL15-00000806_0.tif,C:/Users/VicUser/Documents/RobC/20260801/FL15\FL15-00000806_1.tif,430.517341,430.517698,2.502076,-10.383721,-10.430638,-10.389762,7.364895,0.000000,0.000000,0.000000
807,C:/Users/VicUser/Documents/RobC/20260801/FL15\FL15-00000807_0.tif,C:/Users/VicUser/Documents/RobC/20260801/FL15\FL15-00000807_1.tif,431.017396,431.017701,2.498569,-10.383721,-10.430638,-10.389762,7.354592,0.000000,0.000000,0.000000
808,C:/Users/VicUser/Documents/RobC/20260801/FL15\FL15-00000808_0.tif,C:/Users/VicUser/Documents/RobC/20260801/FL15\FL15-00000808_1.tif,431.517349,431.517688,2.497612,-10.383721,-10.430638,-10.389762,7.351781,0.000000,0.000000,0.000000
809,C:/Users/VicUser/Documents/RobC/20260801/FL15\FL15-00000809_0.tif,C:/Users/VicUser/Documents/RobC/20260801/FL15\FL15-00000809_1.tif,432.017375,432.017707,2.493468,-10.383721,-10.430638,-10.389762,7.339605,0.000000,0.000000,0.000000
810,C:/Users/VicUser/Documents/RobC/20260801/FL15\FL15-00000810_0.tif,C:/Users/VicUser/Documents/RobC/20260801/FL15\FL15-00000810_1.tif,432.517340,432.517631,2.490917,-10.383721,-10.430638,-10.389762,7.332112,0.000000,0.000000,0.000000
811,C:/Users/VicUser/Documents/RobC/20260801/FL15\FL15-00000811_0.tif,C:/Users/VicUser/Documents/RobC/20260801/FL15\FL15-00000811_1.tif,433.017389,433.017730,2.486773,-10.383721,-10.430638,-10.389762,7.319936,0.000000,0.000000,0.000000
812,C:/Users/VicUser/Documents/RobC/20260801/FL15\FL15-00000812_0.tif,C:/Users/VicUser/Documents/RobC/20260801/FL15\FL15-00000812_1.tif,433.517414,433.517615,2.484860,-10.383721,-10.430638,-10.389762,7.314316,0.000000,0.000000,0.000000
813,C:/Users/VicUser/Documents/RobC/20260801/FL15\FL15-00000813_0.tif,C:/Users/VicUser/Documents/RobC/20260801/FL15\FL15-00000813_1.tif,434.017397,434.017731,2.481991,-10.383721,-10.430638,-10.389762,7.305886,0.000000,0.000000,0.000000
814,C:/Users/VicUser/Documents/RobC/20260801/FL15\FL15-00000814_0.tif,C:/Users/VicUser/Documents/RobC/20260801/FL15\FL15-00000814_1.tif,434.517367,434.517611,2.477528,-10.383721,-10.430638,-10.389762,7.292773,0.000000,0.000000,0.000000
815,C:/Users/VicUser/Documents/RobC/20260801/FL15\FL15-00000815_0.tif,C:/Users/VicUser/Documents/RobC/20260801/FL15\FL15-00000815_1.tif,435.017359,435.017639,2.475934,-10.383721,-10.430638,-10.389762,7.288089,0.000000,0.000000,0.000000
816,C:/Users/VicUser/Documents/RobC/20260801/FL15\FL15-00000816_0.tif,C:/Users/VicUser/Documents/RobC/20260801/FL15\FL15-00000816_1.tif,435.517397,435.517703,2.471789,-10.383721,-10.430638,-10.389762,7.275913,0.000000,0.000000,0.000000
817,C:/Users/VicUser/Documents/RobC/20260801/FL15\FL15-00000817_0.tif,C:/Users/VicUser/Documents/RobC/20260801/FL15\FL15-00000817_1.tif,436.017380,436.017747,2.468920,-10.383721,-10.430638,-10.389762,7.267483,0.000000,0.000000,0.000000
818,C:/Users/VicUser/Documents/RobC/20260801/FL15\FL15-00000818_0.tif,C:/Users/VicUser/Documents/RobC/20260801/FL15\FL15-00000818_1.tif,436.517354,436.517623,2.467644,-10.383721,-10.430638,-10.389762,7.263736,0.000000,0.000000,0.000000
819,C:/Users/VicUser/Documents/RobC/20260801/FL15\FL15-00000819_0.tif,C:/Users/VicUser/Documents/RobC/20260801/FL15\FL15-00000819_1.tif,437.017363,437.017741,2.463500,-10.383721,-10.430638,-10.389762,7.251560,0.000000,0.000000,0.000000
820,C:/Users/VicUser/Documents/RobC/20260801/FL15\FL15-00000820_0.tif,C:/Users/VicUser/Documents/RobC/20260801/FL15\FL15-00000820_1.tif,437.517382,437.517701,2.460312,-10.383721,-10.430638,-10.389762,7.242194,0.000000,0.000000,0.000000
821,C:/Users/VicUser/Documents/RobC/20260801/FL15\FL15-00000821_0.tif,C:/Users/VicUser/Documents/RobC/20260801/FL15\FL15-00000821_1.tif,438.017457,438.017714,2.458718,-10.383721,-10.430638,-10.389762,7.237510,0.000000,0.000000,0.000000
822,C:/Users/VicUser/Documents/RobC/20260801/FL15\FL15-00000822_0.tif,C:/Users/VicUser/Documents/RobC/20260801/FL15\FL15-00000822_1.tif,438.517436,438.517806,2.453936,-10.383721,-10.430638,-10.389762,7.223460,0.000000,0.000000,0.000000
823,C:/Users/VicUser/Documents/RobC/20260801/FL15\FL15-00000823_0.tif,C:/Users/VicUser/Documents/RobC/20260801/FL15\FL15-00000823_1.tif,439.017443,439.017814,2.449154,-10.383721,-10.430638,-10.389762,7.209411,0.000000,0.000000,0.000000
824,C:/Users/VicUser/Documents/RobC/20260801/FL15\FL15-00000824_0.tif,C:/Users/VicUser/Documents/RobC/20260801/FL15\FL15-00000824_1.tif,439.517431,439.517791,2.447241,-10.383721,-10.430638,-10.389762,7.203791,0.000000,0.000000,0.000000
825,C:/Users/VicUser/Documents/RobC/20260801/FL15\FL15-00000825_0.tif,C:/Users/VicUser/Documents/RobC/20260801/FL15\FL15-00000825_1.tif,440.017450,440.017693,2.443096,-10.383721,-10.430638,-10.389762,7.191614,0.000000,0.000000,0.000000
826,C:/Users/VicUser/Documents/RobC/20260801/FL15\FL15-00000826_0.tif,C:/Users/VicUser/Documents/RobC/20260801/FL15\FL15-00000826_1.tif,440.517421,440.517713,2.440546,-10.383721,-10.430638,-10.389762,7.184121,0.000000,0.000000,0.000000
827,C:/Users/VicUser/Documents/RobC/20260801/FL15\FL15-00000827_0.tif,C:/Users/VicUser/Documents/RobC/20260801/FL15\FL15-00000827_1.tif,441.017383,441.017709,2.437039,-10.383721,-10.430638,-10.389762,7.173818,0.000000,0.000000,0.000000
828,C:/Users/VicUser/Documents/RobC/20260801/FL15\FL15-00000828_0.tif,C:/Users/VicUser/Documents/RobC/20260801/FL15\FL15-00000828_1.tif,441.517397,441.517709,2.434170,-10.383721,-10.430638,-10.389762,7.165388,0.000000,0.000000,0.000000
829,C:/Users/VicUser/Documents/RobC/20260801/FL15\FL15-00000829_0.tif,C:/Users/VicUser/Documents/RobC/20260801/FL15\FL15-00000829_1.tif,442.017396,442.017720,2.430663,-10.383721,-10.430638,-10.389762,7.155085,0.000000,0.000000,0.000000
830,C:/Users/VicUser/Documents/RobC/20260801/FL15\FL15-00000830_0.tif,C:/Users/VicUser/Documents/RobC/20260801/FL15\FL15-00000830_1.tif,442.517395,442.517729,2.425243,-10.383721,-10.430638,-10.389762,7.139162,0.000000,0.000000,0.000000
831,C:/Users/VicUser/Documents/RobC/20260801/FL15\FL15-00000831_0.tif,C:/Users/VicUser/Documents/RobC/20260801/FL15\FL15-00000831_1.tif,443.017389,443.017710,2.422055,-10.383721,-10.430638,-10.389762,7.129795,0.000000,0.000000,0.000000
832,C:/Users/VicUser/Documents/RobC/20260801/FL15\FL15-00000832_0.tif,C:/Users/VicUser/Documents/RobC/20260801/FL15\FL15-00000832_1.tif,443.517377,443.517624,2.417273,-10.383721,-10.430638,-10.389762,7.115746,0.000000,0.000000,0.000000
833,C:/Users/VicUser/Documents/RobC/20260801/FL15\FL15-00000833_0.tif,C:/Users/VicUser/Documents/RobC/20260801/FL15\FL15-00000833_1.tif,444.017422,444.017714,2.414723,-10.383721,-10.430638,-10.389762,7.108252,0.000000,0.000000,0.000000
834,C:/Users/VicUser/Documents/RobC/20260801/FL15\FL15-00000834_0.tif,C:/Users/VicUser/Documents/RobC/20260801/FL15\FL15-00000834_1.tif,444.517346,444.517642,2.410897,-10.383721,-10.430638,-10.389762,7.097012,0.000000,0.000000,0.000000
835,C:/Users/VicUser/Documents/RobC/20260801/FL15\FL15-00000835_0.tif,C:/Users/VicUser/Documents/RobC/20260801/FL15\FL15-00000835_1.tif,445.017367,445.017698,2.407709,-10.383721,-10.430638,-10.389762,7.087646,0.000000,0.000000,0.000000
836,C:/Users/VicUser/Documents/RobC/20260801/FL15\FL15-00000836_0.tif,C:/Users/VicUser/Documents/RobC/20260801/FL15\FL15-00000836_1.tif,445.517310,445.517624,2.403883,-10.383721,-10.430638,-10.389762,7.076406,0.000000,0.000000,0.000000
837,C:/Users/VicUser/Documents/RobC/20260801/FL15\FL15-00000837_0.tif,C:/Users/VicUser/Documents/RobC/20260801/FL15\FL15-00000837_1.tif,446.017290,446.017710,2.398464,-10.383721,-10.430638,-10.389762,7.060483,0.000000,0.000000,0.000000
838,C:/Users/VicUser/Documents/RobC/20260801/FL15\FL15-00000838_0.tif,C:/Users/VicUser/Documents/RobC/20260801/FL15\FL15-00000838_1.tif,446.517403,446.517736,2.394319,-10.383721,-10.430638,-10.389762,7.048307,0.000000,0.000000,0.000000
839,C:/Users/VicUser/Documents/RobC/20260801/FL15\FL15-00000839_0.tif,C:/Users/VicUser/Documents/RobC/20260801/FL15\FL15-00000839_1.tif,447.017319,447.017622,2.389218,-10.383721,-10.430638,-10.389762,7.033320,0.000000,0.000000,0.000000
840,C:/Users/VicUser/Documents/RobC/20260801/FL15\FL15-00000840_0.tif,C:/Users/VicUser/Documents/RobC/20260801/FL15\FL15-00000840_1.tif,447.517397,447.517700,2.386668,-10.383721,-10.430638,-10.389762,7.025826,0.000000,0.000000,0.000000
841,C:/Users/VicUser/Documents/RobC/20260801/FL15\FL15-00000841_0.tif,C:/Users/VicUser/Documents/RobC/20260801/FL15\FL15-00000841_1.tif,448.017404,448.017695,2.381567,-10.383721,-10.430638,-10.389762,7.010840,0.000000,0.000000,0.000000
842,C:/Users/VicUser/Documents/RobC/20260801/FL15\FL15-00000842_0.tif,C:/Users/VicUser/Documents/RobC/20260801/FL15\FL15-00000842_1.tif,448.517380,448.517707,2.376785,-10.383721,-10.430638,-10.389762,6.996790,0.000000,0.000000,0.000000
843,C:/Users/VicUser/Documents/RobC/20260801/FL15\FL15-00000843_0.tif,C:/Users/VicUser/Documents/RobC/20260801/FL15\FL15-00000843_1.tif,449.017454,449.017803,2.372003,-10.383721,-10.430638,-10.389762,6.982741,0.000000,0.000000,0.000000
844,C:/Users/VicUser/Documents/RobC/20260801/FL15\FL15-00000844_0.tif,C:/Users/VicUser/Documents/RobC/20260801/FL15\FL15-00000844_1.tif,449.517415,449.517746,2.368177,-10.383721,-10.430638,-10.389762,6.971501,0.000000,0.000000,0.000000
845,C:/Users/VicUser/Documents/RobC/20260801/FL15\FL15-00000845_0.tif,C:/Users/VicUser/Documents/RobC/20260801/FL15\FL15-00000845_1.tif,450.017324,450.017671,2.364670,-10.383721,-10.430638,-10.389762,6.961198,0.000000,0.000000,0.000000
846,C:/Users/VicUser/Documents/RobC/20260801/FL15\FL15-00000846_0.tif,C:/Users/VicUser/Documents/RobC/20260801/FL15\FL15-00000846_1.tif,450.517435,450.517804,2.359888,-10.383721,-10.430638,-10.389762,6.947148,0.000000,0.000000,0.000000
847,C:/Users/VicUser/Documents/RobC/20260801/FL15\FL15-00000847_0.tif,C:/Users/VicUser/Documents/RobC/20260801/FL15\FL15-00000847_1.tif,451.017366,451.017683,2.353512,-10.383721,-10.430638,-10.389762,6.928415,0.000000,0.000000,0.000000
848,C:/Users/VicUser/Documents/RobC/20260801/FL15\FL15-00000848_0.tif,C:/Users/VicUser/Documents/RobC/20260801/FL15\FL15-00000848_1.tif,451.517371,451.517846,2.351280,-10.383721,-10.430638,-10.389762,6.921859,0.000000,0.000000,0.000000
849,C:/Users/VicUser/Documents/RobC/20260801/FL15\FL15-00000849_0.tif,C:/Users/VicUser/Documents/RobC/20260801/FL15\FL15-00000849_1.tif,452.017417,452.017801,2.346179,-10.383721,-10.430638,-10.389762,6.906872,0.000000,0.000000,0.000000
850,C:/Users/VicUser/Documents/RobC/20260801/FL15\FL15-00000850_0.tif,C:/Users/VicUser/Documents/RobC/20260801/FL15\FL15-00000850_1.tif,452.517338,452.517707,2.339166,-10.383721,-10.430638,-10.389762,6.886265,0.000000,0.000000,0.000000
851,C:/Users/VicUser/Documents/RobC/20260801/FL15\FL15-00000851_0.tif,C:/Users/VicUser/Documents/RobC/20260801/FL15\FL15-00000851_1.tif,453.017389,453.017850,2.334384,-10.383721,-10.430638,-10.389762,6.872216,0.000000,0.000000,0.000000
852,C:/Users/VicUser/Documents/RobC/20260801/FL15\FL15-00000852_0.tif,C:/Users/VicUser/Documents/RobC/20260801/FL15\FL15-00000852_1.tif,453.517362,453.517678,2.330558,-10.383721,-10.430638,-10.389762,6.860976,0.000000,0.000000,0.000000
853,C:/Users/VicUser/Documents/RobC/20260801/FL15\FL15-00000853_0.tif,C:/Users/VicUser/Documents/RobC/20260801/FL15\FL15-00000853_1.tif,454.017343,454.017718,2.325776,-10.383721,-10.430638,-10.389762,6.846926,0.000000,0.000000,0.000000
854,C:/Users/VicUser/Documents/RobC/20260801/FL15\FL15-00000854_0.tif,C:/Users/VicUser/Documents/RobC/20260801/FL15\FL15-00000854_1.tif,454.517369,454.517757,2.318762,-10.383721,-10.430638,-10.389762,6.826320,0.000000,0.000000,0.000000
855,C:/Users/VicUser/Documents/RobC/20260801/FL15\FL15-00000855_0.tif,C:/Users/VicUser/Documents/RobC/20260801/FL15\FL15-00000855_1.tif,455.017373,455.017675,2.313980,-10.383721,-10.430638,-10.389762,6.812270,0.000000,0.000000,0.000000
856,C:/Users/VicUser/Documents/RobC/20260801/FL15\FL15-00000856_0.tif,C:/Users/VicUser/Documents/RobC/20260801/FL15\FL15-00000856_1.tif,455.517341,455.517718,2.308560,-10.383721,-10.430638,-10.389762,6.796347,0.000000,0.000000,0.000000
857,C:/Users/VicUser/Documents/RobC/20260801/FL15\FL15-00000857_0.tif,C:/Users/VicUser/Documents/RobC/20260801/FL15\FL15-00000857_1.tif,456.017354,456.017696,2.302503,-10.383721,-10.430638,-10.389762,6.778551,0.000000,0.000000,0.000000
858,C:/Users/VicUser/Documents/RobC/20260801/FL15\FL15-00000858_0.tif,C:/Users/VicUser/Documents/RobC/20260801/FL15\FL15-00000858_1.tif,456.517386,456.517716,2.296127,-10.383721,-10.430638,-10.389762,6.759817,0.000000,0.000000,0.000000
859,C:/Users/VicUser/Documents/RobC/20260801/FL15\FL15-00000859_0.tif,C:/Users/VicUser/Documents/RobC/20260801/FL15\FL15-00000859_1.tif,457.017373,457.017649,2.290070,-10.383721,-10.430638,-10.389762,6.742021,0.000000,0.000000,0.000000
860,C:/Users/VicUser/Documents/RobC/20260801/FL15\FL15-00000860_0.tif,C:/Users/VicUser/Documents/RobC/20260801/FL15\FL15-00000860_1.tif,457.517374,457.517757,2.281143,-10.383721,-10.430638,-10.389762,6.715795,0.000000,0.000000,0.000000
861,C:/Users/VicUser/Documents/RobC/20260801/FL15\FL15-00000861_0.tif,C:/Users/VicUser/Documents/RobC/20260801/FL15\FL15-00000861_1.tif,458.017387,458.017755,2.270304,-10.383721,-10.430638,-10.389762,6.683949,0.000000,0.000000,0.000000
862,C:/Users/VicUser/Documents/RobC/20260801/FL15\FL15-00000862_0.tif,C:/Users/VicUser/Documents/RobC/20260801/FL15\FL15-00000862_1.tif,458.517310,458.517611,-0.002146,-10.383721,-10.430638,-10.389762,0.007493,0.000000,0.000000,0.000000
863,C:/Users/VicUser/Documents/RobC/20260801/FL15\FL15-00000863_0.tif,C:/Users/VicUser/Documents/RobC/20260801/FL15\FL15-00000863_1.tif,459.017390,459.017729,-0.001189,-10.383721,-10.430638,-10.389762,0.010303,0.000000,0.000000,0.000000
864,C:/Users/VicUser/Documents/RobC/20260801/FL15\FL15-00000864_0.tif,C:/Users/VicUser/Documents/RobC/20260801/FL15\FL15-00000864_1.tif,459.517283,459.517622,-0.001508,-10.383721,-10.430638,-10.389762,0.009366,0.000000,0.000000,0.000000
865,C:/Users/VicUser/Documents/RobC/20260801/FL15\FL15-00000865_0.tif,C:/Users/VicUser/Documents/RobC/20260801/FL15\FL15-00000865_1.tif,460.017338,460.017748,-0.000870,-10.383721,-10.430638,-10.389762,0.011240,0.000000,0.000000,0.000000
866,C:/Users/VicUser/Documents/RobC/20260801/FL15\FL15-00000866_0.tif,C:/Users/VicUser/Documents/RobC/20260801/FL15\FL15-00000866_1.tif,460.517350,460.517639,-0.001508,-10.383721,-10.430638,-10.389762,0.009366,0.000000,0.000000,0.000000
867,C:/Users/VicUser/Documents/RobC/20260801/FL15\FL15-00000867_0.tif,C:/Users/VicUser/Documents/RobC/20260801/FL15\FL15-00000867_1.tif,461.017460,461.017747,-0.002464,-10.383721,-10.430638,-10.389762,0.006557,0.000000,0.000000,0.000000
868,C:/Users/VicUser/Documents/RobC/20260801/FL15\FL15-00000868_0.tif,C:/Users/VicUser/Documents/RobC/20260801/FL15\FL15-00000868_1.tif,461.517341,461.517699,-0.002783,-10.383721,-10.430638,-10.389762,0.005620,0.000000,0.000000,0.000000
869,C:/Users/VicUser/Documents/RobC/20260801/FL15\FL15-00000869_0.tif,C:/Users/VicUser/Documents/RobC/20260801/FL15\FL15-00000869_1.tif,462.017378,462.017681,-0.003102,-10.383721,-10.430638,-10.389762,0.004683,0.000000,0.000000,0.000000
870,C:/Users/VicUser/Documents/RobC/20260801/FL15\FL15-00000870_0.tif,C:/Users/VicUser/Documents/RobC/20260801/FL15\FL15-00000870_1.tif,462.517326,462.517636,-0.001827,-10.383721,-10.430638,-10.389762,0.008430,0.000000,0.000000,0.000000
871,C:/Users/VicUser/Documents/RobC/20260801/FL15\FL15-00000871_0.tif,C:/Users/VicUser/Documents/RobC/20260801/FL15\FL15-00000871_1.tif,463.017358,463.017734,-0.002146,-10.383721,-10.430638,-10.389762,0.007493,0.000000,0.000000,0.000000
