"Average",,,,,,,,,,,,,"E0",,,
"Index [1]","X [mm]","Y [mm]","Z [mm]","U [mm]","V [mm]","W [mm]","exx [1] - engr.","eyy [1] - engr.","exy [1] - engr.","e1 [1] - engr.","e2 [1] - engr.","gamma [1] - engr.","ΔL/L0 [1]","ΔL [mm]","L1 [mm]","L0 [mm]"
0,2.73757e-11,-4.87827e-09,-3.70722e-12,0,0,0,0,0,-1.42936e-18,2.56303e-18,-2.56303e-18,-0.202698,0,0,10.0178,10.0178
1,2.73757e-11,-4.87827e-09,-3.70722e-12,5.93995e-05,-0.00133469,-0.0030764,4.52007e-06,4.51857e-06,-7.50147e-06,5.72988e-05,-4.82602e-05,-0.176636,1.01945e-05,0.000102126,10.0179,10.0178
2,2.73757e-11,-4.87827e-09,-3.70722e-12,0.000844446,-0.00302132,-0.00363556,-9.0287e-06,7.71156e-06,-4.75145e-05,6.95608e-05,-7.08779e-05,-0.323176,-3.79479e-06,-3.80155e-05,10.0178,10.0178
3,2.73757e-11,-4.87827e-09,-3.70722e-12,0.000644302,0.00140704,0.000669265,-2.1912e-05,-7.64061e-06,-1.78879e-05,4.38284e-05,-7.3381e-05,-0.246535,-2.28052e-05,-0.000228458,10.0176,10.0178
4,2.73757e-11,-4.87827e-09,-3.70722e-12,0.00038253,-0.00324748,-0.00514515,2.24603e-05,4.77523e-05,6.05013e-06,8.85427e-05,-1.83301e-05,-0.133511,3.92099e-05,0.000392797,10.0182,10.0178
5,2.73757e-11,-4.87827e-09,-3.70722e-12,0.0027804,-0.000843576,-0.00585525,6.54719e-06,-4.7509e-06,-6.3837e-05,6.87079e-05,-6.69117e-05,-0.38623,3.6602e-05,0.000366672,10.0182,10.0178
6,2.73757e-11,-4.87827e-09,-3.70722e-12,-0.0106294,-0.00909092,-0.00845925,-8.2928e-06,6.25789e-06,-3.7229e-05,8.51455e-05,-8.71804e-05,-0.210591,2.85125e-05,0.000285633,10.0181,10.0178
7,2.73757e-11,-4.87827e-09,-3.70722e-12,0.0252716,-0.011589,-0.0615978,9.51393e-06,3.37202e-05,4.32144e-05,0.00010112,-5.78855e-05,0.170204,1.67701e-05,0.000168,10.018,10.0178
8,2.73757e-11,-4.87827e-09,-3.70722e-12,-0.00278268,-0.00864012,-0.0259627,-2.44203e-05,1.69586e-05,3.53562e-06,7.13482e-05,-7.88099e-05,0.220268,2.71856e-05,0.00027234,10.0181,10.0178
9,2.73757e-11,-4.87827e-09,-3.70722e-12,0.00103488,0.00809238,-0.0108228,-2.61751e-05,4.49851e-06,6.03787e-05,6.03735e-05,-8.20501e-05,0.372568,4.04171e-06,4.04891e-05,10.0179,10.0178
10,2.73757e-11,-4.87827e-09,-3.70722e-12,0.0150375,0.0133862,-0.000416001,3.5518e-07,2.29305e-06,1.31484e-05,7.01084e-05,-6.74602e-05,-0.117727,1.86561e-05,0.000186893,10.018,10.0178
11,2.73757e-11,-4.87827e-09,-3.70722e-12,-0.00380141,0.018365,0.0135403,2.25441e-06,2.17482e-05,-5.31889e-06,8.27966e-05,-5.8794e-05,0.19658,4.33588e-05,0.000434361,10.0182,10.0178
12,2.73757e-11,-4.87827e-09,-3.70722e-12,-0.00560176,0.0237765,0.0229679,-4.62676e-06,-2.05915e-06,7.71814e-06,6.6383e-05,-7.30689e-05,0.170152,1.81847e-05,0.000182171,10.018,10.0178
13,2.73757e-11,-4.87827e-09,-3.70722e-12,0.00226384,0.0310007,0.0224981,-1.38098e-05,1.68461e-05,4.14254e-06,7.22137e-05,-6.91773e-05,0.113372,1.82827e-05,0.000183153,10.018,10.0178
14,2.73757e-11,-4.87827e-09,-3.70722e-12,0.00308715,0.0371504,0.0195847,-1.40443e-05,6.54702e-06,4.18455e-05,5.9925e-05,-6.74222e-05,0.283365,-1.20812e-05,-0.000121027,10.0177,10.0178
15,2.73757e-11,-4.87827e-09,-3.70722e-12,0.00318976,0.0397887,0.0209412,-2.30237e-06,6.6023e-06,3.39435e-05,6.43965e-05,-6.00965e-05,0.160822,-1.53819e-05,-0.000154093,10.0177,10.0178
16,2.73757e-11,-4.87827e-09,-3.70722e-12,0.00318511,0.047677,0.0245346,-1.73481e-05,1.91672e-05,3.07107e-05,7.59091e-05,-7.409e-05,0.198776,-7.99294e-06,-8.00717e-05,10.0177,10.0178
17,2.73757e-11,-4.87827e-09,-3.70722e-12,0.00330279,0.0525404,0.0233804,-9.96412e-06,1.3682e-05,4.84471e-05,6.8276e-05,-6.45581e-05,0.266066,1.41729e-05,0.000141981,10.018,10.0178
18,2.73757e-11,-4.87827e-09,-3.70722e-12,0.00372853,0.0604192,0.020416,-1.33281e-06,-1.74646e-05,9.02511e-06,6.09407e-05,-7.97381e-05,0.16866,1.03976e-05,0.000104162,10.0179,10.0178
19,2.73757e-11,-4.87827e-09,-3.70722e-12,0.000825718,0.065403,0.0201364,-1.57193e-05,1.17288e-05,-1.91588e-05,6.18805e-05,-6.58709e-05,-0.130254,1.6882e-06,1.69121e-05,10.0178,10.0178
20,2.73757e-11,-4.87827e-09,-3.70722e-12,0.000107719,0.0681022,0.019918,-5.93044e-06,3.67046e-06,-3.70144e-06,5.67601e-05,-5.90201e-05,0.0463685,2.5347e-05,0.000253921,10.0181,10.0178
21,2.73757e-11,-4.87827e-09,-3.70722e-12,0.000882591,0.0776124,0.0181232,-4.09011e-06,1.64464e-05,1.8167e-06,6.4371e-05,-5.20147e-05,0.0919987,-2.89812e-06,-2.90328e-05,10.0178,10.0178
22,2.73757e-11,-4.87827e-09,-3.70722e-12,0.00111987,0.0836154,0.0153643,-4.02339e-05,2.48504e-07,3.89503e-05,4.93334e-05,-8.93188e-05,0.180893,-1.44093e-05,-0.000144349,10.0177,10.0178
23,2.73757e-11,-4.87827e-09,-3.70722e-12,0.0016673,0.0900927,0.0144635,-1.89205e-05,1.29976e-05,2.72752e-05,6.02257e-05,-6.61487e-05,0.292175,2.16886e-05,0.000217272,10.018,10.0178
24,2.73757e-11,-4.87827e-09,-3.70722e-12,0.00184273,0.0958707,0.00920041,-2.53723e-05,5.25035e-06,1.80092e-05,6.84196e-05,-8.85415e-05,0.143558,-5.53935e-06,-5.54921e-05,10.0178,10.0178
25,2.73757e-11,-4.87827e-09,-3.70722e-12,3.50396e-05,0.101794,0.0103216,-1.06737e-05,8.23275e-06,-1.98667e-05,6.35725e-05,-6.60135e-05,-0.0146161,2.1997e-05,0.000220361,10.018,10.0178
26,2.73757e-11,-4.87827e-09,-3.70722e-12,0.00196332,0.107706,0.0174705,-1.22081e-05,-2.98968e-06,-3.34313e-07,4.8815e-05,-6.40127e-05,-0.0529781,1.24294e-05,0.000124516,10.0179,10.0178
27,2.73757e-11,-4.87827e-09,-3.70722e-12,0.000834522,0.112237,0.0179121,-2.25645e-05,-6.0277e-06,-5.86864e-06,4.91583e-05,-7.77505e-05,-0.085029,-1.11866e-05,-0.000112065,10.0177,10.0178
28,2.73757e-11,-4.87827e-09,-3.70722e-12,-0.000692889,0.118464,0.018346,-3.0167e-05,6.05896e-06,-2.33176e-05,6.45591e-05,-8.86672e-05,-0.126516,-2.93473e-06,-2.93995e-05,10.0178,10.0178
29,2.73757e-11,-4.87827e-09,-3.70722e-12,-0.00194338,0.125275,0.0155891,-2.17138e-05,9.8889e-06,2.77288e-05,6.13482e-05,-7.31731e-05,0.315328,2.45314e-05,0.000245751,10.0181,10.0178
30,2.73757e-11,-4.87827e-09,-3.70722e-12,-0.000639303,0.134644,0.0130333,-1.74116e-05,1.75435e-05,3.38421e-05,6.76665e-05,-6.75345e-05,0.156257,2.72127e-05,0.000272612,10.0181,10.0178
31,2.73757e-11,-4.87827e-09,-3.70722e-12,-0.00229573,0.139374,0.00711026,-1.8875e-05,6.73618e-07,-4.67255e-06,5.28716e-05,-7.1073e-05,-0.104491,5.00574e-06,5.01465e-05,10.0179,10.0178
32,2.73757e-11,-4.87827e-09,-3.70722e-12,-0.00312276,0.143954,0.00299526,-5.28398e-05,3.00297e-05,-2.06335e-06,6.2332e-05,-8.51421e-05,0.031372,3.11767e-05,0.000312322,10.0181,10.0178
33,2.73757e-11,-4.87827e-09,-3.70722e-12,-0.0065064,0.149896,-0.00409712,-7.01177e-06,1.82868e-05,-2.88428e-05,7.54023e-05,-6.41273e-05,-0.247988,1.18391e-05,0.000118602,10.0179,10.0178
34,2.73757e-11,-4.87827e-09,-3.70722e-12,-0.00764958,0.154743,-0.00906776,-2.89462e-06,-9.10438e-06,-1.58952e-05,6.52282e-05,-7.72272e-05,0.0503339,-3.16038e-05,-0.000316601,10.0175,10.0178
35,2.73757e-11,-4.87827e-09,-3.70722e-12,-0.0111411,0.16222,-0.0121354,-2.07495e-05,-2.67502e-06,-4.46568e-06,5.54564e-05,-7.88809e-05,-0.0593016,-2.46205e-06,-2.46644e-05,10.0178,10.0178
36,2.73757e-11,-4.87827e-09,-3.70722e-12,-0.00708672,0.165197,-0.0199535,-2.10406e-05,-5.51715e-07,-2.22055e-05,6.17832e-05,-8.33756e-05,-0.31664,2.75909e-05,0.000276401,10.0181,10.0178
37,2.73757e-11,-4.87827e-09,-3.70722e-12,-0.00737077,0.171718,-0.0147343,-1.56561e-05,1.38548e-06,-4.03783e-05,7.86539e-05,-9.29245e-05,-0.280598,1.40312e-05,0.000140562,10.018,10.0178
38,2.73757e-11,-4.87827e-09,-3.70722e-12,-0.00799415,0.178003,-0.0164247,-3.33407e-05,-1.09691e-05,-2.25964e-06,5.14781e-05,-9.57879e-05,-0.162807,-2.9304e-06,-2.93562e-05,10.0178,10.0178
39,2.73757e-11,-4.87827e-09,-3.70722e-12,-0.016092,0.183785,-0.0150767,-2.96185e-05,1.35855e-05,-7.24926e-06,6.78957e-05,-8.39287e-05,-0.300677,1.17061e-05,0.000117269,10.0179,10.0178
40,2.73757e-11,-4.87827e-09,-3.70722e-12,-0.0315441,0.190216,-0.0180004,5.69419e-06,2.16821e-05,-5.82403e-05,9.43164e-05,-6.69402e-05,-0.540498,-3.1473e-05,-0.000315291,10.0175,10.0178
41,2.73757e-11,-4.87827e-09,-3.70722e-12,-0.0507048,0.193692,-0.0448566,-8.48083e-05,3.15784e-05,-2.48507e-05,6.3621e-05,-0.000116851,-0.514951,8.26723e-06,8.28196e-05,10.0179,10.0178
42,2.73757e-11,-4.87827e-09,-3.70722e-12,-0.0820293,0.203594,-0.0634088,1.95031e-05,2.16663e-05,-1.48306e-05,9.36856e-05,-5.25162e-05,-0.234922,1.95375e-06,1.95723e-05,10.0178,10.0178
43,2.73757e-11,-4.87827e-09,-3.70722e-12,-0.122974,0.205834,-0.0664399,-3.80145e-06,2.21646e-05,-2.54237e-05,0.000103682,-8.53187e-05,-0.168328,2.84721e-07,2.85228e-06,10.0178,10.0178
44,2.73757e-11,-4.87827e-09,-3.70722e-12,-0.168962,0.211482,-0.0645115,-2.28309e-05,2.80391e-05,-1.17716e-05,9.34042e-05,-8.8196e-05,-0.165608,-2.50131e-06,-2.50576e-05,10.0178,10.0178
45,2.73757e-11,-4.87827e-09,-3.70722e-12,-0.217011,0.212479,-0.0729946,2.82194e-05,-5.62854e-06,-8.26446e-05,0.000120758,-9.81675e-05,-0.269734,-8.04282e-05,-0.000805715,10.017,10.0178
46,2.73757e-11,-4.87827e-09,-3.70722e-12,-0.267819,0.220455,-0.0887181,1.95771e-05,4.97793e-05,-7.4364e-05,0.000135882,-6.65255e-05,-0.393966,-1.09226e-05,-0.00010942,10.0177,10.0178
47,2.73757e-11,-4.87827e-09,-3.70722e-12,-0.321089,0.221532,-0.0910417,8.76209e-06,5.66153e-05,-7.02337e-05,0.00015829,-9.29123e-05,-0.485073,-2.06827e-07,-2.07195e-06,10.0178,10.0178
48,2.73757e-11,-4.87827e-09,-3.70722e-12,-0.378297,0.22901,-0.0931643,5.16204e-06,7.03369e-05,-4.09646e-05,0.000171983,-9.64844e-05,-0.403668,-6.25817e-08,-6.26932e-07,10.0178,10.0178
49,2.73757e-11,-4.87827e-09,-3.70722e-12,-0.394019,0.228636,-0.11475,4.96518e-07,7.56131e-05,-5.46732e-05,0.000176468,-0.000100358,-0.555519,1.85105e-05,0.000185435,10.018,10.0178
50,2.73757e-11,-4.87827e-09,-3.70722e-12,-0.398525,0.233134,-0.201675,-2.75329e-05,9.11649e-05,-8.64569e-05,0.000183978,-0.000120346,-0.579084,1.96293e-05,0.000196643,10.018,10.0178
51,2.73757e-11,-4.87827e-09,-3.70722e-12,-0.398899,0.233489,-0.280976,-7.90039e-06,0.000133698,-6.07504e-05,0.000213872,-8.80741e-05,-0.514669,8.26481e-05,0.000827953,10.0186,10.0178
52,2.73757e-11,-4.87827e-09,-3.70722e-12,-0.401886,0.237779,-0.330403,-5.43555e-05,0.000127493,-3.79312e-05,0.000187655,-0.000114518,-0.482007,7.68438e-06,7.69806e-05,10.0179,10.0178
53,2.73757e-11,-4.87827e-09,-3.70722e-12,-0.40389,0.238738,-0.37763,-1.04921e-05,0.000148032,-8.18205e-05,0.000227226,-8.96854e-05,-0.617646,4.86109e-05,0.000486975,10.0183,10.0178
54,2.73757e-11,-4.87827e-09,-3.70722e-12,-0.403988,0.24007,-0.411552,8.66706e-06,0.000153426,8.98732e-06,0.000246111,-8.40178e-05,-0.133932,2.29949e-05,0.000230358,10.018,10.0178
55,2.73757e-11,-4.87827e-09,-3.70722e-12,-0.405754,0.240274,-0.426901,-5.3349e-05,0.000196627,-6.25513e-05,0.00025241,-0.000109132,-0.657416,8.53046e-05,0.000854566,10.0187,10.0178
56,2.73757e-11,-4.87827e-09,-3.70722e-12,-0.405405,0.243645,-0.447528,-2.44626e-05,0.00020992,-0.000136273,0.000272845,-8.73874e-05,-0.78173,0.000113783,0.00113986,10.019,10.0178
57,2.73757e-11,-4.87827e-09,-3.70722e-12,-0.408092,0.242159,-0.467499,-7.77817e-05,0.000267177,-9.11649e-05,0.000306469,-0.000117073,-0.769741,0.000152003,0.00152274,10.0193,10.0178
58,2.73757e-11,-4.87827e-09,-3.70722e-12,-0.409723,0.248884,-0.474338,-0.000121252,0.000272266,-9.36798e-05,0.000303444,-0.00015243,-0.846831,0.000174541,0.00174852,10.0196,10.0178
59,2.73757e-11,-4.87827e-09,-3.70722e-12,-0.408717,0.244574,-0.493946,-1.74711e-05,0.000291047,-0.000111183,0.000330521,-5.69445e-05,-0.825248,0.000217931,0.00218319,10.02,10.0178
60,2.73757e-11,-4.87827e-09,-3.70722e-12,-0.411315,0.249065,-0.498691,-0.00016178,0.000243516,-7.94664e-06,0.000262215,-0.000180479,-0.381515,0.000157565,0.00157846,10.0194,10.0178
61,2.73757e-11,-4.87827e-09,-3.70722e-12,-0.412987,0.249377,-0.501235,-0.00010558,0.00031381,-7.86274e-05,0.000341707,-0.000133477,-0.877395,0.000243648,0.00244082,10.0203,10.0178
62,2.73757e-11,-4.87827e-09,-3.70722e-12,-0.413345,0.247612,-0.512389,-4.14821e-05,0.000386342,-7.04422e-05,0.000406312,-6.14519e-05,-0.869725,0.000343606,0.00344218,10.0213,10.0178
63,2.73757e-11,-4.87827e-09,-3.70722e-12,-0.416067,0.251949,-0.516513,-9.87443e-05,0.000359302,-6.69037e-05,0.000380856,-0.000120298,-0.766273,0.000321565,0.00322138,10.021,10.0178
64,2.73757e-11,-4.87827e-09,-3.70722e-12,-0.418535,0.253216,-0.520546,-9.25633e-05,0.000350667,-0.000107249,0.000378357,-0.000120253,-0.899214,0.000342158,0.00342767,10.0212,10.0178
65,2.73757e-11,-4.87827e-09,-3.70722e-12,-0.418387,0.25113,-0.523557,-8.64722e-05,0.000377929,-0.000127625,0.000396473,-0.000105016,-1.09624,0.000358896,0.00359535,10.0214,10.0178
66,2.73757e-11,-4.87827e-09,-3.70722e-12,-0.421194,0.253892,-0.531317,-9.31607e-05,0.000382753,-8.26492e-05,0.000409264,-0.000119672,-0.785943,0.000390242,0.00390937,10.0217,10.0178
67,2.73757e-11,-4.87827e-09,-3.70722e-12,-0.422722,0.25738,-0.532061,-0.000116993,0.000390151,-0.000125228,0.000416044,-0.000142886,-0.981732,0.000413887,0.00414624,10.022,10.0178
68,2.73757e-11,-4.87827e-09,-3.70722e-12,-0.422576,0.252969,-0.531159,-0.0001027,0.000393101,-0.00010969,0.000414742,-0.000124341,-1.03774,0.000404003,0.00404723,10.0219,10.0178
69,2.73757e-11,-4.87827e-09,-3.70722e-12,-0.423207,0.255353,-0.537526,-0.000118769,0.000390461,-0.000121217,0.00040764,-0.000135948,-1.1247,0.000424247,0.00425003,10.0221,10.0178
70,2.73757e-11,-4.87827e-09,-3.70722e-12,-0.424429,0.252719,-0.54014,-0.000102171,0.00039354,-9.60057e-05,0.000416461,-0.000125093,-0.845897,0.000442294,0.00443082,10.0222,10.0178
71,2.73757e-11,-4.87827e-09,-3.70722e-12,-0.427843,0.258064,-0.546836,-0.000155783,0.000394602,-0.00010081,0.000417755,-0.000178936,-0.804017,0.000435319,0.00436094,10.0222,10.0178
72,2.73757e-11,-4.87827e-09,-3.70722e-12,-0.427736,0.25358,-0.542638,-0.000144226,0.000385274,-0.000114315,0.000411199,-0.000170152,-0.94656,0.000446407,0.00447203,10.0223,10.0178
73,2.73757e-11,-4.87827e-09,-3.70722e-12,-0.43005,0.260585,-0.539217,-0.000169788,0.00036434,-0.0001094,0.00040602,-0.000211469,-0.856911,0.000472139,0.0047298,10.0225,10.0178
74,2.73757e-11,-4.87827e-09,-3.70722e-12,-0.4292,0.259196,-0.54343,-0.000159867,0.000366403,-0.000129348,0.000408357,-0.00020182,-1.00576,0.000486061,0.00486927,10.0227,10.0178
75,2.73757e-11,-4.87827e-09,-3.70722e-12,-0.43049,0.259346,-0.547975,-0.000164554,0.000381366,-0.000114004,0.000432669,-0.000215858,-0.896579,0.000509645,0.00510553,10.0229,10.0178
76,2.73757e-11,-4.87827e-09,-3.70722e-12,-0.429026,0.260182,-0.5501,-0.000159346,0.000362578,-0.00014547,0.000423963,-0.000220732,-1.11541,0.000509184,0.00510091,10.0229,10.0178
77,2.73757e-11,-4.87827e-09,-3.70722e-12,-0.430424,0.261104,-0.55081,-0.000179563,0.000370932,-0.000119425,0.00043367,-0.000242301,-0.916811,0.000525412,0.00526348,10.0231,10.0178
78,2.73757e-11,-4.87827e-09,-3.70722e-12,-0.429925,0.259743,-0.557024,-0.000161939,0.000384589,-0.000118094,0.000460077,-0.000237427,-0.972929,0.000542114,0.0054308,10.0232,10.0178
79,2.73757e-11,-4.87827e-09,-3.70722e-12,-0.430053,0.262627,-0.556577,-0.000158025,0.000369158,-8.28403e-05,0.000454407,-0.000243273,-0.767583,0.00056445,0.00565455,10.0235,10.0178
80,2.73757e-11,-4.87827e-09,-3.70722e-12,-0.430874,0.266372,-0.562078,-0.000153586,0.000363939,-0.00012329,0.000468308,-0.000257955,-0.996906,0.000584372,0.00585413,10.0237,10.0178
81,2.73757e-11,-4.87827e-09,-3.70722e-12,-0.430804,0.261198,-0.560505,-0.000179764,0.000402808,-0.000112516,0.000496395,-0.000273351,-0.915563,0.00059515,0.0059621,10.0238,10.0178
82,2.73757e-11,-4.87827e-09,-3.70722e-12,-0.430357,0.266141,-0.558051,-0.000200554,0.000353513,-0.000101895,0.000476872,-0.000323912,-0.939879,0.000585021,0.00586063,10.0237,10.0178
83,2.73757e-11,-4.87827e-09,-3.70722e-12,-0.433728,0.262237,-0.577958,-0.000179381,0.00036151,-0.000150826,0.000501674,-0.000319545,-0.965529,0.000586716,0.00587761,10.0237,10.0178
84,2.73757e-11,-4.87827e-09,-3.70722e-12,-0.434233,0.266982,-0.578649,-0.000189325,0.000356022,-8.85087e-05,0.000508683,-0.000341987,-0.701608,0.000638068,0.00639205,10.0242,10.0178
85,2.73757e-11,-4.87827e-09,-3.70722e-12,-0.431731,0.263343,-0.572824,-0.000161863,0.000354793,-0.000111109,0.000522259,-0.000329329,-0.825527,0.00063281,0.00633937,10.0242,10.0178
86,2.73757e-11,-4.87827e-09,-3.70722e-12,-0.435191,0.270395,-0.575368,-0.000205804,0.000363619,-0.000123486,0.00053024,-0.000372426,-0.950836,0.000649634,0.00650792,10.0243,10.0178
87,2.73757e-11,-4.87827e-09,-3.70722e-12,-0.437024,0.270574,-0.575201,-0.000216737,0.000365274,-0.000146495,0.000539277,-0.000390741,-0.868737,0.000692304,0.00693537,10.0247,10.0178
88,2.73757e-11,-4.87827e-09,-3.70722e-12,-0.439259,0.269317,-0.572417,-0.00020187,0.000375836,-9.09197e-05,0.000572961,-0.000398995,-0.725043,0.000710606,0.00711872,10.0249,10.0178
89,2.73757e-11,-4.87827e-09,-3.70722e-12,-0.435405,0.272569,-0.574201,-0.000228626,0.000360917,-0.000120282,0.000562954,-0.000430664,-0.907335,0.00070052,0.00701768,10.0248,10.0178
90,2.73757e-11,-4.87827e-09,-3.70722e-12,-0.437008,0.269432,-0.572813,-0.000231484,0.000375664,-8.62381e-05,0.000578866,-0.000434685,-0.808924,0.000736504,0.00737816,10.0252,10.0178
91,2.73757e-11,-4.87827e-09,-3.70722e-12,-0.436262,0.271438,-0.577013,-0.000219218,0.000371029,-0.000102032,0.000594164,-0.000442354,-0.796662,0.000735454,0.00736764,10.0252,10.0178
92,2.73757e-11,-4.87827e-09,-3.70722e-12,-0.43754,0.27653,-0.582775,-0.000203411,0.000373913,-0.000157807,0.000613831,-0.000443329,-0.966854,0.000770459,0.00771831,10.0255,10.0178
93,2.73757e-11,-4.87827e-09,-3.70722e-12,-0.439019,0.273227,-0.583801,-0.000210243,0.000354225,-8.88234e-05,0.000606168,-0.000462186,-0.783363,0.000774246,0.00775625,10.0256,10.0178
94,2.73757e-11,-4.87827e-09,-3.70722e-12,-0.441039,0.274921,-0.580976,-0.000260716,0.000323772,-9.47751e-05,0.000575787,-0.000512731,-0.892587,0.000716442,0.00717718,10.025,10.0178
95,2.73757e-11,-4.87827e-09,-3.70722e-12,-0.442618,0.278767,-0.576554,-0.000255004,0.000335536,-0.000151101,0.000606394,-0.000525863,-0.902902,0.000763895,0.00765256,10.0255,10.0178
96,2.73757e-11,-4.87827e-09,-3.70722e-12,-0.439557,0.276638,-0.58382,-0.000258298,0.000375669,-0.000110909,0.000637371,-0.00052,-0.915273,0.00082262,0.00824085,10.0261,10.0178
97,2.73757e-11,-4.87827e-09,-3.70722e-12,-0.439318,0.280323,-0.593022,-0.0002304,0.000395908,-0.000100311,0.000666615,-0.000501107,-0.851704,0.000831625,0.00833106,10.0261,10.0178
98,2.73757e-11,-4.87827e-09,-3.70722e-12,-0.440779,0.283396,-0.594313,-0.000211347,0.000432935,-0.000132026,0.000708733,-0.000487146,-0.95385,0.000870386,0.00871937,10.0265,10.0178
99,2.73757e-11,-4.87827e-09,-3.70722e-12,-0.43964,0.278897,-0.593416,-0.000265431,0.000385674,-0.000136188,0.000673706,-0.000553464,-0.83296,0.000858216,0.00859744,10.0264,10.0178
100,2.73757e-11,-4.87827e-09,-3.70722e-12,-0.438839,0.279869,-0.597418,-0.000240503,0.000404155,-0.000144387,0.00070578,-0.000542127,-1.02582,0.000897644,0.00899243,10.0268,10.0178
101,2.73757e-11,-4.87827e-09,-3.70722e-12,-0.439344,0.281341,-0.600439,-0.000275629,0.000406938,-0.000125363,0.000712922,-0.000581613,-0.903853,0.000904955,0.00906567,10.0269,10.0178
102,2.73757e-11,-4.87827e-09,-3.70722e-12,-0.442364,0.284361,-0.59868,-0.000247666,0.000388015,-0.00015198,0.000707616,-0.000567267,-0.964692,0.000905758,0.00907372,10.0269,10.0178
103,2.73757e-11,-4.87827e-09,-3.70722e-12,-0.442474,0.284272,-0.596631,-0.000268604,0.00041781,-0.00013278,0.000740265,-0.000591059,-0.792124,0.000946543,0.00948229,10.0273,10.0178
104,2.73757e-11,-4.87827e-09,-3.70722e-12,-0.443597,0.285157,-0.600289,-0.000264976,0.00039001,-0.000161869,0.000748668,-0.000623634,-0.864003,0.000937735,0.00939405,10.0272,10.0178
105,2.73757e-11,-4.87827e-09,-3.70722e-12,-0.442685,0.287343,-0.601397,-0.000269789,0.000403375,-0.000161424,0.000761515,-0.00062793,-0.884477,0.00094849,0.00950179,10.0273,10.0178
106,2.73757e-11,-4.87827e-09,-3.70722e-12,-0.443552,0.286563,-0.60316,-0.000263743,0.000406399,-0.000189301,0.000773892,-0.000631237,-1.01189,0.000967029,0.00968751,10.0275,10.0178
107,2.73757e-11,-4.87827e-09,-3.70722e-12,-0.443079,0.288093,-0.598773,-0.000293952,0.000404024,-0.000157649,0.000764623,-0.00065455,-0.932907,0.000975628,0.00977365,10.0276,10.0178
108,2.73757e-11,-4.87827e-09,-3.70722e-12,-0.443983,0.289198,-0.604383,-0.000277811,0.000415421,-0.000153364,0.000799851,-0.000662241,-0.855916,0.00100368,0.0100547,10.0279,10.0178
109,2.73757e-11,-4.87827e-09,-3.70722e-12,-0.443044,0.290971,-0.603349,-0.000306984,0.000416635,-0.000148103,0.000807929,-0.000698278,-0.934521,0.000999688,0.0100147,10.0278,10.0178
110,2.73757e-11,-4.87827e-09,-3.70722e-12,-0.442105,0.290648,-0.607422,-0.000278891,0.000408031,-0.000181691,0.000810208,-0.000681068,-0.949069,0.000999095,0.0100087,10.0278,10.0178
111,2.73757e-11,-4.87827e-09,-3.70722e-12,-0.444407,0.293977,-0.609139,-0.000304652,0.000420429,-0.000150191,0.000840786,-0.000725009,-0.724789,0.00104443,0.0104629,10.0283,10.0178
112,2.73757e-11,-4.87827e-09,-3.70722e-12,-0.444064,0.296412,-0.608454,-0.000313356,0.000410903,-0.000173905,0.000826141,-0.000728594,-0.818789,0.00103821,0.0104006,10.0282,10.0178
113,2.73757e-11,-4.87827e-09,-3.70722e-12,-0.446656,0.295213,-0.606353,-0.000309447,0.000402564,-0.000179074,0.000837269,-0.000744152,-0.932894,0.00106014,0.0106203,10.0284,10.0178
114,2.73757e-11,-4.87827e-09,-3.70722e-12,-0.445949,0.300363,-0.6095,-0.00030422,0.000401198,-0.000184633,0.000866508,-0.000769529,-0.839348,0.00109476,0.0109671,10.0288,10.0178
115,2.73757e-11,-4.87827e-09,-3.70722e-12,-0.446368,0.298562,-0.609369,-0.000313823,0.000422738,-0.000172901,0.000880074,-0.000771158,-0.913543,0.00108647,0.0108841,10.0287,10.0178
116,2.73757e-11,-4.87827e-09,-3.70722e-12,-0.445867,0.301776,-0.608028,-0.000327696,0.000401529,-0.000145579,0.00087275,-0.000798917,-0.870412,0.00112485,0.0112685,10.0291,10.0178
117,2.73757e-11,-4.87827e-09,-3.70722e-12,-0.444423,0.299157,-0.610666,-0.000307034,0.000406509,-0.000137577,0.000890513,-0.000791037,-0.74516,0.00111341,0.0111539,10.029,10.0178
118,2.73757e-11,-4.87827e-09,-3.70722e-12,-0.446124,0.300265,-0.612721,-0.000324626,0.000415449,-0.000156749,0.000912288,-0.000821466,-0.857522,0.0011298,0.0113181,10.0291,10.0178
119,2.73757e-11,-4.87827e-09,-3.70722e-12,-0.447748,0.306108,-0.612056,-0.000329862,0.000397221,-0.000170293,0.000902915,-0.000835556,-0.908036,0.00112777,0.0112978,10.0291,10.0178
120,2.73757e-11,-4.87827e-09,-3.70722e-12,-0.448286,0.303435,-0.609462,-0.00034447,0.000411273,-0.000215196,0.000932461,-0.000865658,-0.941296,0.00115832,0.0116038,10.0294,10.0178
121,2.73757e-11,-4.87827e-09,-3.70722e-12,-0.447647,0.306855,-0.611717,-0.000352205,0.000403738,-0.000186105,0.000937124,-0.000885591,-0.961243,0.00117838,0.0118048,10.0296,10.0178
122,2.73757e-11,-4.87827e-09,-3.70722e-12,-0.448293,0.306885,-0.615694,-0.000340896,0.000417174,-0.000173103,0.000964828,-0.000888549,-0.838666,0.0012017,0.0120384,10.0299,10.0178
123,2.73757e-11,-4.87827e-09,-3.70722e-12,-0.449005,0.309774,-0.612861,-0.000360705,0.000407248,-0.000199117,0.000955591,-0.000909048,-0.84089,0.00119223,0.0119435,10.0298,10.0178
124,2.73757e-11,-4.87827e-09,-3.70722e-12,-0.449214,0.308493,-0.612096,-0.000368112,0.00040872,-0.000183924,0.000968759,-0.000928152,-0.841195,0.00120866,0.0121082,10.0299,10.0178
125,2.73757e-11,-4.87827e-09,-3.70722e-12,-0.447794,0.311315,-0.613912,-0.000398454,0.000404007,-0.000201448,0.000968643,-0.000963089,-0.910079,0.0012394,0.012416,10.0302,10.0178
126,2.73757e-11,-4.87827e-09,-3.70722e-12,-0.451015,0.314475,-0.61586,-0.000365292,0.000408259,-0.00024254,0.000994048,-0.000951081,-0.963498,0.00122536,0.0122754,10.0301,10.0178
127,2.73757e-11,-4.87827e-09,-3.70722e-12,-0.448883,0.315311,-0.611714,-0.000383189,0.000397877,-0.000204296,0.00100501,-0.00099032,-0.882752,0.00126146,0.0126371,10.0304,10.0178
128,2.73757e-11,-4.87827e-09,-3.70722e-12,-0.449624,0.315081,-0.615833,-0.000367212,0.000400891,-0.00020999,0.00101711,-0.000983431,-0.864499,0.00126603,0.0126829,10.0305,10.0178
129,2.73757e-11,-4.87827e-09,-3.70722e-12,-0.450777,0.319494,-0.61535,-0.000392006,0.000403109,-0.000243436,0.00102689,-0.00101579,-0.961341,0.00126904,0.012713,10.0305,10.0178
130,2.73757e-11,-4.87827e-09,-3.70722e-12,-0.450223,0.319129,-0.618381,-0.000390608,0.00040996,-0.000265695,0.00104032,-0.00102096,-1.01083,0.00131297,0.0131531,10.031,10.0178
131,2.73757e-11,-4.87827e-09,-3.70722e-12,-0.451919,0.320023,-0.62409,-0.000379904,0.000424686,-0.000231026,0.00105837,-0.00101358,-0.933228,0.00130779,0.0131012,10.0309,10.0178
132,2.73757e-11,-4.87827e-09,-3.70722e-12,-0.452492,0.324379,-0.616677,-0.000406653,0.000414338,-0.000248751,0.00106819,-0.0010605,-0.935864,0.0013279,0.0133026,10.0311,10.0178
133,2.73757e-11,-4.87827e-09,-3.70722e-12,-0.451899,0.320517,-0.617409,-0.000423478,0.000389962,-0.000259905,0.00106284,-0.00109635,-0.986411,0.00133512,0.0133749,10.0312,10.0178
134,2.73757e-11,-4.87827e-09,-3.70722e-12,-0.453323,0.331667,-0.614322,-0.000406793,0.000435023,-0.000207066,0.00110831,-0.00108008,-0.880089,0.00139392,0.013964,10.0318,10.0178
135,2.73757e-11,-4.87827e-09,-3.70722e-12,-0.451218,0.322806,-0.624173,-0.000388393,0.00042048,-0.000236019,0.00110657,-0.00107449,-0.890131,0.00140357,0.0140607,10.0319,10.0178
136,2.73757e-11,-4.87827e-09,-3.70722e-12,-0.450962,0.331554,-0.623883,-0.00040272,0.00041669,-0.00019569,0.00112781,-0.00111384,-0.814322,0.00141291,0.0141542,10.032,10.0178
137,2.73757e-11,-4.87827e-09,-3.70722e-12,-0.450007,0.325154,-0.626736,-0.000375281,0.000430427,-0.000279945,0.00115232,-0.00109718,-0.987337,0.0014146,0.0141712,10.032,10.0178
138,2.73757e-11,-4.87827e-09,-3.70722e-12,-0.451305,0.335834,-0.625281,-0.000352229,0.000429943,-0.000230469,0.00116403,-0.00108631,-0.889122,0.00144965,0.0145223,10.0323,10.0178
139,2.73757e-11,-4.87827e-09,-3.70722e-12,-0.452575,0.334139,-0.625806,-0.000408621,0.000433785,-0.000190122,0.00118071,-0.00115555,-0.81434,0.00150988,0.0151257,10.0329,10.0178
140,2.73757e-11,-4.87827e-09,-3.70722e-12,-0.452402,0.335902,-0.626334,-0.00041994,0.000400994,-0.000185016,0.00115861,-0.00117755,-0.777373,0.00148369,0.0148633,10.0327,10.0178
141,2.73757e-11,-4.87827e-09,-3.70722e-12,-0.453765,0.336727,-0.626297,-0.000409572,0.000423102,-0.000224525,0.00119609,-0.00118256,-0.950819,0.00151529,0.0151799,10.033,10.0178
142,2.73757e-11,-4.87827e-09,-3.70722e-12,-0.451959,0.337601,-0.625985,-0.000413651,0.000430461,-0.000216734,0.00122143,-0.00120462,-0.884426,0.00153485,0.0153759,10.0332,10.0178
143,2.73757e-11,-4.87827e-09,-3.70722e-12,-0.454202,0.341969,-0.627499,-0.000434797,0.000437969,-0.000226166,0.00121392,-0.00121075,-0.887619,0.0015387,0.0154144,10.0332,10.0178
144,2.73757e-11,-4.87827e-09,-3.70722e-12,-0.452865,0.344102,-0.626304,-0.000438002,0.000393975,-0.000226484,0.00118525,-0.00122928,-0.912118,0.00149347,0.0149613,10.0328,10.0178
145,2.73757e-11,-4.87827e-09,-3.70722e-12,-0.453281,0.345287,-0.621554,-0.000442978,0.000443874,-0.000202905,0.00124605,-0.00124516,-0.867413,0.00153116,0.0153389,10.0332,10.0178
146,2.73757e-11,-4.87827e-09,-3.70722e-12,-0.453678,0.346818,-0.632671,-0.000444915,0.000464997,-0.000232397,0.00127425,-0.00125417,-0.923648,0.00160911,0.0161197,10.0339,10.0178
147,2.73757e-11,-4.87827e-09,-3.70722e-12,-0.455525,0.351609,-0.627311,-0.000438786,0.000466563,-0.000237332,0.00129685,-0.00126908,-0.851387,0.00160083,0.0160369,10.0338,10.0178
148,2.73757e-11,-4.87827e-09,-3.70722e-12,-0.455364,0.35189,-0.616338,-0.000494809,0.000487354,-0.000206352,0.00129921,-0.00130666,-0.752709,0.00162811,0.0163101,10.0341,10.0178
149,2.73757e-11,-4.87827e-09,-3.70722e-12,-0.453105,0.355055,-0.628312,-0.000465362,0.000482391,-0.000264096,0.00131517,-0.00129815,-0.852869,0.0016182,0.0162108,10.034,10.0178
150,2.73757e-11,-4.87827e-09,-3.70722e-12,-0.453785,0.355182,-0.631482,-0.000435391,0.000489309,-0.000209985,0.00132997,-0.00127605,-0.699822,0.00164437,0.016473,10.0343,10.0178
151,2.73757e-11,-4.87827e-09,-3.70722e-12,-0.453391,0.363332,-0.625727,-0.000489153,0.000493828,-0.000224897,0.00136114,-0.00135646,-0.848673,0.0016988,0.0170183,10.0348,10.0178
152,2.73757e-11,-4.87827e-09,-3.70722e-12,-0.451757,0.360632,-0.630673,-0.000502675,0.000472011,-0.000225165,0.00135019,-0.00138085,-0.774595,0.00170986,0.0171291,10.0349,10.0178
153,2.73757e-11,-4.87827e-09,-3.70722e-12,-0.452764,0.364764,-0.63315,-0.000492354,0.000490123,-0.000174101,0.00138155,-0.00138378,-0.708911,0.00172409,0.0172716,10.0351,10.0178
154,2.73757e-11,-4.87827e-09,-3.70722e-12,-0.45414,0.36419,-0.633164,-0.000503968,0.000482944,-0.000206622,0.00136208,-0.0013831,-0.758589,0.00172124,0.017243,10.0351,10.0178
155,2.73757e-11,-4.87827e-09,-3.70722e-12,-0.454266,0.368427,-0.631513,-0.000489846,0.000490535,-0.000196514,0.00141063,-0.00140995,-0.708383,0.00179362,0.0179682,10.0358,10.0178
156,2.73757e-11,-4.87827e-09,-3.70722e-12,-0.45515,0.368319,-0.635226,-0.000529559,0.000525346,-0.000223775,0.00144329,-0.0014475,-0.795854,0.0017958,0.01799,10.0358,10.0178
157,2.73757e-11,-4.87827e-09,-3.70722e-12,-0.454555,0.37343,-0.630998,-0.000544659,0.000482668,-0.000259307,0.00140447,-0.00146646,-0.901168,0.00177192,0.0177508,10.0356,10.0178
158,2.73757e-11,-4.87827e-09,-3.70722e-12,-0.45576,0.370966,-0.628779,-0.000500292,0.000527944,-0.000171323,0.00145303,-0.00142538,-0.719813,0.00183775,0.0184102,10.0362,10.0178
159,2.73757e-11,-4.87827e-09,-3.70722e-12,-0.45608,0.37779,-0.637326,-0.00053877,0.000504272,-0.000208912,0.00144974,-0.00148424,-0.842629,0.00179665,0.0179985,10.0358,10.0178
160,2.73757e-11,-4.87827e-09,-3.70722e-12,-0.458384,0.381508,-0.63134,-0.000526762,0.000532441,-0.000268519,0.00147983,-0.00147415,-0.908729,0.00186672,0.0187005,10.0365,10.0178
161,2.73757e-11,-4.87827e-09,-3.70722e-12,-0.457392,0.385861,-0.636123,-0.000502419,0.000583846,-0.000299152,0.00152361,-0.00144218,-0.935116,0.00188945,0.0189282,10.0367,10.0178
162,2.73757e-11,-4.87827e-09,-3.70722e-12,-0.456908,0.386499,-0.636785,-0.000519278,0.000581524,-0.000271037,0.00152548,-0.00146323,-0.837106,0.00188434,0.0188769,10.0367,10.0178
163,2.73757e-11,-4.87827e-09,-3.70722e-12,-0.457353,0.388909,-0.633839,-0.000530724,0.00059961,-0.0002781,0.00156871,-0.00149983,-0.875347,0.00191884,0.0192226,10.037,10.0178
164,2.73757e-11,-4.87827e-09,-3.70722e-12,-0.455793,0.389749,-0.636925,-0.000575041,0.000651754,-0.000286758,0.0015852,-0.00150849,-0.891002,0.0019406,0.0194405,10.0373,10.0178
165,2.73757e-11,-4.87827e-09,-3.70722e-12,-0.45741,0.397086,-0.638177,-0.00059841,0.000646668,-0.000213669,0.00159596,-0.0015477,-0.709414,0.00197508,0.019786,10.0376,10.0178
166,2.73757e-11,-4.87827e-09,-3.70722e-12,-0.457059,0.398258,-0.638953,-0.000559228,0.00062099,-0.000253954,0.00159622,-0.00153445,-0.906317,0.00198797,0.0199151,10.0377,10.0178
167,2.73757e-11,-4.87827e-09,-3.70722e-12,-0.457743,0.40139,-0.641813,-0.000586873,0.000684184,-0.000232159,0.00164469,-0.00154738,-0.860598,0.00202356,0.0202717,10.0381,10.0178
168,2.73757e-11,-4.87827e-09,-3.70722e-12,-0.457636,0.402085,-0.6445,-0.000554643,0.000699671,-0.000279095,0.0016625,-0.00151747,-0.91829,0.00207067,0.0207435,10.0386,10.0178
169,2.73757e-11,-4.87827e-09,-3.70722e-12,-0.45712,0.408047,-0.639806,-0.000589377,0.00071562,-0.000250194,0.00167357,-0.00154733,-0.921051,0.0020893,0.0209302,10.0387,10.0178
170,2.73757e-11,-4.87827e-09,-3.70722e-12,-0.458184,0.412234,-0.638317,-0.00055985,0.000727757,-0.000281259,0.00168243,-0.00151453,-0.895004,0.0021083,0.0211206,10.0389,10.0178
171,2.73757e-11,-4.87827e-09,-3.70722e-12,-0.457552,0.413025,-0.642986,-0.000579012,0.000747638,-0.000251258,0.00171102,-0.00154239,-0.844156,0.00211676,0.0212053,10.039,10.0178
172,2.73757e-11,-4.87827e-09,-3.70722e-12,-0.457679,0.420382,-0.646782,-0.000590242,0.000769193,-0.000258101,0.00174614,-0.00156719,-0.781141,0.00215478,0.0215862,10.0394,10.0178
173,2.73757e-11,-4.87827e-09,-3.70722e-12,-0.458237,0.420434,-0.639807,-0.000586995,0.000753136,-0.000317345,0.0017497,-0.00158356,-0.898718,0.00218315,0.0218704,10.0397,10.0178
174,2.73757e-11,-4.87827e-09,-3.70722e-12,-0.458437,0.423733,-0.638522,-0.000621691,0.000764094,-0.000303912,0.00177109,-0.00162868,-0.831816,0.00221365,0.0221759,10.04,10.0178
175,2.73757e-11,-4.87827e-09,-3.70722e-12,-0.457329,0.426058,-0.642817,-0.00061268,0.000817092,-0.000266456,0.00178712,-0.00158271,-0.840654,0.0022168,0.0222074,10.04,10.0178
176,2.73757e-11,-4.87827e-09,-3.70722e-12,-0.456633,0.429352,-0.648049,-0.000602134,0.000819579,-0.000270894,0.00181105,-0.0015936,-0.860324,0.00221584,0.0221978,10.04,10.0178
177,2.73757e-11,-4.87827e-09,-3.70722e-12,-0.456271,0.432343,-0.645186,-0.00063699,0.000794616,-0.000259471,0.00181873,-0.0016611,-0.790094,0.00223948,0.0224347,10.0402,10.0178
178,2.73757e-11,-4.87827e-09,-3.70722e-12,-0.459192,0.433411,-0.645384,-0.000614467,0.000828426,-0.000270293,0.00184477,-0.00163081,-0.837781,0.00228561,0.0228969,10.0407,10.0178
179,2.73757e-11,-4.87827e-09,-3.70722e-12,-0.458678,0.437818,-0.641093,-0.000628033,0.000816526,-0.000268827,0.00184723,-0.00165873,-0.835458,0.00229643,0.0230052,10.0408,10.0178
180,2.73757e-11,-4.87827e-09,-3.70722e-12,-0.458215,0.441711,-0.641512,-0.000652712,0.000857593,-0.00024519,0.00185645,-0.00165157,-0.833882,0.00229698,0.0230108,10.0408,10.0178
181,2.73757e-11,-4.87827e-09,-3.70722e-12,-0.457052,0.444681,-0.642597,-0.000644494,0.000883444,-0.000242022,0.00189424,-0.00165529,-0.820018,0.00233303,0.0233719,10.0412,10.0178
182,2.73757e-11,-4.87827e-09,-3.70722e-12,-0.459045,0.446564,-0.643871,-0.000646381,0.000874382,-0.000268689,0.00189525,-0.00166724,-0.929911,0.00235619,0.0236039,10.0414,10.0178
183,2.73757e-11,-4.87827e-09,-3.70722e-12,-0.459076,0.452235,-0.637397,-0.000668757,0.000873746,-0.000263424,0.00190303,-0.00169804,-0.887907,0.00236347,0.0236768,10.0415,10.0178
184,2.73757e-11,-4.87827e-09,-3.70722e-12,-0.458442,0.451767,-0.645077,-0.00062882,0.000903896,-0.000256505,0.0019458,-0.00167072,-0.879927,0.00239229,0.0239655,10.0418,10.0178
185,2.73757e-11,-4.87827e-09,-3.70722e-12,-0.458913,0.454003,-0.644383,-0.000640933,0.000934362,-0.000289838,0.00196774,-0.00167431,-0.951856,0.00243608,0.0244042,10.0422,10.0178
186,2.73757e-11,-4.87827e-09,-3.70722e-12,-0.45829,0.458265,-0.642136,-0.000665593,0.000910628,-0.000267255,0.00197517,-0.00173013,-0.779734,0.00243656,0.024409,10.0422,10.0178
187,2.73757e-11,-4.87827e-09,-3.70722e-12,-0.459352,0.460516,-0.647317,-0.000684225,0.000941477,-0.000291783,0.0019994,-0.00174215,-0.830469,0.00244363,0.0244799,10.0423,10.0178
188,2.73757e-11,-4.87827e-09,-3.70722e-12,-0.458659,0.464769,-0.64658,-0.000678477,0.000942836,-0.000254294,0.0020157,-0.00175134,-0.774151,0.0024695,0.024739,10.0426,10.0178
189,2.73757e-11,-4.87827e-09,-3.70722e-12,-0.458664,0.466053,-0.650214,-0.000692548,0.000934672,-0.000273114,0.00201742,-0.0017753,-0.816972,0.00248429,0.0248872,10.0427,10.0178
190,2.73757e-11,-4.87827e-09,-3.70722e-12,-0.458981,0.472017,-0.646039,-0.000708618,0.000948434,-0.000264256,0.00203044,-0.00179062,-0.845479,0.00250149,0.0250595,10.0429,10.0178
191,2.73757e-11,-4.87827e-09,-3.70722e-12,-0.460419,0.472984,-0.645161,-0.000693378,0.000951677,-0.000329848,0.00204988,-0.00179158,-0.870627,0.00251885,0.0252334,10.043,10.0178
192,2.73757e-11,-4.87827e-09,-3.70722e-12,-0.45929,0.474309,-0.648372,-0.000689306,0.00100476,-0.000292107,0.0020875,-0.00177204,-0.908089,0.00255495,0.025595,10.0434,10.0178
193,2.73757e-11,-4.87827e-09,-3.70722e-12,-0.458884,0.477476,-0.650427,-0.000713364,0.00100182,-0.000283782,0.00208746,-0.00179901,-0.837836,0.00258229,0.0258689,10.0437,10.0178
194,2.73757e-11,-4.87827e-09,-3.70722e-12,-0.459726,0.478257,-0.649734,-0.000729162,0.00101431,-0.000250924,0.00212178,-0.00183663,-0.909049,0.00265123,0.0265595,10.0444,10.0178
195,2.73757e-11,-4.87827e-09,-3.70722e-12,-0.462006,0.484298,-0.650725,-0.000711006,0.000978932,-0.000247141,0.00210217,-0.00183424,-0.872226,0.0026367,0.0264139,10.0442,10.0178
196,2.73757e-11,-4.87827e-09,-3.70722e-12,-0.460578,0.484377,-0.650053,-0.00072746,0.00102671,-0.000276144,0.00212653,-0.00182728,-0.892159,0.00263282,0.0263751,10.0442,10.0178
197,2.73757e-11,-4.87827e-09,-3.70722e-12,-0.460918,0.486952,-0.651147,-0.000721304,0.00104989,-0.000276566,0.00214301,-0.00181442,-0.928731,0.00264819,0.0265291,10.0443,10.0178
198,2.73757e-11,-4.87827e-09,-3.70722e-12,-0.461361,0.49009,-0.650607,-0.000720688,0.00103383,-0.00029644,0.00215597,-0.00184283,-0.883699,0.00267213,0.0267689,10.0446,10.0178
199,2.73757e-11,-4.87827e-09,-3.70722e-12,-0.461485,0.493474,-0.649072,-0.000722921,0.00104165,-0.000278926,0.00217688,-0.00185815,-0.829526,0.00267095,0.0267571,10.0446,10.0178
200,2.73757e-11,-4.87827e-09,-3.70722e-12,-0.460186,0.494615,-0.652496,-0.000749997,0.00111958,-0.000260775,0.00220389,-0.00183431,-0.832478,0.00271359,0.0271842,10.045,10.0178
201,2.73757e-11,-4.87827e-09,-3.70722e-12,-0.459443,0.496974,-0.652379,-0.000737724,0.00111009,-0.000323747,0.00222358,-0.00185121,-0.7884,0.00272905,0.0273391,10.0452,10.0178
202,2.73757e-11,-4.87827e-09,-3.70722e-12,-0.461897,0.500818,-0.650439,-0.000787783,0.00109467,-0.000299962,0.00221485,-0.00190796,-0.813593,0.00274029,0.0274517,10.0453,10.0178
203,2.73757e-11,-4.87827e-09,-3.70722e-12,-0.459761,0.504291,-0.652747,-0.000764502,0.00112939,-0.000359509,0.00225066,-0.00188577,-0.87589,0.00276561,0.0277054,10.0455,10.0178
204,2.73757e-11,-4.87827e-09,-3.70722e-12,-0.461179,0.507492,-0.650151,-0.0007439,0.00114206,-0.00033263,0.00226849,-0.00187033,-0.916497,0.00280679,0.0281179,10.0459,10.0178
205,2.73757e-11,-4.87827e-09,-3.70722e-12,-0.46022,0.506548,-0.652699,-0.00077785,0.00114416,-0.000313278,0.00227233,-0.00190602,-0.862483,0.00281267,0.0281768,10.046,10.0178
206,2.73757e-11,-4.87827e-09,-3.70722e-12,-0.460295,0.511571,-0.652147,-0.000779027,0.00114722,-0.000294198,0.00230394,-0.00193575,-0.886646,0.00284445,0.0284952,10.0463,10.0178
207,2.73757e-11,-4.87827e-09,-3.70722e-12,-0.459723,0.513887,-0.653884,-0.000767645,0.00119253,-0.000296015,0.00233,-0.00190511,-0.845407,0.00285664,0.0286173,10.0464,10.0178
208,2.73757e-11,-4.87827e-09,-3.70722e-12,-0.459104,0.517066,-0.652014,-0.000777989,0.00118547,-0.000277121,0.0023227,-0.00191522,-0.821076,0.00287582,0.0288095,10.0466,10.0178
209,2.73757e-11,-4.87827e-09,-3.70722e-12,-0.459564,0.519693,-0.656069,-0.000821682,0.00120486,-0.000310266,0.0023319,-0.00194873,-0.946278,0.00287858,0.0288371,10.0466,10.0178
210,2.73757e-11,-4.87827e-09,-3.70722e-12,-0.460086,0.521224,-0.651359,-0.000720334,0.0012437,-0.000280872,0.00237979,-0.00185643,-0.835116,0.00294944,0.0295469,10.0474,10.0178
211,2.73757e-11,-4.87827e-09,-3.70722e-12,-0.460659,0.526422,-0.652543,-0.000835124,0.00120232,-0.000295703,0.00237498,-0.00200779,-0.868582,0.00291991,0.0292511,10.0471,10.0178
212,2.73757e-11,-4.87827e-09,-3.70722e-12,-0.459892,0.525388,-0.655586,-0.000782709,0.00125086,-0.000304022,0.00241392,-0.00194577,-0.831011,0.00295968,0.0296496,10.0475,10.0178
213,2.73757e-11,-4.87827e-09,-3.70722e-12,-0.459302,0.52904,-0.657299,-0.000781737,0.00125301,-0.000332958,0.00241798,-0.00194671,-0.860516,0.00295468,0.0295994,10.0474,10.0178
214,2.73757e-11,-4.87827e-09,-3.70722e-12,-0.457592,0.528967,-0.663328,-0.000816373,0.00125039,-0.000321504,0.00241413,-0.00198011,-0.845934,0.0029721,0.029774,10.0476,10.0178
215,2.73757e-11,-4.87827e-09,-3.70722e-12,-0.459972,0.534103,-0.654846,-0.000825181,0.00125454,-0.000342013,0.00243591,-0.00200655,-0.814507,0.00297628,0.0298158,10.0476,10.0178
216,2.73757e-11,-4.87827e-09,-3.70722e-12,-0.459187,0.537358,-0.657893,-0.000840055,0.00123799,-0.000317981,0.00243012,-0.00203218,-0.808041,0.00299501,0.0300035,10.0478,10.0178
217,2.73757e-11,-4.87827e-09,-3.70722e-12,-0.459526,0.54002,-0.661326,-0.000856357,0.00129304,-0.000318237,0.00247257,-0.00203589,-0.790089,0.00301621,0.0302159,10.048,10.0178
218,2.73757e-11,-4.87827e-09,-3.70722e-12,-0.459289,0.541807,-0.654882,-0.000848132,0.00131731,-0.00033216,0.00248972,-0.00202054,-0.885552,0.00305543,0.0306087,10.0484,10.0178
219,2.73757e-11,-4.87827e-09,-3.70722e-12,-0.457239,0.544688,-0.65492,-0.000850002,0.00136092,-0.00031568,0.00251072,-0.00199979,-0.85006,0.00308466,0.0309015,10.0487,10.0178
220,2.73757e-11,-4.87827e-09,-3.70722e-12,-0.458615,0.548204,-0.65597,-0.000858226,0.00130488,-0.000288806,0.00251158,-0.00206493,-0.93608,0.00311145,0.0311699,10.049,10.0178
221,2.73757e-11,-4.87827e-09,-3.70722e-12,-0.459196,0.550408,-0.659159,-0.000852069,0.00135429,-0.000313529,0.00254407,-0.00204185,-0.884311,0.00313918,0.0314477,10.0493,10.0178
222,2.73757e-11,-4.87827e-09,-3.70722e-12,-0.45656,0.552281,-0.658789,-0.0008371,0.00139471,-0.000355437,0.00256264,-0.00200503,-0.942387,0.00313326,0.0313884,10.0492,10.0178
223,2.73757e-11,-4.87827e-09,-3.70722e-12,-0.459135,0.553687,-0.654553,-0.000864188,0.00137089,-0.000315551,0.00253979,-0.00203309,-0.933814,0.00314129,0.0314689,10.0493,10.0178
224,2.73757e-11,-4.87827e-09,-3.70722e-12,-0.457606,0.555688,-0.660454,-0.000854352,0.00140784,-0.000295434,0.00258646,-0.00203298,-0.816203,0.00317246,0.0317811,10.0496,10.0178
225,2.73757e-11,-4.87827e-09,-3.70722e-12,-0.458423,0.560144,-0.653667,-0.00087991,0.00138367,-0.00031966,0.00258262,-0.00207885,-0.883846,0.00318546,0.0319113,10.0497,10.0178
226,2.73757e-11,-4.87827e-09,-3.70722e-12,-0.460735,0.561999,-0.661082,-0.000870388,0.00142864,-0.000343922,0.00262056,-0.00206231,-0.923372,0.00321338,0.032191,10.05,10.0178
227,2.73757e-11,-4.87827e-09,-3.70722e-12,-0.460108,0.565457,-0.65947,-0.000890413,0.00146069,-0.000327177,0.00262712,-0.00205685,-0.876602,0.00321118,0.032169,10.05,10.0178
228,2.73757e-11,-4.87827e-09,-3.70722e-12,-0.456702,0.564923,-0.657418,-0.000900204,0.00143829,-0.000323034,0.00263591,-0.00209782,-0.823097,0.00323371,0.0323947,10.0502,10.0178
229,2.73757e-11,-4.87827e-09,-3.70722e-12,-0.458783,0.570794,-0.657436,-0.000911245,0.00145382,-0.000364656,0.00265892,-0.00211634,-0.852128,0.00327085,0.0327667,10.0506,10.0178
230,2.73757e-11,-4.87827e-09,-3.70722e-12,-0.45969,0.570849,-0.664952,-0.00089899,0.0014762,-0.000316859,0.00268333,-0.00210613,-0.771335,0.00328762,0.0329348,10.0507,10.0178
231,2.73757e-11,-4.87827e-09,-3.70722e-12,-0.453766,0.573529,-0.658137,-0.00091029,0.00147052,-0.000335925,0.00269317,-0.00213294,-0.764558,0.00330668,0.0331257,10.0509,10.0178
232,2.73757e-11,-4.87827e-09,-3.70722e-12,-0.456993,0.579126,-0.661619,-0.000889191,0.00149607,-0.000389945,0.0027055,-0.00209862,-0.893785,0.00332191,0.0332782,10.0511,10.0178
233,2.73757e-11,-4.87827e-09,-3.70722e-12,-0.458027,0.579209,-0.662232,-0.000904281,0.0015566,-0.000338018,0.00274661,-0.00209429,-0.833144,0.0033432,0.0334916,10.0513,10.0178
234,2.73757e-11,-4.87827e-09,-3.70722e-12,-0.459571,0.582266,-0.65953,-0.000896448,0.00156017,-0.000352999,0.00274664,-0.00208292,-0.916657,0.00336543,0.0337143,10.0515,10.0178
235,2.73757e-11,-4.87827e-09,-3.70722e-12,-0.458768,0.586323,-0.660183,-0.000902555,0.0015866,-0.000349822,0.00277619,-0.00209215,-0.899204,0.00337303,0.0337904,10.0516,10.0178
236,2.73757e-11,-4.87827e-09,-3.70722e-12,-0.457655,0.584941,-0.663471,-0.000921063,0.00155691,-0.000306884,0.00278038,-0.00214454,-0.879983,0.00341197,0.0341804,10.052,10.0178
237,2.73757e-11,-4.87827e-09,-3.70722e-12,-0.457707,0.589124,-0.662313,-0.000947796,0.00159489,-0.000327399,0.0027805,-0.0021334,-0.943134,0.0034244,0.034305,10.0521,10.0178
238,2.73757e-11,-4.87827e-09,-3.70722e-12,-0.45733,0.591922,-0.659342,-0.000915954,0.00162548,-0.000362173,0.00282335,-0.00211382,-0.945171,0.00344727,0.0345342,10.0523,10.0178
239,2.73757e-11,-4.87827e-09,-3.70722e-12,-0.458403,0.594687,-0.666226,-0.000965956,0.00161534,-0.000343865,0.00282636,-0.00217697,-0.910049,0.00347151,0.034777,10.0526,10.0178
240,2.73757e-11,-4.87827e-09,-3.70722e-12,-0.456859,0.596456,-0.660655,-0.000962751,0.00161123,-0.000330111,0.00283715,-0.00218867,-0.874079,0.00349256,0.0349878,10.0528,10.0178
241,2.73757e-11,-4.87827e-09,-3.70722e-12,-0.456453,0.599791,-0.665328,-0.000937447,0.00163973,-0.000344193,0.00285789,-0.00215561,-0.842971,0.00347239,0.0347858,10.0526,10.0178
242,2.73757e-11,-4.87827e-09,-3.70722e-12,-0.456559,0.601664,-0.666939,-0.000933048,0.00169248,-0.000348092,0.00288736,-0.00212793,-0.808333,0.00351617,0.0352244,10.053,10.0178
243,2.73757e-11,-4.87827e-09,-3.70722e-12,-0.457283,0.599154,-0.667533,-0.000954571,0.00168213,-0.000338233,0.00289908,-0.00217152,-0.814576,0.00354501,0.0355132,10.0533,10.0178
244,2.73757e-11,-4.87827e-09,-3.70722e-12,-0.455456,0.605855,-0.665063,-0.000984017,0.00167738,-0.000332232,0.00290132,-0.00220795,-0.790034,0.00354409,0.035504,10.0533,10.0178
245,2.73757e-11,-4.87827e-09,-3.70722e-12,-0.4547,0.607013,-0.666189,-0.000994157,0.00167875,-0.000372502,0.00291612,-0.00223153,-0.819679,0.00357086,0.0357722,10.0536,10.0178
246,2.73757e-11,-4.87827e-09,-3.70722e-12,-0.457218,0.613802,-0.662918,-0.000957875,0.00169293,-0.000345285,0.00294475,-0.0022097,-0.811212,0.00359549,0.036019,10.0538,10.0178
247,2.73757e-11,-4.87827e-09,-3.70722e-12,-0.456497,0.616695,-0.663468,-0.000984125,0.00170263,-0.000334758,0.00295118,-0.00223268,-0.858433,0.00360862,0.0361505,10.054,10.0178
248,2.73757e-11,-4.87827e-09,-3.70722e-12,-0.456474,0.618023,-0.663345,-0.000991544,0.00176157,-0.000349987,0.00298729,-0.00221727,-0.858073,0.00366234,0.0366887,10.0545,10.0178
249,2.73757e-11,-4.87827e-09,-3.70722e-12,-0.451762,0.625178,-0.663445,-0.00098964,0.00177438,-0.000385394,0.00300632,-0.00222157,-0.928918,0.00367902,0.0368558,10.0547,10.0178
250,2.73757e-11,-4.87827e-09,-3.70722e-12,-0.453803,0.612147,-0.665745,-0.00100835,0.00179551,-0.000343568,0.00301337,-0.00222621,-0.779409,0.00367344,0.0367999,10.0546,10.0178
251,2.73757e-11,-4.87827e-09,-3.70722e-12,-0.45455,0.627516,-0.663787,-0.000991192,0.00179538,-0.000354219,0.00303996,-0.00223577,-0.848495,0.00371854,0.0372516,10.0551,10.0178
252,2.73757e-11,-4.87827e-09,-3.70722e-12,-0.457724,0.627937,-0.663039,-0.00101395,0.00181043,-0.00039955,0.00304472,-0.00224824,-0.889495,0.00373063,0.0373727,10.0552,10.0178
253,2.73757e-11,-4.87827e-09,-3.70722e-12,-0.455021,0.630587,-0.663669,-0.0010097,0.00182587,-0.000336545,0.0030514,-0.00223523,-0.815881,0.00376445,0.0377115,10.0555,10.0178
254,2.73757e-11,-4.87827e-09,-3.70722e-12,-0.455006,0.630831,-0.665606,-0.00101614,0.00182175,-0.000341249,0.00306334,-0.00225773,-0.818322,0.00376277,0.0376948,10.0555,10.0178
255,2.73757e-11,-4.87827e-09,-3.70722e-12,-0.452942,0.634465,-0.662487,-0.00100685,0.00187349,-0.000359697,0.00310821,-0.00224157,-0.850417,0.00379118,0.0379793,10.0558,10.0178
256,2.73757e-11,-4.87827e-09,-3.70722e-12,-0.453666,0.643981,-0.663686,-0.00101985,0.001804,-0.000365351,0.00309191,-0.00230777,-0.790461,0.00381083,0.0381762,10.056,10.0178
257,2.73757e-11,-4.87827e-09,-3.70722e-12,-0.45321,0.637647,-0.663249,-0.00105918,0.00182762,-0.00037652,0.00307273,-0.00230429,-0.812046,0.00376973,0.0377644,10.0556,10.0178
258,2.73757e-11,-4.87827e-09,-3.70722e-12,-0.455734,0.64256,-0.666848,-0.00105339,0.0018502,-0.00043607,0.0031266,-0.00232979,-0.875796,0.0038338,0.0384063,10.0562,10.0178
259,2.73757e-11,-4.87827e-09,-3.70722e-12,-0.45424,0.649344,-0.662903,-0.00105793,0.00194783,-0.000369423,0.00314923,-0.00225933,-0.803775,0.00386469,0.0387157,10.0565,10.0178
260,2.73757e-11,-4.87827e-09,-3.70722e-12,-0.456168,0.650255,-0.665484,-0.00106178,0.00195492,-0.000331622,0.00317847,-0.00228533,-0.749156,0.00387702,0.0388393,10.0567,10.0178
261,2.73757e-11,-4.87827e-09,-3.70722e-12,-0.455576,0.649129,-0.665542,-0.00103803,0.00194819,-0.000363424,0.00319075,-0.00228059,-0.844059,0.00388446,0.0389138,10.0567,10.0178
262,0.000226207,-0.00567278,-1.5087e-06,-0.45379,0.653001,-0.665493,-0.00106164,0.00194119,-0.000387991,0.00320762,-0.00232807,-0.821091,0.00392356,0.0393055,10.0571,10.0178
263,2.73757e-11,-4.87827e-09,-3.70722e-12,-0.456063,0.659855,-0.666399,-0.0010553,0.00198342,-0.00035538,0.00324487,-0.00231675,-0.778016,0.00395708,0.0396412,10.0575,10.0178
264,2.73757e-11,-4.87827e-09,-3.70722e-12,-0.455228,0.661656,-0.670369,-0.00107251,0.00200088,-0.000331802,0.00325863,-0.00233026,-0.786314,0.0039781,0.0398519,10.0577,10.0178
265,2.73757e-11,-4.87827e-09,-3.70722e-12,-0.454528,0.659238,-0.661818,-0.00107014,0.00200918,-0.000365686,0.00325921,-0.00232016,-0.798134,0.00398898,0.0399609,10.0578,10.0178
266,2.73757e-11,-4.87827e-09,-3.70722e-12,-0.447983,0.666331,-0.656581,-0.00108929,0.00202418,-0.000387673,0.00328288,-0.002348,-0.825929,0.00401405,0.040212,10.058,10.0178
267,2.73757e-11,-4.87827e-09,-3.70722e-12,-0.451503,0.667832,-0.662963,-0.00108422,0.00205111,-0.000349737,0.00329809,-0.0023312,-0.780489,0.00404022,0.0404742,10.0583,10.0178
268,2.73757e-11,-4.87827e-09,-3.70722e-12,-0.452883,0.66992,-0.658495,-0.0010765,0.00205062,-0.000318424,0.00329793,-0.00232381,-0.782239,0.00403595,0.0404314,10.0582,10.0178
269,2.73757e-11,-4.87827e-09,-3.70722e-12,-0.453389,0.670157,-0.660715,-0.00112586,0.00204255,-0.000336678,0.00331066,-0.00239398,-0.805972,0.00406258,0.0406981,10.0585,10.0178
270,2.73757e-11,-4.87827e-09,-3.70722e-12,-0.452478,0.677895,-0.669225,-0.00112087,0.00205648,-0.000356156,0.00333417,-0.00239856,-0.740976,0.0040707,0.0407795,10.0586,10.0178
271,2.73757e-11,-4.87827e-09,-3.70722e-12,-0.455718,0.673372,-0.670235,-0.00110022,0.00212853,-0.000365712,0.00336927,-0.00234096,-0.781838,0.00410848,0.041158,10.059,10.0178
272,2.73757e-11,-4.87827e-09,-3.70722e-12,-0.453128,0.679418,-0.668755,-0.00114701,0.00214283,-0.000345954,0.00338096,-0.00238514,-0.75122,0.00414044,0.0414781,10.0593,10.0178
273,2.73757e-11,-4.87827e-09,-3.70722e-12,-0.453914,0.680259,-0.675397,-0.00107336,0.00217258,-0.000358552,0.00341744,-0.00231822,-0.783005,0.00415818,0.0416559,10.0595,10.0178
274,2.73757e-11,-4.87827e-09,-3.70722e-12,-0.451776,0.683569,-0.672071,-0.00112964,0.00212972,-0.000350327,0.00339667,-0.0023966,-0.792158,0.004141,0.0414838,10.0593,10.0178
275,2.73757e-11,-4.87827e-09,-3.70722e-12,-0.45108,0.686104,-0.669473,-0.0011338,0.0021837,-0.000376517,0.00342217,-0.00237227,-0.78687,0.00418327,0.0419072,10.0597,10.0178
276,2.73757e-11,-4.87827e-09,-3.70722e-12,-0.452253,0.687691,-0.670696,-0.00115157,0.00219155,-0.00036581,0.00344922,-0.00240925,-0.750349,0.00423438,0.0424192,10.0602,10.0178
277,2.73757e-11,-4.87827e-09,-3.70722e-12,-0.452401,0.688914,-0.670892,-0.00117887,0.00213439,-0.00034666,0.00342221,-0.0024667,-0.792084,0.00421012,0.0421762,10.06,10.0178
278,2.73757e-11,-4.87827e-09,-3.70722e-12,-0.453374,0.694321,-0.668425,-0.00113004,0.00221814,-0.000394771,0.00349067,-0.00240257,-0.863403,0.00428943,0.0429708,10.0608,10.0178
279,2.73757e-11,-4.87827e-09,-3.70722e-12,-0.452871,0.693249,-0.66766,-0.00113692,0.00226224,-0.000436393,0.00348666,-0.00236134,-0.873796,0.00423702,0.0424457,10.0603,10.0178
280,2.73757e-11,-4.87827e-09,-3.70722e-12,-0.453724,0.696374,-0.669084,-0.00110787,0.00223848,-0.000327393,0.00350997,-0.00237936,-0.796138,0.0043016,0.0430927,10.0609,10.0178
281,2.73757e-11,-4.87827e-09,-3.70722e-12,-0.455934,0.700836,-0.671094,-0.00118679,0.00225041,-0.000387324,0.00350507,-0.00244144,-0.861571,0.00427877,0.0428639,10.0607,10.0178
282,2.73757e-11,-4.87827e-09,-3.70722e-12,-0.452556,0.708112,-0.667416,-0.00116213,0.00230572,-0.000381327,0.00358336,-0.00243976,-0.770983,0.00435279,0.0436054,10.0614,10.0178
283,2.73757e-11,-4.87827e-09,-3.70722e-12,-0.451678,0.706645,-0.665665,-0.00116682,0.00224283,-0.000348367,0.00355744,-0.00248142,-0.783282,0.00434999,0.0435774,10.0614,10.0178
284,0.000300432,-0.011355,-1.17174e-06,-0.454038,0.710873,-0.671257,-0.00116027,0.00230094,-0.000332398,0.00358811,-0.00244743,-0.783412,0.0043718,0.0437959,10.0616,10.0178
285,2.73757e-11,-4.87827e-09,-3.70722e-12,-0.453761,0.70847,-0.675829,-0.00120641,0.00229456,-0.000372323,0.00358807,-0.00249992,-0.763474,0.00440286,0.044107,10.0619,10.0178
286,2.73757e-11,-4.87827e-09,-3.70722e-12,-0.453691,0.714139,-0.669446,-0.00117221,0.00235469,-0.000365155,0.00360607,-0.0024236,-0.771941,0.0044138,0.0442166,10.062,10.0178
287,2.73757e-11,-4.87827e-09,-3.70722e-12,-0.453938,0.716861,-0.6704,-0.00120696,0.00232235,-0.000368445,0.00361352,-0.00249813,-0.826483,0.00443074,0.0443864,10.0622,10.0178
288,2.73757e-11,-4.87827e-09,-3.70722e-12,-0.453231,0.717709,-0.67198,-0.0011929,0.00233033,-0.000338756,0.00361989,-0.00248246,-0.767693,0.00442701,0.044349,10.0622,10.0178
289,2.73757e-11,-4.87827e-09,-3.70722e-12,-0.453772,0.720915,-0.675308,-0.00124974,0.00237763,-0.00033121,0.00363471,-0.00250682,-0.731613,0.00445419,0.0446212,10.0624,10.0178
290,2.73757e-11,-4.87827e-09,-3.70722e-12,-0.453938,0.725282,-0.675745,-0.00118831,0.00243795,-0.000383725,0.00371433,-0.0024647,-0.82481,0.00449483,0.0450283,10.0628,10.0178
291,2.73757e-11,-4.87827e-09,-3.70722e-12,-0.453289,0.724016,-0.673575,-0.00126944,0.00242973,-0.000391074,0.00370143,-0.00254114,-0.849119,0.00451371,0.0452175,10.063,10.0178
292,2.73757e-11,-4.87827e-09,-3.70722e-12,-0.453586,0.732571,-0.674874,-0.00121083,0.00248136,-0.000377191,0.00373321,-0.00246268,-0.776772,0.0045555,0.0456361,10.0634,10.0178
293,2.73757e-11,-4.87827e-09,-3.70722e-12,-0.452537,0.727667,-0.673711,-0.0012371,0.0024506,-0.000334196,0.00372212,-0.00250861,-0.83509,0.00455801,0.0456613,10.0635,10.0178
294,2.73757e-11,-4.87827e-09,-3.70722e-12,-0.454238,0.735426,-0.67219,-0.00121642,0.00248553,-0.000371735,0.00378266,-0.00251355,-0.79981,0.00461342,0.0462164,10.064,10.0178
295,2.73757e-11,-4.87827e-09,-3.70722e-12,-0.45233,0.735371,-0.668448,-0.00124068,0.00247362,-0.0003528,0.00377212,-0.00253918,-0.788522,0.00460143,0.0460963,10.0639,10.0178
296,2.73757e-11,-4.87827e-09,-3.70722e-12,-0.455259,0.740276,-0.670649,-0.00125502,0.0024962,-0.000337492,0.00378002,-0.00253884,-0.788685,0.00463404,0.0464229,10.0642,10.0178
297,2.73757e-11,-4.87827e-09,-3.70722e-12,-0.455352,0.7406,-0.676111,-0.00123106,0.00254258,-0.00038934,0.00382537,-0.00251384,-0.837018,0.00464375,0.0465202,10.0643,10.0178
298,2.73757e-11,-4.87827e-09,-3.70722e-12,-0.45566,0.74409,-0.671935,-0.00127438,0.00252973,-0.000307505,0.00382772,-0.00257238,-0.760039,0.0046751,0.0468343,10.0646,10.0178
299,2.73757e-11,-4.87827e-09,-3.70722e-12,-0.45448,0.746373,-0.669877,-0.00127241,0.00254485,-0.000325733,0.00384705,-0.00257461,-0.734714,0.00470321,0.0471159,10.0649,10.0178
300,2.73757e-11,-4.87827e-09,-3.70722e-12,-0.454649,0.747893,-0.670411,-0.00128404,0.00254856,-0.000353412,0.0038616,-0.00259708,-0.783869,0.00471177,0.0472016,10.065,10.0178
301,2.73757e-11,-4.87827e-09,-3.70722e-12,-0.451818,0.75108,-0.668165,-0.00127544,0.00261034,-0.000378578,0.00389763,-0.00256272,-0.757016,0.00473987,0.0474832,10.0653,10.0178
302,7.40478e-05,-0.00567553,3.3764e-07,-0.454452,0.752834,-0.669339,-0.00127699,0.0026205,-0.000336007,0.00389433,-0.00255082,-0.737487,0.0047546,0.0476307,10.0654,10.0178
303,2.73757e-11,-4.87827e-09,-3.70722e-12,-0.452679,0.755886,-0.67026,-0.00129379,0.00263207,-0.000356352,0.00392155,-0.00258327,-0.77571,0.00479624,0.0480478,10.0659,10.0178
304,2.73757e-11,-4.87827e-09,-3.70722e-12,-0.454143,0.757687,-0.669374,-0.00129752,0.00265793,-0.000343812,0.00394548,-0.00258508,-0.797526,0.00479624,0.0480479,10.0659,10.0178
305,2.73757e-11,-4.87827e-09,-3.70722e-12,-0.452937,0.761142,-0.671312,-0.00131433,0.0027024,-0.000360459,0.00396777,-0.0025797,-0.788382,0.00483759,0.048462,10.0663,10.0178
306,2.73757e-11,-4.87827e-09,-3.70722e-12,-0.453002,0.761864,-0.669543,-0.00130416,0.00270368,-0.000382553,0.00400309,-0.00260358,-0.811967,0.00484208,0.048507,10.0663,10.0178
307,-0.00191698,-0.0170917,-1.20923e-05,-0.451814,0.766489,-0.667585,-0.00136469,0.00292471,-0.000363202,0.00402715,-0.00246713,-0.813414,0.00488218,0.0489088,10.0667,10.0178
308,0.000226207,-0.00567278,-1.5087e-06,-0.454428,0.767459,-0.668789,-0.00138281,0.00273901,-0.000363724,0.00402493,-0.00266874,-0.797197,0.00491325,0.04922,10.067,10.0178
309,2.73757e-11,-4.87827e-09,-3.70722e-12,-0.453356,0.771955,-0.668254,-0.00132231,0.00273453,-0.000433333,0.00402593,-0.00261371,-0.838301,0.0049069,0.0491564,10.067,10.0178
310,2.73757e-11,-4.87827e-09,-3.70722e-12,-0.453504,0.771229,-0.671826,-0.00135077,0.00276966,-0.000367525,0.00406389,-0.002645,-0.770537,0.0049412,0.0495,10.0673,10.0178
311,2.73757e-11,-4.87827e-09,-3.70722e-12,-0.452874,0.773028,-0.673252,-0.00135754,0.00279581,-0.00031436,0.00407463,-0.00263636,-0.730926,0.00495808,0.0496691,10.0675,10.0178
312,2.73757e-11,-4.87827e-09,-3.70722e-12,-0.453576,0.774282,-0.674936,-0.00139817,0.00279779,-0.000316427,0.00408648,-0.00268686,-0.700178,0.00497374,0.049826,10.0676,10.0178
313,7.40478e-05,-0.00567553,3.3764e-07,-0.451742,0.779365,-0.676307,-0.00135826,0.00287532,-0.000320738,0.00411834,-0.00260128,-0.714422,0.00500742,0.0501634,10.068,10.0178
314,2.73757e-11,-4.87827e-09,-3.70722e-12,-0.451618,0.779325,-0.673433,-0.00135189,0.0028353,-0.000348147,0.00413392,-0.0026505,-0.775477,0.00502326,0.0503221,10.0681,10.0178
315,2.73757e-11,-4.87827e-09,-3.70722e-12,-0.453536,0.781308,-0.674147,-0.00143158,0.00289365,-0.000344471,0.0041565,-0.00269442,-0.736637,0.00507007,0.050791,10.0686,10.0178
316,0.000226207,-0.00567278,-1.5087e-06,-0.4541,0.786007,-0.674926,-0.00135718,0.00302556,-0.00027604,0.00427238,-0.00260399,-0.700604,0.0052455,0.0525485,10.0704,10.0178
317,2.73757e-11,-4.87827e-09,-3.70722e-12,-0.45157,0.784968,-0.672922,-0.00136128,0.00288651,-0.00035406,0.00417831,-0.00265309,-0.711484,0.00507636,0.050854,10.0687,10.0178
318,2.73757e-11,-4.87827e-09,-3.70722e-12,-0.453889,0.789531,-0.675726,-0.00137805,0.00297026,-0.000329596,0.00424833,-0.00265612,-0.748442,0.00517321,0.0518242,10.0696,10.0178
319,2.73757e-11,-4.87827e-09,-3.70722e-12,-0.453167,0.787692,-0.669838,-0.00144667,0.00291369,-0.000253521,0.00422009,-0.00275306,-0.647482,0.00518562,0.0519485,10.0698,10.0178
320,2.73757e-11,-4.87827e-09,-3.70722e-12,-0.453348,0.792491,-0.675391,-0.00139949,0.00296466,-0.000328134,0.00425777,-0.0026926,-0.701787,0.00518188,0.0519111,10.0697,10.0178
321,2.73757e-11,-4.87827e-09,-3.70722e-12,-0.453849,0.794182,-0.672826,-0.00140825,0.00293791,-0.000315552,0.00424396,-0.00271429,-0.715463,0.0051742,0.0518341,10.0696,10.0178
322,2.73757e-11,-4.87827e-09,-3.70722e-12,-0.454546,0.797976,-0.672065,-0.00144365,0.00305828,-0.000342407,0.00431192,-0.00269729,-0.742207,0.00523059,0.0523991,10.0702,10.0178
323,2.73757e-11,-4.87827e-09,-3.70722e-12,-0.454274,0.794375,-0.673576,-0.00144549,0.00305172,-0.00035719,0.00432165,-0.00271542,-0.769672,0.00528366,0.0529307,10.0707,10.0178
324,2.73757e-11,-4.87827e-09,-3.70722e-12,-0.456529,0.8015,-0.667914,-0.00145782,0.00305439,-0.000308178,0.00434089,-0.00274432,-0.735141,0.00528474,0.0529415,10.0708,10.0178
325,2.73757e-11,-4.87827e-09,-3.70722e-12,-0.453778,0.797878,-0.678729,-0.0014508,0.00308046,-0.00031962,0.00436015,-0.00273049,-0.737411,0.00533593,0.0534544,10.0713,10.0178
326,2.73757e-11,-4.87827e-09,-3.70722e-12,-0.454553,0.805549,-0.677378,-0.00138731,0.00310031,-0.00021702,0.00440843,-0.00269543,-0.597858,0.00535132,0.0536085,10.0714,10.0178
327,2.73757e-11,-4.87827e-09,-3.70722e-12,-0.451813,0.80134,-0.679972,-0.001454,0.00310626,-0.000304621,0.00441944,-0.00276718,-0.722505,0.005367,0.0537656,10.0716,10.0178
328,2.73757e-11,-4.87827e-09,-3.70722e-12,-0.455137,0.809642,-0.678842,-0.00145808,0.00311709,-0.000315075,0.00444205,-0.00278304,-0.719082,0.00539873,0.0540834,10.0719,10.0178
329,2.73757e-11,-4.87827e-09,-3.70722e-12,-0.457265,0.807663,-0.669346,-0.00143527,0.00311167,-0.000372121,0.00444644,-0.00277004,-0.755924,0.00541568,0.0542532,10.0721,10.0178
330,2.73757e-11,-4.87827e-09,-3.70722e-12,-0.457083,0.812294,-0.672166,-0.00149,0.00316154,-0.000319707,0.00446035,-0.00278882,-0.714461,0.00541607,0.0542571,10.0721,10.0178
331,2.73757e-11,-4.87827e-09,-3.70722e-12,-0.456746,0.81383,-0.673719,-0.00152175,0.00318796,-0.00026735,0.00446683,-0.00280063,-0.624766,0.00544585,0.0545555,10.0724,10.0178
332,2.73757e-11,-4.87827e-09,-3.70722e-12,-0.456185,0.818081,-0.672018,-0.00153369,0.00320292,-0.000318516,0.00449094,-0.00282171,-0.700115,0.00548166,0.0549142,10.0727,10.0178
333,2.73757e-11,-4.87827e-09,-3.70722e-12,-0.45531,0.821145,-0.67461,-0.00150352,0.00322351,-0.000297215,0.00451683,-0.00279684,-0.688336,0.00549733,0.0550712,10.0729,10.0178
334,2.73757e-11,-4.87827e-09,-3.70722e-12,-0.455954,0.819192,-0.673807,-0.00151905,0.00323282,-0.000309463,0.00453509,-0.00282131,-0.67666,0.00552629,0.0553614,10.0732,10.0178
335,2.73757e-11,-4.87827e-09,-3.70722e-12,-0.455546,0.822385,-0.676065,-0.00150187,0.00328202,-0.000271027,0.00457148,-0.00279133,-0.665429,0.00555502,0.0556492,10.0735,10.0178
336,2.73757e-11,-4.87827e-09,-3.70722e-12,-0.456906,0.824592,-0.666259,-0.00158842,0.00324476,-0.000300266,0.00454638,-0.00289004,-0.689595,0.00553845,0.0554831,10.0733,10.0178
337,2.73757e-11,-4.87827e-09,-3.70722e-12,-0.458087,0.827194,-0.663627,-0.00155246,0.00333173,-0.000278581,0.00459811,-0.00281883,-0.71953,0.00561663,0.0562663,10.0741,10.0178
338,2.73757e-11,-4.87827e-09,-3.70722e-12,-0.458621,0.829647,-0.669776,-0.00153577,0.00333249,-0.00029857,0.0046199,-0.00282319,-0.727117,0.00562155,0.0563156,10.0741,10.0178
339,2.73757e-11,-4.87827e-09,-3.70722e-12,-0.455719,0.831249,-0.672306,-0.00154803,0.00337137,-0.000313872,0.00464061,-0.00281727,-0.714317,0.00564192,0.0565197,10.0743,10.0178
340,-0.000994573,-0.00569787,-6.62368e-06,-0.455629,0.835635,-0.67244,-0.0015692,0.00340131,-0.000285637,0.0046583,-0.00282619,-0.690437,0.00564399,0.0565404,10.0744,10.0178
341,2.73757e-11,-4.87827e-09,-3.70722e-12,-0.455118,0.836448,-0.676895,-0.00153419,0.00338717,-0.000321962,0.00468005,-0.00282707,-0.661762,0.00567708,0.0568719,10.0747,10.0178
342,2.73757e-11,-4.87827e-09,-3.70722e-12,-0.45289,0.838092,-0.676824,-0.00156826,0.00335856,-0.000289286,0.00468364,-0.00289334,-0.690435,0.00571216,0.0572233,10.075,10.0178
343,2.73757e-11,-4.87827e-09,-3.70722e-12,-0.453963,0.839931,-0.673373,-0.0015508,0.00341011,-0.00034093,0.00469449,-0.00283519,-0.686657,0.00571956,0.0572975,10.0751,10.0178
344,2.73757e-11,-4.87827e-09,-3.70722e-12,-0.45221,0.844875,-0.678438,-0.00154588,0.00342013,-0.000299004,0.00472751,-0.00285325,-0.66905,0.00572487,0.0573507,10.0752,10.0178
345,2.73757e-11,-4.87827e-09,-3.70722e-12,-0.453007,0.84628,-0.671421,-0.00156662,0.00347301,-0.000322441,0.00473913,-0.00283274,-0.639347,0.00572772,0.0573792,10.0752,10.0178
346,2.73757e-11,-4.87827e-09,-3.70722e-12,-0.454174,0.849893,-0.674677,-0.00158386,0.00345557,-0.000309777,0.00475076,-0.00287906,-0.693819,0.00579031,0.0580062,10.0758,10.0178
347,2.73757e-11,-4.87827e-09,-3.70722e-12,-0.453279,0.851935,-0.678362,-0.00156941,0.00352025,-0.000302836,0.00478478,-0.00283394,-0.688061,0.00577623,0.0578652,10.0757,10.0178
348,2.73757e-11,-4.87827e-09,-3.70722e-12,-0.453195,0.85281,-0.675569,-0.00157568,0.00351549,-0.00031255,0.00480639,-0.00286658,-0.651364,0.00581527,0.0582563,10.0761,10.0178
349,2.73757e-11,-4.87827e-09,-3.70722e-12,-0.451135,0.858635,-0.67136,-0.00161609,0.00352367,-0.000296067,0.00481254,-0.00290496,-0.644964,0.00586034,0.0587077,10.0765,10.0178
350,2.73757e-11,-4.87827e-09,-3.70722e-12,-0.451169,0.856808,-0.673896,-0.0016094,0.00355439,-0.000341048,0.00484905,-0.00290406,-0.661187,0.00588213,0.0589261,10.0767,10.0178
351,2.73757e-11,-4.87827e-09,-3.70722e-12,-0.450079,0.86317,-0.673782,-0.00162515,0.00355593,-0.000282459,0.00486149,-0.00293071,-0.618117,0.00591965,0.0593019,10.0771,10.0178
352,2.73757e-11,-4.87827e-09,-3.70722e-12,-0.451752,0.861505,-0.671598,-0.00162316,0.00359264,-0.000307661,0.00488251,-0.00291302,-0.680417,0.00592144,0.0593199,10.0771,10.0178
353,2.73757e-11,-4.87827e-09,-3.70722e-12,-0.451584,0.867013,-0.675085,-0.00161113,0.0036332,-0.000307352,0.00491386,-0.00289179,-0.676744,0.00597116,0.059818,10.0776,10.0178
354,-0.00114636,-0.00570092,-3.94572e-06,-0.451511,0.866942,-0.677377,-0.0016396,0.00379469,-0.000171882,0.00497001,-0.00281493,-0.692611,0.00599533,0.0600601,10.0779,10.0178
355,2.73757e-11,-4.87827e-09,-3.70722e-12,-0.451936,0.873124,-0.677896,-0.00162125,0.00367998,-0.000316804,0.00496702,-0.00290829,-0.717465,0.00603361,0.0604436,10.0783,10.0178
356,-0.00114636,-0.00570092,-3.94572e-06,-0.451324,0.871927,-0.677,-0.00163797,0.00385753,-0.000188939,0.00502087,-0.0028013,-0.706242,0.00602282,0.0603355,10.0781,10.0178
357,2.73757e-11,-4.87827e-09,-3.70722e-12,-0.452193,0.876632,-0.674939,-0.00163583,0.00376827,-0.000326614,0.00500901,-0.00287657,-0.673065,0.00606358,0.0607438,10.0786,10.0178
358,2.73757e-11,-4.87827e-09,-3.70722e-12,-0.452543,0.877256,-0.671834,-0.00163146,0.00372522,-0.000338568,0.0050196,-0.00292584,-0.693233,0.00608221,0.0609305,10.0787,10.0178
359,2.73757e-11,-4.87827e-09,-3.70722e-12,-0.454055,0.881138,-0.67429,-0.00166524,0.00375794,-0.000349301,0.00504226,-0.00294957,-0.652719,0.00610504,0.0611591,10.079,10.0178
360,2.73757e-11,-4.87827e-09,-3.70722e-12,-0.453716,0.882971,-0.672323,-0.00164393,0.00376285,-0.000326392,0.0050368,-0.00291788,-0.645355,0.00610071,0.0611158,10.0789,10.0178
361,2.73757e-11,-4.87827e-09,-3.70722e-12,-0.453419,0.884072,-0.67222,-0.00169206,0.00377409,-0.000357099,0.00506525,-0.00298322,-0.662887,0.00612434,0.0613525,10.0792,10.0178
362,2.73757e-11,-4.87827e-09,-3.70722e-12,-0.453798,0.884216,-0.675266,-0.00166364,0.00383438,-0.000346066,0.00509191,-0.00292117,-0.651968,0.00615626,0.0616722,10.0795,10.0178
363,2.73757e-11,-4.87827e-09,-3.70722e-12,-0.454405,0.88949,-0.676192,-0.00170602,0.00390231,-0.000325646,0.00510997,-0.00291368,-0.6764,0.00618256,0.0619358,10.0797,10.0178
364,2.73757e-11,-4.87827e-09,-3.70722e-12,-0.453907,0.891285,-0.674639,-0.00169926,0.00389897,-0.000309336,0.00514002,-0.00294031,-0.604349,0.00621747,0.0622855,10.0801,10.0178
365,2.73757e-11,-4.87827e-09,-3.70722e-12,-0.453218,0.896274,-0.675803,-0.00168111,0.00386938,-0.000311544,0.0051514,-0.00296314,-0.673865,0.00623026,0.0624135,10.0802,10.0178
366,2.73757e-11,-4.87827e-09,-3.70722e-12,-0.452889,0.895325,-0.674977,-0.00171341,0.00391256,-0.000330166,0.00518665,-0.00298751,-0.707185,0.00626503,0.0627619,10.0806,10.0178
367,2.73757e-11,-4.87827e-09,-3.70722e-12,-0.452835,0.899037,-0.673171,-0.00169892,0.00388548,-0.000283498,0.00518702,-0.00300046,-0.59376,0.00627752,0.062887,10.0807,10.0178
368,2.73757e-11,-4.87827e-09,-3.70722e-12,-0.454696,0.900199,-0.673265,-0.00173504,0.00393829,-0.000280085,0.00521848,-0.00301523,-0.684384,0.00630164,0.0631287,10.0809,10.0178
369,2.73757e-11,-4.87827e-09,-3.70722e-12,-0.453972,0.905403,-0.676386,-0.00173153,0.00404855,-0.000315124,0.00524581,-0.00292878,-0.618323,0.00638079,0.0639216,10.0817,10.0178
370,2.73757e-11,-4.87827e-09,-3.70722e-12,-0.453545,0.904192,-0.674811,-0.00175801,0.00395646,-0.000338341,0.00523654,-0.0030381,-0.678662,0.00635608,0.063674,10.0815,10.0178
371,2.73757e-11,-4.87827e-09,-3.70722e-12,-0.452119,0.906956,-0.678047,-0.00176061,0.00401094,-0.000323013,0.00525721,-0.00300687,-0.68035,0.00637233,0.0638369,10.0816,10.0178
372,2.73757e-11,-4.87827e-09,-3.70722e-12,-0.452503,0.910465,-0.675877,-0.00171009,0.00405072,-0.000391847,0.00531247,-0.00297184,-0.700695,0.00639886,0.0641026,10.0819,10.0178
373,2.73757e-11,-4.87827e-09,-3.70722e-12,-0.453755,0.912713,-0.677653,-0.00172754,0.00402032,-0.000360992,0.00531632,-0.00302354,-0.644314,0.00643916,0.0645063,10.0823,10.0178
374,-0.000842337,-0.00569461,-7.27603e-06,-0.453303,0.918441,-0.673926,-0.00173302,0.00409232,-0.000346764,0.00536388,-0.00300458,-0.673026,0.00644457,0.0645605,10.0824,10.0178
375,2.73757e-11,-4.87827e-09,-3.70722e-12,-0.453167,0.917109,-0.672959,-0.00180771,0.00408986,-0.000334051,0.00534147,-0.00305932,-0.677233,0.00645599,0.0646749,10.0825,10.0178
376,2.73757e-11,-4.87827e-09,-3.70722e-12,-0.452979,0.918956,-0.679783,-0.00175888,0.00416619,-0.000410487,0.00539731,-0.00299,-0.744506,0.00648014,0.0649168,10.0827,10.0178
377,2.73757e-11,-4.87827e-09,-3.70722e-12,-0.452113,0.92049,-0.676995,-0.00171973,0.00412016,-0.000363816,0.00538986,-0.00298942,-0.720648,0.00654746,0.0655913,10.0834,10.0178
378,2.73757e-11,-4.87827e-09,-3.70722e-12,-0.454365,0.925119,-0.672238,-0.00181952,0.00417433,-0.00028771,0.00540759,-0.00305278,-0.646626,0.00648998,0.0650154,10.0828,10.0178
379,2.73757e-11,-4.87827e-09,-3.70722e-12,-0.455821,0.92799,-0.680022,-0.00182001,0.00421416,-0.00028383,0.00542038,-0.00302622,-0.593248,0.0065204,0.0653201,10.0831,10.0178
380,2.73757e-11,-4.87827e-09,-3.70722e-12,-0.453035,0.929584,-0.677204,-0.00180333,0.00426235,-0.000323001,0.00549139,-0.00303237,-0.661016,0.00660803,0.066198,10.084,10.0178
381,2.73757e-11,-4.87827e-09,-3.70722e-12,-0.455488,0.933727,-0.674543,-0.00179594,0.00423914,-0.000310538,0.00550548,-0.00306228,-0.679071,0.00668128,0.0669318,10.0847,10.0178
382,2.73757e-11,-4.87827e-09,-3.70722e-12,-0.453384,0.935101,-0.675351,-0.00179747,0.00424143,-0.000337639,0.0055002,-0.00305624,-0.734402,0.0066596,0.0667146,10.0845,10.0178
383,2.73757e-11,-4.87827e-09,-3.70722e-12,-0.454417,0.937183,-0.675324,-0.00179537,0.00422249,-0.000244857,0.00553345,-0.00310633,-0.606523,0.00668082,0.0669272,10.0847,10.0178
384,2.73757e-11,-4.87827e-09,-3.70722e-12,-0.45455,0.940168,-0.671612,-0.00183825,0.00433612,-0.000308474,0.00553785,-0.00303999,-0.667972,0.00668213,0.0669403,10.0848,10.0178
385,0.000378647,-0.0056701,-2.14954e-06,-0.453713,0.941485,-0.677571,-0.0018317,0.00427974,-0.000356573,0.00554121,-0.00309317,-0.781223,0.00667915,0.0669105,10.0847,10.0178
386,2.73757e-11,-4.87827e-09,-3.70722e-12,-0.453162,0.945814,-0.670657,-0.00184917,0.0043796,-0.000288625,0.00562925,-0.00309882,-0.614249,0.00679747,0.0680958,10.0859,10.0178
387,2.73757e-11,-4.87827e-09,-3.70722e-12,-0.452785,0.946179,-0.67211,-0.00183329,0.00437965,-0.000366326,0.00562189,-0.00307553,-0.66716,0.00676569,0.0677774,10.0856,10.0178
388,-0.00214219,-0.0114055,-1.05756e-05,-0.452315,0.949859,-0.677214,-0.00188077,0.00458565,-0.000212434,0.00565084,-0.00294596,-0.65082,0.00676831,0.0678037,10.0856,10.0178
389,2.73757e-11,-4.87827e-09,-3.70722e-12,-0.45407,0.951264,-0.681917,-0.00186405,0.00438918,-0.000306643,0.0056503,-0.00312516,-0.669177,0.00680642,0.0681854,10.086,10.0178
390,2.73757e-11,-4.87827e-09,-3.70722e-12,-0.453897,0.952813,-0.68093,-0.0018457,0.00445412,-0.000341629,0.00568675,-0.00307832,-0.665879,0.00683666,0.0684884,10.0863,10.0178
391,2.73757e-11,-4.87827e-09,-3.70722e-12,-0.456179,0.956907,-0.679508,-0.00186237,0.00443209,-0.000329588,0.00568545,-0.00311573,-0.663796,0.00684387,0.0685606,10.0864,10.0178
392,2.73757e-11,-4.87827e-09,-3.70722e-12,-0.452984,0.957135,-0.676264,-0.00188592,0.00444589,-0.000309136,0.00570792,-0.00314795,-0.632695,0.00686081,0.0687303,10.0865,10.0178
393,2.73757e-11,-4.87827e-09,-3.70722e-12,-0.453862,0.9617,-0.676205,-0.00188201,0.00447551,-0.000330272,0.00573619,-0.0031427,-0.676893,0.00690287,0.0691517,10.087,10.0178
394,2.73757e-11,-4.87827e-09,-3.70722e-12,-0.454016,0.964638,-0.676275,-0.00188598,0.00454185,-0.000311772,0.00578353,-0.00312767,-0.682463,0.0069635,0.0697591,10.0876,10.0178
395,2.73757e-11,-4.87827e-09,-3.70722e-12,-0.454586,0.96378,-0.674751,-0.00188771,0.00460853,-0.000333734,0.00579959,-0.00307876,-0.678307,0.00698343,0.0699587,10.0878,10.0178
396,2.73757e-11,-4.87827e-09,-3.70722e-12,-0.45559,0.967795,-0.673259,-0.00191878,0.00455691,-0.000306454,0.00579756,-0.00315943,-0.655389,0.00699026,0.0700271,10.0878,10.0178
397,2.73757e-11,-4.87827e-09,-3.70722e-12,-0.454457,0.970328,-0.677452,-0.00192923,0.00454313,-0.000271538,0.00581606,-0.00320215,-0.672385,0.00704078,0.0705332,10.0883,10.0178
398,2.73757e-11,-4.87827e-09,-3.70722e-12,-0.452723,0.973421,-0.67437,-0.00191779,0.00462163,-0.000359611,0.00584702,-0.00314318,-0.698834,0.00705347,0.0706603,10.0885,10.0178
399,-0.000842337,-0.00569461,-7.27603e-06,-0.454283,0.975712,-0.674331,-0.0019297,0.0045978,-0.00031205,0.00586132,-0.00319323,-0.7552,0.00707747,0.0709008,10.0887,10.0178
400,2.73757e-11,-4.87827e-09,-3.70722e-12,-0.454263,0.97826,-0.67562,-0.00195293,0.00467884,-0.000352878,0.00589997,-0.00317407,-0.740609,0.00713181,0.0714451,10.0893,10.0178
401,2.73757e-11,-4.87827e-09,-3.70722e-12,-0.454189,0.977752,-0.672871,-0.00199796,0.00465503,-0.000330177,0.00589471,-0.00323764,-0.708893,0.0071092,0.0712186,10.089,10.0178
402,2.73757e-11,-4.87827e-09,-3.70722e-12,-0.453456,0.980136,-0.677856,-0.00192675,0.00470622,-0.000350153,0.00596248,-0.00318301,-0.69643,0.00716614,0.071789,10.0896,10.0178
403,2.73757e-11,-4.87827e-09,-3.70722e-12,-0.454346,0.985498,-0.676975,-0.00195295,0.00474064,-0.000360626,0.00596066,-0.00317296,-0.700133,0.00714732,0.0716005,10.0894,10.0178
404,-0.000842337,-0.00569461,-7.27603e-06,-0.454329,0.987214,-0.675254,-0.00197615,0.00472791,-0.000359717,0.00596819,-0.00321643,-0.679533,0.00719767,0.0721049,10.0899,10.0178
405,2.73757e-11,-4.87827e-09,-3.70722e-12,-0.452759,0.987759,-0.676635,-0.00197045,0.00477576,-0.000349145,0.00600755,-0.00320225,-0.667711,0.00722921,0.0724209,10.0902,10.0178
406,2.73757e-11,-4.87827e-09,-3.70722e-12,-0.452508,0.991261,-0.679148,-0.00194928,0.00482777,-0.000352694,0.00607078,-0.0031923,-0.680516,0.00726237,0.0727531,10.0906,10.0178
407,2.73757e-11,-4.87827e-09,-3.70722e-12,-0.450388,0.992261,-0.677408,-0.00198093,0.00484219,-0.000332263,0.00608238,-0.00322112,-0.673403,0.0073109,0.0732392,10.0911,10.0178
408,2.73757e-11,-4.87827e-09,-3.70722e-12,-0.452078,0.998212,-0.674686,-0.00202978,0.0048174,-0.000338009,0.00608766,-0.00330004,-0.722843,0.00734264,0.0735571,10.0914,10.0178
409,2.73757e-11,-4.87827e-09,-3.70722e-12,-0.451235,0.996976,-0.675399,-0.00202887,0.00489163,-0.000301069,0.00613382,-0.00327107,-0.641978,0.00737489,0.0738803,10.0917,10.0178
410,2.73757e-11,-4.87827e-09,-3.70722e-12,-0.45138,1.00534,-0.673572,-0.0019827,0.00495322,-0.000322853,0.00617078,-0.00320026,-0.657342,0.00743018,0.0744342,10.0922,10.0178
411,2.73757e-11,-4.87827e-09,-3.70722e-12,-0.451482,1.00332,-0.672549,-0.00202779,0.00499836,-0.000318141,0.00618616,-0.0032156,-0.662351,0.00743635,0.074496,10.0923,10.0178
412,2.73757e-11,-4.87827e-09,-3.70722e-12,-0.449106,1.00533,-0.668115,-0.00202779,0.0049751,-0.000344436,0.00618883,-0.00324152,-0.72112,0.00744862,0.0746188,10.0924,10.0178
413,2.73757e-11,-4.87827e-09,-3.70722e-12,-0.451594,1.00703,-0.676697,-0.0020271,0.00500045,-0.000321066,0.00624728,-0.00327393,-0.684676,0.00753075,0.0754416,10.0933,10.0178
414,2.73757e-11,-4.87827e-09,-3.70722e-12,-0.453743,1.00821,-0.678901,-0.0021016,0.00504431,-0.000357104,0.00623686,-0.00329415,-0.718675,0.00754275,0.0755619,10.0934,10.0178
415,2.73757e-11,-4.87827e-09,-3.70722e-12,-0.451861,1.01291,-0.679225,-0.0020605,0.0051007,-0.000355683,0.00630409,-0.00326389,-0.727906,0.0075675,0.0758098,10.0936,10.0178
416,2.73757e-11,-4.87827e-09,-3.70722e-12,-0.450251,1.01548,-0.677825,-0.00207498,0.00507831,-0.000374906,0.00629796,-0.00329463,-0.760898,0.00760237,0.0761591,10.094,10.0178
417,2.73757e-11,-4.87827e-09,-3.70722e-12,-0.449762,1.01791,-0.679192,-0.00205898,0.00510522,-0.000345276,0.00633854,-0.0032923,-0.69041,0.00761682,0.0763039,10.0941,10.0178
418,2.73757e-11,-4.87827e-09,-3.70722e-12,-0.450595,1.02157,-0.677012,-0.00208913,0.00506924,-0.00026602,0.00631851,-0.00333839,-0.653095,0.00768399,0.0769768,10.0948,10.0178
419,2.73757e-11,-4.87827e-09,-3.70722e-12,-0.450568,1.02174,-0.680658,-0.0020879,0.0052023,-0.000393753,0.00644153,-0.00332714,-0.747513,0.00773966,0.0775344,10.0953,10.0178
420,2.73757e-11,-4.87827e-09,-3.70722e-12,-0.450704,1.02189,-0.680223,-0.00212013,0.0052631,-0.000347211,0.00644754,-0.00330457,-0.757513,0.00776017,0.0777399,10.0956,10.0178
421,2.73757e-11,-4.87827e-09,-3.70722e-12,-0.451993,1.02961,-0.67774,-0.00215772,0.00526823,-0.000308169,0.00646471,-0.0033542,-0.689799,0.00779387,0.0780775,10.0959,10.0178
422,2.73757e-11,-4.87827e-09,-3.70722e-12,-0.450197,1.02896,-0.676102,-0.00213973,0.00531145,-0.000334334,0.00651657,-0.00334486,-0.699455,0.0078513,0.0786528,10.0965,10.0178
423,2.73757e-11,-4.87827e-09,-3.70722e-12,-0.450232,1.03571,-0.676165,-0.00215784,0.00531108,-0.0002934,0.00654214,-0.0033889,-0.688343,0.0078963,0.0791036,10.0969,10.0178
424,2.73757e-11,-4.87827e-09,-3.70722e-12,-0.448992,1.03439,-0.675963,-0.00217722,0.00536072,-0.000330076,0.00657408,-0.00339059,-0.707987,0.00794271,0.0795686,10.0974,10.0178
425,2.73757e-11,-4.87827e-09,-3.70722e-12,-0.448027,1.03513,-0.676971,-0.00216648,0.00538382,-0.00033766,0.00660901,-0.00339167,-0.735101,0.00801034,0.0802461,10.0981,10.0178
426,2.73757e-11,-4.87827e-09,-3.70722e-12,-0.449971,1.04015,-0.675872,-0.00223064,0.00548214,-0.000301702,0.00663049,-0.00337899,-0.702022,0.00799825,0.080125,10.0979,10.0178
427,2.73757e-11,-4.87827e-09,-3.70722e-12,-0.44786,1.04369,-0.679188,-0.00221184,0.00547302,-0.000310986,0.00669,-0.00342882,-0.708538,0.00810638,0.0812082,10.099,10.0178
428,2.73757e-11,-4.87827e-09,-3.70722e-12,-0.44558,1.04225,-0.678395,-0.00222978,0.00556215,-0.000344348,0.00674547,-0.0034131,-0.77068,0.00817872,0.0819329,10.0997,10.0178
429,2.73757e-11,-4.87827e-09,-3.70722e-12,-0.445418,1.04616,-0.680527,-0.00226337,0.00567368,-0.00033382,0.00680084,-0.00339053,-0.669184,0.00827942,0.0829417,10.1008,10.0178
430,2.73757e-11,-4.87827e-09,-3.70722e-12,-0.444544,1.04903,-0.684772,-0.00225228,0.00564965,-0.000360382,0.00684624,-0.00344888,-0.736133,0.0083226,0.0833742,10.1012,10.0178
431,2.73757e-11,-4.87827e-09,-3.70722e-12,-0.44556,1.04935,-0.6801,-0.00225594,0.00564183,-0.000340267,0.00685559,-0.00346969,-0.708239,0.00838044,0.0839536,10.1018,10.0178
432,2.73757e-11,-4.87827e-09,-3.70722e-12,-0.445138,1.05429,-0.67723,-0.0022926,0.00569008,-0.00035202,0.00690953,-0.00351204,-0.707783,0.00844695,0.0846199,10.1024,10.0178
433,2.73757e-11,-4.87827e-09,-3.70722e-12,-0.444845,1.05813,-0.678747,-0.0023041,0.00578659,-0.00038385,0.00697757,-0.00349508,-0.789723,0.008535,0.085502,10.1033,10.0178
434,2.73757e-11,-4.87827e-09,-3.70722e-12,-0.443107,1.05901,-0.678774,-0.00235511,0.00587216,-0.000326248,0.00701638,-0.00349934,-0.710912,0.00860492,0.0862025,10.104,10.0178
435,2.73757e-11,-4.87827e-09,-3.70722e-12,-0.442641,1.05873,-0.679976,-0.0023498,0.00589398,-0.000343988,0.00708518,-0.003541,-0.754913,0.00870565,0.0872116,10.105,10.0178
436,2.73757e-11,-4.87827e-09,-3.70722e-12,-0.442783,1.06485,-0.677652,-0.00236544,0.00594557,-0.000349171,0.00713917,-0.00355903,-0.703466,0.00877809,0.0879372,10.1058,10.0178
437,2.73757e-11,-4.87827e-09,-3.70722e-12,-0.442148,1.06395,-0.67779,-0.00237973,0.00598388,-0.000332021,0.0071988,-0.00359465,-0.757452,0.00890278,0.0891864,10.107,10.0178
438,2.73757e-11,-4.87827e-09,-3.70722e-12,-0.441168,1.07094,-0.673092,-0.00245067,0.0060829,-0.000337678,0.00726222,-0.00362999,-0.779216,0.00899656,0.0901259,10.1079,10.0178
439,2.73757e-11,-4.87827e-09,-3.70722e-12,-0.440954,1.07153,-0.671884,-0.00246152,0.00611544,-0.000341076,0.00730245,-0.00364853,-0.770254,0.00909283,0.0910902,10.1089,10.0178
440,2.73757e-11,-4.87827e-09,-3.70722e-12,-0.439093,1.07476,-0.673535,-0.00251814,0.00622942,-0.000324233,0.00738727,-0.00367599,-0.748849,0.00920257,0.0921896,10.11,10.0178
441,2.73757e-11,-4.87827e-09,-3.70722e-12,-0.437849,1.0755,-0.681106,-0.00254566,0.00629373,-0.000313834,0.00747266,-0.0037246,-0.77724,0.00936635,0.0938303,10.1116,10.0178
442,2.73757e-11,-4.87827e-09,-3.70722e-12,-0.438709,1.07938,-0.678875,-0.00255734,0.00633656,-0.000317764,0.00753908,-0.00375986,-0.769454,0.0094717,0.0948857,10.1127,10.0178
443,2.73757e-11,-4.87827e-09,-3.70722e-12,-0.439176,1.08219,-0.675976,-0.00258884,0.00644155,-0.000347329,0.00763845,-0.00378573,-0.764987,0.00962288,0.0964002,10.1142,10.0178
444,2.73757e-11,-4.87827e-09,-3.70722e-12,-0.43692,1.0828,-0.678758,-0.00264797,0.0065635,-0.000346959,0.00772254,-0.003807,-0.701899,0.00977119,0.097886,10.1157,10.0178
445,2.73757e-11,-4.87827e-09,-3.70722e-12,-0.437792,1.08467,-0.680484,-0.00268446,0.00665113,-0.000351884,0.00783609,-0.00386942,-0.761891,0.00993018,0.0994787,10.1173,10.0178
446,2.73757e-11,-4.87827e-09,-3.70722e-12,-0.437151,1.09074,-0.677263,-0.00273065,0.00670978,-0.000333597,0.00792956,-0.00395042,-0.768561,0.0101276,0.101457,10.1193,10.0178
447,2.73757e-11,-4.87827e-09,-3.70722e-12,-0.436241,1.092,-0.678691,-0.00279012,0.00687549,-0.000373123,0.00804252,-0.00395714,-0.755216,0.0103096,0.10328,10.1211,10.0178
448,2.73757e-11,-4.87827e-09,-3.70722e-12,-0.435644,1.09551,-0.678621,-0.00285122,0.00701084,-0.000326245,0.00815296,-0.00399334,-0.711324,0.010537,0.105558,10.1234,10.0178
449,2.73757e-11,-4.87827e-09,-3.70722e-12,-0.436592,1.09505,-0.680547,-0.00292025,0.00703628,-0.0003701,0.00823605,-0.00412002,-0.753111,0.0107046,0.107237,10.125,10.0178
450,2.73757e-11,-4.87827e-09,-3.70722e-12,-0.434683,1.09821,-0.681068,-0.00294656,0.00727041,-0.000343493,0.00841281,-0.00408897,-0.75053,0.0110203,0.1104,10.1282,10.0178
451,2.73757e-11,-4.87827e-09,-3.70722e-12,-0.4353,1.10068,-0.679544,-0.00303309,0.00730416,-0.000355362,0.00849111,-0.00422004,-0.753421,0.0111872,0.112071,10.1299,10.0178
452,2.73757e-11,-4.87827e-09,-3.70722e-12,-0.43431,1.10307,-0.683644,-0.00311368,0.00750165,-0.000338266,0.00869303,-0.00430506,-0.741493,0.0114963,0.115168,10.133,10.0178
453,2.73757e-11,-4.87827e-09,-3.70722e-12,-0.434933,1.10601,-0.680595,-0.00316671,0.00776365,-0.000375371,0.00889388,-0.00429694,-0.799627,0.0118372,0.118583,10.1364,10.0178
454,2.73757e-11,-4.87827e-09,-3.70722e-12,-0.433398,1.1106,-0.682194,-0.00321006,0.00785797,-0.000346052,0.00903199,-0.00438409,-0.730301,0.0120896,0.121111,10.1389,10.0178
455,2.73757e-11,-4.87827e-09,-3.70722e-12,-0.434336,1.11275,-0.687164,-0.00328732,0.00806607,-0.000434768,0.00920885,-0.0044301,-0.790869,0.012342,0.12364,10.1415,10.0178
456,2.73757e-11,-4.87827e-09,-3.70722e-12,-0.433976,1.11571,-0.685509,-0.00341883,0.00823282,-0.000385038,0.00935225,-0.00453825,-0.750672,0.0126733,0.126958,10.1448,10.0178
457,2.73757e-11,-4.87827e-09,-3.70722e-12,-0.433875,1.11593,-0.688303,-0.00350897,0.00837901,-0.000408664,0.00950607,-0.00463602,-0.797083,0.0129622,0.129853,10.1477,10.0178
458,2.73757e-11,-4.87827e-09,-3.70722e-12,-0.434243,1.12145,-0.684318,-0.00361468,0.00850262,-0.000378674,0.00968391,-0.00479597,-0.772429,0.01328,0.133036,10.1508,10.0178
459,2.73757e-11,-4.87827e-09,-3.70722e-12,-0.432431,1.12393,-0.68447,-0.00369552,0.00866321,-0.000405521,0.00985393,-0.00488623,-0.798947,0.013617,0.136413,10.1542,10.0178
460,2.73757e-11,-4.87827e-09,-3.70722e-12,-0.43201,1.12271,-0.682804,-0.00378974,0.00889414,-0.000439783,0.0100373,-0.00493293,-0.814107,0.0139469,0.139717,10.1575,10.0178
461,2.73757e-11,-4.87827e-09,-3.70722e-12,-0.431901,1.12628,-0.685986,-0.00389055,0.00912177,-0.000397786,0.0102373,-0.00500611,-0.776833,0.0142958,0.143212,10.161,10.0178
462,2.73757e-11,-4.87827e-09,-3.70722e-12,-0.432286,1.12924,-0.682574,-0.00397807,0.00930539,-0.000420823,0.010437,-0.00510967,-0.784257,0.0146083,0.146343,10.1642,10.0178
463,2.73757e-11,-4.87827e-09,-3.70722e-12,-0.43287,1.1342,-0.685006,-0.00407887,0.00950056,-0.00043885,0.0106401,-0.0052184,-0.782943,0.0149764,0.150031,10.1678,10.0178
464,2.73757e-11,-4.87827e-09,-3.70722e-12,-0.434009,1.13839,-0.687756,-0.00418261,0.00963471,-0.000386812,0.0108208,-0.00536873,-0.749314,0.0153276,0.153549,10.1714,10.0178
465,2.73757e-11,-4.87827e-09,-3.70722e-12,-0.432134,1.13862,-0.690202,-0.00426762,0.009903,-0.000430934,0.0110414,-0.00540603,-0.778638,0.0156821,0.1571,10.1749,10.0178
466,2.73757e-11,-4.87827e-09,-3.70722e-12,-0.432188,1.14126,-0.688296,-0.00438647,0.0101195,-0.000454062,0.0112403,-0.00550722,-0.76493,0.0161065,0.161352,10.1792,10.0178
467,2.73757e-11,-4.87827e-09,-3.70722e-12,-0.432015,1.1436,-0.686869,-0.00451375,0.0102922,-0.000462742,0.0114544,-0.00567594,-0.775875,0.0164651,0.164944,10.1828,10.0178
468,2.73757e-11,-4.87827e-09,-3.70722e-12,-0.432104,1.15028,-0.686193,-0.00459103,0.0104946,-0.000460313,0.0116563,-0.0057527,-0.783206,0.0168293,0.168593,10.1864,10.0178
469,2.73757e-11,-4.87827e-09,-3.70722e-12,-0.430874,1.15073,-0.688064,-0.0047477,0.0107171,-0.000490018,0.0118629,-0.00589358,-0.761464,0.0172072,0.172378,10.1902,10.0178
470,2.73757e-11,-4.87827e-09,-3.70722e-12,-0.431663,1.15469,-0.685232,-0.00481494,0.0109166,-0.000491892,0.0121005,-0.00599883,-0.787811,0.017577,0.176083,10.1939,10.0178
471,2.73757e-11,-4.87827e-09,-3.70722e-12,-0.431267,1.15448,-0.689495,-0.00492557,0.0111332,-0.000507211,0.0122894,-0.0060818,-0.785319,0.0179694,0.180014,10.1978,10.0178
472,2.73757e-11,-4.87827e-09,-3.70722e-12,-0.432652,1.16002,-0.690286,-0.00504915,0.0113379,-0.000460218,0.0124937,-0.00620495,-0.75963,0.018374,0.184068,10.2019,10.0178
473,2.73757e-11,-4.87827e-09,-3.70722e-12,-0.429509,1.15934,-0.687135,-0.00516579,0.0115736,-0.000474304,0.0127317,-0.0063239,-0.782693,0.018764,0.187974,10.2058,10.0178
474,2.73757e-11,-4.87827e-09,-3.70722e-12,-0.432905,1.167,-0.683751,-0.0052965,0.011781,-0.000492954,0.0129353,-0.00645089,-0.775915,0.0191517,0.191858,10.2097,10.0178
475,2.73757e-11,-4.87827e-09,-3.70722e-12,-0.432706,1.17015,-0.686432,-0.0053892,0.0120327,-0.000490258,0.0131729,-0.00652936,-0.754909,0.0195435,0.195783,10.2136,10.0178
476,2.73757e-11,-4.87827e-09,-3.70722e-12,-0.43101,1.17045,-0.687978,-0.00550702,0.0122356,-0.000513131,0.0133952,-0.00666664,-0.748804,0.0199599,0.199954,10.2178,10.0178
477,2.73757e-11,-4.87827e-09,-3.70722e-12,-0.429243,1.17249,-0.689728,-0.00559576,0.012494,-0.000496187,0.0136268,-0.00672864,-0.759133,0.0203656,0.204019,10.2218,10.0178
478,2.73757e-11,-4.87827e-09,-3.70722e-12,-0.431711,1.17578,-0.690253,-0.00571637,0.0127043,-0.000545067,0.0138634,-0.00687546,-0.75451,0.020746,0.20783,10.2256,10.0178
479,2.73757e-11,-4.87827e-09,-3.70722e-12,-0.430175,1.17691,-0.689002,-0.00584664,0.0129005,-0.000533066,0.0140723,-0.0070184,-0.755432,0.0211652,0.212029,10.2298,10.0178
480,2.73757e-11,-4.87827e-09,-3.70722e-12,-0.43049,1.18019,-0.683425,-0.00599632,0.0131317,-0.000525444,0.0143014,-0.00716605,-0.770089,0.021577,0.216154,10.234,10.0178
481,2.73757e-11,-4.87827e-09,-3.70722e-12,-0.42936,1.18484,-0.684929,-0.0061225,0.0133371,-0.00055243,0.0145084,-0.00729378,-0.764654,0.0219738,0.220129,10.2379,10.0178
482,2.73757e-11,-4.87827e-09,-3.70722e-12,-0.430716,1.18941,-0.686309,-0.00621252,0.013636,-0.000562539,0.0147718,-0.00734833,-0.766776,0.0223997,0.224396,10.2422,10.0178
483,2.73757e-11,-4.87827e-09,-3.70722e-12,-0.431171,1.19217,-0.684557,-0.00632695,0.0138277,-0.0005563,0.014998,-0.00749734,-0.75308,0.022801,0.228416,10.2462,10.0178
484,2.73757e-11,-4.87827e-09,-3.70722e-12,-0.432088,1.19407,-0.682605,-0.00643329,0.0140674,-0.000585005,0.0152312,-0.00759709,-0.773319,0.0232357,0.23277,10.2506,10.0178
485,2.73757e-11,-4.87827e-09,-3.70722e-12,-0.429739,1.19466,-0.686908,-0.00657545,0.0143537,-0.00058498,0.0154881,-0.00770986,-0.767916,0.0236583,0.237004,10.2548,10.0178
486,2.73757e-11,-4.87827e-09,-3.70722e-12,-0.428935,1.19609,-0.68863,-0.00670885,0.0145789,-0.000598782,0.0157108,-0.00784078,-0.766181,0.0240845,0.241274,10.2591,10.0178
487,2.73757e-11,-4.87827e-09,-3.70722e-12,-0.429618,1.20128,-0.684399,-0.00683581,0.014811,-0.000588088,0.0159535,-0.00797831,-0.738966,0.0245343,0.24578,10.2636,10.0178
488,2.73757e-11,-4.87827e-09,-3.70722e-12,-0.429915,1.2015,-0.685187,-0.00692894,0.0150669,-0.000597717,0.0162052,-0.00806721,-0.758497,0.024963,0.250075,10.2679,10.0178
489,2.73757e-11,-4.87827e-09,-3.70722e-12,-0.4316,1.21031,-0.685307,-0.00706345,0.0152434,-0.000558238,0.0164359,-0.00825592,-0.733755,0.0253845,0.254297,10.2721,10.0178
490,2.73757e-11,-4.87827e-09,-3.70722e-12,-0.427648,1.2098,-0.687002,-0.00719192,0.0155457,-0.000603637,0.0166871,-0.00833332,-0.748268,0.0258357,0.258817,10.2766,10.0178
491,2.73757e-11,-4.87827e-09,-3.70722e-12,-0.428562,1.21161,-0.692097,-0.00731076,0.0157734,-0.000579901,0.0169264,-0.0084638,-0.742124,0.0262695,0.263163,10.281,10.0178
492,2.73757e-11,-4.87827e-09,-3.70722e-12,-0.426866,1.21524,-0.689392,-0.00740903,0.0160561,-0.000633524,0.0171851,-0.00853808,-0.751643,0.0267078,0.267554,10.2854,10.0178
493,2.73757e-11,-4.87827e-09,-3.70722e-12,-0.428461,1.21613,-0.689328,-0.00757297,0.0162452,-0.000585223,0.0174068,-0.00873458,-0.722855,0.0271357,0.27184,10.2897,10.0178
494,2.73757e-11,-4.87827e-09,-3.70722e-12,-0.429407,1.22281,-0.69246,-0.0077246,0.0165368,-0.000606034,0.0176864,-0.00887421,-0.723178,0.0276292,0.276784,10.2946,10.0178
495,2.73757e-11,-4.87827e-09,-3.70722e-12,-0.429546,1.22303,-0.688658,-0.00784257,0.0167767,-0.000633424,0.0179105,-0.00897641,-0.748848,0.0280307,0.280806,10.2986,10.0178
496,2.73757e-11,-4.87827e-09,-3.70722e-12,-0.428067,1.22467,-0.689074,-0.00798316,0.0170449,-0.000602795,0.0181539,-0.00909218,-0.753619,0.0284815,0.285323,10.3031,10.0178
497,2.73757e-11,-4.87827e-09,-3.70722e-12,-0.429034,1.23141,-0.690752,-0.00809077,0.0172414,-0.00062961,0.0183972,-0.00924661,-0.727602,0.0289278,0.289794,10.3076,10.0178
498,2.73757e-11,-4.87827e-09,-3.70722e-12,-0.427905,1.23045,-0.692039,-0.00820158,0.0175159,-0.000607598,0.0186685,-0.00935421,-0.737366,0.029399,0.294513,10.3123,10.0178
499,2.73757e-11,-4.87827e-09,-3.70722e-12,-0.429554,1.23535,-0.691216,-0.00834539,0.0178129,-0.000659151,0.0189252,-0.00945767,-0.745555,0.02984,0.298931,10.3167,10.0178
500,2.73757e-11,-4.87827e-09,-3.70722e-12,-0.428418,1.2378,-0.691254,-0.00848955,0.0179737,-0.000625397,0.0191346,-0.00965049,-0.713989,0.0302356,0.302895,10.3207,10.0178
501,2.73757e-11,-4.87827e-09,-3.70722e-12,-0.427863,1.24259,-0.692772,-0.00859751,0.0182897,-0.000640928,0.0194195,-0.0097274,-0.731471,0.0307298,0.307845,10.3257,10.0178
502,2.73757e-11,-4.87827e-09,-3.70722e-12,-0.42848,1.24349,-0.692891,-0.00871783,0.0185227,-0.000646751,0.0196717,-0.00986684,-0.728003,0.0311973,0.312528,10.3303,10.0178
503,2.73757e-11,-4.87827e-09,-3.70722e-12,-0.428388,1.24993,-0.691897,-0.00887265,0.0187731,-0.000695842,0.0199061,-0.0100056,-0.746135,0.0316493,0.317057,10.3349,10.0178
504,2.73757e-11,-4.87827e-09,-3.70722e-12,-0.429469,1.24696,-0.69158,-0.00898809,0.0190165,-0.000674655,0.0201753,-0.0101469,-0.730411,0.0321072,0.321644,10.3395,10.0178
505,2.73757e-11,-4.87827e-09,-3.70722e-12,-0.428961,1.25406,-0.689792,-0.00917993,0.0193017,-0.000696895,0.0204381,-0.0103164,-0.721775,0.0325909,0.32649,10.3443,10.0178
506,2.73757e-11,-4.87827e-09,-3.70722e-12,-0.42921,1.25588,-0.691065,-0.0092536,0.0195694,-0.000736341,0.0206934,-0.0103775,-0.721574,0.033006,0.330648,10.3485,10.0178
507,2.73757e-11,-4.87827e-09,-3.70722e-12,-0.427984,1.25671,-0.689915,-0.00939982,0.0198076,-0.000684663,0.0209435,-0.0105358,-0.718951,0.0334679,0.335275,10.3531,10.0178
508,2.73757e-11,-4.87827e-09,-3.70722e-12,-0.429366,1.2609,-0.692039,-0.00948751,0.0200848,-0.000708054,0.0212187,-0.0106214,-0.718724,0.0339559,0.340164,10.358,10.0178
509,2.73757e-11,-4.87827e-09,-3.70722e-12,-0.427673,1.26188,-0.689158,-0.00962012,0.0203259,-0.000713313,0.0214617,-0.0107559,-0.731423,0.0344168,0.344781,10.3626,10.0178
510,2.73757e-11,-4.87827e-09,-3.70722e-12,-0.425631,1.26878,-0.686872,-0.00977488,0.0205949,-0.000733712,0.0217388,-0.0109188,-0.725216,0.0348851,0.349473,10.3673,10.0178
511,2.73757e-11,-4.87827e-09,-3.70722e-12,-0.427667,1.26909,-0.688938,-0.00992031,0.0208628,-0.000719449,0.0219963,-0.0110538,-0.72822,0.035329,0.35392,10.3717,10.0178
512,2.73757e-11,-4.87827e-09,-3.70722e-12,-0.428362,1.27553,-0.686289,-0.0100419,0.0210815,-0.000760137,0.0222376,-0.011198,-0.722608,0.0358097,0.358735,10.3765,10.0178
513,2.73757e-11,-4.87827e-09,-3.70722e-12,-0.428694,1.27504,-0.68976,-0.0101832,0.0213552,-0.000767324,0.0225135,-0.0113415,-0.720783,0.0362713,0.363359,10.3812,10.0178
514,2.73757e-11,-4.87827e-09,-3.70722e-12,-0.429114,1.27867,-0.692297,-0.0103041,0.0216052,-0.000773154,0.0227803,-0.0114792,-0.723349,0.0367353,0.368007,10.3858,10.0178
515,2.73757e-11,-4.87827e-09,-3.70722e-12,-0.427539,1.2829,-0.689415,-0.0104174,0.0218922,-0.000737033,0.0230357,-0.0115609,-0.711674,0.037233,0.372994,10.3908,10.0178
516,2.73757e-11,-4.87827e-09,-3.70722e-12,-0.4292,1.28582,-0.68874,-0.0105598,0.0221447,-0.000729545,0.0233035,-0.0117186,-0.702935,0.0376875,0.377546,10.3954,10.0178
517,2.73757e-11,-4.87827e-09,-3.70722e-12,-0.427553,1.28614,-0.685538,-0.010703,0.0224207,-0.00083729,0.0235825,-0.0118648,-0.744913,0.0381652,0.382332,10.4001,10.0178
518,2.73757e-11,-4.87827e-09,-3.70722e-12,-0.427698,1.2905,-0.691982,-0.0108017,0.0226937,-0.000807318,0.0238536,-0.0119616,-0.719713,0.0386417,0.387106,10.4049,10.0178
519,2.73757e-11,-4.87827e-09,-3.70722e-12,-0.428205,1.29227,-0.697251,-0.0109553,0.0229693,-0.000849767,0.0240992,-0.0120852,-0.735059,0.0391118,0.391815,10.4096,10.0178
520,2.73757e-11,-4.87827e-09,-3.70722e-12,-0.426778,1.2948,-0.688936,-0.0110834,0.0232043,-0.000844291,0.0243608,-0.0122399,-0.721415,0.0395831,0.396536,10.4143,10.0178
521,2.73757e-11,-4.87827e-09,-3.70722e-12,-0.429552,1.30113,-0.692623,-0.0112069,0.0235379,-0.000861791,0.0246519,-0.0123209,-0.725774,0.0400575,0.401289,10.4191,10.0178
522,2.73757e-11,-4.87827e-09,-3.70722e-12,-0.428421,1.29948,-0.688889,-0.0113584,0.0237393,-0.00082423,0.0248961,-0.0125152,-0.705378,0.0405163,0.405885,10.4237,10.0178
523,2.73757e-11,-4.87827e-09,-3.70722e-12,-0.428078,1.30384,-0.690473,-0.0115059,0.0240138,-0.000867233,0.0251495,-0.0126416,-0.712181,0.040984,0.41057,10.4284,10.0178
524,2.73757e-11,-4.87827e-09,-3.70722e-12,-0.430625,1.30526,-0.685337,-0.0116416,0.0242917,-0.00087471,0.025404,-0.012754,-0.724444,0.0414357,0.415095,10.4329,10.0178
525,2.73757e-11,-4.87827e-09,-3.70722e-12,-0.429728,1.31256,-0.688748,-0.0117841,0.0245571,-0.000942938,0.0256896,-0.0129166,-0.734932,0.0419784,0.420532,10.4383,10.0178
526,2.73757e-11,-4.87827e-09,-3.70722e-12,-0.426813,1.30936,-0.690327,-0.01191,0.0247857,-0.00090277,0.0259472,-0.0130715,-0.725856,0.0424332,0.425088,10.4429,10.0178
527,2.73757e-11,-4.87827e-09,-3.70722e-12,-0.427068,1.31448,-0.691126,-0.0120542,0.0251028,-0.00090425,0.0262343,-0.0131857,-0.720571,0.0429145,0.429909,10.4477,10.0178
528,2.73757e-11,-4.87827e-09,-3.70722e-12,-0.427732,1.3159,-0.69502,-0.0121885,0.0252838,-0.000860734,0.0264427,-0.0133475,-0.704408,0.0433532,0.434304,10.4521,10.0178
529,2.73757e-11,-4.87827e-09,-3.70722e-12,-0.427048,1.32024,-0.694545,-0.0123248,0.0255954,-0.00087656,0.026768,-0.0134974,-0.724242,0.0438626,0.439407,10.4572,10.0178
530,2.73757e-11,-4.87827e-09,-3.70722e-12,-0.427133,1.32317,-0.701216,-0.0124403,0.0258875,-0.000886474,0.0270286,-0.0135815,-0.721439,0.0443436,0.444226,10.462,10.0178
531,2.73757e-11,-4.87827e-09,-3.70722e-12,-0.428392,1.32582,-0.695141,-0.0125881,0.0261861,-0.000895472,0.0273118,-0.0137138,-0.70743,0.0448049,0.448847,10.4667,10.0178
532,2.73757e-11,-4.87827e-09,-3.70722e-12,-0.428049,1.32627,-0.695982,-0.0127036,0.0264164,-0.000900206,0.0275786,-0.0138658,-0.726187,0.0453124,0.453931,10.4717,10.0178
533,2.73757e-11,-4.87827e-09,-3.70722e-12,-0.428396,1.33087,-0.693816,-0.0128737,0.0266728,-0.000907765,0.0278108,-0.0140117,-0.720413,0.0457773,0.458588,10.4764,10.0178
534,2.73757e-11,-4.87827e-09,-3.70722e-12,-0.428199,1.3345,-0.68828,-0.0130194,0.0269398,-0.000957645,0.0280835,-0.0141632,-0.720779,0.0462737,0.463561,10.4814,10.0178
535,2.73757e-11,-4.87827e-09,-3.70722e-12,-0.426752,1.3374,-0.691517,-0.013164,0.0272103,-0.000937211,0.0283754,-0.0143292,-0.707459,0.0467616,0.468449,10.4863,10.0178
536,2.73757e-11,-4.87827e-09,-3.70722e-12,-0.427372,1.34038,-0.693895,-0.0132711,0.027493,-0.000913741,0.0286626,-0.0144407,-0.70814,0.0472523,0.473365,10.4912,10.0178
537,2.73757e-11,-4.87827e-09,-3.70722e-12,-0.428849,1.34425,-0.694512,-0.0133981,0.0278015,-0.000933226,0.0289297,-0.0145263,-0.713727,0.0477705,0.478556,10.4964,10.0178
538,2.73757e-11,-4.87827e-09,-3.70722e-12,-0.425532,1.34803,-0.691255,-0.013549,0.028116,-0.000989303,0.0292188,-0.0146518,-0.729414,0.0482458,0.483317,10.5011,10.0178
539,2.73757e-11,-4.87827e-09,-3.70722e-12,-0.426902,1.34809,-0.691118,-0.0136631,0.0283387,-0.00099199,0.0294805,-0.0148049,-0.714513,0.0487272,0.48814,10.506,10.0178
540,2.73757e-11,-4.87827e-09,-3.70722e-12,-0.42862,1.35576,-0.689981,-0.0138318,0.0285642,-0.000980101,0.0297209,-0.0149886,-0.718307,0.0492038,0.492915,10.5107,10.0178
541,2.73757e-11,-4.87827e-09,-3.70722e-12,-0.42888,1.35732,-0.691725,-0.0139986,0.0288771,-0.000976501,0.0300105,-0.015132,-0.724915,0.0497046,0.497932,10.5157,10.0178
542,2.73757e-11,-4.87827e-09,-3.70722e-12,-0.426038,1.35692,-0.689906,-0.014091,0.0291546,-0.000989168,0.0302919,-0.0152283,-0.718668,0.0501772,0.502666,10.5205,10.0178
543,2.73757e-11,-4.87827e-09,-3.70722e-12,-0.425668,1.36282,-0.691182,-0.0142604,0.0294054,-0.000987886,0.0305449,-0.0154,-0.712072,0.0506382,0.507284,10.5251,10.0178
544,2.73757e-11,-4.87827e-09,-3.70722e-12,-0.427778,1.36316,-0.693211,-0.0143717,0.0297053,-0.0010319,0.0308294,-0.0154958,-0.730843,0.0511288,0.512199,10.53,10.0178
545,2.73757e-11,-4.87827e-09,-3.70722e-12,-0.427586,1.36814,-0.692848,-0.0145131,0.0299812,-0.00106473,0.0310974,-0.0156293,-0.717989,0.0516411,0.51733,10.5351,10.0178
546,2.73757e-11,-4.87827e-09,-3.70722e-12,-0.426495,1.3688,-0.691412,-0.0146491,0.030303,-0.00106981,0.031387,-0.0157331,-0.724087,0.0521507,0.522436,10.5402,10.0178
547,2.73757e-11,-4.87827e-09,-3.70722e-12,-0.427026,1.37156,-0.691474,-0.0148042,0.030517,-0.0010273,0.0316466,-0.0159338,-0.714488,0.0526222,0.527159,10.545,10.0178
548,2.73757e-11,-4.87827e-09,-3.70722e-12,-0.427817,1.37701,-0.691252,-0.014945,0.0307934,-0.00100928,0.031927,-0.0160786,-0.716,0.0531282,0.532228,10.55,10.0178
549,2.73757e-11,-4.87827e-09,-3.70722e-12,-0.426733,1.38104,-0.69247,-0.0150664,0.0310638,-0.00102454,0.0321939,-0.0161964,-0.715577,0.0536057,0.537012,10.5548,10.0178
550,2.73757e-11,-4.87827e-09,-3.70722e-12,-0.426971,1.37842,-0.693412,-0.0151813,0.0313451,-0.00105411,0.0324886,-0.0163249,-0.705256,0.0540851,0.541815,10.5596,10.0178
551,2.73757e-11,-4.87827e-09,-3.70722e-12,-0.427123,1.3884,-0.691218,-0.0153388,0.0316364,-0.00108259,0.0327649,-0.0164673,-0.713964,0.0546187,0.54716,10.565,10.0178
552,2.73757e-11,-4.87827e-09,-3.70722e-12,-0.425522,1.38327,-0.692009,-0.0154724,0.0318855,-0.00107168,0.0330228,-0.0166097,-0.722396,0.0550922,0.551903,10.5697,10.0178
553,2.73757e-11,-4.87827e-09,-3.70722e-12,-0.42653,1.39285,-0.691192,-0.0156224,0.0321235,-0.00109334,0.0332985,-0.0167974,-0.730658,0.0555674,0.556664,10.5745,10.0178
554,2.73757e-11,-4.87827e-09,-3.70722e-12,-0.427189,1.39248,-0.691869,-0.0157859,0.0324257,-0.00111737,0.0335677,-0.0169278,-0.716295,0.0560529,0.561527,10.5793,10.0178
555,2.73757e-11,-4.87827e-09,-3.70722e-12,-0.42781,1.39534,-0.69021,-0.0159078,0.0327006,-0.00108275,0.0338456,-0.0170528,-0.713574,0.0565641,0.566648,10.5845,10.0178
556,2.73757e-11,-4.87827e-09,-3.70722e-12,-0.428154,1.39962,-0.690636,-0.0160238,0.0329515,-0.00106245,0.0341119,-0.0171842,-0.705194,0.057031,0.571326,10.5891,10.0178
557,2.73757e-11,-4.87827e-09,-3.70722e-12,-0.427275,1.40239,-0.692295,-0.0161947,0.0332376,-0.00110807,0.0343832,-0.0173404,-0.71965,0.0575447,0.576472,10.5943,10.0178
558,2.73757e-11,-4.87827e-09,-3.70722e-12,-0.427947,1.40635,-0.691799,-0.016316,0.0335368,-0.00112668,0.0346656,-0.0174448,-0.721175,0.0580352,0.581386,10.5992,10.0178
559,2.73757e-11,-4.87827e-09,-3.70722e-12,-0.426155,1.40526,-0.694002,-0.0164609,0.0337811,-0.00111503,0.0349452,-0.017625,-0.712274,0.0585227,0.586269,10.6041,10.0178
560,2.73757e-11,-4.87827e-09,-3.70722e-12,-0.426654,1.41266,-0.691918,-0.0165861,0.0340935,-0.00115479,0.0352247,-0.0177173,-0.715938,0.0590235,0.591286,10.6091,10.0178
561,2.73757e-11,-4.87827e-09,-3.70722e-12,-0.428414,1.41165,-0.688511,-0.0167326,0.0343624,-0.00112364,0.03552,-0.0178902,-0.711389,0.0595409,0.59647,10.6143,10.0178
562,2.73757e-11,-4.87827e-09,-3.70722e-12,-0.427738,1.41783,-0.691296,-0.0168629,0.034598,-0.00110944,0.0357713,-0.0180361,-0.715847,0.0600346,0.601416,10.6192,10.0178
563,2.73757e-11,-4.87827e-09,-3.70722e-12,-0.426721,1.41475,-0.693049,-0.0170299,0.0349317,-0.00113224,0.0360748,-0.0181731,-0.711963,0.0605616,0.606695,10.6245,10.0178
564,2.73757e-11,-4.87827e-09,-3.70722e-12,-0.429385,1.42781,-0.691243,-0.0171667,0.0351714,-0.0011142,0.0363398,-0.018335,-0.718426,0.061012,0.611206,10.629,10.0178
565,2.73757e-11,-4.87827e-09,-3.70722e-12,-0.426526,1.42223,-0.696033,-0.0172887,0.0354631,-0.00116471,0.0366136,-0.0184392,-0.707851,0.0615323,0.616419,10.6342,10.0178
566,2.73757e-11,-4.87827e-09,-3.70722e-12,-0.426585,1.42708,-0.695062,-0.0174003,0.0357342,-0.00113225,0.0369016,-0.0185677,-0.712391,0.0620303,0.621408,10.6392,10.0178
567,2.73757e-11,-4.87827e-09,-3.70722e-12,-0.425919,1.42925,-0.694348,-0.0175514,0.0360129,-0.00116463,0.0371748,-0.0187133,-0.720603,0.0625078,0.626192,10.644,10.0178
568,2.73757e-11,-4.87827e-09,-3.70722e-12,-0.427585,1.43381,-0.693072,-0.0176778,0.0363268,-0.00112919,0.037475,-0.018826,-0.714101,0.0630473,0.631596,10.6494,10.0178
569,2.73757e-11,-4.87827e-09,-3.70722e-12,-0.428289,1.43784,-0.695805,-0.0178111,0.0365824,-0.00115226,0.0377399,-0.0189686,-0.712366,0.0635372,0.636504,10.6543,10.0178
570,2.73757e-11,-4.87827e-09,-3.70722e-12,-0.427547,1.43772,-0.694848,-0.0179703,0.0368389,-0.00116685,0.0380086,-0.0191401,-0.725003,0.064046,0.641601,10.6594,10.0178
571,2.73757e-11,-4.87827e-09,-3.70722e-12,-0.426048,1.44259,-0.696683,-0.0181047,0.0371383,-0.00120052,0.0383006,-0.019267,-0.721594,0.0645329,0.646479,10.6643,10.0178
572,2.73757e-11,-4.87827e-09,-3.70722e-12,-0.425156,1.44552,-0.698682,-0.0182433,0.0374557,-0.00119131,0.0386044,-0.0193921,-0.711689,0.0650463,0.651622,10.6694,10.0178
573,2.73757e-11,-4.87827e-09,-3.70722e-12,-0.42613,1.44816,-0.696283,-0.0183901,0.0376804,-0.00121189,0.0388339,-0.0195436,-0.713529,0.0655289,0.656456,10.6743,10.0178
574,2.73757e-11,-4.87827e-09,-3.70722e-12,-0.426874,1.45022,-0.697629,-0.0185172,0.0380123,-0.00117774,0.0391529,-0.0196579,-0.712738,0.066021,0.661386,10.6792,10.0178
575,2.73757e-11,-4.87827e-09,-3.70722e-12,-0.427386,1.45254,-0.700356,-0.018697,0.0382687,-0.00119124,0.0394063,-0.0198347,-0.715438,0.0665532,0.666717,10.6845,10.0178
576,2.73757e-11,-4.87827e-09,-3.70722e-12,-0.425716,1.45843,-0.699953,-0.0188272,0.0385608,-0.00118429,0.0397104,-0.0199768,-0.709432,0.067071,0.671905,10.6897,10.0178
577,2.73757e-11,-4.87827e-09,-3.70722e-12,-0.427208,1.45979,-0.697583,-0.018943,0.038866,-0.00125272,0.0399891,-0.0200661,-0.719527,0.0675288,0.676491,10.6943,10.0178
578,2.73757e-11,-4.87827e-09,-3.70722e-12,-0.42742,1.46278,-0.69618,-0.0190754,0.0391142,-0.00126153,0.0402642,-0.0202253,-0.728097,0.0680438,0.68165,10.6995,10.0178
579,2.73757e-11,-4.87827e-09,-3.70722e-12,-0.42675,1.46496,-0.695739,-0.0192589,0.0393835,-0.00126531,0.0405391,-0.0204146,-0.716839,0.0685596,0.686818,10.7046,10.0178
580,2.73757e-11,-4.87827e-09,-3.70722e-12,-0.426559,1.46846,-0.693168,-0.0193796,0.0396936,-0.00119604,0.0408307,-0.0205168,-0.711214,0.0690528,0.691758,10.7096,10.0178
581,2.73757e-11,-4.87827e-09,-3.70722e-12,-0.427483,1.47313,-0.694513,-0.019538,0.0399707,-0.00126513,0.0411175,-0.0206848,-0.721319,0.0695685,0.696924,10.7147,10.0178
582,2.73757e-11,-4.87827e-09,-3.70722e-12,-0.426406,1.47582,-0.696113,-0.0196701,0.0402523,-0.00126263,0.0413721,-0.0207899,-0.715056,0.0700778,0.702026,10.7198,10.0178
583,2.73757e-11,-4.87827e-09,-3.70722e-12,-0.427192,1.47845,-0.697116,-0.0197768,0.0404933,-0.00127139,0.041667,-0.0209505,-0.712251,0.0705561,0.706818,10.7246,10.0178
584,2.73757e-11,-4.87827e-09,-3.70722e-12,-0.427148,1.48097,-0.697851,-0.019949,0.0407739,-0.00127247,0.0419372,-0.0211123,-0.718384,0.0710767,0.712033,10.7298,10.0178
585,2.73757e-11,-4.87827e-09,-3.70722e-12,-0.427132,1.48103,-0.699044,-0.0200932,0.0411097,-0.00129291,0.0422456,-0.021229,-0.724605,0.0715638,0.716912,10.7347,10.0178
586,2.73757e-11,-4.87827e-09,-3.70722e-12,-0.427701,1.48698,-0.699318,-0.0202334,0.0414381,-0.00127819,0.0425202,-0.0213156,-0.724367,0.0720752,0.722035,10.7398,10.0178
587,2.73757e-11,-4.87827e-09,-3.70722e-12,-0.426843,1.48649,-0.700112,-0.0203658,0.0416323,-0.00128359,0.0427835,-0.021517,-0.713311,0.0725922,0.727215,10.745,10.0178
588,2.73757e-11,-4.87827e-09,-3.70722e-12,-0.427646,1.49152,-0.700947,-0.0205369,0.0419149,-0.00122686,0.0430701,-0.0216922,-0.703157,0.0731505,0.732808,10.7506,10.0178
589,2.73757e-11,-4.87827e-09,-3.70722e-12,-0.427971,1.4967,-0.701361,-0.0206237,0.0421867,-0.00125912,0.0433543,-0.0217913,-0.70717,0.0735992,0.737303,10.7551,10.0178
590,2.73757e-11,-4.87827e-09,-3.70722e-12,-0.428756,1.49532,-0.700924,-0.0207627,0.0425312,-0.00134932,0.0436593,-0.0218909,-0.726476,0.0741284,0.742604,10.7604,10.0178
591,2.73757e-11,-4.87827e-09,-3.70722e-12,-0.425358,1.49866,-0.70023,-0.020921,0.04277,-0.00136917,0.0439168,-0.0220677,-0.727081,0.0746456,0.747786,10.7656,10.0178
592,2.73757e-11,-4.87827e-09,-3.70722e-12,-0.426111,1.50209,-0.700637,-0.0210314,0.0430586,-0.00130362,0.0442065,-0.0221792,-0.710795,0.0751051,0.752389,10.7702,10.0178
593,2.73757e-11,-4.87827e-09,-3.70722e-12,-0.427058,1.50373,-0.699251,-0.0211752,0.043344,-0.00132419,0.0445078,-0.0223391,-0.705266,0.0756589,0.757937,10.7758,10.0178
594,2.73757e-11,-4.87827e-09,-3.70722e-12,-0.427943,1.50915,-0.696681,-0.0213616,0.0436499,-0.00136564,0.0447913,-0.022503,-0.721441,0.0761513,0.76287,10.7807,10.0178
595,2.73757e-11,-4.87827e-09,-3.70722e-12,-0.427382,1.51102,-0.698355,-0.0214822,0.0438718,-0.00136307,0.0450299,-0.0226403,-0.713296,0.0766475,0.76784,10.7857,10.0178
596,2.73757e-11,-4.87827e-09,-3.70722e-12,-0.427237,1.51463,-0.698807,-0.0216029,0.0441918,-0.00134354,0.0453346,-0.0227458,-0.710887,0.0771867,0.773242,10.7911,10.0178
597,2.73757e-11,-4.87827e-09,-3.70722e-12,-0.427499,1.51749,-0.701936,-0.0217657,0.0444827,-0.00135922,0.0456299,-0.0229129,-0.705697,0.0776908,0.778292,10.7961,10.0178
598,2.73757e-11,-4.87827e-09,-3.70722e-12,-0.427902,1.51889,-0.70414,-0.0218448,0.0447817,-0.00139956,0.0459358,-0.022999,-0.712865,0.0781835,0.783228,10.801,10.0178
599,2.73757e-11,-4.87827e-09,-3.70722e-12,-0.427376,1.52196,-0.704119,-0.0220445,0.0450287,-0.00133882,0.0461761,-0.0231919,-0.715206,0.0787045,0.788447,10.8063,10.0178
600,2.73757e-11,-4.87827e-09,-3.70722e-12,-0.426984,1.52687,-0.700286,-0.0221754,0.0452979,-0.00140037,0.0464719,-0.0233494,-0.729475,0.0791934,0.793345,10.8112,10.0178
601,2.73757e-11,-4.87827e-09,-3.70722e-12,-0.425401,1.52524,-0.702376,-0.022304,0.0456212,-0.00140847,0.0467604,-0.0234431,-0.719648,0.0796957,0.798376,10.8162,10.0178
602,2.73757e-11,-4.87827e-09,-3.70722e-12,-0.427102,1.53609,-0.705404,-0.0224666,0.0458756,-0.00136905,0.0470203,-0.0236112,-0.704882,0.0802101,0.80353,10.8213,10.0178
603,2.73757e-11,-4.87827e-09,-3.70722e-12,-0.429041,1.53359,-0.698107,-0.0225998,0.0461894,-0.00145344,0.0473126,-0.0237231,-0.708261,0.0807092,0.80853,10.8263,10.0178
604,2.73757e-11,-4.87827e-09,-3.70722e-12,-0.42678,1.53823,-0.69977,-0.0226945,0.0464569,-0.00140909,0.0475909,-0.0238286,-0.707953,0.0812283,0.81373,10.8315,10.0178
605,2.73757e-11,-4.87827e-09,-3.70722e-12,-0.428382,1.5434,-0.702815,-0.0228585,0.046721,-0.00143352,0.0478832,-0.0240207,-0.73038,0.0817755,0.819212,10.837,10.0178
606,2.73757e-11,-4.87827e-09,-3.70722e-12,-0.427939,1.54242,-0.704607,-0.0229511,0.0470479,-0.00144603,0.0482111,-0.0241143,-0.724975,0.0822983,0.824449,10.8423,10.0178
607,2.73757e-11,-4.87827e-09,-3.70722e-12,-0.427528,1.54444,-0.69856,-0.0231377,0.0472783,-0.00146929,0.0484537,-0.0243131,-0.72886,0.0827906,0.829381,10.8472,10.0178
608,2.73757e-11,-4.87827e-09,-3.70722e-12,-0.427756,1.54976,-0.69806,-0.0232743,0.0475739,-0.00140996,0.0487192,-0.0244196,-0.700261,0.0832775,0.834259,10.8521,10.0178
609,2.73757e-11,-4.87827e-09,-3.70722e-12,-0.429057,1.55473,-0.702694,-0.0234038,0.0478685,-0.0014978,0.0490116,-0.0245469,-0.726821,0.0838068,0.839561,10.8574,10.0178
610,2.73757e-11,-4.87827e-09,-3.70722e-12,-0.427477,1.5551,-0.701954,-0.0235465,0.0481812,-0.00150628,0.0493228,-0.0246882,-0.71415,0.0843088,0.844589,10.8624,10.0178
611,2.73757e-11,-4.87827e-09,-3.70722e-12,-0.428276,1.55662,-0.701511,-0.023654,0.0484568,-0.00150694,0.0495981,-0.0247954,-0.713474,0.0848705,0.850216,10.868,10.0178
612,2.73757e-11,-4.87827e-09,-3.70722e-12,-0.426021,1.56223,-0.698638,-0.0237784,0.0486894,-0.00144222,0.0498573,-0.0249463,-0.721989,0.0853328,0.854848,10.8727,10.0178
613,2.73757e-11,-4.87827e-09,-3.70722e-12,-0.428527,1.56487,-0.700803,-0.0239883,0.0490097,-0.00151159,0.0501401,-0.0251187,-0.715436,0.0858645,0.860175,10.878,10.0178
614,2.73757e-11,-4.87827e-09,-3.70722e-12,-0.427779,1.56745,-0.699923,-0.0240654,0.0493181,-0.00147735,0.0504506,-0.0251979,-0.717953,0.0863594,0.865133,10.8829,10.0178
615,2.73757e-11,-4.87827e-09,-3.70722e-12,-0.428081,1.56873,-0.702107,-0.02417,0.0495502,-0.00154947,0.0507305,-0.0253503,-0.716336,0.0868825,0.870373,10.8882,10.0178
616,2.73757e-11,-4.87827e-09,-3.70722e-12,-0.42777,1.57279,-0.698091,-0.0243323,0.0498512,-0.00152243,0.0510167,-0.0254977,-0.70936,0.08742,0.875757,10.8936,10.0178
617,2.73757e-11,-4.87827e-09,-3.70722e-12,-0.429631,1.57839,-0.698062,-0.0244989,0.0501311,-0.00149952,0.0512818,-0.0256496,-0.710781,0.0879323,0.880889,10.8987,10.0178
618,2.73757e-11,-4.87827e-09,-3.70722e-12,-0.427338,1.57743,-0.698334,-0.0245934,0.0504795,-0.0015589,0.0515891,-0.025703,-0.720285,0.0884295,0.885871,10.9037,10.0178
619,2.73757e-11,-4.87827e-09,-3.70722e-12,-0.426734,1.58289,-0.696374,-0.0247219,0.0507171,-0.00157709,0.0518863,-0.0258911,-0.721695,0.0889501,0.891086,10.9089,10.0178
620,2.73757e-11,-4.87827e-09,-3.70722e-12,-0.425381,1.58232,-0.698057,-0.0248578,0.0510307,-0.00155429,0.0521855,-0.0260126,-0.710471,0.0894713,0.896307,10.9141,10.0178
621,2.73757e-11,-4.87827e-09,-3.70722e-12,-0.426324,1.58759,-0.699936,-0.0249911,0.0512605,-0.00157843,0.0524123,-0.0261429,-0.71606,0.0899569,0.901171,10.919,10.0178
622,2.73757e-11,-4.87827e-09,-3.70722e-12,-0.424848,1.58813,-0.698976,-0.0251765,0.0515596,-0.00156957,0.0527234,-0.0263403,-0.706339,0.0905258,0.906871,10.9247,10.0178
623,2.73757e-11,-4.87827e-09,-3.70722e-12,-0.426231,1.59363,-0.699549,-0.025292,0.0518277,-0.00156314,0.0529885,-0.0264528,-0.709345,0.0910166,0.911787,10.9296,10.0178
624,2.73757e-11,-4.87827e-09,-3.70722e-12,-0.427407,1.59628,-0.698726,-0.0254308,0.052166,-0.00151379,0.0533302,-0.026595,-0.706376,0.0915832,0.917464,10.9353,10.0178
625,2.73757e-11,-4.87827e-09,-3.70722e-12,-0.42783,1.60116,-0.698887,-0.025594,0.052449,-0.00164284,0.0535993,-0.0267443,-0.724731,0.0920665,0.922305,10.9401,10.0178
626,2.73757e-11,-4.87827e-09,-3.70722e-12,-0.425975,1.60067,-0.697644,-0.0256933,0.0527457,-0.00158893,0.0538493,-0.026797,-0.712848,0.0925206,0.926854,10.9447,10.0178
627,2.73757e-11,-4.87827e-09,-3.70722e-12,-0.426161,1.60358,-0.700053,-0.0258111,0.053007,-0.0015866,0.0541487,-0.0269528,-0.708947,0.093063,0.932287,10.9501,10.0178
628,2.73757e-11,-4.87827e-09,-3.70722e-12,-0.426344,1.60971,-0.697083,-0.0259438,0.0532857,-0.00159545,0.0544371,-0.0270952,-0.715873,0.0936331,0.937998,10.9558,10.0178
629,2.73757e-11,-4.87827e-09,-3.70722e-12,-0.42731,1.61132,-0.703333,-0.0260611,0.0536266,-0.00160937,0.0547871,-0.0272216,-0.696674,0.0942064,0.943742,10.9616,10.0178
630,2.73757e-11,-4.87827e-09,-3.70722e-12,-0.427063,1.61397,-0.698729,-0.0262079,0.0538911,-0.00162939,0.055037,-0.0273538,-0.712789,0.0946797,0.948484,10.9663,10.0178
631,2.73757e-11,-4.87827e-09,-3.70722e-12,-0.427023,1.61498,-0.697392,-0.0263358,0.0541184,-0.00171533,0.0552958,-0.0275133,-0.722799,0.0951833,0.953529,10.9713,10.0178
632,2.73757e-11,-4.87827e-09,-3.70722e-12,-0.427939,1.6213,-0.702888,-0.02647,0.0544766,-0.0016867,0.0556,-0.0275933,-0.716001,0.0956839,0.958544,10.9764,10.0178
633,2.73757e-11,-4.87827e-09,-3.70722e-12,-0.428819,1.62245,-0.704719,-0.0266377,0.0547399,-0.00166568,0.0558784,-0.0277763,-0.706439,0.096202,0.963734,10.9815,10.0178
634,2.73757e-11,-4.87827e-09,-3.70722e-12,-0.427441,1.62756,-0.704802,-0.0267494,0.0550265,-0.00168442,0.0561602,-0.0278832,-0.709694,0.0967297,0.96902,10.9868,10.0178
635,2.73757e-11,-4.87827e-09,-3.70722e-12,-0.427689,1.62776,-0.703024,-0.0268651,0.0552729,-0.00167241,0.05647,-0.0280622,-0.707635,0.0972916,0.974649,10.9925,10.0178
636,2.73757e-11,-4.87827e-09,-3.70722e-12,-0.427305,1.63127,-0.701863,-0.0270025,0.0555879,-0.00167837,0.0567315,-0.0281461,-0.712164,0.0977842,0.979584,10.9974,10.0178
637,2.73757e-11,-4.87827e-09,-3.70722e-12,-0.428117,1.63367,-0.69875,-0.0272036,0.0558352,-0.0016667,0.0570108,-0.0283793,-0.715981,0.0983191,0.984943,11.0028,10.0178
638,2.73757e-11,-4.87827e-09,-3.70722e-12,-0.426843,1.63751,-0.702545,-0.0272628,0.056154,-0.00175405,0.0573076,-0.0284164,-0.712639,0.0988495,0.990255,11.0081,10.0178
639,2.73757e-11,-4.87827e-09,-3.70722e-12,-0.425215,1.63684,-0.713071,-0.0274111,0.0564643,-0.00180091,0.0576289,-0.0285758,-0.715359,0.0994177,0.995948,11.0138,10.0178
640,2.73757e-11,-4.87827e-09,-3.70722e-12,-0.428452,1.6429,-0.700544,-0.0275718,0.0566892,-0.00169853,0.0578786,-0.0287613,-0.700282,0.0998979,1.00076,11.0186,10.0178
641,2.73757e-11,-4.87827e-09,-3.70722e-12,-0.429026,1.6465,-0.697261,-0.0276971,0.057022,-0.00177307,0.0582016,-0.0288768,-0.708964,0.100446,1.00625,11.0241,10.0178
642,2.73757e-11,-4.87827e-09,-3.70722e-12,-0.427313,1.64843,-0.704128,-0.0278537,0.0573302,-0.00176172,0.0584716,-0.0289952,-0.708898,0.100978,1.01158,11.0294,10.0178
643,2.73757e-11,-4.87827e-09,-3.70722e-12,-0.428435,1.65009,-0.705879,-0.027941,0.0576193,-0.00174135,0.0587831,-0.0291048,-0.704887,0.101527,1.01708,11.0349,10.0178
644,2.73757e-11,-4.87827e-09,-3.70722e-12,-0.427702,1.65423,-0.702191,-0.0281248,0.0579554,-0.00185405,0.0590651,-0.0292344,-0.717682,0.102045,1.02226,11.0401,10.0178
645,2.73757e-11,-4.87827e-09,-3.70722e-12,-0.426904,1.65457,-0.70226,-0.0282306,0.0581927,-0.00178955,0.0593433,-0.0293812,-0.706007,0.102523,1.02706,11.0449,10.0178
646,2.73757e-11,-4.87827e-09,-3.70722e-12,-0.428232,1.65881,-0.702442,-0.0283651,0.058491,-0.00186196,0.0596464,-0.0295205,-0.718514,0.103082,1.03265,11.0505,10.0178
647,2.73757e-11,-4.87827e-09,-3.70722e-12,-0.428397,1.66232,-0.705277,-0.0285102,0.0587781,-0.00179167,0.059925,-0.029657,-0.711748,0.103603,1.03788,11.0557,10.0178
648,2.73757e-11,-4.87827e-09,-3.70722e-12,-0.428564,1.66504,-0.704818,-0.0286454,0.0590881,-0.00181375,0.0602212,-0.0297785,-0.711435,0.104153,1.04339,11.0612,10.0178
649,2.73757e-11,-4.87827e-09,-3.70722e-12,-0.427228,1.67028,-0.700699,-0.0287936,0.0593608,-0.00182504,0.0605147,-0.0299476,-0.71125,0.104678,1.04864,11.0665,10.0178
650,2.73757e-11,-4.87827e-09,-3.70722e-12,-0.426469,1.66878,-0.697454,-0.0289119,0.0596258,-0.00184091,0.0607834,-0.0300695,-0.715223,0.105205,1.05392,11.0717,10.0178
651,2.73757e-11,-4.87827e-09,-3.70722e-12,-0.427027,1.67659,-0.700313,-0.0290574,0.0599052,-0.00184127,0.0610872,-0.0302394,-0.705936,0.10578,1.05968,11.0775,10.0178
652,2.73757e-11,-4.87827e-09,-3.70722e-12,-0.426849,1.67284,-0.702161,-0.0291802,0.0603045,-0.00183684,0.0614196,-0.0302953,-0.711311,0.106327,1.06516,11.083,10.0178
653,2.73757e-11,-4.87827e-09,-3.70722e-12,-0.426686,1.67917,-0.702018,-0.0293185,0.0605265,-0.00187697,0.0616632,-0.0304553,-0.715912,0.10681,1.07,11.0878,10.0178
654,2.73757e-11,-4.87827e-09,-3.70722e-12,-0.428191,1.68068,-0.701111,-0.0294386,0.060813,-0.00185684,0.0619606,-0.0305863,-0.700461,0.107357,1.07548,11.0933,10.0178
655,2.73757e-11,-4.87827e-09,-3.70722e-12,-0.429274,1.68821,-0.700377,-0.0296191,0.0610989,-0.00179842,0.0622625,-0.0307828,-0.702693,0.107925,1.08117,11.099,10.0178
656,2.73757e-11,-4.87827e-09,-3.70722e-12,-0.427243,1.6871,-0.702323,-0.029695,0.0613911,-0.00186049,0.0625636,-0.0308675,-0.709312,0.108445,1.08638,11.1042,10.0178
657,2.73757e-11,-4.87827e-09,-3.70722e-12,-0.426764,1.69311,-0.702516,-0.029829,0.0616985,-0.00199261,0.0628581,-0.0309886,-0.719842,0.109002,1.09196,11.1098,10.0178
658,2.73757e-11,-4.87827e-09,-3.70722e-12,-0.427633,1.69187,-0.699951,-0.0299763,0.0619526,-0.00190725,0.0631177,-0.0311413,-0.709969,0.109519,1.09714,11.115,10.0178
659,2.73757e-11,-4.87827e-09,-3.70722e-12,-0.42967,1.69786,-0.709449,-0.0301132,0.0622443,-0.00192958,0.0634119,-0.0312807,-0.721743,0.110008,1.10204,11.1199,10.0178
660,2.73757e-11,-4.87827e-09,-3.70722e-12,-0.42789,1.69883,-0.704439,-0.0302318,0.0625703,-0.00194451,0.0637247,-0.0313862,-0.712871,0.110616,1.10813,11.1259,10.0178
661,2.73757e-11,-4.87827e-09,-3.70722e-12,-0.426572,1.70166,-0.704365,-0.0304242,0.0628067,-0.00194302,0.0640063,-0.0316238,-0.702963,0.111141,1.11339,11.1312,10.0178
662,2.73757e-11,-4.87827e-09,-3.70722e-12,-0.426786,1.70289,-0.710823,-0.030513,0.0632003,-0.00199199,0.0643149,-0.0316275,-0.711249,0.111697,1.11896,11.1368,10.0178
663,2.73757e-11,-4.87827e-09,-3.70722e-12,-0.425964,1.70604,-0.70226,-0.0306977,0.0633766,-0.0019593,0.0645442,-0.0318652,-0.716458,0.112213,1.12413,11.1419,10.0178
664,2.73757e-11,-4.87827e-09,-3.70722e-12,-0.425101,1.70998,-0.705071,-0.0308155,0.0637373,-0.00198459,0.0648848,-0.031963,-0.717018,0.112775,1.12976,11.1476,10.0178
665,2.73757e-11,-4.87827e-09,-3.70722e-12,-0.42681,1.71394,-0.707156,-0.0309296,0.0639975,-0.00203469,0.0651585,-0.0320906,-0.699614,0.113293,1.13495,11.1528,10.0178
666,2.73757e-11,-4.87827e-09,-3.70722e-12,-0.427639,1.71867,-0.706749,-0.0310842,0.0642936,-0.00198236,0.0654732,-0.0322638,-0.704802,0.113835,1.14038,11.1582,10.0178
667,2.73757e-11,-4.87827e-09,-3.70722e-12,-0.4262,1.71632,-0.706007,-0.0311648,0.0646059,-0.00203506,0.0657877,-0.0323467,-0.71543,0.114419,1.14623,11.164,10.0178
668,2.73757e-11,-4.87827e-09,-3.70722e-12,-0.427688,1.72333,-0.708815,-0.0313218,0.0648946,-0.00201358,0.0660616,-0.0324888,-0.697508,0.114934,1.15139,11.1692,10.0178
669,2.73757e-11,-4.87827e-09,-3.70722e-12,-0.428396,1.72349,-0.70781,-0.0315003,0.0652271,-0.00204134,0.0663616,-0.0326348,-0.70935,0.115515,1.15721,11.175,10.0178
670,2.73757e-11,-4.87827e-09,-3.70722e-12,-0.428948,1.72834,-0.705761,-0.0316086,0.0654948,-0.0020284,0.0666497,-0.0327635,-0.706122,0.116042,1.16248,11.1803,10.0178
671,2.73757e-11,-4.87827e-09,-3.70722e-12,-0.428315,1.72999,-0.706487,-0.0317332,0.0658052,-0.00206046,0.0669478,-0.0328758,-0.707812,0.116586,1.16793,11.1857,10.0178
672,2.73757e-11,-4.87827e-09,-3.70722e-12,-0.427693,1.73234,-0.704401,-0.0318603,0.0660698,-0.00207025,0.0672398,-0.0330303,-0.707044,0.117143,1.17352,11.1913,10.0178
673,2.73757e-11,-4.87827e-09,-3.70722e-12,-0.427701,1.73341,-0.703567,-0.0319987,0.0663387,-0.00210164,0.0675135,-0.0331736,-0.716249,0.117662,1.17871,11.1965,10.0178
674,2.73757e-11,-4.87827e-09,-3.70722e-12,-0.428052,1.74124,-0.704566,-0.0321345,0.0666585,-0.00210506,0.0678201,-0.0332961,-0.710914,0.118241,1.18451,11.2023,10.0178
675,2.73757e-11,-4.87827e-09,-3.70722e-12,-0.427837,1.74213,-0.705718,-0.0322852,0.0669535,-0.00206024,0.068107,-0.0334387,-0.717176,0.118774,1.18986,11.2077,10.0178
676,2.73757e-11,-4.87827e-09,-3.70722e-12,-0.427405,1.7457,-0.70616,-0.0323939,0.0672463,-0.00209128,0.0684067,-0.0335542,-0.717109,0.11935,1.19563,11.2134,10.0178
677,2.73757e-11,-4.87827e-09,-3.70722e-12,-0.427853,1.7484,-0.70621,-0.0325532,0.0675251,-0.00204853,0.0686981,-0.0337262,-0.700799,0.119894,1.20107,11.2189,10.0178
678,2.73757e-11,-4.87827e-09,-3.70722e-12,-0.42756,1.75243,-0.706844,-0.0326733,0.067843,-0.00214332,0.0690002,-0.0338305,-0.70871,0.120447,1.20662,11.2244,10.0178
679,2.73757e-11,-4.87827e-09,-3.70722e-12,-0.42638,1.75403,-0.706565,-0.0328096,0.068135,-0.0021559,0.069292,-0.0339666,-0.706706,0.121009,1.21224,11.2301,10.0178
680,2.73757e-11,-4.87827e-09,-3.70722e-12,-0.427744,1.7555,-0.709717,-0.0329374,0.0684277,-0.00213902,0.0695919,-0.0341016,-0.720428,0.121559,1.21776,11.2356,10.0178
681,2.73757e-11,-4.87827e-09,-3.70722e-12,-0.426888,1.7572,-0.708672,-0.0330924,0.0686808,-0.002113,0.0698693,-0.0342809,-0.701335,0.122104,1.22322,11.241,10.0178
682,2.73757e-11,-4.87827e-09,-3.70722e-12,-0.427029,1.76365,-0.709321,-0.0332429,0.0690038,-0.00217485,0.0701931,-0.0344322,-0.713595,0.122692,1.2291,11.2469,10.0178
683,2.73757e-11,-4.87827e-09,-3.70722e-12,-0.426613,1.76321,-0.708951,-0.0333307,0.0693083,-0.0022121,0.0705011,-0.0345235,-0.708017,0.123238,1.23457,11.2524,10.0178
684,2.73757e-11,-4.87827e-09,-3.70722e-12,-0.427487,1.76822,-0.707911,-0.0334782,0.0696098,-0.00223217,0.0707759,-0.0346443,-0.707704,0.1238,1.2402,11.258,10.0178
685,2.73757e-11,-4.87827e-09,-3.70722e-12,-0.425791,1.7717,-0.70931,-0.0336199,0.0699044,-0.00216604,0.0710825,-0.034798,-0.711909,0.124371,1.24593,11.2637,10.0178
686,2.73757e-11,-4.87827e-09,-3.70722e-12,-0.426156,1.77305,-0.709203,-0.0337343,0.0702213,-0.00224326,0.0713571,-0.0348701,-0.718026,0.124909,1.25132,11.2691,10.0178
687,2.73757e-11,-4.87827e-09,-3.70722e-12,-0.425935,1.77646,-0.708579,-0.033863,0.0705005,-0.00225569,0.0716573,-0.0350198,-0.721056,0.125482,1.25705,11.2749,10.0178
688,2.73757e-11,-4.87827e-09,-3.70722e-12,-0.426986,1.7783,-0.707783,-0.0340069,0.0707738,-0.0022103,0.0719454,-0.0351785,-0.712406,0.126014,1.26238,11.2802,10.0178
689,2.73757e-11,-4.87827e-09,-3.70722e-12,-0.427459,1.78248,-0.705503,-0.0341531,0.0710694,-0.00225385,0.0722508,-0.0353344,-0.705385,0.126628,1.26854,11.2863,10.0178
690,2.73757e-11,-4.87827e-09,-3.70722e-12,-0.427705,1.78324,-0.707456,-0.0342856,0.071362,-0.00226506,0.0725534,-0.035477,-0.710935,0.12716,1.27386,11.2917,10.0178
691,2.73757e-11,-4.87827e-09,-3.70722e-12,-0.426036,1.7852,-0.706407,-0.0344737,0.0716785,-0.00224465,0.0728344,-0.0356296,-0.695618,0.127724,1.27951,11.2973,10.0178
692,2.73757e-11,-4.87827e-09,-3.70722e-12,-0.427821,1.79124,-0.707689,-0.0345298,0.0719275,-0.0022743,0.0731255,-0.0357279,-0.714407,0.128299,1.28528,11.3031,10.0178
693,2.73757e-11,-4.87827e-09,-3.70722e-12,-0.427605,1.79369,-0.707282,-0.0346726,0.0722888,-0.0022234,0.0734368,-0.0358206,-0.709688,0.128863,1.29093,11.3087,10.0178
694,2.73757e-11,-4.87827e-09,-3.70722e-12,-0.426408,1.79475,-0.706944,-0.0347896,0.0725327,-0.00227845,0.0737137,-0.0359706,-0.716159,0.129407,1.29637,11.3142,10.0178
695,2.73757e-11,-4.87827e-09,-3.70722e-12,-0.426927,1.79864,-0.705964,-0.0349735,0.0728233,-0.00232075,0.0740055,-0.0361557,-0.720212,0.129975,1.30207,11.3199,10.0178
696,2.73757e-11,-4.87827e-09,-3.70722e-12,-0.427601,1.79996,-0.706653,-0.035043,0.073205,-0.00228913,0.0743348,-0.0361728,-0.705383,0.130528,1.30761,11.3254,10.0178
697,2.73757e-11,-4.87827e-09,-3.70722e-12,-0.428559,1.80454,-0.707765,-0.0351813,0.0734402,-0.00232351,0.0746082,-0.0363493,-0.716165,0.131112,1.31346,11.3313,10.0178
698,2.73757e-11,-4.87827e-09,-3.70722e-12,-0.428679,1.80666,-0.706415,-0.0353008,0.0737193,-0.00226284,0.074896,-0.0364775,-0.704403,0.131641,1.31876,11.3366,10.0178
699,2.73757e-11,-4.87827e-09,-3.70722e-12,-0.428898,1.81115,-0.711314,-0.0354285,0.0740385,-0.00229581,0.075228,-0.036618,-0.715167,0.132245,1.3248,11.3426,10.0178
700,2.73757e-11,-4.87827e-09,-3.70722e-12,-0.427992,1.81143,-0.708389,-0.0355324,0.074395,-0.0023511,0.0755571,-0.0366945,-0.711645,0.132824,1.33061,11.3484,10.0178
701,2.73757e-11,-4.87827e-09,-3.70722e-12,-0.427094,1.81527,-0.706708,-0.0357306,0.074592,-0.00232322,0.0757836,-0.0369221,-0.70733,0.13338,1.33617,11.354,10.0178
702,2.73757e-11,-4.87827e-09,-3.70722e-12,-0.427447,1.8191,-0.705754,-0.0358685,0.0749155,-0.00231515,0.0761055,-0.0370585,-0.713447,0.133953,1.34192,11.3597,10.0178
703,2.73757e-11,-4.87827e-09,-3.70722e-12,-0.427522,1.82181,-0.70923,-0.0360154,0.0752188,-0.0023519,0.0764027,-0.0371992,-0.700489,0.134535,1.34774,11.3656,10.0178
704,2.73757e-11,-4.87827e-09,-3.70722e-12,-0.427845,1.82471,-0.702513,-0.0361114,0.075504,-0.00238906,0.0766818,-0.0372892,-0.716607,0.135087,1.35327,11.3711,10.0178
705,2.73757e-11,-4.87827e-09,-3.70722e-12,-0.428607,1.82806,-0.706327,-0.0362366,0.0758121,-0.00232879,0.0770108,-0.0374353,-0.696216,0.135702,1.35944,11.3773,10.0178
706,2.73757e-11,-4.87827e-09,-3.70722e-12,-0.427566,1.82718,-0.707044,-0.0363822,0.0761752,-0.00238689,0.0773152,-0.0375222,-0.711902,0.136281,1.36523,11.383,10.0178
707,2.73757e-11,-4.87827e-09,-3.70722e-12,-0.427293,1.83282,-0.708531,-0.0365271,0.0764186,-0.00238382,0.0776174,-0.0377259,-0.713133,0.136881,1.37125,11.3891,10.0178
708,2.73757e-11,-4.87827e-09,-3.70722e-12,-0.429638,1.83455,-0.705707,-0.0365864,0.0767164,-0.00238947,0.0779087,-0.0377787,-0.70745,0.137465,1.3771,11.3949,10.0178
709,2.73757e-11,-4.87827e-09,-3.70722e-12,-0.429423,1.83955,-0.706195,-0.0367273,0.0770247,-0.00237719,0.0781985,-0.0379012,-0.696739,0.137994,1.3824,11.4002,10.0178
710,2.73757e-11,-4.87827e-09,-3.70722e-12,-0.429318,1.84199,-0.711197,-0.0369096,0.0773171,-0.00243684,0.0785053,-0.0380978,-0.710453,0.138586,1.38833,11.4061,10.0178
711,2.73757e-11,-4.87827e-09,-3.70722e-12,-0.428991,1.84333,-0.707014,-0.0370545,0.0776793,-0.00244453,0.0788259,-0.0382011,-0.706665,0.139203,1.39451,11.4123,10.0178
712,2.73757e-11,-4.87827e-09,-3.70722e-12,-0.427549,1.84543,-0.708827,-0.0371302,0.0779277,-0.00242766,0.079121,-0.0383234,-0.699829,0.139744,1.39993,11.4177,10.0178
713,2.73757e-11,-4.87827e-09,-3.70722e-12,-0.427625,1.84903,-0.711314,-0.0373074,0.0782269,-0.00239713,0.0794235,-0.0385039,-0.69962,0.14033,1.4058,11.4236,10.0178
714,2.73757e-11,-4.87827e-09,-3.70722e-12,-0.428319,1.85665,-0.707312,-0.0374161,0.0785465,-0.00239843,0.0797287,-0.0385983,-0.701666,0.140969,1.4122,11.43,10.0178
715,2.73757e-11,-4.87827e-09,-3.70722e-12,-0.429451,1.85589,-0.709099,-0.0375414,0.0788735,-0.0024556,0.080019,-0.038687,-0.705358,0.141515,1.41767,11.4355,10.0178
716,2.73757e-11,-4.87827e-09,-3.70722e-12,-0.427726,1.85947,-0.709281,-0.0377094,0.0791173,-0.00239932,0.0803147,-0.0389068,-0.704732,0.142134,1.42387,11.4417,10.0178
717,2.73757e-11,-4.87827e-09,-3.70722e-12,-0.426969,1.85922,-0.711597,-0.0378233,0.0794635,-0.00242718,0.0806249,-0.0389847,-0.703542,0.14271,1.42965,11.4475,10.0178
718,2.73757e-11,-4.87827e-09,-3.70722e-12,-0.428693,1.8614,-0.712546,-0.037981,0.0797476,-0.00246215,0.0809276,-0.039161,-0.708049,0.143292,1.43547,11.4533,10.0178
719,2.73757e-11,-4.87827e-09,-3.70722e-12,-0.429035,1.86569,-0.713004,-0.0381014,0.0800439,-0.00245541,0.0812343,-0.0392918,-0.711225,0.143905,1.44162,11.4594,10.0178
720,2.73757e-11,-4.87827e-09,-3.70722e-12,-0.427984,1.86992,-0.716102,-0.0382042,0.0803731,-0.00246592,0.0815452,-0.0393763,-0.703618,0.14451,1.44767,11.4655,10.0178
721,2.73757e-11,-4.87827e-09,-3.70722e-12,-0.42774,1.86943,-0.712678,-0.0383278,0.0807187,-0.00252084,0.0818696,-0.0394787,-0.717741,0.145115,1.45374,11.4715,10.0178
722,2.73757e-11,-4.87827e-09,-3.70722e-12,-0.428721,1.8803,-0.708527,-0.0384602,0.0809309,-0.00248679,0.0821223,-0.0396515,-0.7082,0.145673,1.45933,11.4771,10.0178
723,2.73757e-11,-4.87827e-09,-3.70722e-12,-0.427427,1.87603,-0.710744,-0.0386212,0.0812698,-0.00245133,0.0824651,-0.0398165,-0.690987,0.1463,1.46561,11.4834,10.0178
724,2.73757e-11,-4.87827e-09,-3.70722e-12,-0.426132,1.88263,-0.71185,-0.0387323,0.0815733,-0.00246385,0.0827561,-0.0399151,-0.701367,0.146898,1.4716,11.4894,10.0178
725,2.73757e-11,-4.87827e-09,-3.70722e-12,-0.427691,1.87974,-0.707128,-0.0388975,0.0818517,-0.00255096,0.0830439,-0.0400898,-0.704421,0.147459,1.47722,11.495,10.0178
726,2.73757e-11,-4.87827e-09,-3.70722e-12,-0.426587,1.88553,-0.711463,-0.0389701,0.0821619,-0.00256466,0.0833646,-0.0401728,-0.707332,0.148094,1.48358,11.5014,10.0178
727,2.73757e-11,-4.87827e-09,-3.70722e-12,-0.426431,1.88749,-0.707135,-0.03916,0.0824836,-0.00248717,0.083655,-0.0403315,-0.702438,0.148677,1.48942,11.5072,10.0178
728,2.73757e-11,-4.87827e-09,-3.70722e-12,-0.425705,1.89117,-0.714356,-0.0392316,0.0828045,-0.00257882,0.0839779,-0.0404051,-0.708004,0.149298,1.49564,11.5135,10.0178
729,2.73757e-11,-4.87827e-09,-3.70722e-12,-0.426147,1.8931,-0.716067,-0.0393773,0.0831097,-0.00255335,0.0842992,-0.0405668,-0.703057,0.149904,1.50171,11.5195,10.0178
730,2.73757e-11,-4.87827e-09,-3.70722e-12,-0.427641,1.89484,-0.716995,-0.0395051,0.083413,-0.00255287,0.0845886,-0.0406807,-0.693952,0.1505,1.50768,11.5255,10.0178
731,2.73757e-11,-4.87827e-09,-3.70722e-12,-0.427151,1.89741,-0.71554,-0.0396602,0.0837105,-0.00263809,0.0848977,-0.0408473,-0.703222,0.151063,1.51332,11.5311,10.0178
732,2.73757e-11,-4.87827e-09,-3.70722e-12,-0.426255,1.90224,-0.714893,-0.0397787,0.0840472,-0.00258863,0.0852198,-0.0409513,-0.696774,0.151725,1.51995,11.5378,10.0178
733,2.73757e-11,-4.87827e-09,-3.70722e-12,-0.42533,1.90284,-0.713351,-0.0399281,0.08431,-0.00256908,0.0855096,-0.0411278,-0.699244,0.152347,1.52618,11.544,10.0178
734,2.73757e-11,-4.87827e-09,-3.70722e-12,-0.426773,1.9082,-0.712493,-0.0400293,0.0846542,-0.002578,0.0858087,-0.0411838,-0.698346,0.152892,1.53165,11.5495,10.0178
735,2.73757e-11,-4.87827e-09,-3.70722e-12,-0.425391,1.90945,-0.712745,-0.0401926,0.0850025,-0.00259049,0.0861384,-0.0413284,-0.693088,0.153538,1.53811,11.5559,10.0178
736,2.73757e-11,-4.87827e-09,-3.70722e-12,-0.427526,1.91423,-0.710395,-0.0402569,0.0852647,-0.00261325,0.0864555,-0.0414477,-0.697497,0.154163,1.54438,11.5622,10.0178
737,2.73757e-11,-4.87827e-09,-3.70722e-12,-0.428692,1.91704,-0.712979,-0.0403805,0.0855448,-0.00269498,0.0867439,-0.0415796,-0.701205,0.154742,1.55018,11.568,10.0178
738,2.73757e-11,-4.87827e-09,-3.70722e-12,-0.427542,1.91767,-0.715235,-0.0405554,0.0859088,-0.0026634,0.0870829,-0.0417295,-0.703904,0.155366,1.55643,11.5742,10.0178
739,2.73757e-11,-4.87827e-09,-3.70722e-12,-0.427293,1.92221,-0.713725,-0.0406918,0.0861733,-0.00266671,0.0873502,-0.0418688,-0.700518,0.155967,1.56245,11.5803,10.0178
740,2.73757e-11,-4.87827e-09,-3.70722e-12,-0.426654,1.92421,-0.715689,-0.040803,0.0864625,-0.00264572,0.0876324,-0.041973,-0.698019,0.156511,1.5679,11.5857,10.0178
741,2.73757e-11,-4.87827e-09,-3.70722e-12,-0.42671,1.92905,-0.712662,-0.0409573,0.0868207,-0.00263904,0.087978,-0.0421145,-0.688819,0.157214,1.57494,11.5928,10.0178
742,2.73757e-11,-4.87827e-09,-3.70722e-12,-0.427554,1.92854,-0.71445,-0.0410886,0.0870786,-0.00262721,0.0882687,-0.0422787,-0.694487,0.157801,1.58082,11.5986,10.0178
743,2.73757e-11,-4.87827e-09,-3.70722e-12,-0.426993,1.93161,-0.718176,-0.0411545,0.0874453,-0.00269947,0.0886524,-0.0423615,-0.694774,0.158544,1.58826,11.6061,10.0178
744,2.73757e-11,-4.87827e-09,-3.70722e-12,-0.427004,1.93446,-0.714621,-0.0413216,0.08771,-0.00268615,0.0888999,-0.0425115,-0.688533,0.159092,1.59375,11.6116,10.0178
745,2.73757e-11,-4.87827e-09,-3.70722e-12,-0.425408,1.94214,-0.71437,-0.041451,0.0880624,-0.00267421,0.0892369,-0.0426254,-0.696589,0.159692,1.59977,11.6176,10.0178
746,2.73757e-11,-4.87827e-09,-3.70722e-12,-0.426905,1.93798,-0.715292,-0.0415696,0.0883218,-0.00268376,0.0895287,-0.0427765,-0.68735,0.160308,1.60594,11.6237,10.0178
747,2.73757e-11,-4.87827e-09,-3.70722e-12,-0.425581,1.94339,-0.71932,-0.0417229,0.0886263,-0.00270387,0.0898292,-0.0429257,-0.697744,0.160923,1.6121,11.6299,10.0178
748,2.73757e-11,-4.87827e-09,-3.70722e-12,-0.426561,1.94649,-0.715824,-0.0418675,0.0889808,-0.00271856,0.0901567,-0.0430434,-0.692161,0.161565,1.61853,11.6363,10.0178
749,2.73757e-11,-4.87827e-09,-3.70722e-12,-0.426426,1.94484,-0.717132,-0.0419777,0.0892256,-0.00271383,0.090446,-0.043198,-0.695869,0.162154,1.62443,11.6422,10.0178
750,2.73757e-11,-4.87827e-09,-3.70722e-12,-0.428187,1.95261,-0.714863,-0.0420755,0.08963,-0.0027137,0.0907978,-0.0432433,-0.690239,0.162811,1.63101,11.6488,10.0178
751,2.73757e-11,-4.87827e-09,-3.70722e-12,-0.42847,1.95524,-0.712804,-0.0422129,0.089872,-0.0027653,0.0910689,-0.0434098,-0.69288,0.163441,1.63732,11.6551,10.0178
752,2.73757e-11,-4.87827e-09,-3.70722e-12,-0.426727,1.95625,-0.710481,-0.0423342,0.0901918,-0.00280505,0.0913736,-0.043516,-0.682535,0.16407,1.64362,11.6614,10.0178
753,2.73757e-11,-4.87827e-09,-3.70722e-12,-0.426625,1.96163,-0.713384,-0.0425038,0.0905505,-0.00274104,0.0917055,-0.0436588,-0.686641,0.164656,1.64949,11.6673,10.0178
754,2.73757e-11,-4.87827e-09,-3.70722e-12,-0.424187,1.9637,-0.714355,-0.0426078,0.0908413,-0.00268423,0.0920303,-0.0437968,-0.68181,0.165302,1.65597,11.6738,10.0178
755,2.73757e-11,-4.87827e-09,-3.70722e-12,-0.425608,1.9671,-0.717353,-0.0426967,0.0911659,-0.00279534,0.09235,-0.0438807,-0.68759,0.165946,1.66241,11.6802,10.0178
756,2.73757e-11,-4.87827e-09,-3.70722e-12,-0.427465,1.96859,-0.715744,-0.042823,0.0914534,-0.00277857,0.0926589,-0.0440284,-0.687372,0.166599,1.66896,11.6868,10.0178
757,2.73757e-11,-4.87827e-09,-3.70722e-12,-0.426292,1.9724,-0.707784,-0.0429847,0.0917569,-0.00278628,0.0929528,-0.0441806,-0.687046,0.167201,1.67499,11.6928,10.0178
758,2.73757e-11,-4.87827e-09,-3.70722e-12,-0.42576,1.97615,-0.706261,-0.0430486,0.0921016,-0.0027577,0.0932802,-0.0442272,-0.67401,0.167814,1.68113,11.6989,10.0178
759,2.73757e-11,-4.87827e-09,-3.70722e-12,-0.425366,1.97826,-0.704699,-0.0431963,0.0924251,-0.00273676,0.0935963,-0.0443675,-0.678492,0.168472,1.68772,11.7055,10.0178
760,2.73757e-11,-4.87827e-09,-3.70722e-12,-0.426585,1.98117,-0.707116,-0.0433875,0.0927381,-0.00276275,0.0939,-0.0445494,-0.665961,0.169072,1.69374,11.7115,10.0178
761,2.73757e-11,-4.87827e-09,-3.70722e-12,-0.426692,1.98235,-0.715153,-0.0434683,0.0930138,-0.00284096,0.0942081,-0.0446625,-0.673075,0.169725,1.70027,11.7181,10.0178
762,2.73757e-11,-4.87827e-09,-3.70722e-12,-0.425084,1.98605,-0.714483,-0.043575,0.0933016,-0.00288181,0.0945021,-0.0447754,-0.683811,0.170319,1.70622,11.724,10.0178
763,2.73757e-11,-4.87827e-09,-3.70722e-12,-0.424358,1.98773,-0.717801,-0.0436726,0.093632,-0.00293927,0.0948192,-0.0448598,-0.694204,0.170974,1.71279,11.7306,10.0178
764,2.73757e-11,-4.87827e-09,-3.70722e-12,-0.425748,1.99353,-0.70883,-0.043849,0.0939933,-0.00288432,0.0951698,-0.0450255,-0.680049,0.171623,1.71929,11.7371,10.0178
765,2.73757e-11,-4.87827e-09,-3.70722e-12,-0.427163,1.99465,-0.713882,-0.043915,0.0943114,-0.0028081,0.0954814,-0.0450851,-0.679283,0.172258,1.72565,11.7435,10.0178
766,2.73757e-11,-4.87827e-09,-3.70722e-12,-0.425464,1.9965,-0.713618,-0.044067,0.0946387,-0.00283948,0.095819,-0.0452473,-0.662799,0.172941,1.73249,11.7503,10.0178
767,2.73757e-11,-4.87827e-09,-3.70722e-12,-0.428256,2.00023,-0.710573,-0.0441582,0.0949637,-0.00290752,0.0961311,-0.0453256,-0.677741,0.17359,1.73899,11.7568,10.0178
768,2.73757e-11,-4.87827e-09,-3.70722e-12,-0.426853,2.00256,-0.711788,-0.0443227,0.0952123,-0.00293685,0.0964321,-0.0455425,-0.67089,0.174209,1.7452,11.763,10.0178
769,2.73757e-11,-4.87827e-09,-3.70722e-12,-0.424169,2.00118,-0.706377,-0.0444781,0.0954994,-0.0029141,0.0967117,-0.0456904,-0.655853,0.174802,1.75113,11.7689,10.0178
770,2.73757e-11,-4.87827e-09,-3.70722e-12,-0.426254,2.00982,-0.71156,-0.0446199,0.0958554,-0.00288299,0.0970692,-0.0458337,-0.670727,0.175482,1.75794,11.7758,10.0178
771,2.73757e-11,-4.87827e-09,-3.70722e-12,-0.425742,2.01405,-0.710471,-0.0447272,0.0962409,-0.00286861,0.0974171,-0.0459034,-0.656124,0.176139,1.76453,11.7823,10.0178
772,2.73757e-11,-4.87827e-09,-3.70722e-12,-0.426642,2.01207,-0.711348,-0.0448397,0.0964891,-0.00289243,0.0977006,-0.0460512,-0.647966,0.176766,1.77081,11.7886,10.0178
773,2.73757e-11,-4.87827e-09,-3.70722e-12,-0.427173,2.02012,-0.709151,-0.0449741,0.0967898,-0.00291444,0.0980139,-0.0461981,-0.645196,0.177411,1.77727,11.7951,10.0178
774,2.73757e-11,-4.87827e-09,-3.70722e-12,-0.424138,2.01473,-0.711657,-0.0450951,0.0971453,-0.00296403,0.0983336,-0.0462834,-0.647112,0.178071,1.78389,11.8017,10.0178
775,2.73757e-11,-4.87827e-09,-3.70722e-12,-0.427896,2.02209,-0.717357,-0.0451679,0.0974866,-0.00292934,0.0986609,-0.0463423,-0.667629,0.178724,1.79042,11.8082,10.0178
776,2.73757e-11,-4.87827e-09,-3.70722e-12,-0.427092,2.02884,-0.71161,-0.0453494,0.0978802,-0.00290383,0.0990676,-0.0465368,-0.641308,0.179486,1.79805,11.8159,10.0178
777,2.73757e-11,-4.87827e-09,-3.70722e-12,-0.427258,2.02893,-0.714792,-0.0454098,0.0980638,-0.00296163,0.099256,-0.046602,-0.640079,0.179965,1.80286,11.8207,10.0178
778,2.73757e-11,-4.87827e-09,-3.70722e-12,-0.425973,2.02935,-0.705657,-0.0455629,0.0984503,-0.00304349,0.0996627,-0.0467753,-0.659116,0.180737,1.81059,11.8284,10.0178
779,2.73757e-11,-4.87827e-09,-3.70722e-12,-0.425407,2.03455,-0.708101,-0.0456696,0.0987322,-0.00301577,0.0999582,-0.0468956,-0.6442,0.181341,1.81664,11.8345,10.0178
780,2.73757e-11,-4.87827e-09,-3.70722e-12,-0.426742,2.03455,-0.712287,-0.0458321,0.0991255,-0.00300027,0.100307,-0.0470137,-0.637196,0.182024,1.82348,11.8413,10.0178
781,2.73757e-11,-4.87827e-09,-3.70722e-12,-0.425744,2.03769,-0.717182,-0.0459203,0.0994207,-0.00301914,0.100569,-0.0470685,-0.639148,0.182629,1.82954,11.8474,10.0178
782,2.73757e-11,-4.87827e-09,-3.70722e-12,-0.42695,2.03816,-0.723431,-0.0460252,0.0997598,-0.00303134,0.100925,-0.0471899,-0.637694,0.183295,1.83622,11.854,10.0178
783,2.73757e-11,-4.87827e-09,-3.70722e-12,-0.425216,2.04287,-0.723469,-0.0462021,0.10008,-0.00308575,0.101236,-0.0473585,-0.637792,0.183945,1.84272,11.8605,10.0178
784,2.73757e-11,-4.87827e-09,-3.70722e-12,-0.425798,2.04504,-0.718664,-0.0462423,0.100448,-0.00306324,0.101638,-0.0474322,-0.637187,0.184712,1.85041,11.8682,10.0178
785,2.73757e-11,-4.87827e-09,-3.70722e-12,-0.428053,2.05121,-0.713769,-0.0463422,0.100732,-0.00303177,0.101907,-0.047518,-0.630069,0.185264,1.85594,11.8738,10.0178
786,2.73757e-11,-4.87827e-09,-3.70722e-12,-0.425329,2.05204,-0.719541,-0.0464847,0.101046,-0.00312907,0.102228,-0.0476666,-0.639977,0.185907,1.86238,11.8802,10.0178
787,2.73757e-11,-4.87827e-09,-3.70722e-12,-0.427933,2.05116,-0.711558,-0.0466735,0.101333,-0.00306439,0.102522,-0.0478619,-0.639945,0.186531,1.86864,11.8864,10.0178
788,2.73757e-11,-4.87827e-09,-3.70722e-12,-0.427858,2.05709,-0.713745,-0.0468041,0.101696,-0.00304173,0.102878,-0.0479857,-0.623538,0.187292,1.87626,11.8941,10.0178
789,2.73757e-11,-4.87827e-09,-3.70722e-12,-0.428055,2.06237,-0.714958,-0.0468901,0.102009,-0.00307812,0.103226,-0.0481071,-0.639429,0.18791,1.88245,11.9003,10.0178
790,2.73757e-11,-4.87827e-09,-3.70722e-12,-0.425299,2.06359,-0.718624,-0.0470099,0.10235,-0.0031486,0.103532,-0.0481912,-0.624788,0.188613,1.88949,11.9073,10.0178
791,2.73757e-11,-4.87827e-09,-3.70722e-12,-0.425166,2.06321,-0.718553,-0.0471469,0.102639,-0.00310426,0.103855,-0.0483635,-0.609948,0.189227,1.89564,11.9135,10.0178
792,2.73757e-11,-4.87827e-09,-3.70722e-12,-0.426313,2.06811,-0.714819,-0.047247,0.102963,-0.00308381,0.104157,-0.0484408,-0.61884,0.189878,1.90216,11.92,10.0178
793,2.73757e-11,-4.87827e-09,-3.70722e-12,-0.425742,2.07108,-0.714908,-0.0473729,0.103287,-0.00313953,0.104499,-0.0485853,-0.62587,0.19055,1.9089,11.9267,10.0178
794,2.73757e-11,-4.87827e-09,-3.70722e-12,-0.426936,2.07502,-0.714033,-0.0475018,0.103647,-0.00308885,0.104836,-0.0486907,-0.611242,0.191223,1.91564,11.9335,10.0178
795,2.73757e-11,-4.87827e-09,-3.70722e-12,-0.42732,2.07599,-0.712564,-0.0475732,0.103997,-0.00316617,0.105195,-0.0487704,-0.61905,0.191896,1.92238,11.9402,10.0178
796,2.73757e-11,-4.87827e-09,-3.70722e-12,-0.425659,2.07877,-0.720464,-0.047698,0.104335,-0.00315295,0.105532,-0.0488953,-0.62136,0.192607,1.9295,11.9473,10.0178
797,2.73757e-11,-4.87827e-09,-3.70722e-12,-0.426104,2.08066,-0.714612,-0.0478235,0.10468,-0.00320586,0.105853,-0.0489963,-0.622078,0.193241,1.93585,11.9537,10.0178
798,2.73757e-11,-4.87827e-09,-3.70722e-12,-0.423007,2.0847,-0.713879,-0.0479634,0.104998,-0.00314366,0.106176,-0.0491412,-0.603742,0.1939,1.94245,11.9603,10.0178
799,2.73757e-11,-4.87827e-09,-3.70722e-12,-0.426363,2.08794,-0.723722,-0.0480324,0.105356,-0.00318794,0.106535,-0.0492113,-0.606901,0.194604,1.94951,11.9673,10.0178
800,2.73757e-11,-4.87827e-09,-3.70722e-12,-0.42424,2.09207,-0.711605,-0.0481998,0.105631,-0.00314797,0.106836,-0.0494054,-0.602348,0.195271,1.95619,11.974,10.0178
801,2.73757e-11,-4.87827e-09,-3.70722e-12,-0.424563,2.0933,-0.715771,-0.0482858,0.105947,-0.00319286,0.107164,-0.0495028,-0.606892,0.195929,1.96278,11.9806,10.0178
802,2.73757e-11,-4.87827e-09,-3.70722e-12,-0.423603,2.09557,-0.719077,-0.0484668,0.106274,-0.00316348,0.107471,-0.0496637,-0.602881,0.196557,1.96907,11.9869,10.0178
803,2.73757e-11,-4.87827e-09,-3.70722e-12,-0.426632,2.09855,-0.719034,-0.0485216,0.106636,-0.00320077,0.107831,-0.0497166,-0.599598,0.197268,1.97619,11.994,10.0178
804,2.73757e-11,-4.87827e-09,-3.70722e-12,-0.425628,2.10267,-0.717402,-0.0486227,0.10695,-0.00322734,0.108132,-0.0498041,-0.598566,0.197903,1.98256,12.0004,10.0178
805,2.73757e-11,-4.87827e-09,-3.70722e-12,-0.426021,2.10442,-0.719605,-0.0487883,0.107277,-0.0031895,0.108461,-0.0499727,-0.598764,0.198571,1.98924,12.0071,10.0178
806,2.73757e-11,-4.87827e-09,-3.70722e-12,-0.425074,2.1086,-0.720588,-0.0489157,0.107657,-0.00326682,0.108828,-0.0500863,-0.597243,0.199272,1.99627,12.0141,10.0178
807,2.73757e-11,-4.87827e-09,-3.70722e-12,-0.425363,2.10624,-0.720024,-0.0489876,0.108014,-0.00323136,0.109181,-0.0501547,-0.593392,0.19996,2.00317,12.021,10.0178
808,2.73757e-11,-4.87827e-09,-3.70722e-12,-0.423271,2.11357,-0.72488,-0.0491583,0.108274,-0.00327515,0.10947,-0.0503541,-0.608336,0.200644,2.01001,12.0278,10.0178
809,2.73757e-11,-4.87827e-09,-3.70722e-12,-0.42592,2.11497,-0.721886,-0.0492082,0.108641,-0.00338341,0.109838,-0.0504053,-0.601924,0.201321,2.01679,12.0346,10.0178
810,2.73757e-11,-4.87827e-09,-3.70722e-12,-0.428049,2.11857,-0.716087,-0.0493503,0.109018,-0.00327804,0.110181,-0.0505132,-0.59214,0.201982,2.02341,12.0412,10.0178
811,2.73757e-11,-4.87827e-09,-3.70722e-12,-0.425241,2.11876,-0.719539,-0.0494801,0.109303,-0.00330936,0.110497,-0.0506739,-0.586321,0.202681,2.03042,12.0482,10.0178
812,2.73757e-11,-4.87827e-09,-3.70722e-12,-0.427268,2.12459,-0.719817,-0.0495857,0.109637,-0.00328356,0.110848,-0.0507971,-0.595815,0.20333,2.03693,12.0547,10.0178
813,2.73757e-11,-4.87827e-09,-3.70722e-12,-0.425799,2.12503,-0.720907,-0.0496809,0.10995,-0.00337586,0.111156,-0.0508871,-0.580066,0.204025,2.04388,12.0617,10.0178
814,2.73757e-11,-4.87827e-09,-3.70722e-12,-0.425047,2.13051,-0.720309,-0.0498206,0.110313,-0.0033046,0.111514,-0.0510212,-0.584713,0.204695,2.0506,12.0684,10.0178
815,2.73757e-11,-4.87827e-09,-3.70722e-12,-0.425163,2.13215,-0.719303,-0.0499168,0.110653,-0.00334793,0.111854,-0.0511171,-0.601581,0.205392,2.05758,12.0754,10.0178
816,0.000164663,-0.00089378,3.54208e-06,-0.425622,2.13659,-0.716769,-0.0499681,0.110809,-0.00326645,0.112033,-0.0511921,-0.575601,0.20609,2.06457,12.0824,10.0178
817,2.73757e-11,-4.87827e-09,-3.70722e-12,-0.425058,2.13433,-0.720529,-0.050156,0.11135,-0.00332299,0.112529,-0.0513359,-0.584702,0.206762,2.07131,12.0891,10.0178
818,0.000164663,-0.00089378,3.54208e-06,-0.427071,2.13832,-0.717064,-0.0501946,0.111483,-0.0032989,0.112691,-0.0514025,-0.584485,0.207477,2.07846,12.0963,10.0178
819,2.73757e-11,-4.87827e-09,-3.70722e-12,-0.425987,2.14401,-0.725031,-0.0503829,0.112072,-0.00331939,0.113234,-0.0515452,-0.569707,0.208173,2.08544,12.1033,10.0178
820,2.73757e-11,-4.87827e-09,-3.70722e-12,-0.425582,2.14081,-0.719389,-0.0504519,0.112361,-0.00337725,0.113564,-0.0516552,-0.582861,0.208847,2.09219,12.11,10.0178
821,2.73757e-11,-4.87827e-09,-3.70722e-12,-0.427933,2.14944,-0.724573,-0.0505499,0.112737,-0.00338624,0.113916,-0.0517284,-0.585538,0.209523,2.09897,12.1168,10.0178
822,2.73757e-11,-4.87827e-09,-3.70722e-12,-0.427281,2.15016,-0.722048,-0.0506948,0.11306,-0.00344767,0.114249,-0.0518844,-0.5875,0.210219,2.10594,12.1237,10.0178
823,2.73757e-11,-4.87827e-09,-3.70722e-12,-0.427292,2.15207,-0.722536,-0.0507547,0.113367,-0.00338526,0.114575,-0.0519635,-0.583347,0.210901,2.11277,12.1306,10.0178
824,-0.00023366,-0.0055319,-3.05439e-06,-0.426138,2.1561,-0.719107,-0.0509219,0.113833,-0.00339958,0.115009,-0.0520986,-0.582765,0.211601,2.11978,12.1376,10.0178
825,-0.000282497,-0.00165215,9.81444e-06,-0.426876,2.1577,-0.725017,-0.0508526,0.113718,-0.00339513,0.114915,-0.0520505,-0.578033,0.212308,2.12686,12.1447,10.0178
826,0.00031739,-0.000890369,3.99275e-06,-0.425607,2.16157,-0.721669,-0.0510458,0.114235,-0.00337983,0.115447,-0.0522571,-0.573076,0.212973,2.13353,12.1513,10.0178
827,0.000494484,-0.00268392,1.00969e-05,-0.426647,2.16161,-0.721084,-0.0510155,0.114163,-0.00333619,0.115388,-0.0522404,-0.571875,0.213695,2.14076,12.1586,10.0178
828,1.18495e-05,-0.000896622,2.55018e-06,-0.427894,2.16722,-0.723919,-0.0512434,0.114951,-0.00337928,0.11616,-0.0524517,-0.574029,0.214381,2.14763,12.1654,10.0178
829,2.73757e-11,-4.87827e-09,-3.70722e-12,-0.425939,2.1666,-0.727915,-0.0514044,0.115461,-0.00349902,0.116683,-0.0526264,-0.575579,0.215089,2.15472,12.1725,10.0178
830,-0.000446994,-0.0007574,6.26658e-06,-0.42823,2.17653,-0.727539,-0.0514996,0.11564,-0.00343653,0.116846,-0.052706,-0.564184,0.215802,2.16187,12.1797,10.0178
831,2.73757e-11,-4.87827e-09,-3.70722e-12,-0.425771,2.17321,-0.728551,-0.0516661,0.116172,-0.00345046,0.117393,-0.0528868,-0.568742,0.216489,2.16875,12.1866,10.0178
832,0.0002077,-0.00404263,1.61917e-05,-0.426189,2.17775,-0.726749,-0.051473,0.115596,-0.00333747,0.116843,-0.0527202,-0.568571,0.217175,2.17562,12.1934,10.0178
833,0.000955755,-0.00282496,1.35868e-05,-0.427573,2.18191,-0.723261,-0.0515761,0.11608,-0.00342346,0.117311,-0.0528074,-0.562501,0.217863,2.18251,12.2003,10.0178
834,2.73757e-11,-4.87827e-09,-3.70722e-12,-0.426014,2.18332,-0.72459,-0.0519735,0.117222,-0.00343788,0.118435,-0.0531861,-0.564774,0.218575,2.18965,12.2075,10.0178
835,-0.000578929,-0.00240995,6.85826e-06,-0.426525,2.18462,-0.725087,-0.051854,0.116993,-0.00340335,0.118197,-0.0530579,-0.554237,0.219292,2.19682,12.2146,10.0178
836,-0.00105621,-0.000924602,1.37815e-05,-0.425847,2.18963,-0.724064,-0.0518766,0.117334,-0.0035455,0.118564,-0.0531062,-0.57432,0.220002,2.20394,12.2218,10.0178
837,-0.00246885,-0.010256,1.01458e-05,-0.426541,2.19032,-0.720987,-0.0518267,0.117119,-0.00351459,0.118315,-0.0530233,-0.56773,0.220687,2.2108,12.2286,10.0178
838,-0.000870639,-0.00346443,1.1795e-05,-0.426648,2.1957,-0.722828,-0.0521767,0.118006,-0.00343006,0.119226,-0.0533962,-0.559835,0.221427,2.21821,12.236,10.0178
839,-0.00165418,-0.00198482,5.98027e-06,-0.426984,2.19928,-0.726628,-0.0522144,0.1184,-0.00345902,0.119607,-0.0534208,-0.553301,0.222129,2.22525,12.2431,10.0178
840,0.000256532,-0.00765804,2.52824e-05,-0.428723,2.20086,-0.721989,-0.0519631,0.11767,-0.00345643,0.118861,-0.0531543,-0.551849,0.222826,2.23223,12.25,10.0178
841,-0.0023845,-0.00501792,3.65657e-05,-0.427799,2.20386,-0.721223,-0.0521073,0.118037,-0.00348996,0.119267,-0.0533378,-0.553711,0.223523,2.23922,12.257,10.0178
842,-0.00269933,-0.00426581,1.48801e-05,-0.426393,2.20502,-0.719679,-0.0522813,0.118621,-0.00340747,0.119841,-0.0535021,-0.550418,0.224244,2.24644,12.2643,10.0178
843,-0.00422738,-0.00568263,7.30486e-05,-0.426678,2.21067,-0.722877,-0.051851,0.117706,-0.00347449,0.118923,-0.0530681,-0.554772,0.224948,2.25349,12.2713,10.0178
844,-0.00186202,-0.0101359,2.62496e-05,-0.427703,2.21126,-0.72002,-0.0521655,0.118481,-0.0035113,0.11969,-0.0533744,-0.559721,0.225648,2.26049,12.2783,10.0178
845,-0.000320528,-0.010416,3.6889e-05,-0.428236,2.21294,-0.719338,-0.0521996,0.118537,-0.0035526,0.119781,-0.0534433,-0.559687,0.226405,2.26808,12.2859,10.0178
846,-0.00455092,-0.00417535,6.06423e-05,-0.427867,2.2189,-0.723414,-0.0522779,0.119148,-0.00355491,0.120379,-0.0535096,-0.541973,0.227143,2.27547,12.2933,10.0178
847,-0.00392137,-0.00506095,4.73838e-05,-0.428354,2.22034,-0.722469,-0.0525233,0.119718,-0.00357579,0.120935,-0.0537399,-0.552984,0.227849,2.28255,12.3004,10.0178
848,-6.82485e-05,-0.00616487,2.83306e-05,-0.427851,2.22241,-0.721892,-0.0526916,0.120328,-0.00355362,0.121548,-0.0539116,-0.545022,0.228554,2.28961,12.3074,10.0178
849,-0.00436133,-0.00734564,6.19444e-05,-0.428123,2.22496,-0.720316,-0.0523757,0.119439,-0.00341243,0.120666,-0.0536025,-0.553477,0.2293,2.29709,12.3149,10.0178
850,0.00404741,-0.0141245,4.58663e-05,-0.42892,2.22875,-0.719988,-0.0522119,0.119392,-0.00340661,0.120648,-0.0534673,-0.541121,0.230038,2.30447,12.3223,10.0178
851,0.00493594,-0.0211452,7.94024e-05,-0.430882,2.22817,-0.718551,-0.0518489,0.118791,-0.00360475,0.120045,-0.0531029,-0.53536,0.230797,2.31208,12.3299,10.0178
852,0.00193492,-0.0173904,4.13324e-05,-0.430118,2.23224,-0.725047,-0.0522223,0.119803,-0.00358211,0.121004,-0.0534234,-0.543229,0.231538,2.31951,12.3373,10.0178
853,-0.00149926,-0.0146066,8.5804e-05,-0.426634,2.23555,-0.710424,-0.0522293,0.1193,-0.00351515,0.120542,-0.0534718,-0.53955,0.232241,2.32655,12.3444,10.0178
854,0.00187991,-0.0225055,0.000151301,-0.426871,2.23873,-0.711113,-0.0506777,0.115823,-0.00351087,0.117093,-0.0519477,-0.526631,0.233039,2.33454,12.3524,10.0178
855,-0.0063662,-0.0236191,0.00010336,-0.426799,2.23764,-0.720288,-0.0516922,0.118537,-0.00347493,0.119784,-0.0529388,-0.534124,0.233681,2.34097,12.3588,10.0178
856,0.00310972,-0.0218196,0.000104149,-0.429563,2.24633,-0.715525,-0.0512345,0.117098,-0.00339891,0.118355,-0.0524914,-0.509192,0.23448,2.34898,12.3668,10.0178
857,-0.0019317,-0.0178894,8.76266e-05,-0.429366,2.248,-0.718594,-0.0517449,0.118785,-0.00342528,0.12006,-0.0530202,-0.527658,0.235246,2.35665,12.3745,10.0178
858,0.00229848,-0.0302854,0.000117183,-0.42957,2.25014,-0.718946,-0.0505602,0.115797,-0.00329551,0.117088,-0.0518505,-0.513593,0.23599,2.3641,12.3819,10.0178
859,0.00300846,-0.0254022,0.000111966,-0.430484,2.25396,-0.715406,-0.051129,0.117058,-0.0031151,0.118292,-0.0523629,-0.493632,0.236737,2.37159,12.3894,10.0178
860,0.00887101,-0.0302164,9.7341e-05,-0.433809,2.25146,-0.726996,-0.0511268,0.117616,-0.00318041,0.118884,-0.0523942,-0.499111,0.237552,2.37975,12.3976,10.0178
861,0.0103918,-0.0284395,6.96757e-05,-0.431847,2.25421,-0.728223,-0.0512577,0.117884,-0.00311323,0.119189,-0.0525624,-0.508432,0.238294,2.38719,12.405,10.0178
862,0.00835609,-0.0195052,4.87363e-05,-0.42854,2.26201,-0.725896,-0.0521643,0.12062,-0.00330013,0.12188,-0.0534239,-0.505469,0.239094,2.3952,12.413,10.0178
863,0.0124313,-0.0335485,0.000135339,-0.433124,2.26051,-0.719977,-0.0504836,0.116118,-0.00331364,0.117382,-0.0517471,-0.511088,0.239868,2.40295,12.4208,10.0178
864,0.0144574,-0.0300119,0.000121813,-0.435295,2.27039,-0.717198,-0.0505431,0.116251,-0.00318287,0.117535,-0.0518273,-0.488382,0.240639,2.41067,12.4285,10.0178
865,0.00497379,-0.0303798,0.000149442,-0.430301,2.2656,-0.719015,-0.051086,0.117889,-0.00323494,0.119158,-0.0523551,-0.506764,0.241429,2.41859,12.4364,10.0178
866,0.00823284,-0.0351849,0.00015255,-0.430819,2.27451,-0.719792,-0.0501773,0.115233,-0.0031812,0.116546,-0.0514903,-0.483213,0.24223,2.42661,12.4444,10.0178
867,0.00477837,-0.0280725,9.16952e-05,-0.431142,2.27449,-0.718665,-0.0511584,0.118664,-0.00322228,0.119942,-0.0524363,-0.500391,0.243047,2.4348,12.4526,10.0178
868,0.0131973,-0.0373333,0.000146904,-0.43442,2.2783,-0.715915,-0.0497657,0.114607,-0.00317619,0.11592,-0.0510789,-0.47535,0.243891,2.44325,12.4611,10.0178
869,-0.00640042,-0.150271,0.00021886,-1.27714,2.31572,-1.76128,-0.0426501,0.0946482,-0.00213333,0.096116,-0.0441179,-0.477641,0.4654,4.66229,14.6801,10.0178
870,0.000307823,-0.41817,6.01339e-05,-0.803764,2.20134,-0.937196,-0.045438,0.106694,-0.00330923,0.107502,-0.0462456,-0.566098,0.446707,4.47502,14.4928,10.0178
871,-0.0234222,-0.230671,0.000155225,-1.22214,2.26805,-1.87796,-0.0426935,0.0946637,-0.00191609,0.0957919,-0.0438217,-0.48091,0.4676,4.68433,14.7021,10.0178
872,-0.00710283,-0.338289,0.00011079,-0.956808,2.23798,-1.06144,-0.0456202,0.107065,-0.00353897,0.10803,-0.0465849,-0.539245,0.448533,4.49332,14.5111,10.0178
873,-0.00383682,-0.230272,6.86249e-05,-0.96482,2.25849,-1.60728,-0.0451947,0.105551,-0.00293992,0.106862,-0.0465059,-0.4576,0.455375,4.56186,14.5797,10.0178
