Count,Filename_0_0,Filename_0_1,Time_0_0,Time_0_1,cDAQ1Mod1/ai0,cDAQ1Mod1/ai1,cDAQ1Mod1/ai2,cDAQ1Mod1/ai3,Load,,,
0,C:/Users/VicUser/Documents/RobC/20260801/FL31\FL31-00000000_0.tif,C:/Users/VicUser/Documents/RobC/20260801/FL31\FL31-00000000_1.tif,57.730290,57.730599,-0.002464,-10.383721,-10.430638,-10.389762,0.006557,0.000000,0.000000,0.000000
1,C:/Users/VicUser/Documents/RobC/20260801/FL31\FL31-00000001_0.tif,C:/Users/VicUser/Documents/RobC/20260801/FL31\FL31-00000001_1.tif,58.224757,58.225085,-0.000551,-10.383721,-10.430638,-10.389762,0.012176,0.000000,0.000000,0.000000
2,C:/Users/VicUser/Documents/RobC/20260801/FL31\FL31-00000002_0.tif,C:/Users/VicUser/Documents/RobC/20260801/FL31\FL31-00000002_1.tif,58.724753,58.725140,-0.003421,-10.383721,-10.430638,-10.389762,0.003747,0.000000,0.000000,0.000000
3,C:/Users/VicUser/Documents/RobC/20260801/FL31\FL31-00000003_0.tif,C:/Users/VicUser/Documents/RobC/20260801/FL31\FL31-00000003_1.tif,59.224758,59.225080,-0.002464,-10.383721,-10.430638,-10.389762,0.006557,0.000000,0.000000,0.000000
4,C:/Users/VicUser/Documents/RobC/20260801/FL31\FL31-00000004_0.tif,C:/Users/VicUser/Documents/RobC/20260801/FL31\FL31-00000004_1.tif,59.724738,59.725068,-0.002464,-10.383721,-10.430638,-10.389762,0.006557,0.000000,0.000000,0.000000
5,C:/Users/VicUser/Documents/RobC/20260801/FL31\FL31-00000005_0.tif,C:/Users/VicUser/Documents/RobC/20260801/FL31\FL31-00000005_1.tif,60.224734,60.225066,-0.002464,-10.383721,-10.430638,-10.389762,0.006557,0.000000,0.000000,0.000000
6,C:/Users/VicUser/Documents/RobC/20260801/FL31\FL31-00000006_0.tif,C:/Users/VicUser/Documents/RobC/20260801/FL31\FL31-00000006_1.tif,60.724771,60.725175,-0.000551,-10.383721,-10.430638,-10.389762,0.012176,0.000000,0.000000,0.000000
7,C:/Users/VicUser/Documents/RobC/20260801/FL31\FL31-00000007_0.tif,C:/Users/VicUser/Documents/RobC/20260801/FL31\FL31-00000007_1.tif,61.224756,61.225030,-0.001508,-10.383721,-10.430638,-10.389762,0.009366,0.000000,0.000000,0.000000
8,C:/Users/VicUser/Documents/RobC/20260801/FL31\FL31-00000008_0.tif,C:/Users/VicUser/Documents/RobC/20260801/FL31\FL31-00000008_1.tif,61.724708,61.725065,-0.002146,-10.383721,-10.430638,-10.389762,0.007493,0.000000,0.000000,0.000000
9,C:/Users/VicUser/Documents/RobC/20260801/FL31\FL31-00000009_0.tif,C:/Users/VicUser/Documents/RobC/20260801/FL31\FL31-00000009_1.tif,62.224758,62.225077,-0.002146,-10.383721,-10.430638,-10.389762,0.007493,0.000000,0.000000,0.000000
10,C:/Users/VicUser/Documents/RobC/20260801/FL31\FL31-00000010_0.tif,C:/Users/VicUser/Documents/RobC/20260801/FL31\FL31-00000010_1.tif,62.724751,62.725093,-0.001189,-10.383721,-10.430638,-10.389762,0.010303,0.000000,0.000000,0.000000
11,C:/Users/VicUser/Documents/RobC/20260801/FL31\FL31-00000011_0.tif,C:/Users/VicUser/Documents/RobC/20260801/FL31\FL31-00000011_1.tif,63.224847,63.225161,0.000724,-10.383721,-10.430638,-10.389762,0.015923,0.000000,0.000000,0.000000
12,C:/Users/VicUser/Documents/RobC/20260801/FL31\FL31-00000012_0.tif,C:/Users/VicUser/Documents/RobC/20260801/FL31\FL31-00000012_1.tif,63.724708,63.725128,-0.002783,-10.383721,-10.430638,-10.389762,0.005620,0.000000,0.000000,0.000000
13,C:/Users/VicUser/Documents/RobC/20260801/FL31\FL31-00000013_0.tif,C:/Users/VicUser/Documents/RobC/20260801/FL31\FL31-00000013_1.tif,64.224755,64.225130,-0.001827,-10.383721,-10.430638,-10.389762,0.008430,0.000000,0.000000,0.000000
14,C:/Users/VicUser/Documents/RobC/20260801/FL31\FL31-00000014_0.tif,C:/Users/VicUser/Documents/RobC/20260801/FL31\FL31-00000014_1.tif,64.724797,64.725019,-0.002146,-10.383721,-10.430638,-10.389762,0.007493,0.000000,0.000000,0.000000
15,C:/Users/VicUser/Documents/RobC/20260801/FL31\FL31-00000015_0.tif,C:/Users/VicUser/Documents/RobC/20260801/FL31\FL31-00000015_1.tif,65.224709,65.225119,-0.002464,-10.383721,-10.430638,-10.389762,0.006557,0.000000,0.000000,0.000000
16,C:/Users/VicUser/Documents/RobC/20260801/FL31\FL31-00000016_0.tif,C:/Users/VicUser/Documents/RobC/20260801/FL31\FL31-00000016_1.tif,65.724855,65.725139,-0.001508,-10.383721,-10.430638,-10.389762,0.009366,0.000000,0.000000,0.000000
17,C:/Users/VicUser/Documents/RobC/20260801/FL31\FL31-00000017_0.tif,C:/Users/VicUser/Documents/RobC/20260801/FL31\FL31-00000017_1.tif,66.224773,66.225076,-0.001508,-10.383721,-10.430638,-10.389762,0.009366,0.000000,0.000000,0.000000
18,C:/Users/VicUser/Documents/RobC/20260801/FL31\FL31-00000018_0.tif,C:/Users/VicUser/Documents/RobC/20260801/FL31\FL31-00000018_1.tif,66.724767,66.725119,-0.001189,-10.383721,-10.430638,-10.389762,0.010303,0.000000,0.000000,0.000000
19,C:/Users/VicUser/Documents/RobC/20260801/FL31\FL31-00000019_0.tif,C:/Users/VicUser/Documents/RobC/20260801/FL31\FL31-00000019_1.tif,67.224863,67.225191,-0.000870,-10.383721,-10.430638,-10.389762,0.011240,0.000000,0.000000,0.000000
20,C:/Users/VicUser/Documents/RobC/20260801/FL31\FL31-00000020_0.tif,C:/Users/VicUser/Documents/RobC/20260801/FL31\FL31-00000020_1.tif,67.724843,67.725166,-0.002146,-10.383721,-10.430638,-10.389762,0.007493,0.000000,0.000000,0.000000
21,C:/Users/VicUser/Documents/RobC/20260801/FL31\FL31-00000021_0.tif,C:/Users/VicUser/Documents/RobC/20260801/FL31\FL31-00000021_1.tif,68.224772,68.225122,-0.001508,-10.383721,-10.430638,-10.389762,0.009366,0.000000,0.000000,0.000000
22,C:/Users/VicUser/Documents/RobC/20260801/FL31\FL31-00000022_0.tif,C:/Users/VicUser/Documents/RobC/20260801/FL31\FL31-00000022_1.tif,68.724855,68.725174,-0.000870,-10.383721,-10.430638,-10.389762,0.011240,0.000000,0.000000,0.000000
23,C:/Users/VicUser/Documents/RobC/20260801/FL31\FL31-00000023_0.tif,C:/Users/VicUser/Documents/RobC/20260801/FL31\FL31-00000023_1.tif,69.224823,69.225128,-0.002146,-10.383721,-10.430638,-10.389762,0.007493,0.000000,0.000000,0.000000
24,C:/Users/VicUser/Documents/RobC/20260801/FL31\FL31-00000024_0.tif,C:/Users/VicUser/Documents/RobC/20260801/FL31\FL31-00000024_1.tif,69.724780,69.725155,-0.001827,-10.383721,-10.430638,-10.389762,0.008430,0.000000,0.000000,0.000000
25,C:/Users/VicUser/Documents/RobC/20260801/FL31\FL31-00000025_0.tif,C:/Users/VicUser/Documents/RobC/20260801/FL31\FL31-00000025_1.tif,70.224787,70.225133,-0.001827,-10.383721,-10.430638,-10.389762,0.008430,0.000000,0.000000,0.000000
26,C:/Users/VicUser/Documents/RobC/20260801/FL31\FL31-00000026_0.tif,C:/Users/VicUser/Documents/RobC/20260801/FL31\FL31-00000026_1.tif,70.724758,70.725131,-0.001827,-10.383721,-10.430638,-10.389762,0.008430,0.000000,0.000000,0.000000
27,C:/Users/VicUser/Documents/RobC/20260801/FL31\FL31-00000027_0.tif,C:/Users/VicUser/Documents/RobC/20260801/FL31\FL31-00000027_1.tif,71.224754,71.225047,0.000086,-10.383721,-10.430638,-10.389762,0.014050,0.000000,0.000000,0.000000
28,C:/Users/VicUser/Documents/RobC/20260801/FL31\FL31-00000028_0.tif,C:/Users/VicUser/Documents/RobC/20260801/FL31\FL31-00000028_1.tif,71.724759,71.725074,-0.000870,-10.383721,-10.430638,-10.389762,0.011240,0.000000,0.000000,0.000000
29,C:/Users/VicUser/Documents/RobC/20260801/FL31\FL31-00000029_0.tif,C:/Users/VicUser/Documents/RobC/20260801/FL31\FL31-00000029_1.tif,72.224740,72.225033,-0.001189,-10.383721,-10.430638,-10.389762,0.010303,0.000000,0.000000,0.000000
30,C:/Users/VicUser/Documents/RobC/20260801/FL31\FL31-00000030_0.tif,C:/Users/VicUser/Documents/RobC/20260801/FL31\FL31-00000030_1.tif,72.724687,72.725066,-0.001827,-10.383721,-10.430638,-10.389762,0.008430,0.000000,0.000000,0.000000
31,C:/Users/VicUser/Documents/RobC/20260801/FL31\FL31-00000031_0.tif,C:/Users/VicUser/Documents/RobC/20260801/FL31\FL31-00000031_1.tif,73.224766,73.225041,-0.000551,-10.383721,-10.430638,-10.389762,0.012176,0.000000,0.000000,0.000000
32,C:/Users/VicUser/Documents/RobC/20260801/FL31\FL31-00000032_0.tif,C:/Users/VicUser/Documents/RobC/20260801/FL31\FL31-00000032_1.tif,73.724750,73.725029,-0.001508,-10.383721,-10.430638,-10.389762,0.009366,0.000000,0.000000,0.000000
33,C:/Users/VicUser/Documents/RobC/20260801/FL31\FL31-00000033_0.tif,C:/Users/VicUser/Documents/RobC/20260801/FL31\FL31-00000033_1.tif,74.224754,74.225047,-0.000870,-10.383721,-10.430638,-10.389762,0.011240,0.000000,0.000000,0.000000
34,C:/Users/VicUser/Documents/RobC/20260801/FL31\FL31-00000034_0.tif,C:/Users/VicUser/Documents/RobC/20260801/FL31\FL31-00000034_1.tif,74.724750,74.725087,-0.001827,-10.383721,-10.430638,-10.389762,0.008430,0.000000,0.000000,0.000000
35,C:/Users/VicUser/Documents/RobC/20260801/FL31\FL31-00000035_0.tif,C:/Users/VicUser/Documents/RobC/20260801/FL31\FL31-00000035_1.tif,75.224797,75.225126,-0.001189,-10.383721,-10.430638,-10.389762,0.010303,0.000000,0.000000,0.000000
36,C:/Users/VicUser/Documents/RobC/20260801/FL31\FL31-00000036_0.tif,C:/Users/VicUser/Documents/RobC/20260801/FL31\FL31-00000036_1.tif,75.724802,75.725103,-0.000870,-10.383721,-10.430638,-10.389762,0.011240,0.000000,0.000000,0.000000
37,C:/Users/VicUser/Documents/RobC/20260801/FL31\FL31-00000037_0.tif,C:/Users/VicUser/Documents/RobC/20260801/FL31\FL31-00000037_1.tif,76.224775,76.225045,-0.001827,-10.383721,-10.430638,-10.389762,0.008430,0.000000,0.000000,0.000000
38,C:/Users/VicUser/Documents/RobC/20260801/FL31\FL31-00000038_0.tif,C:/Users/VicUser/Documents/RobC/20260801/FL31\FL31-00000038_1.tif,76.724731,76.725083,0.000086,-10.383721,-10.430638,-10.389762,0.014050,0.000000,0.000000,0.000000
39,C:/Users/VicUser/Documents/RobC/20260801/FL31\FL31-00000039_0.tif,C:/Users/VicUser/Documents/RobC/20260801/FL31\FL31-00000039_1.tif,77.224848,77.225194,-0.000233,-10.383721,-10.430638,-10.389762,0.013113,0.000000,0.000000,0.000000
40,C:/Users/VicUser/Documents/RobC/20260801/FL31\FL31-00000040_0.tif,C:/Users/VicUser/Documents/RobC/20260801/FL31\FL31-00000040_1.tif,77.724770,77.725085,-0.007246,-10.383721,-10.430638,-10.389762,-0.007493,0.000000,0.000000,0.000000
41,C:/Users/VicUser/Documents/RobC/20260801/FL31\FL31-00000041_0.tif,C:/Users/VicUser/Documents/RobC/20260801/FL31\FL31-00000041_1.tif,78.224743,78.225025,0.000086,-10.383721,-10.430638,-10.389762,0.014050,0.000000,0.000000,0.000000
42,C:/Users/VicUser/Documents/RobC/20260801/FL31\FL31-00000042_0.tif,C:/Users/VicUser/Documents/RobC/20260801/FL31\FL31-00000042_1.tif,78.724773,78.725150,0.001999,-10.383721,-10.430638,-10.389762,0.019670,0.000000,0.000000,0.000000
43,C:/Users/VicUser/Documents/RobC/20260801/FL31\FL31-00000043_0.tif,C:/Users/VicUser/Documents/RobC/20260801/FL31\FL31-00000043_1.tif,79.224759,79.225042,0.002637,-10.383721,-10.430638,-10.389762,0.021543,0.000000,0.000000,0.000000
44,C:/Users/VicUser/Documents/RobC/20260801/FL31\FL31-00000044_0.tif,C:/Users/VicUser/Documents/RobC/20260801/FL31\FL31-00000044_1.tif,79.724787,79.725187,0.005187,-10.383721,-10.430638,-10.389762,0.029036,0.000000,0.000000,0.000000
45,C:/Users/VicUser/Documents/RobC/20260801/FL31\FL31-00000045_0.tif,C:/Users/VicUser/Documents/RobC/20260801/FL31\FL31-00000045_1.tif,80.224750,80.225026,0.007419,-10.383721,-10.430638,-10.389762,0.035593,0.000000,0.000000,0.000000
46,C:/Users/VicUser/Documents/RobC/20260801/FL31\FL31-00000046_0.tif,C:/Users/VicUser/Documents/RobC/20260801/FL31\FL31-00000046_1.tif,80.724799,80.725106,0.008375,-10.383721,-10.430638,-10.389762,0.038403,0.000000,0.000000,0.000000
47,C:/Users/VicUser/Documents/RobC/20260801/FL31\FL31-00000047_0.tif,C:/Users/VicUser/Documents/RobC/20260801/FL31\FL31-00000047_1.tif,81.224716,81.225076,0.009969,-10.383721,-10.430638,-10.389762,0.043086,0.000000,0.000000,0.000000
48,C:/Users/VicUser/Documents/RobC/20260801/FL31\FL31-00000048_0.tif,C:/Users/VicUser/Documents/RobC/20260801/FL31\FL31-00000048_1.tif,81.724694,81.725070,0.013476,-10.383721,-10.430638,-10.389762,0.053389,0.000000,0.000000,0.000000
49,C:/Users/VicUser/Documents/RobC/20260801/FL31\FL31-00000049_0.tif,C:/Users/VicUser/Documents/RobC/20260801/FL31\FL31-00000049_1.tif,82.224753,82.225029,0.020171,-10.383721,-10.430638,-10.389762,0.073059,0.000000,0.000000,0.000000
50,C:/Users/VicUser/Documents/RobC/20260801/FL31\FL31-00000050_0.tif,C:/Users/VicUser/Documents/RobC/20260801/FL31\FL31-00000050_1.tif,82.724823,82.725142,0.031329,-10.383721,-10.430638,-10.389762,0.105842,0.000000,0.000000,0.000000
51,C:/Users/VicUser/Documents/RobC/20260801/FL31\FL31-00000051_0.tif,C:/Users/VicUser/Documents/RobC/20260801/FL31\FL31-00000051_1.tif,83.224781,83.225043,0.040574,-10.383721,-10.430638,-10.389762,0.133005,0.000000,0.000000,0.000000
52,C:/Users/VicUser/Documents/RobC/20260801/FL31\FL31-00000052_0.tif,C:/Users/VicUser/Documents/RobC/20260801/FL31\FL31-00000052_1.tif,83.724723,83.724978,0.052052,-10.383721,-10.430638,-10.389762,0.166724,0.000000,0.000000,0.000000
53,C:/Users/VicUser/Documents/RobC/20260801/FL31\FL31-00000053_0.tif,C:/Users/VicUser/Documents/RobC/20260801/FL31\FL31-00000053_1.tif,84.224719,84.225045,0.062253,-10.383721,-10.430638,-10.389762,0.196697,0.000000,0.000000,0.000000
54,C:/Users/VicUser/Documents/RobC/20260801/FL31\FL31-00000054_0.tif,C:/Users/VicUser/Documents/RobC/20260801/FL31\FL31-00000054_1.tif,84.724756,84.725107,0.073093,-10.383721,-10.430638,-10.389762,0.228543,0.000000,0.000000,0.000000
55,C:/Users/VicUser/Documents/RobC/20260801/FL31\FL31-00000055_0.tif,C:/Users/VicUser/Documents/RobC/20260801/FL31\FL31-00000055_1.tif,85.224739,85.225020,0.084889,-10.383721,-10.430638,-10.389762,0.263199,0.000000,0.000000,0.000000
56,C:/Users/VicUser/Documents/RobC/20260801/FL31\FL31-00000056_0.tif,C:/Users/VicUser/Documents/RobC/20260801/FL31\FL31-00000056_1.tif,85.724748,85.725038,0.096047,-10.383721,-10.430638,-10.389762,0.295982,0.000000,0.000000,0.000000
57,C:/Users/VicUser/Documents/RobC/20260801/FL31\FL31-00000057_0.tif,C:/Users/VicUser/Documents/RobC/20260801/FL31\FL31-00000057_1.tif,86.224782,86.225004,0.106249,-10.383721,-10.430638,-10.389762,0.325955,0.000000,0.000000,0.000000
58,C:/Users/VicUser/Documents/RobC/20260801/FL31\FL31-00000058_0.tif,C:/Users/VicUser/Documents/RobC/20260801/FL31\FL31-00000058_1.tif,86.724702,86.725137,0.115175,-10.383721,-10.430638,-10.389762,0.352181,0.000000,0.000000,0.000000
59,C:/Users/VicUser/Documents/RobC/20260801/FL31\FL31-00000059_0.tif,C:/Users/VicUser/Documents/RobC/20260801/FL31\FL31-00000059_1.tif,87.224731,87.225075,0.123783,-10.383721,-10.430638,-10.389762,0.377471,0.000000,0.000000,0.000000
60,C:/Users/VicUser/Documents/RobC/20260801/FL31\FL31-00000060_0.tif,C:/Users/VicUser/Documents/RobC/20260801/FL31\FL31-00000060_1.tif,87.724766,87.725138,0.133666,-10.383721,-10.430638,-10.389762,0.406507,0.000000,0.000000,0.000000
61,C:/Users/VicUser/Documents/RobC/20260801/FL31\FL31-00000061_0.tif,C:/Users/VicUser/Documents/RobC/20260801/FL31\FL31-00000061_1.tif,88.224715,88.225060,0.139404,-10.383721,-10.430638,-10.389762,0.423367,0.000000,0.000000,0.000000
62,C:/Users/VicUser/Documents/RobC/20260801/FL31\FL31-00000062_0.tif,C:/Users/VicUser/Documents/RobC/20260801/FL31\FL31-00000062_1.tif,88.724785,88.725061,0.147693,-10.383721,-10.430638,-10.389762,0.447720,0.000000,0.000000,0.000000
63,C:/Users/VicUser/Documents/RobC/20260801/FL31\FL31-00000063_0.tif,C:/Users/VicUser/Documents/RobC/20260801/FL31\FL31-00000063_1.tif,89.224721,89.225166,0.154069,-10.383721,-10.430638,-10.389762,0.466453,0.000000,0.000000,0.000000
64,C:/Users/VicUser/Documents/RobC/20260801/FL31\FL31-00000064_0.tif,C:/Users/VicUser/Documents/RobC/20260801/FL31\FL31-00000064_1.tif,89.724738,89.725079,0.158852,-10.383721,-10.430638,-10.389762,0.480502,0.000000,0.000000,0.000000
65,C:/Users/VicUser/Documents/RobC/20260801/FL31\FL31-00000065_0.tif,C:/Users/VicUser/Documents/RobC/20260801/FL31\FL31-00000065_1.tif,90.224701,90.225096,0.163952,-10.383721,-10.430638,-10.389762,0.495489,0.000000,0.000000,0.000000
66,C:/Users/VicUser/Documents/RobC/20260801/FL31\FL31-00000066_0.tif,C:/Users/VicUser/Documents/RobC/20260801/FL31\FL31-00000066_1.tif,90.724711,90.725110,0.168416,-10.383721,-10.430638,-10.389762,0.508602,0.000000,0.000000,0.000000
67,C:/Users/VicUser/Documents/RobC/20260801/FL31\FL31-00000067_0.tif,C:/Users/VicUser/Documents/RobC/20260801/FL31\FL31-00000067_1.tif,91.224770,91.225086,0.172560,-10.383721,-10.430638,-10.389762,0.520778,0.000000,0.000000,0.000000
68,C:/Users/VicUser/Documents/RobC/20260801/FL31\FL31-00000068_0.tif,C:/Users/VicUser/Documents/RobC/20260801/FL31\FL31-00000068_1.tif,91.724817,91.725131,0.175429,-10.383721,-10.430638,-10.389762,0.529208,0.000000,0.000000,0.000000
69,C:/Users/VicUser/Documents/RobC/20260801/FL31\FL31-00000069_0.tif,C:/Users/VicUser/Documents/RobC/20260801/FL31\FL31-00000069_1.tif,92.224719,92.225053,0.180212,-10.383721,-10.430638,-10.389762,0.543258,0.000000,0.000000,0.000000
70,C:/Users/VicUser/Documents/RobC/20260801/FL31\FL31-00000070_0.tif,C:/Users/VicUser/Documents/RobC/20260801/FL31\FL31-00000070_1.tif,92.724801,92.725162,0.183081,-10.383721,-10.430638,-10.389762,0.551688,0.000000,0.000000,0.000000
71,C:/Users/VicUser/Documents/RobC/20260801/FL31\FL31-00000071_0.tif,C:/Users/VicUser/Documents/RobC/20260801/FL31\FL31-00000071_1.tif,93.224806,93.225167,0.188500,-10.383721,-10.430638,-10.389762,0.567611,0.000000,0.000000,0.000000
72,C:/Users/VicUser/Documents/RobC/20260801/FL31\FL31-00000072_0.tif,C:/Users/VicUser/Documents/RobC/20260801/FL31\FL31-00000072_1.tif,93.724730,93.725122,0.190732,-10.383721,-10.430638,-10.389762,0.574168,0.000000,0.000000,0.000000
73,C:/Users/VicUser/Documents/RobC/20260801/FL31\FL31-00000073_0.tif,C:/Users/VicUser/Documents/RobC/20260801/FL31\FL31-00000073_1.tif,94.224743,94.225084,0.194877,-10.383721,-10.430638,-10.389762,0.586344,0.000000,0.000000,0.000000
74,C:/Users/VicUser/Documents/RobC/20260801/FL31\FL31-00000074_0.tif,C:/Users/VicUser/Documents/RobC/20260801/FL31\FL31-00000074_1.tif,94.724801,94.725243,0.199021,-10.383721,-10.430638,-10.389762,0.598521,0.000000,0.000000,0.000000
75,C:/Users/VicUser/Documents/RobC/20260801/FL31\FL31-00000075_0.tif,C:/Users/VicUser/Documents/RobC/20260801/FL31\FL31-00000075_1.tif,95.224917,95.225179,0.204441,-10.383721,-10.430638,-10.389762,0.614444,0.000000,0.000000,0.000000
76,C:/Users/VicUser/Documents/RobC/20260801/FL31\FL31-00000076_0.tif,C:/Users/VicUser/Documents/RobC/20260801/FL31\FL31-00000076_1.tif,95.724780,95.725193,0.209223,-10.383721,-10.430638,-10.389762,0.628493,0.000000,0.000000,0.000000
77,C:/Users/VicUser/Documents/RobC/20260801/FL31\FL31-00000077_0.tif,C:/Users/VicUser/Documents/RobC/20260801/FL31\FL31-00000077_1.tif,96.224871,96.225207,0.212411,-10.383721,-10.430638,-10.389762,0.637860,0.000000,0.000000,0.000000
78,C:/Users/VicUser/Documents/RobC/20260801/FL31\FL31-00000078_0.tif,C:/Users/VicUser/Documents/RobC/20260801/FL31\FL31-00000078_1.tif,96.724845,96.725158,0.219743,-10.383721,-10.430638,-10.389762,0.659403,0.000000,0.000000,0.000000
79,C:/Users/VicUser/Documents/RobC/20260801/FL31\FL31-00000079_0.tif,C:/Users/VicUser/Documents/RobC/20260801/FL31\FL31-00000079_1.tif,97.224891,97.225114,0.222932,-10.383721,-10.430638,-10.389762,0.668769,0.000000,0.000000,0.000000
80,C:/Users/VicUser/Documents/RobC/20260801/FL31\FL31-00000080_0.tif,C:/Users/VicUser/Documents/RobC/20260801/FL31\FL31-00000080_1.tif,97.724856,97.725120,0.228032,-10.383721,-10.430638,-10.389762,0.683756,0.000000,0.000000,0.000000
81,C:/Users/VicUser/Documents/RobC/20260801/FL31\FL31-00000081_0.tif,C:/Users/VicUser/Documents/RobC/20260801/FL31\FL31-00000081_1.tif,98.224770,98.225094,0.231539,-10.383721,-10.430638,-10.389762,0.694059,0.000000,0.000000,0.000000
82,C:/Users/VicUser/Documents/RobC/20260801/FL31\FL31-00000082_0.tif,C:/Users/VicUser/Documents/RobC/20260801/FL31\FL31-00000082_1.tif,98.724739,98.725103,0.236321,-10.383721,-10.430638,-10.389762,0.708109,0.000000,0.000000,0.000000
83,C:/Users/VicUser/Documents/RobC/20260801/FL31\FL31-00000083_0.tif,C:/Users/VicUser/Documents/RobC/20260801/FL31\FL31-00000083_1.tif,99.224767,99.225040,0.241422,-10.383721,-10.430638,-10.389762,0.723095,0.000000,0.000000,0.000000
84,C:/Users/VicUser/Documents/RobC/20260801/FL31\FL31-00000084_0.tif,C:/Users/VicUser/Documents/RobC/20260801/FL31\FL31-00000084_1.tif,99.724723,99.725112,0.246204,-10.383721,-10.430638,-10.389762,0.737145,0.000000,0.000000,0.000000
85,C:/Users/VicUser/Documents/RobC/20260801/FL31\FL31-00000085_0.tif,C:/Users/VicUser/Documents/RobC/20260801/FL31\FL31-00000085_1.tif,100.224760,100.225028,0.251624,-10.383721,-10.430638,-10.389762,0.753068,0.000000,0.000000,0.000000
86,C:/Users/VicUser/Documents/RobC/20260801/FL31\FL31-00000086_0.tif,C:/Users/VicUser/Documents/RobC/20260801/FL31\FL31-00000086_1.tif,100.724795,100.725063,0.255769,-10.383721,-10.430638,-10.389762,0.765245,0.000000,0.000000,0.000000
87,C:/Users/VicUser/Documents/RobC/20260801/FL31\FL31-00000087_0.tif,C:/Users/VicUser/Documents/RobC/20260801/FL31\FL31-00000087_1.tif,101.224791,101.225036,0.261507,-10.383721,-10.430638,-10.389762,0.782104,0.000000,0.000000,0.000000
88,C:/Users/VicUser/Documents/RobC/20260801/FL31\FL31-00000088_0.tif,C:/Users/VicUser/Documents/RobC/20260801/FL31\FL31-00000088_1.tif,101.724732,101.725135,0.266289,-10.383721,-10.430638,-10.389762,0.796154,0.000000,0.000000,0.000000
89,C:/Users/VicUser/Documents/RobC/20260801/FL31\FL31-00000089_0.tif,C:/Users/VicUser/Documents/RobC/20260801/FL31\FL31-00000089_1.tif,102.224748,102.225054,0.270115,-10.383721,-10.430638,-10.389762,0.807394,0.000000,0.000000,0.000000
90,C:/Users/VicUser/Documents/RobC/20260801/FL31\FL31-00000090_0.tif,C:/Users/VicUser/Documents/RobC/20260801/FL31\FL31-00000090_1.tif,102.724736,102.725084,0.276172,-10.383721,-10.430638,-10.389762,0.825190,0.000000,0.000000,0.000000
91,C:/Users/VicUser/Documents/RobC/20260801/FL31\FL31-00000091_0.tif,C:/Users/VicUser/Documents/RobC/20260801/FL31\FL31-00000091_1.tif,103.224798,103.225051,0.280954,-10.383721,-10.430638,-10.389762,0.839240,0.000000,0.000000,0.000000
92,C:/Users/VicUser/Documents/RobC/20260801/FL31\FL31-00000092_0.tif,C:/Users/VicUser/Documents/RobC/20260801/FL31\FL31-00000092_1.tif,103.724732,103.724964,0.284142,-10.383721,-10.430638,-10.389762,0.848607,0.000000,0.000000,0.000000
93,C:/Users/VicUser/Documents/RobC/20260801/FL31\FL31-00000093_0.tif,C:/Users/VicUser/Documents/RobC/20260801/FL31\FL31-00000093_1.tif,104.224768,104.225036,0.289562,-10.383721,-10.430638,-10.389762,0.864530,0.000000,0.000000,0.000000
94,C:/Users/VicUser/Documents/RobC/20260801/FL31\FL31-00000094_0.tif,C:/Users/VicUser/Documents/RobC/20260801/FL31\FL31-00000094_1.tif,104.724739,104.725086,0.294025,-10.383721,-10.430638,-10.389762,0.877643,0.000000,0.000000,0.000000
95,C:/Users/VicUser/Documents/RobC/20260801/FL31\FL31-00000095_0.tif,C:/Users/VicUser/Documents/RobC/20260801/FL31\FL31-00000095_1.tif,105.224771,105.225073,0.299445,-10.383721,-10.430638,-10.389762,0.893566,0.000000,0.000000,0.000000
96,C:/Users/VicUser/Documents/RobC/20260801/FL31\FL31-00000096_0.tif,C:/Users/VicUser/Documents/RobC/20260801/FL31\FL31-00000096_1.tif,105.724740,105.725046,0.303908,-10.383721,-10.430638,-10.389762,0.906679,0.000000,0.000000,0.000000
97,C:/Users/VicUser/Documents/RobC/20260801/FL31\FL31-00000097_0.tif,C:/Users/VicUser/Documents/RobC/20260801/FL31\FL31-00000097_1.tif,106.224761,106.225060,0.309328,-10.383721,-10.430638,-10.389762,0.922602,0.000000,0.000000,0.000000
98,C:/Users/VicUser/Documents/RobC/20260801/FL31\FL31-00000098_0.tif,C:/Users/VicUser/Documents/RobC/20260801/FL31\FL31-00000098_1.tif,106.724764,106.725088,0.312835,-10.383721,-10.430638,-10.389762,0.932905,0.000000,0.000000,0.000000
99,C:/Users/VicUser/Documents/RobC/20260801/FL31\FL31-00000099_0.tif,C:/Users/VicUser/Documents/RobC/20260801/FL31\FL31-00000099_1.tif,107.224808,107.225114,0.317936,-10.383721,-10.430638,-10.389762,0.947892,0.000000,0.000000,0.000000
100,C:/Users/VicUser/Documents/RobC/20260801/FL31\FL31-00000100_0.tif,C:/Users/VicUser/Documents/RobC/20260801/FL31\FL31-00000100_1.tif,107.724753,107.725119,0.323037,-10.383721,-10.430638,-10.389762,0.962878,0.000000,0.000000,0.000000
101,C:/Users/VicUser/Documents/RobC/20260801/FL31\FL31-00000101_0.tif,C:/Users/VicUser/Documents/RobC/20260801/FL31\FL31-00000101_1.tif,108.224802,108.225077,0.327819,-10.383721,-10.430638,-10.389762,0.976928,0.000000,0.000000,0.000000
102,C:/Users/VicUser/Documents/RobC/20260801/FL31\FL31-00000102_0.tif,C:/Users/VicUser/Documents/RobC/20260801/FL31\FL31-00000102_1.tif,108.724740,108.725049,0.332920,-10.383721,-10.430638,-10.389762,0.991914,0.000000,0.000000,0.000000
103,C:/Users/VicUser/Documents/RobC/20260801/FL31\FL31-00000103_0.tif,C:/Users/VicUser/Documents/RobC/20260801/FL31\FL31-00000103_1.tif,109.224816,109.225260,0.338021,-10.383721,-10.430638,-10.389762,1.006901,0.000000,0.000000,0.000000
104,C:/Users/VicUser/Documents/RobC/20260801/FL31\FL31-00000104_0.tif,C:/Users/VicUser/Documents/RobC/20260801/FL31\FL31-00000104_1.tif,109.724734,109.725047,0.343759,-10.383721,-10.430638,-10.389762,1.023761,0.000000,0.000000,0.000000
105,C:/Users/VicUser/Documents/RobC/20260801/FL31\FL31-00000105_0.tif,C:/Users/VicUser/Documents/RobC/20260801/FL31\FL31-00000105_1.tif,110.224789,110.225080,0.346628,-10.383721,-10.430638,-10.389762,1.032190,0.000000,0.000000,0.000000
106,C:/Users/VicUser/Documents/RobC/20260801/FL31\FL31-00000106_0.tif,C:/Users/VicUser/Documents/RobC/20260801/FL31\FL31-00000106_1.tif,110.724772,110.725084,0.352686,-10.383721,-10.430638,-10.389762,1.049987,0.000000,0.000000,0.000000
107,C:/Users/VicUser/Documents/RobC/20260801/FL31\FL31-00000107_0.tif,C:/Users/VicUser/Documents/RobC/20260801/FL31\FL31-00000107_1.tif,111.224745,111.225048,0.358424,-10.383721,-10.430638,-10.389762,1.066847,0.000000,0.000000,0.000000
108,C:/Users/VicUser/Documents/RobC/20260801/FL31\FL31-00000108_0.tif,C:/Users/VicUser/Documents/RobC/20260801/FL31\FL31-00000108_1.tif,111.724764,111.725106,0.361293,-10.383721,-10.430638,-10.389762,1.075276,0.000000,0.000000,0.000000
109,C:/Users/VicUser/Documents/RobC/20260801/FL31\FL31-00000109_0.tif,C:/Users/VicUser/Documents/RobC/20260801/FL31\FL31-00000109_1.tif,112.224797,112.225055,0.366713,-10.383721,-10.430638,-10.389762,1.091200,0.000000,0.000000,0.000000
110,C:/Users/VicUser/Documents/RobC/20260801/FL31\FL31-00000110_0.tif,C:/Users/VicUser/Documents/RobC/20260801/FL31\FL31-00000110_1.tif,112.724765,112.725021,0.371814,-10.383721,-10.430638,-10.389762,1.106186,0.000000,0.000000,0.000000
111,C:/Users/VicUser/Documents/RobC/20260801/FL31\FL31-00000111_0.tif,C:/Users/VicUser/Documents/RobC/20260801/FL31\FL31-00000111_1.tif,113.224757,113.225034,0.376596,-10.383721,-10.430638,-10.389762,1.120236,0.000000,0.000000,0.000000
112,C:/Users/VicUser/Documents/RobC/20260801/FL31\FL31-00000112_0.tif,C:/Users/VicUser/Documents/RobC/20260801/FL31\FL31-00000112_1.tif,113.724839,113.725098,0.382016,-10.383721,-10.430638,-10.389762,1.136159,0.000000,0.000000,0.000000
113,C:/Users/VicUser/Documents/RobC/20260801/FL31\FL31-00000113_0.tif,C:/Users/VicUser/Documents/RobC/20260801/FL31\FL31-00000113_1.tif,114.224778,114.225060,0.386479,-10.383721,-10.430638,-10.389762,1.149272,0.000000,0.000000,0.000000
114,C:/Users/VicUser/Documents/RobC/20260801/FL31\FL31-00000114_0.tif,C:/Users/VicUser/Documents/RobC/20260801/FL31\FL31-00000114_1.tif,114.724755,114.725102,0.391580,-10.383721,-10.430638,-10.389762,1.164258,0.000000,0.000000,0.000000
115,C:/Users/VicUser/Documents/RobC/20260801/FL31\FL31-00000115_0.tif,C:/Users/VicUser/Documents/RobC/20260801/FL31\FL31-00000115_1.tif,115.224788,115.225000,0.394768,-10.383721,-10.430638,-10.389762,1.173625,0.000000,0.000000,0.000000
116,C:/Users/VicUser/Documents/RobC/20260801/FL31\FL31-00000116_0.tif,C:/Users/VicUser/Documents/RobC/20260801/FL31\FL31-00000116_1.tif,115.724714,115.725053,0.401144,-10.383721,-10.430638,-10.389762,1.192358,0.000000,0.000000,0.000000
117,C:/Users/VicUser/Documents/RobC/20260801/FL31\FL31-00000117_0.tif,C:/Users/VicUser/Documents/RobC/20260801/FL31\FL31-00000117_1.tif,116.224828,116.225154,0.406883,-10.383721,-10.430638,-10.389762,1.209218,0.000000,0.000000,0.000000
118,C:/Users/VicUser/Documents/RobC/20260801/FL31\FL31-00000118_0.tif,C:/Users/VicUser/Documents/RobC/20260801/FL31\FL31-00000118_1.tif,116.724753,116.725167,0.409752,-10.383721,-10.430638,-10.389762,1.217648,0.000000,0.000000,0.000000
119,C:/Users/VicUser/Documents/RobC/20260801/FL31\FL31-00000119_0.tif,C:/Users/VicUser/Documents/RobC/20260801/FL31\FL31-00000119_1.tif,117.224793,117.225149,0.414853,-10.383721,-10.430638,-10.389762,1.232634,0.000000,0.000000,0.000000
120,C:/Users/VicUser/Documents/RobC/20260801/FL31\FL31-00000120_0.tif,C:/Users/VicUser/Documents/RobC/20260801/FL31\FL31-00000120_1.tif,117.724817,117.725170,0.420272,-10.383721,-10.430638,-10.389762,1.248557,0.000000,0.000000,0.000000
121,C:/Users/VicUser/Documents/RobC/20260801/FL31\FL31-00000121_0.tif,C:/Users/VicUser/Documents/RobC/20260801/FL31\FL31-00000121_1.tif,118.224793,118.224979,0.426330,-10.383721,-10.430638,-10.389762,1.266354,0.000000,0.000000,0.000000
122,C:/Users/VicUser/Documents/RobC/20260801/FL31\FL31-00000122_0.tif,C:/Users/VicUser/Documents/RobC/20260801/FL31\FL31-00000122_1.tif,118.724759,118.725055,0.429837,-10.383721,-10.430638,-10.389762,1.276657,0.000000,0.000000,0.000000
123,C:/Users/VicUser/Documents/RobC/20260801/FL31\FL31-00000123_0.tif,C:/Users/VicUser/Documents/RobC/20260801/FL31\FL31-00000123_1.tif,119.224814,119.225094,0.435894,-10.383721,-10.430638,-10.389762,1.294453,0.000000,0.000000,0.000000
124,C:/Users/VicUser/Documents/RobC/20260801/FL31\FL31-00000124_0.tif,C:/Users/VicUser/Documents/RobC/20260801/FL31\FL31-00000124_1.tif,119.724756,119.725098,0.439401,-10.383721,-10.430638,-10.389762,1.304756,0.000000,0.000000,0.000000
125,C:/Users/VicUser/Documents/RobC/20260801/FL31\FL31-00000125_0.tif,C:/Users/VicUser/Documents/RobC/20260801/FL31\FL31-00000125_1.tif,120.224855,120.225059,0.444183,-10.383721,-10.430638,-10.389762,1.318806,0.000000,0.000000,0.000000
126,C:/Users/VicUser/Documents/RobC/20260801/FL31\FL31-00000126_0.tif,C:/Users/VicUser/Documents/RobC/20260801/FL31\FL31-00000126_1.tif,120.724757,120.725101,0.451197,-10.383721,-10.430638,-10.389762,1.339412,0.000000,0.000000,0.000000
127,C:/Users/VicUser/Documents/RobC/20260801/FL31\FL31-00000127_0.tif,C:/Users/VicUser/Documents/RobC/20260801/FL31\FL31-00000127_1.tif,121.224818,121.225089,0.455022,-10.383721,-10.430638,-10.389762,1.350652,0.000000,0.000000,0.000000
128,C:/Users/VicUser/Documents/RobC/20260801/FL31\FL31-00000128_0.tif,C:/Users/VicUser/Documents/RobC/20260801/FL31\FL31-00000128_1.tif,121.724772,121.725122,0.459804,-10.383721,-10.430638,-10.389762,1.364702,0.000000,0.000000,0.000000
129,C:/Users/VicUser/Documents/RobC/20260801/FL31\FL31-00000129_0.tif,C:/Users/VicUser/Documents/RobC/20260801/FL31\FL31-00000129_1.tif,122.224751,122.225027,0.465543,-10.383721,-10.430638,-10.389762,1.381562,0.000000,0.000000,0.000000
130,C:/Users/VicUser/Documents/RobC/20260801/FL31\FL31-00000130_0.tif,C:/Users/VicUser/Documents/RobC/20260801/FL31\FL31-00000130_1.tif,122.724772,122.725124,0.469687,-10.383721,-10.430638,-10.389762,1.393738,0.000000,0.000000,0.000000
131,C:/Users/VicUser/Documents/RobC/20260801/FL31\FL31-00000131_0.tif,C:/Users/VicUser/Documents/RobC/20260801/FL31\FL31-00000131_1.tif,123.224792,123.225055,0.474788,-10.383721,-10.430638,-10.389762,1.408725,0.000000,0.000000,0.000000
132,C:/Users/VicUser/Documents/RobC/20260801/FL31\FL31-00000132_0.tif,C:/Users/VicUser/Documents/RobC/20260801/FL31\FL31-00000132_1.tif,123.724907,123.725276,0.479252,-10.383721,-10.430638,-10.389762,1.421838,0.000000,0.000000,0.000000
133,C:/Users/VicUser/Documents/RobC/20260801/FL31\FL31-00000133_0.tif,C:/Users/VicUser/Documents/RobC/20260801/FL31\FL31-00000133_1.tif,124.224823,124.225015,0.484671,-10.383721,-10.430638,-10.389762,1.437761,0.000000,0.000000,0.000000
134,C:/Users/VicUser/Documents/RobC/20260801/FL31\FL31-00000134_0.tif,C:/Users/VicUser/Documents/RobC/20260801/FL31\FL31-00000134_1.tif,124.724834,124.725192,0.489135,-10.383721,-10.430638,-10.389762,1.450874,0.000000,0.000000,0.000000
135,C:/Users/VicUser/Documents/RobC/20260801/FL31\FL31-00000135_0.tif,C:/Users/VicUser/Documents/RobC/20260801/FL31\FL31-00000135_1.tif,125.224847,125.225188,0.494873,-10.383721,-10.430638,-10.389762,1.467734,0.000000,0.000000,0.000000
136,C:/Users/VicUser/Documents/RobC/20260801/FL31\FL31-00000136_0.tif,C:/Users/VicUser/Documents/RobC/20260801/FL31\FL31-00000136_1.tif,125.724797,125.725165,0.501887,-10.383721,-10.430638,-10.389762,1.488340,0.000000,0.000000,0.000000
137,C:/Users/VicUser/Documents/RobC/20260801/FL31\FL31-00000137_0.tif,C:/Users/VicUser/Documents/RobC/20260801/FL31\FL31-00000137_1.tif,126.224820,126.225137,0.507625,-10.383721,-10.430638,-10.389762,1.505200,0.000000,0.000000,0.000000
138,C:/Users/VicUser/Documents/RobC/20260801/FL31\FL31-00000138_0.tif,C:/Users/VicUser/Documents/RobC/20260801/FL31\FL31-00000138_1.tif,126.724798,126.725181,0.513364,-10.383721,-10.430638,-10.389762,1.522059,0.000000,0.000000,0.000000
139,C:/Users/VicUser/Documents/RobC/20260801/FL31\FL31-00000139_0.tif,C:/Users/VicUser/Documents/RobC/20260801/FL31\FL31-00000139_1.tif,127.224829,127.225081,0.519740,-10.383721,-10.430638,-10.389762,1.540793,0.000000,0.000000,0.000000
140,C:/Users/VicUser/Documents/RobC/20260801/FL31\FL31-00000140_0.tif,C:/Users/VicUser/Documents/RobC/20260801/FL31\FL31-00000140_1.tif,127.724772,127.725156,0.525478,-10.383721,-10.430638,-10.389762,1.557652,0.000000,0.000000,0.000000
141,C:/Users/VicUser/Documents/RobC/20260801/FL31\FL31-00000141_0.tif,C:/Users/VicUser/Documents/RobC/20260801/FL31\FL31-00000141_1.tif,128.224747,128.225101,0.530898,-10.383721,-10.430638,-10.389762,1.573575,0.000000,0.000000,0.000000
142,C:/Users/VicUser/Documents/RobC/20260801/FL31\FL31-00000142_0.tif,C:/Users/VicUser/Documents/RobC/20260801/FL31\FL31-00000142_1.tif,128.724750,128.725100,0.536955,-10.383721,-10.430638,-10.389762,1.591372,0.000000,0.000000,0.000000
143,C:/Users/VicUser/Documents/RobC/20260801/FL31\FL31-00000143_0.tif,C:/Users/VicUser/Documents/RobC/20260801/FL31\FL31-00000143_1.tif,129.224685,129.225041,0.543650,-10.383721,-10.430638,-10.389762,1.611042,0.000000,0.000000,0.000000
144,C:/Users/VicUser/Documents/RobC/20260801/FL31\FL31-00000144_0.tif,C:/Users/VicUser/Documents/RobC/20260801/FL31\FL31-00000144_1.tif,129.724753,129.725033,0.547795,-10.383721,-10.430638,-10.389762,1.623218,0.000000,0.000000,0.000000
145,C:/Users/VicUser/Documents/RobC/20260801/FL31\FL31-00000145_0.tif,C:/Users/VicUser/Documents/RobC/20260801/FL31\FL31-00000145_1.tif,130.224802,130.225060,0.554809,-10.383721,-10.430638,-10.389762,1.643824,0.000000,0.000000,0.000000
146,C:/Users/VicUser/Documents/RobC/20260801/FL31\FL31-00000146_0.tif,C:/Users/VicUser/Documents/RobC/20260801/FL31\FL31-00000146_1.tif,130.724726,130.725094,0.562141,-10.383721,-10.430638,-10.389762,1.665367,0.000000,0.000000,0.000000
147,C:/Users/VicUser/Documents/RobC/20260801/FL31\FL31-00000147_0.tif,C:/Users/VicUser/Documents/RobC/20260801/FL31\FL31-00000147_1.tif,131.224785,131.225038,0.568517,-10.383721,-10.430638,-10.389762,1.684100,0.000000,0.000000,0.000000
148,C:/Users/VicUser/Documents/RobC/20260801/FL31\FL31-00000148_0.tif,C:/Users/VicUser/Documents/RobC/20260801/FL31\FL31-00000148_1.tif,131.724735,131.725001,0.574575,-10.383721,-10.430638,-10.389762,1.701897,0.000000,0.000000,0.000000
149,C:/Users/VicUser/Documents/RobC/20260801/FL31\FL31-00000149_0.tif,C:/Users/VicUser/Documents/RobC/20260801/FL31\FL31-00000149_1.tif,132.224772,132.225077,0.581907,-10.383721,-10.430638,-10.389762,1.723440,0.000000,0.000000,0.000000
150,C:/Users/VicUser/Documents/RobC/20260801/FL31\FL31-00000150_0.tif,C:/Users/VicUser/Documents/RobC/20260801/FL31\FL31-00000150_1.tif,132.724734,132.725015,0.586689,-10.383721,-10.430638,-10.389762,1.737489,0.000000,0.000000,0.000000
151,C:/Users/VicUser/Documents/RobC/20260801/FL31\FL31-00000151_0.tif,C:/Users/VicUser/Documents/RobC/20260801/FL31\FL31-00000151_1.tif,133.224821,133.225119,0.592428,-10.383721,-10.430638,-10.389762,1.754349,0.000000,0.000000,0.000000
152,C:/Users/VicUser/Documents/RobC/20260801/FL31\FL31-00000152_0.tif,C:/Users/VicUser/Documents/RobC/20260801/FL31\FL31-00000152_1.tif,133.724740,133.725023,0.599441,-10.383721,-10.430638,-10.389762,1.774956,0.000000,0.000000,0.000000
153,C:/Users/VicUser/Documents/RobC/20260801/FL31\FL31-00000153_0.tif,C:/Users/VicUser/Documents/RobC/20260801/FL31\FL31-00000153_1.tif,134.224808,134.225078,0.605499,-10.383721,-10.430638,-10.389762,1.792752,0.000000,0.000000,0.000000
154,C:/Users/VicUser/Documents/RobC/20260801/FL31\FL31-00000154_0.tif,C:/Users/VicUser/Documents/RobC/20260801/FL31\FL31-00000154_1.tif,134.724773,134.725042,0.611875,-10.383721,-10.430638,-10.389762,1.811485,0.000000,0.000000,0.000000
155,C:/Users/VicUser/Documents/RobC/20260801/FL31\FL31-00000155_0.tif,C:/Users/VicUser/Documents/RobC/20260801/FL31\FL31-00000155_1.tif,135.224817,135.225125,0.616976,-10.383721,-10.430638,-10.389762,1.826471,0.000000,0.000000,0.000000
156,C:/Users/VicUser/Documents/RobC/20260801/FL31\FL31-00000156_0.tif,C:/Users/VicUser/Documents/RobC/20260801/FL31\FL31-00000156_1.tif,135.724766,135.725140,0.624946,-10.383721,-10.430638,-10.389762,1.849888,0.000000,0.000000,0.000000
157,C:/Users/VicUser/Documents/RobC/20260801/FL31\FL31-00000157_0.tif,C:/Users/VicUser/Documents/RobC/20260801/FL31\FL31-00000157_1.tif,136.224726,136.224952,0.631003,-10.383721,-10.430638,-10.389762,1.867684,0.000000,0.000000,0.000000
158,C:/Users/VicUser/Documents/RobC/20260801/FL31\FL31-00000158_0.tif,C:/Users/VicUser/Documents/RobC/20260801/FL31\FL31-00000158_1.tif,136.724735,136.725052,0.636423,-10.383721,-10.430638,-10.389762,1.883607,0.000000,0.000000,0.000000
159,C:/Users/VicUser/Documents/RobC/20260801/FL31\FL31-00000159_0.tif,C:/Users/VicUser/Documents/RobC/20260801/FL31\FL31-00000159_1.tif,137.224666,137.224965,0.642480,-10.383721,-10.430638,-10.389762,1.901403,0.000000,0.000000,0.000000
160,C:/Users/VicUser/Documents/RobC/20260801/FL31\FL31-00000160_0.tif,C:/Users/VicUser/Documents/RobC/20260801/FL31\FL31-00000160_1.tif,137.724800,137.725202,0.651407,-10.383721,-10.430638,-10.389762,1.927630,0.000000,0.000000,0.000000
161,C:/Users/VicUser/Documents/RobC/20260801/FL31\FL31-00000161_0.tif,C:/Users/VicUser/Documents/RobC/20260801/FL31\FL31-00000161_1.tif,138.224821,138.225057,0.659377,-10.383721,-10.430638,-10.389762,1.951046,0.000000,0.000000,0.000000
162,C:/Users/VicUser/Documents/RobC/20260801/FL31\FL31-00000162_0.tif,C:/Users/VicUser/Documents/RobC/20260801/FL31\FL31-00000162_1.tif,138.724778,138.725116,0.670216,-10.383721,-10.430638,-10.389762,1.982892,0.000000,0.000000,0.000000
163,C:/Users/VicUser/Documents/RobC/20260801/FL31\FL31-00000163_0.tif,C:/Users/VicUser/Documents/RobC/20260801/FL31\FL31-00000163_1.tif,139.224801,139.225089,0.678186,-10.383721,-10.430638,-10.389762,2.006309,0.000000,0.000000,0.000000
164,C:/Users/VicUser/Documents/RobC/20260801/FL31\FL31-00000164_0.tif,C:/Users/VicUser/Documents/RobC/20260801/FL31\FL31-00000164_1.tif,139.724813,139.725057,0.686475,-10.383721,-10.430638,-10.389762,2.030662,0.000000,0.000000,0.000000
165,C:/Users/VicUser/Documents/RobC/20260801/FL31\FL31-00000165_0.tif,C:/Users/VicUser/Documents/RobC/20260801/FL31\FL31-00000165_1.tif,140.224778,140.225054,0.693170,-10.383721,-10.430638,-10.389762,2.050331,0.000000,0.000000,0.000000
166,C:/Users/VicUser/Documents/RobC/20260801/FL31\FL31-00000166_0.tif,C:/Users/VicUser/Documents/RobC/20260801/FL31\FL31-00000166_1.tif,140.724754,140.725079,0.702097,-10.383721,-10.430638,-10.389762,2.076557,0.000000,0.000000,0.000000
167,C:/Users/VicUser/Documents/RobC/20260801/FL31\FL31-00000167_0.tif,C:/Users/VicUser/Documents/RobC/20260801/FL31\FL31-00000167_1.tif,141.224840,141.225123,0.711342,-10.383721,-10.430638,-10.389762,2.103720,0.000000,0.000000,0.000000
168,C:/Users/VicUser/Documents/RobC/20260801/FL31\FL31-00000168_0.tif,C:/Users/VicUser/Documents/RobC/20260801/FL31\FL31-00000168_1.tif,141.724779,141.725105,0.718994,-10.383721,-10.430638,-10.389762,2.126200,0.000000,0.000000,0.000000
169,C:/Users/VicUser/Documents/RobC/20260801/FL31\FL31-00000169_0.tif,C:/Users/VicUser/Documents/RobC/20260801/FL31\FL31-00000169_1.tif,142.224777,142.225042,0.726326,-10.383721,-10.430638,-10.389762,2.147743,0.000000,0.000000,0.000000
170,C:/Users/VicUser/Documents/RobC/20260801/FL31\FL31-00000170_0.tif,C:/Users/VicUser/Documents/RobC/20260801/FL31\FL31-00000170_1.tif,142.724828,142.725058,0.733978,-10.383721,-10.430638,-10.389762,2.170223,0.000000,0.000000,0.000000
171,C:/Users/VicUser/Documents/RobC/20260801/FL31\FL31-00000171_0.tif,C:/Users/VicUser/Documents/RobC/20260801/FL31\FL31-00000171_1.tif,143.224739,143.225065,0.740672,-10.383721,-10.430638,-10.389762,2.189892,0.000000,0.000000,0.000000
172,C:/Users/VicUser/Documents/RobC/20260801/FL31\FL31-00000172_0.tif,C:/Users/VicUser/Documents/RobC/20260801/FL31\FL31-00000172_1.tif,143.724742,143.725022,0.748961,-10.383721,-10.430638,-10.389762,2.214245,0.000000,0.000000,0.000000
173,C:/Users/VicUser/Documents/RobC/20260801/FL31\FL31-00000173_0.tif,C:/Users/VicUser/Documents/RobC/20260801/FL31\FL31-00000173_1.tif,144.224768,144.225028,0.754700,-10.383721,-10.430638,-10.389762,2.231105,0.000000,0.000000,0.000000
174,C:/Users/VicUser/Documents/RobC/20260801/FL31\FL31-00000174_0.tif,C:/Users/VicUser/Documents/RobC/20260801/FL31\FL31-00000174_1.tif,144.724702,144.725105,0.760757,-10.383721,-10.430638,-10.389762,2.248902,0.000000,0.000000,0.000000
175,C:/Users/VicUser/Documents/RobC/20260801/FL31\FL31-00000175_0.tif,C:/Users/VicUser/Documents/RobC/20260801/FL31\FL31-00000175_1.tif,145.224783,145.225084,0.768090,-10.383721,-10.430638,-10.389762,2.270444,0.000000,0.000000,0.000000
176,C:/Users/VicUser/Documents/RobC/20260801/FL31\FL31-00000176_0.tif,C:/Users/VicUser/Documents/RobC/20260801/FL31\FL31-00000176_1.tif,145.724803,145.725142,0.775741,-10.383721,-10.430638,-10.389762,2.292924,0.000000,0.000000,0.000000
177,C:/Users/VicUser/Documents/RobC/20260801/FL31\FL31-00000177_0.tif,C:/Users/VicUser/Documents/RobC/20260801/FL31\FL31-00000177_1.tif,146.224674,146.225080,0.781161,-10.383721,-10.430638,-10.389762,2.308847,0.000000,0.000000,0.000000
178,C:/Users/VicUser/Documents/RobC/20260801/FL31\FL31-00000178_0.tif,C:/Users/VicUser/Documents/RobC/20260801/FL31\FL31-00000178_1.tif,146.724746,146.725103,0.787218,-10.383721,-10.430638,-10.389762,2.326644,0.000000,0.000000,0.000000
179,C:/Users/VicUser/Documents/RobC/20260801/FL31\FL31-00000179_0.tif,C:/Users/VicUser/Documents/RobC/20260801/FL31\FL31-00000179_1.tif,147.224808,147.225070,0.794232,-10.383721,-10.430638,-10.389762,2.347250,0.000000,0.000000,0.000000
180,C:/Users/VicUser/Documents/RobC/20260801/FL31\FL31-00000180_0.tif,C:/Users/VicUser/Documents/RobC/20260801/FL31\FL31-00000180_1.tif,147.724824,147.725052,0.800289,-10.383721,-10.430638,-10.389762,2.365046,0.000000,0.000000,0.000000
181,C:/Users/VicUser/Documents/RobC/20260801/FL31\FL31-00000181_0.tif,C:/Users/VicUser/Documents/RobC/20260801/FL31\FL31-00000181_1.tif,148.224868,148.224984,0.807303,-10.383721,-10.430638,-10.389762,2.385653,0.000000,0.000000,0.000000
182,C:/Users/VicUser/Documents/RobC/20260801/FL31\FL31-00000182_0.tif,C:/Users/VicUser/Documents/RobC/20260801/FL31\FL31-00000182_1.tif,148.724731,148.725155,0.812723,-10.383721,-10.430638,-10.389762,2.401576,0.000000,0.000000,0.000000
183,C:/Users/VicUser/Documents/RobC/20260801/FL31\FL31-00000183_0.tif,C:/Users/VicUser/Documents/RobC/20260801/FL31\FL31-00000183_1.tif,149.224791,149.225056,0.820055,-10.383721,-10.430638,-10.389762,2.423119,0.000000,0.000000,0.000000
184,C:/Users/VicUser/Documents/RobC/20260801/FL31\FL31-00000184_0.tif,C:/Users/VicUser/Documents/RobC/20260801/FL31\FL31-00000184_1.tif,149.724788,149.725097,0.826431,-10.383721,-10.430638,-10.389762,2.441852,0.000000,0.000000,0.000000
185,C:/Users/VicUser/Documents/RobC/20260801/FL31\FL31-00000185_0.tif,C:/Users/VicUser/Documents/RobC/20260801/FL31\FL31-00000185_1.tif,150.224827,150.225081,0.834720,-10.383721,-10.430638,-10.389762,2.466205,0.000000,0.000000,0.000000
186,C:/Users/VicUser/Documents/RobC/20260801/FL31\FL31-00000186_0.tif,C:/Users/VicUser/Documents/RobC/20260801/FL31\FL31-00000186_1.tif,150.724765,150.725038,0.841415,-10.383721,-10.430638,-10.389762,2.485874,0.000000,0.000000,0.000000
187,C:/Users/VicUser/Documents/RobC/20260801/FL31\FL31-00000187_0.tif,C:/Users/VicUser/Documents/RobC/20260801/FL31\FL31-00000187_1.tif,151.224788,151.225032,0.847472,-10.383721,-10.430638,-10.389762,2.503671,0.000000,0.000000,0.000000
188,C:/Users/VicUser/Documents/RobC/20260801/FL31\FL31-00000188_0.tif,C:/Users/VicUser/Documents/RobC/20260801/FL31\FL31-00000188_1.tif,151.724726,151.725121,0.851298,-10.383721,-10.430638,-10.389762,2.514911,0.000000,0.000000,0.000000
189,C:/Users/VicUser/Documents/RobC/20260801/FL31\FL31-00000189_0.tif,C:/Users/VicUser/Documents/RobC/20260801/FL31\FL31-00000189_1.tif,152.224815,152.225086,0.858949,-10.383721,-10.430638,-10.389762,2.537390,0.000000,0.000000,0.000000
190,C:/Users/VicUser/Documents/RobC/20260801/FL31\FL31-00000190_0.tif,C:/Users/VicUser/Documents/RobC/20260801/FL31\FL31-00000190_1.tif,152.724922,152.725343,0.865007,-10.383721,-10.430638,-10.389762,2.555187,0.000000,0.000000,0.000000
191,C:/Users/VicUser/Documents/RobC/20260801/FL31\FL31-00000191_0.tif,C:/Users/VicUser/Documents/RobC/20260801/FL31\FL31-00000191_1.tif,153.224951,153.225296,0.872339,-10.383721,-10.430638,-10.389762,2.576730,0.000000,0.000000,0.000000
192,C:/Users/VicUser/Documents/RobC/20260801/FL31\FL31-00000192_0.tif,C:/Users/VicUser/Documents/RobC/20260801/FL31\FL31-00000192_1.tif,153.724787,153.725110,0.877759,-10.383721,-10.430638,-10.389762,2.592653,0.000000,0.000000,0.000000
193,C:/Users/VicUser/Documents/RobC/20260801/FL31\FL31-00000193_0.tif,C:/Users/VicUser/Documents/RobC/20260801/FL31\FL31-00000193_1.tif,154.224871,154.225229,0.884773,-10.383721,-10.430638,-10.389762,2.613259,0.000000,0.000000,0.000000
194,C:/Users/VicUser/Documents/RobC/20260801/FL31\FL31-00000194_0.tif,C:/Users/VicUser/Documents/RobC/20260801/FL31\FL31-00000194_1.tif,154.724811,154.725251,0.891468,-10.383721,-10.430638,-10.389762,2.632929,0.000000,0.000000,0.000000
195,C:/Users/VicUser/Documents/RobC/20260801/FL31\FL31-00000195_0.tif,C:/Users/VicUser/Documents/RobC/20260801/FL31\FL31-00000195_1.tif,155.224881,155.225182,0.896887,-10.383721,-10.430638,-10.389762,2.648852,0.000000,0.000000,0.000000
196,C:/Users/VicUser/Documents/RobC/20260801/FL31\FL31-00000196_0.tif,C:/Users/VicUser/Documents/RobC/20260801/FL31\FL31-00000196_1.tif,155.724817,155.725229,0.902626,-10.383721,-10.430638,-10.389762,2.665712,0.000000,0.000000,0.000000
197,C:/Users/VicUser/Documents/RobC/20260801/FL31\FL31-00000197_0.tif,C:/Users/VicUser/Documents/RobC/20260801/FL31\FL31-00000197_1.tif,156.224822,156.225096,0.910277,-10.383721,-10.430638,-10.389762,2.688191,0.000000,0.000000,0.000000
198,C:/Users/VicUser/Documents/RobC/20260801/FL31\FL31-00000198_0.tif,C:/Users/VicUser/Documents/RobC/20260801/FL31\FL31-00000198_1.tif,156.724773,156.725141,0.915697,-10.383721,-10.430638,-10.389762,2.704114,0.000000,0.000000,0.000000
199,C:/Users/VicUser/Documents/RobC/20260801/FL31\FL31-00000199_0.tif,C:/Users/VicUser/Documents/RobC/20260801/FL31\FL31-00000199_1.tif,157.224741,157.225041,0.922711,-10.383721,-10.430638,-10.389762,2.724721,0.000000,0.000000,0.000000
200,C:/Users/VicUser/Documents/RobC/20260801/FL31\FL31-00000200_0.tif,C:/Users/VicUser/Documents/RobC/20260801/FL31\FL31-00000200_1.tif,157.724716,157.725089,0.927812,-10.383721,-10.430638,-10.389762,2.739707,0.000000,0.000000,0.000000
201,C:/Users/VicUser/Documents/RobC/20260801/FL31\FL31-00000201_0.tif,C:/Users/VicUser/Documents/RobC/20260801/FL31\FL31-00000201_1.tif,158.224795,158.225079,0.935782,-10.383721,-10.430638,-10.389762,2.763123,0.000000,0.000000,0.000000
202,C:/Users/VicUser/Documents/RobC/20260801/FL31\FL31-00000202_0.tif,C:/Users/VicUser/Documents/RobC/20260801/FL31\FL31-00000202_1.tif,158.724686,158.725082,0.942158,-10.383721,-10.430638,-10.389762,2.781856,0.000000,0.000000,0.000000
203,C:/Users/VicUser/Documents/RobC/20260801/FL31\FL31-00000203_0.tif,C:/Users/VicUser/Documents/RobC/20260801/FL31\FL31-00000203_1.tif,159.224732,159.225028,0.948853,-10.383721,-10.430638,-10.389762,2.801526,0.000000,0.000000,0.000000
204,C:/Users/VicUser/Documents/RobC/20260801/FL31\FL31-00000204_0.tif,C:/Users/VicUser/Documents/RobC/20260801/FL31\FL31-00000204_1.tif,159.724718,159.725086,0.953316,-10.383721,-10.430638,-10.389762,2.814639,0.000000,0.000000,0.000000
205,C:/Users/VicUser/Documents/RobC/20260801/FL31\FL31-00000205_0.tif,C:/Users/VicUser/Documents/RobC/20260801/FL31\FL31-00000205_1.tif,160.224725,160.225037,0.960011,-10.383721,-10.430638,-10.389762,2.834309,0.000000,0.000000,0.000000
206,C:/Users/VicUser/Documents/RobC/20260801/FL31\FL31-00000206_0.tif,C:/Users/VicUser/Documents/RobC/20260801/FL31\FL31-00000206_1.tif,160.724715,160.725044,0.965112,-10.383721,-10.430638,-10.389762,2.849295,0.000000,0.000000,0.000000
207,C:/Users/VicUser/Documents/RobC/20260801/FL31\FL31-00000207_0.tif,C:/Users/VicUser/Documents/RobC/20260801/FL31\FL31-00000207_1.tif,161.224657,161.224961,0.972444,-10.383721,-10.430638,-10.389762,2.870838,0.000000,0.000000,0.000000
208,C:/Users/VicUser/Documents/RobC/20260801/FL31\FL31-00000208_0.tif,C:/Users/VicUser/Documents/RobC/20260801/FL31\FL31-00000208_1.tif,161.724703,161.724998,0.977864,-10.383721,-10.430638,-10.389762,2.886762,0.000000,0.000000,0.000000
209,C:/Users/VicUser/Documents/RobC/20260801/FL31\FL31-00000209_0.tif,C:/Users/VicUser/Documents/RobC/20260801/FL31\FL31-00000209_1.tif,162.224711,162.224977,0.983284,-10.383721,-10.430638,-10.389762,2.902685,0.000000,0.000000,0.000000
210,C:/Users/VicUser/Documents/RobC/20260801/FL31\FL31-00000210_0.tif,C:/Users/VicUser/Documents/RobC/20260801/FL31\FL31-00000210_1.tif,162.724688,162.725009,0.989660,-10.383721,-10.430638,-10.389762,2.921418,0.000000,0.000000,0.000000
211,C:/Users/VicUser/Documents/RobC/20260801/FL31\FL31-00000211_0.tif,C:/Users/VicUser/Documents/RobC/20260801/FL31\FL31-00000211_1.tif,163.224739,163.225045,0.996674,-10.383721,-10.430638,-10.389762,2.942024,0.000000,0.000000,0.000000
212,C:/Users/VicUser/Documents/RobC/20260801/FL31\FL31-00000212_0.tif,C:/Users/VicUser/Documents/RobC/20260801/FL31\FL31-00000212_1.tif,163.724757,163.725050,1.002731,-10.383721,-10.430638,-10.389762,2.959820,0.000000,0.000000,0.000000
213,C:/Users/VicUser/Documents/RobC/20260801/FL31\FL31-00000213_0.tif,C:/Users/VicUser/Documents/RobC/20260801/FL31\FL31-00000213_1.tif,164.224730,164.225025,1.008788,-10.383721,-10.430638,-10.389762,2.977617,0.000000,0.000000,0.000000
214,C:/Users/VicUser/Documents/RobC/20260801/FL31\FL31-00000214_0.tif,C:/Users/VicUser/Documents/RobC/20260801/FL31\FL31-00000214_1.tif,164.724696,164.725016,1.015483,-10.383721,-10.430638,-10.389762,2.997286,0.000000,0.000000,0.000000
215,C:/Users/VicUser/Documents/RobC/20260801/FL31\FL31-00000215_0.tif,C:/Users/VicUser/Documents/RobC/20260801/FL31\FL31-00000215_1.tif,165.224799,165.225121,1.022816,-10.383721,-10.430638,-10.389762,3.018830,0.000000,0.000000,0.000000
216,C:/Users/VicUser/Documents/RobC/20260801/FL31\FL31-00000216_0.tif,C:/Users/VicUser/Documents/RobC/20260801/FL31\FL31-00000216_1.tif,165.724727,165.724998,1.026641,-10.383721,-10.430638,-10.389762,3.030069,0.000000,0.000000,0.000000
217,C:/Users/VicUser/Documents/RobC/20260801/FL31\FL31-00000217_0.tif,C:/Users/VicUser/Documents/RobC/20260801/FL31\FL31-00000217_1.tif,166.224733,166.225022,1.033018,-10.383721,-10.430638,-10.389762,3.048802,0.000000,0.000000,0.000000
218,C:/Users/VicUser/Documents/RobC/20260801/FL31\FL31-00000218_0.tif,C:/Users/VicUser/Documents/RobC/20260801/FL31\FL31-00000218_1.tif,166.724848,166.725169,1.038756,-10.383721,-10.430638,-10.389762,3.065662,0.000000,0.000000,0.000000
219,C:/Users/VicUser/Documents/RobC/20260801/FL31\FL31-00000219_0.tif,C:/Users/VicUser/Documents/RobC/20260801/FL31\FL31-00000219_1.tif,167.224757,167.225041,1.045132,-10.383721,-10.430638,-10.389762,3.084395,0.000000,0.000000,0.000000
220,C:/Users/VicUser/Documents/RobC/20260801/FL31\FL31-00000220_0.tif,C:/Users/VicUser/Documents/RobC/20260801/FL31\FL31-00000220_1.tif,167.724687,167.725023,1.054059,-10.383721,-10.430638,-10.389762,3.110621,0.000000,0.000000,0.000000
221,C:/Users/VicUser/Documents/RobC/20260801/FL31\FL31-00000221_0.tif,C:/Users/VicUser/Documents/RobC/20260801/FL31\FL31-00000221_1.tif,168.224755,168.225029,1.058522,-10.383721,-10.430638,-10.389762,3.123735,0.000000,0.000000,0.000000
222,C:/Users/VicUser/Documents/RobC/20260801/FL31\FL31-00000222_0.tif,C:/Users/VicUser/Documents/RobC/20260801/FL31\FL31-00000222_1.tif,168.724748,168.724999,1.065217,-10.383721,-10.430638,-10.389762,3.143404,0.000000,0.000000,0.000000
223,C:/Users/VicUser/Documents/RobC/20260801/FL31\FL31-00000223_0.tif,C:/Users/VicUser/Documents/RobC/20260801/FL31\FL31-00000223_1.tif,169.224736,169.225026,1.069680,-10.383721,-10.430638,-10.389762,3.156517,0.000000,0.000000,0.000000
224,C:/Users/VicUser/Documents/RobC/20260801/FL31\FL31-00000224_0.tif,C:/Users/VicUser/Documents/RobC/20260801/FL31\FL31-00000224_1.tif,169.724809,169.725033,1.077013,-10.383721,-10.430638,-10.389762,3.178060,0.000000,0.000000,0.000000
225,C:/Users/VicUser/Documents/RobC/20260801/FL31\FL31-00000225_0.tif,C:/Users/VicUser/Documents/RobC/20260801/FL31\FL31-00000225_1.tif,170.224753,170.225060,1.083708,-10.383721,-10.430638,-10.389762,3.197730,0.000000,0.000000,0.000000
226,C:/Users/VicUser/Documents/RobC/20260801/FL31\FL31-00000226_0.tif,C:/Users/VicUser/Documents/RobC/20260801/FL31\FL31-00000226_1.tif,170.724710,170.725051,1.091040,-10.383721,-10.430638,-10.389762,3.219273,0.000000,0.000000,0.000000
227,C:/Users/VicUser/Documents/RobC/20260801/FL31\FL31-00000227_0.tif,C:/Users/VicUser/Documents/RobC/20260801/FL31\FL31-00000227_1.tif,171.224719,171.225041,1.097098,-10.383721,-10.430638,-10.389762,3.237070,0.000000,0.000000,0.000000
228,C:/Users/VicUser/Documents/RobC/20260801/FL31\FL31-00000228_0.tif,C:/Users/VicUser/Documents/RobC/20260801/FL31\FL31-00000228_1.tif,171.724734,171.725021,1.103155,-10.383721,-10.430638,-10.389762,3.254866,0.000000,0.000000,0.000000
229,C:/Users/VicUser/Documents/RobC/20260801/FL31\FL31-00000229_0.tif,C:/Users/VicUser/Documents/RobC/20260801/FL31\FL31-00000229_1.tif,172.224699,172.225031,1.109531,-10.383721,-10.430638,-10.389762,3.273599,0.000000,0.000000,0.000000
230,C:/Users/VicUser/Documents/RobC/20260801/FL31\FL31-00000230_0.tif,C:/Users/VicUser/Documents/RobC/20260801/FL31\FL31-00000230_1.tif,172.724709,172.725028,1.115907,-10.383721,-10.430638,-10.389762,3.292332,0.000000,0.000000,0.000000
231,C:/Users/VicUser/Documents/RobC/20260801/FL31\FL31-00000231_0.tif,C:/Users/VicUser/Documents/RobC/20260801/FL31\FL31-00000231_1.tif,173.224724,173.225006,1.122283,-10.383721,-10.430638,-10.389762,3.311065,0.000000,0.000000,0.000000
232,C:/Users/VicUser/Documents/RobC/20260801/FL31\FL31-00000232_0.tif,C:/Users/VicUser/Documents/RobC/20260801/FL31\FL31-00000232_1.tif,173.724701,173.725037,1.128022,-10.383721,-10.430638,-10.389762,3.327924,0.000000,0.000000,0.000000
233,C:/Users/VicUser/Documents/RobC/20260801/FL31\FL31-00000233_0.tif,C:/Users/VicUser/Documents/RobC/20260801/FL31\FL31-00000233_1.tif,174.224690,174.225056,1.135992,-10.383721,-10.430638,-10.389762,3.351341,0.000000,0.000000,0.000000
234,C:/Users/VicUser/Documents/RobC/20260801/FL31\FL31-00000234_0.tif,C:/Users/VicUser/Documents/RobC/20260801/FL31\FL31-00000234_1.tif,174.724758,174.725070,1.142049,-10.383721,-10.430638,-10.389762,3.369137,0.000000,0.000000,0.000000
235,C:/Users/VicUser/Documents/RobC/20260801/FL31\FL31-00000235_0.tif,C:/Users/VicUser/Documents/RobC/20260801/FL31\FL31-00000235_1.tif,175.224640,175.225003,1.146513,-10.383721,-10.430638,-10.389762,3.382250,0.000000,0.000000,0.000000
236,C:/Users/VicUser/Documents/RobC/20260801/FL31\FL31-00000236_0.tif,C:/Users/VicUser/Documents/RobC/20260801/FL31\FL31-00000236_1.tif,175.724771,175.725102,1.154164,-10.383721,-10.430638,-10.389762,3.404730,0.000000,0.000000,0.000000
237,C:/Users/VicUser/Documents/RobC/20260801/FL31\FL31-00000237_0.tif,C:/Users/VicUser/Documents/RobC/20260801/FL31\FL31-00000237_1.tif,176.224744,176.225058,1.160859,-10.383721,-10.430638,-10.389762,3.424400,0.000000,0.000000,0.000000
238,C:/Users/VicUser/Documents/RobC/20260801/FL31\FL31-00000238_0.tif,C:/Users/VicUser/Documents/RobC/20260801/FL31\FL31-00000238_1.tif,176.724744,176.725041,1.166597,-10.383721,-10.430638,-10.389762,3.441259,0.000000,0.000000,0.000000
239,C:/Users/VicUser/Documents/RobC/20260801/FL31\FL31-00000239_0.tif,C:/Users/VicUser/Documents/RobC/20260801/FL31\FL31-00000239_1.tif,177.224776,177.225124,1.172655,-10.383721,-10.430638,-10.389762,3.459056,0.000000,0.000000,0.000000
240,C:/Users/VicUser/Documents/RobC/20260801/FL31\FL31-00000240_0.tif,C:/Users/VicUser/Documents/RobC/20260801/FL31\FL31-00000240_1.tif,177.724736,177.725058,1.180625,-10.383721,-10.430638,-10.389762,3.482472,0.000000,0.000000,0.000000
241,C:/Users/VicUser/Documents/RobC/20260801/FL31\FL31-00000241_0.tif,C:/Users/VicUser/Documents/RobC/20260801/FL31\FL31-00000241_1.tif,178.224745,178.225125,1.186044,-10.383721,-10.430638,-10.389762,3.498395,0.000000,0.000000,0.000000
242,C:/Users/VicUser/Documents/RobC/20260801/FL31\FL31-00000242_0.tif,C:/Users/VicUser/Documents/RobC/20260801/FL31\FL31-00000242_1.tif,178.724731,178.725048,1.191464,-10.383721,-10.430638,-10.389762,3.514318,0.000000,0.000000,0.000000
243,C:/Users/VicUser/Documents/RobC/20260801/FL31\FL31-00000243_0.tif,C:/Users/VicUser/Documents/RobC/20260801/FL31\FL31-00000243_1.tif,179.224745,179.225068,1.198159,-10.383721,-10.430638,-10.389762,3.533988,0.000000,0.000000,0.000000
244,C:/Users/VicUser/Documents/RobC/20260801/FL31\FL31-00000244_0.tif,C:/Users/VicUser/Documents/RobC/20260801/FL31\FL31-00000244_1.tif,179.724739,179.725021,1.205173,-10.383721,-10.430638,-10.389762,3.554594,0.000000,0.000000,0.000000
245,C:/Users/VicUser/Documents/RobC/20260801/FL31\FL31-00000245_0.tif,C:/Users/VicUser/Documents/RobC/20260801/FL31\FL31-00000245_1.tif,180.224746,180.225034,1.209636,-10.383721,-10.430638,-10.389762,3.567707,0.000000,0.000000,0.000000
246,C:/Users/VicUser/Documents/RobC/20260801/FL31\FL31-00000246_0.tif,C:/Users/VicUser/Documents/RobC/20260801/FL31\FL31-00000246_1.tif,180.724749,180.725129,1.217606,-10.383721,-10.430638,-10.389762,3.591124,0.000000,0.000000,0.000000
247,C:/Users/VicUser/Documents/RobC/20260801/FL31\FL31-00000247_0.tif,C:/Users/VicUser/Documents/RobC/20260801/FL31\FL31-00000247_1.tif,181.224750,181.225032,1.223345,-10.383721,-10.430638,-10.389762,3.607984,0.000000,0.000000,0.000000
248,C:/Users/VicUser/Documents/RobC/20260801/FL31\FL31-00000248_0.tif,C:/Users/VicUser/Documents/RobC/20260801/FL31\FL31-00000248_1.tif,181.724784,181.725072,1.230040,-10.383721,-10.430638,-10.389762,3.627653,0.000000,0.000000,0.000000
249,C:/Users/VicUser/Documents/RobC/20260801/FL31\FL31-00000249_0.tif,C:/Users/VicUser/Documents/RobC/20260801/FL31\FL31-00000249_1.tif,182.224753,182.225057,1.237691,-10.383721,-10.430638,-10.389762,3.650133,0.000000,0.000000,0.000000
250,C:/Users/VicUser/Documents/RobC/20260801/FL31\FL31-00000250_0.tif,C:/Users/VicUser/Documents/RobC/20260801/FL31\FL31-00000250_1.tif,182.724696,182.725050,1.243748,-10.383721,-10.430638,-10.389762,3.667929,0.000000,0.000000,0.000000
251,C:/Users/VicUser/Documents/RobC/20260801/FL31\FL31-00000251_0.tif,C:/Users/VicUser/Documents/RobC/20260801/FL31\FL31-00000251_1.tif,183.224858,183.225130,1.250124,-10.383721,-10.430638,-10.389762,3.686662,0.000000,0.000000,0.000000
252,C:/Users/VicUser/Documents/RobC/20260801/FL31\FL31-00000252_0.tif,C:/Users/VicUser/Documents/RobC/20260801/FL31\FL31-00000252_1.tif,183.724780,183.725128,1.256501,-10.383721,-10.430638,-10.389762,3.705395,0.000000,0.000000,0.000000
253,C:/Users/VicUser/Documents/RobC/20260801/FL31\FL31-00000253_0.tif,C:/Users/VicUser/Documents/RobC/20260801/FL31\FL31-00000253_1.tif,184.224754,184.225015,1.262239,-10.383721,-10.430638,-10.389762,3.722255,0.000000,0.000000,0.000000
254,C:/Users/VicUser/Documents/RobC/20260801/FL31\FL31-00000254_0.tif,C:/Users/VicUser/Documents/RobC/20260801/FL31\FL31-00000254_1.tif,184.724734,184.725070,1.268296,-10.383721,-10.430638,-10.389762,3.740051,0.000000,0.000000,0.000000
255,C:/Users/VicUser/Documents/RobC/20260801/FL31\FL31-00000255_0.tif,C:/Users/VicUser/Documents/RobC/20260801/FL31\FL31-00000255_1.tif,185.224711,185.225058,1.277223,-10.383721,-10.430638,-10.389762,3.766278,0.000000,0.000000,0.000000
256,C:/Users/VicUser/Documents/RobC/20260801/FL31\FL31-00000256_0.tif,C:/Users/VicUser/Documents/RobC/20260801/FL31\FL31-00000256_1.tif,185.724730,185.725044,1.281049,-10.383721,-10.430638,-10.389762,3.777518,0.000000,0.000000,0.000000
257,C:/Users/VicUser/Documents/RobC/20260801/FL31\FL31-00000257_0.tif,C:/Users/VicUser/Documents/RobC/20260801/FL31\FL31-00000257_1.tif,186.224603,186.225061,1.288700,-10.383721,-10.430638,-10.389762,3.799997,0.000000,0.000000,0.000000
258,C:/Users/VicUser/Documents/RobC/20260801/FL31\FL31-00000258_0.tif,C:/Users/VicUser/Documents/RobC/20260801/FL31\FL31-00000258_1.tif,186.724742,186.725104,1.294438,-10.383721,-10.430638,-10.389762,3.816857,0.000000,0.000000,0.000000
259,C:/Users/VicUser/Documents/RobC/20260801/FL31\FL31-00000259_0.tif,C:/Users/VicUser/Documents/RobC/20260801/FL31\FL31-00000259_1.tif,187.224744,187.225022,1.300177,-10.383721,-10.430638,-10.389762,3.833717,0.000000,0.000000,0.000000
260,C:/Users/VicUser/Documents/RobC/20260801/FL31\FL31-00000260_0.tif,C:/Users/VicUser/Documents/RobC/20260801/FL31\FL31-00000260_1.tif,187.724701,187.725038,1.308785,-10.383721,-10.430638,-10.389762,3.859006,0.000000,0.000000,0.000000
261,C:/Users/VicUser/Documents/RobC/20260801/FL31\FL31-00000261_0.tif,C:/Users/VicUser/Documents/RobC/20260801/FL31\FL31-00000261_1.tif,188.224730,188.225093,1.314204,-10.383721,-10.430638,-10.389762,3.874929,0.000000,0.000000,0.000000
262,C:/Users/VicUser/Documents/RobC/20260801/FL31\FL31-00000262_0.tif,C:/Users/VicUser/Documents/RobC/20260801/FL31\FL31-00000262_1.tif,188.724734,188.725183,1.321537,-10.383721,-10.430638,-10.389762,3.896472,0.000000,0.000000,0.000000
263,C:/Users/VicUser/Documents/RobC/20260801/FL31\FL31-00000263_0.tif,C:/Users/VicUser/Documents/RobC/20260801/FL31\FL31-00000263_1.tif,189.224750,189.225093,1.326957,-10.383721,-10.430638,-10.389762,3.912396,0.000000,0.000000,0.000000
264,C:/Users/VicUser/Documents/RobC/20260801/FL31\FL31-00000264_0.tif,C:/Users/VicUser/Documents/RobC/20260801/FL31\FL31-00000264_1.tif,189.724715,189.725068,1.333333,-10.383721,-10.430638,-10.389762,3.931128,0.000000,0.000000,0.000000
265,C:/Users/VicUser/Documents/RobC/20260801/FL31\FL31-00000265_0.tif,C:/Users/VicUser/Documents/RobC/20260801/FL31\FL31-00000265_1.tif,190.224792,190.224980,1.340028,-10.383721,-10.430638,-10.389762,3.950798,0.000000,0.000000,0.000000
266,C:/Users/VicUser/Documents/RobC/20260801/FL31\FL31-00000266_0.tif,C:/Users/VicUser/Documents/RobC/20260801/FL31\FL31-00000266_1.tif,190.724783,190.725126,1.348636,-10.383721,-10.430638,-10.389762,3.976088,0.000000,0.000000,0.000000
267,C:/Users/VicUser/Documents/RobC/20260801/FL31\FL31-00000267_0.tif,C:/Users/VicUser/Documents/RobC/20260801/FL31\FL31-00000267_1.tif,191.224731,191.225094,1.352780,-10.383721,-10.430638,-10.389762,3.988264,0.000000,0.000000,0.000000
268,C:/Users/VicUser/Documents/RobC/20260801/FL31\FL31-00000268_0.tif,C:/Users/VicUser/Documents/RobC/20260801/FL31\FL31-00000268_1.tif,191.724703,191.725117,1.358837,-10.383721,-10.430638,-10.389762,4.006060,0.000000,0.000000,0.000000
269,C:/Users/VicUser/Documents/RobC/20260801/FL31\FL31-00000269_0.tif,C:/Users/VicUser/Documents/RobC/20260801/FL31\FL31-00000269_1.tif,192.224701,192.225058,1.366170,-10.383721,-10.430638,-10.389762,4.027604,0.000000,0.000000,0.000000
270,C:/Users/VicUser/Documents/RobC/20260801/FL31\FL31-00000270_0.tif,C:/Users/VicUser/Documents/RobC/20260801/FL31\FL31-00000270_1.tif,192.724771,192.725118,1.372227,-10.383721,-10.430638,-10.389762,4.045400,0.000000,0.000000,0.000000
271,C:/Users/VicUser/Documents/RobC/20260801/FL31\FL31-00000271_0.tif,C:/Users/VicUser/Documents/RobC/20260801/FL31\FL31-00000271_1.tif,193.224733,193.225051,1.378603,-10.383721,-10.430638,-10.389762,4.064133,0.000000,0.000000,0.000000
272,C:/Users/VicUser/Documents/RobC/20260801/FL31\FL31-00000272_0.tif,C:/Users/VicUser/Documents/RobC/20260801/FL31\FL31-00000272_1.tif,193.724730,193.725048,1.384023,-10.383721,-10.430638,-10.389762,4.080056,0.000000,0.000000,0.000000
273,C:/Users/VicUser/Documents/RobC/20260801/FL31\FL31-00000273_0.tif,C:/Users/VicUser/Documents/RobC/20260801/FL31\FL31-00000273_1.tif,194.224770,194.225135,1.391356,-10.383721,-10.430638,-10.389762,4.101599,0.000000,0.000000,0.000000
274,C:/Users/VicUser/Documents/RobC/20260801/FL31\FL31-00000274_0.tif,C:/Users/VicUser/Documents/RobC/20260801/FL31\FL31-00000274_1.tif,194.724704,194.725086,1.399326,-10.383721,-10.430638,-10.389762,4.125015,0.000000,0.000000,0.000000
275,C:/Users/VicUser/Documents/RobC/20260801/FL31\FL31-00000275_0.tif,C:/Users/VicUser/Documents/RobC/20260801/FL31\FL31-00000275_1.tif,195.224776,195.225121,1.405064,-10.383721,-10.430638,-10.389762,4.141875,0.000000,0.000000,0.000000
276,C:/Users/VicUser/Documents/RobC/20260801/FL31\FL31-00000276_0.tif,C:/Users/VicUser/Documents/RobC/20260801/FL31\FL31-00000276_1.tif,195.724740,195.725115,1.411121,-10.383721,-10.430638,-10.389762,4.159672,0.000000,0.000000,0.000000
277,C:/Users/VicUser/Documents/RobC/20260801/FL31\FL31-00000277_0.tif,C:/Users/VicUser/Documents/RobC/20260801/FL31\FL31-00000277_1.tif,196.224702,196.225051,1.416541,-10.383721,-10.430638,-10.389762,4.175595,0.000000,0.000000,0.000000
278,C:/Users/VicUser/Documents/RobC/20260801/FL31\FL31-00000278_0.tif,C:/Users/VicUser/Documents/RobC/20260801/FL31\FL31-00000278_1.tif,196.724652,196.725028,1.425149,-10.383721,-10.430638,-10.389762,4.200884,0.000000,0.000000,0.000000
279,C:/Users/VicUser/Documents/RobC/20260801/FL31\FL31-00000279_0.tif,C:/Users/VicUser/Documents/RobC/20260801/FL31\FL31-00000279_1.tif,197.224703,197.224995,1.431525,-10.383721,-10.430638,-10.389762,4.219617,0.000000,0.000000,0.000000
280,C:/Users/VicUser/Documents/RobC/20260801/FL31\FL31-00000280_0.tif,C:/Users/VicUser/Documents/RobC/20260801/FL31\FL31-00000280_1.tif,197.724778,197.725094,1.436626,-10.383721,-10.430638,-10.389762,4.234604,0.000000,0.000000,0.000000
281,C:/Users/VicUser/Documents/RobC/20260801/FL31\FL31-00000281_0.tif,C:/Users/VicUser/Documents/RobC/20260801/FL31\FL31-00000281_1.tif,198.224741,198.225071,1.443959,-10.383721,-10.430638,-10.389762,4.256147,0.000000,0.000000,0.000000
282,C:/Users/VicUser/Documents/RobC/20260801/FL31\FL31-00000282_0.tif,C:/Users/VicUser/Documents/RobC/20260801/FL31\FL31-00000282_1.tif,198.724710,198.725021,1.450335,-10.383721,-10.430638,-10.389762,4.274880,0.000000,0.000000,0.000000
283,C:/Users/VicUser/Documents/RobC/20260801/FL31\FL31-00000283_0.tif,C:/Users/VicUser/Documents/RobC/20260801/FL31\FL31-00000283_1.tif,199.224646,199.224945,1.457348,-10.383721,-10.430638,-10.389762,4.295486,0.000000,0.000000,0.000000
284,C:/Users/VicUser/Documents/RobC/20260801/FL31\FL31-00000284_0.tif,C:/Users/VicUser/Documents/RobC/20260801/FL31\FL31-00000284_1.tif,199.724744,199.725080,1.464362,-10.383721,-10.430638,-10.389762,4.316093,0.000000,0.000000,0.000000
285,C:/Users/VicUser/Documents/RobC/20260801/FL31\FL31-00000285_0.tif,C:/Users/VicUser/Documents/RobC/20260801/FL31\FL31-00000285_1.tif,200.224705,200.225015,1.470738,-10.383721,-10.430638,-10.389762,4.334825,0.000000,0.000000,0.000000
286,C:/Users/VicUser/Documents/RobC/20260801/FL31\FL31-00000286_0.tif,C:/Users/VicUser/Documents/RobC/20260801/FL31\FL31-00000286_1.tif,200.724784,200.725103,1.477114,-10.383721,-10.430638,-10.389762,4.353559,0.000000,0.000000,0.000000
287,C:/Users/VicUser/Documents/RobC/20260801/FL31\FL31-00000287_0.tif,C:/Users/VicUser/Documents/RobC/20260801/FL31\FL31-00000287_1.tif,201.224718,201.225030,1.484447,-10.383721,-10.430638,-10.389762,4.375102,0.000000,0.000000,0.000000
288,C:/Users/VicUser/Documents/RobC/20260801/FL31\FL31-00000288_0.tif,C:/Users/VicUser/Documents/RobC/20260801/FL31\FL31-00000288_1.tif,201.724749,201.725076,1.490823,-10.383721,-10.430638,-10.389762,4.393835,0.000000,0.000000,0.000000
289,C:/Users/VicUser/Documents/RobC/20260801/FL31\FL31-00000289_0.tif,C:/Users/VicUser/Documents/RobC/20260801/FL31\FL31-00000289_1.tif,202.224739,202.225146,1.496562,-10.383721,-10.430638,-10.389762,4.410694,0.000000,0.000000,0.000000
290,C:/Users/VicUser/Documents/RobC/20260801/FL31\FL31-00000290_0.tif,C:/Users/VicUser/Documents/RobC/20260801/FL31\FL31-00000290_1.tif,202.724704,202.725018,1.502619,-10.383721,-10.430638,-10.389762,4.428491,0.000000,0.000000,0.000000
291,C:/Users/VicUser/Documents/RobC/20260801/FL31\FL31-00000291_0.tif,C:/Users/VicUser/Documents/RobC/20260801/FL31\FL31-00000291_1.tif,203.224773,203.225095,1.509951,-10.383721,-10.430638,-10.389762,4.450034,0.000000,0.000000,0.000000
292,C:/Users/VicUser/Documents/RobC/20260801/FL31\FL31-00000292_0.tif,C:/Users/VicUser/Documents/RobC/20260801/FL31\FL31-00000292_1.tif,203.724775,203.725080,1.516328,-10.383721,-10.430638,-10.389762,4.468767,0.000000,0.000000,0.000000
293,C:/Users/VicUser/Documents/RobC/20260801/FL31\FL31-00000293_0.tif,C:/Users/VicUser/Documents/RobC/20260801/FL31\FL31-00000293_1.tif,204.224699,204.225038,1.524298,-10.383721,-10.430638,-10.389762,4.492183,0.000000,0.000000,0.000000
294,C:/Users/VicUser/Documents/RobC/20260801/FL31\FL31-00000294_0.tif,C:/Users/VicUser/Documents/RobC/20260801/FL31\FL31-00000294_1.tif,204.724741,204.725080,1.530036,-10.383721,-10.430638,-10.389762,4.509043,0.000000,0.000000,0.000000
295,C:/Users/VicUser/Documents/RobC/20260801/FL31\FL31-00000295_0.tif,C:/Users/VicUser/Documents/RobC/20260801/FL31\FL31-00000295_1.tif,205.224749,205.225099,1.536093,-10.383721,-10.430638,-10.389762,4.526839,0.000000,0.000000,0.000000
296,C:/Users/VicUser/Documents/RobC/20260801/FL31\FL31-00000296_0.tif,C:/Users/VicUser/Documents/RobC/20260801/FL31\FL31-00000296_1.tif,205.724729,205.725069,1.542151,-10.383721,-10.430638,-10.389762,4.544636,0.000000,0.000000,0.000000
297,C:/Users/VicUser/Documents/RobC/20260801/FL31\FL31-00000297_0.tif,C:/Users/VicUser/Documents/RobC/20260801/FL31\FL31-00000297_1.tif,206.224786,206.224997,1.549483,-10.383721,-10.430638,-10.389762,4.566179,0.000000,0.000000,0.000000
298,C:/Users/VicUser/Documents/RobC/20260801/FL31\FL31-00000298_0.tif,C:/Users/VicUser/Documents/RobC/20260801/FL31\FL31-00000298_1.tif,206.724736,206.724938,1.557772,-10.383721,-10.430638,-10.389762,4.590532,0.000000,0.000000,0.000000
299,C:/Users/VicUser/Documents/RobC/20260801/FL31\FL31-00000299_0.tif,C:/Users/VicUser/Documents/RobC/20260801/FL31\FL31-00000299_1.tif,207.224735,207.225021,1.563511,-10.383721,-10.430638,-10.389762,4.607391,0.000000,0.000000,0.000000
300,C:/Users/VicUser/Documents/RobC/20260801/FL31\FL31-00000300_0.tif,C:/Users/VicUser/Documents/RobC/20260801/FL31\FL31-00000300_1.tif,207.724735,207.725068,1.570843,-10.383721,-10.430638,-10.389762,4.628934,0.000000,0.000000,0.000000
301,C:/Users/VicUser/Documents/RobC/20260801/FL31\FL31-00000301_0.tif,C:/Users/VicUser/Documents/RobC/20260801/FL31\FL31-00000301_1.tif,208.224742,208.224969,1.578495,-10.383721,-10.430638,-10.389762,4.651414,0.000000,0.000000,0.000000
302,C:/Users/VicUser/Documents/RobC/20260801/FL31\FL31-00000302_0.tif,C:/Users/VicUser/Documents/RobC/20260801/FL31\FL31-00000302_1.tif,208.724706,208.725034,1.584871,-10.383721,-10.430638,-10.389762,4.670147,0.000000,0.000000,0.000000
303,C:/Users/VicUser/Documents/RobC/20260801/FL31\FL31-00000303_0.tif,C:/Users/VicUser/Documents/RobC/20260801/FL31\FL31-00000303_1.tif,209.224615,209.224943,1.592203,-10.383721,-10.430638,-10.389762,4.691690,0.000000,0.000000,0.000000
304,C:/Users/VicUser/Documents/RobC/20260801/FL31\FL31-00000304_0.tif,C:/Users/VicUser/Documents/RobC/20260801/FL31\FL31-00000304_1.tif,209.724705,209.725018,1.597942,-10.383721,-10.430638,-10.389762,4.708550,0.000000,0.000000,0.000000
305,C:/Users/VicUser/Documents/RobC/20260801/FL31\FL31-00000305_0.tif,C:/Users/VicUser/Documents/RobC/20260801/FL31\FL31-00000305_1.tif,210.224708,210.225008,1.605593,-10.383721,-10.430638,-10.389762,4.731029,0.000000,0.000000,0.000000
306,C:/Users/VicUser/Documents/RobC/20260801/FL31\FL31-00000306_0.tif,C:/Users/VicUser/Documents/RobC/20260801/FL31\FL31-00000306_1.tif,210.724840,210.725210,1.612288,-10.383721,-10.430638,-10.389762,4.750699,0.000000,0.000000,0.000000
307,C:/Users/VicUser/Documents/RobC/20260801/FL31\FL31-00000307_0.tif,C:/Users/VicUser/Documents/RobC/20260801/FL31\FL31-00000307_1.tif,211.224729,211.224948,1.621533,-10.383721,-10.430638,-10.389762,4.777862,0.000000,0.000000,0.000000
308,C:/Users/VicUser/Documents/RobC/20260801/FL31\FL31-00000308_0.tif,C:/Users/VicUser/Documents/RobC/20260801/FL31\FL31-00000308_1.tif,211.724839,211.725132,1.627910,-10.383721,-10.430638,-10.389762,4.796595,0.000000,0.000000,0.000000
309,C:/Users/VicUser/Documents/RobC/20260801/FL31\FL31-00000309_0.tif,C:/Users/VicUser/Documents/RobC/20260801/FL31\FL31-00000309_1.tif,212.224784,212.225089,1.636199,-10.383721,-10.430638,-10.389762,4.820948,0.000000,0.000000,0.000000
310,C:/Users/VicUser/Documents/RobC/20260801/FL31\FL31-00000310_0.tif,C:/Users/VicUser/Documents/RobC/20260801/FL31\FL31-00000310_1.tif,212.724760,212.725103,1.643850,-10.383721,-10.430638,-10.389762,4.843427,0.000000,0.000000,0.000000
311,C:/Users/VicUser/Documents/RobC/20260801/FL31\FL31-00000311_0.tif,C:/Users/VicUser/Documents/RobC/20260801/FL31\FL31-00000311_1.tif,213.224774,213.225137,1.651820,-10.383721,-10.430638,-10.389762,4.866844,0.000000,0.000000,0.000000
312,C:/Users/VicUser/Documents/RobC/20260801/FL31\FL31-00000312_0.tif,C:/Users/VicUser/Documents/RobC/20260801/FL31\FL31-00000312_1.tif,213.724738,213.725123,1.659153,-10.383721,-10.430638,-10.389762,4.888387,0.000000,0.000000,0.000000
313,C:/Users/VicUser/Documents/RobC/20260801/FL31\FL31-00000313_0.tif,C:/Users/VicUser/Documents/RobC/20260801/FL31\FL31-00000313_1.tif,214.224750,214.224994,1.667441,-10.383721,-10.430638,-10.389762,4.912740,0.000000,0.000000,0.000000
314,C:/Users/VicUser/Documents/RobC/20260801/FL31\FL31-00000314_0.tif,C:/Users/VicUser/Documents/RobC/20260801/FL31\FL31-00000314_1.tif,214.724773,214.725189,1.674774,-10.383721,-10.430638,-10.389762,4.934283,0.000000,0.000000,0.000000
315,C:/Users/VicUser/Documents/RobC/20260801/FL31\FL31-00000315_0.tif,C:/Users/VicUser/Documents/RobC/20260801/FL31\FL31-00000315_1.tif,215.224725,215.225036,1.681788,-10.383721,-10.430638,-10.389762,4.954889,0.000000,0.000000,0.000000
316,C:/Users/VicUser/Documents/RobC/20260801/FL31\FL31-00000316_0.tif,C:/Users/VicUser/Documents/RobC/20260801/FL31\FL31-00000316_1.tif,215.724728,215.725032,1.689120,-10.383721,-10.430638,-10.389762,4.976432,0.000000,0.000000,0.000000
317,C:/Users/VicUser/Documents/RobC/20260801/FL31\FL31-00000317_0.tif,C:/Users/VicUser/Documents/RobC/20260801/FL31\FL31-00000317_1.tif,216.224761,216.224990,1.696453,-10.383721,-10.430638,-10.389762,4.997975,0.000000,0.000000,0.000000
318,C:/Users/VicUser/Documents/RobC/20260801/FL31\FL31-00000318_0.tif,C:/Users/VicUser/Documents/RobC/20260801/FL31\FL31-00000318_1.tif,216.724729,216.725031,1.705698,-10.383721,-10.430638,-10.389762,5.025138,0.000000,0.000000,0.000000
319,C:/Users/VicUser/Documents/RobC/20260801/FL31\FL31-00000319_0.tif,C:/Users/VicUser/Documents/RobC/20260801/FL31\FL31-00000319_1.tif,217.224765,217.224991,1.712074,-10.383721,-10.430638,-10.389762,5.043871,0.000000,0.000000,0.000000
320,C:/Users/VicUser/Documents/RobC/20260801/FL31\FL31-00000320_0.tif,C:/Users/VicUser/Documents/RobC/20260801/FL31\FL31-00000320_1.tif,217.724694,217.725049,1.721320,-10.383721,-10.430638,-10.389762,5.071034,0.000000,0.000000,0.000000
321,C:/Users/VicUser/Documents/RobC/20260801/FL31\FL31-00000321_0.tif,C:/Users/VicUser/Documents/RobC/20260801/FL31\FL31-00000321_1.tif,218.224764,218.225150,1.728015,-10.383721,-10.430638,-10.389762,5.090704,0.000000,0.000000,0.000000
322,C:/Users/VicUser/Documents/RobC/20260801/FL31\FL31-00000322_0.tif,C:/Users/VicUser/Documents/RobC/20260801/FL31\FL31-00000322_1.tif,218.724710,218.725033,1.736622,-10.383721,-10.430638,-10.389762,5.115993,0.000000,0.000000,0.000000
323,C:/Users/VicUser/Documents/RobC/20260801/FL31\FL31-00000323_0.tif,C:/Users/VicUser/Documents/RobC/20260801/FL31\FL31-00000323_1.tif,219.224733,219.224986,1.745230,-10.383721,-10.430638,-10.389762,5.141283,0.000000,0.000000,0.000000
324,C:/Users/VicUser/Documents/RobC/20260801/FL31\FL31-00000324_0.tif,C:/Users/VicUser/Documents/RobC/20260801/FL31\FL31-00000324_1.tif,219.724782,219.725184,1.752563,-10.383721,-10.430638,-10.389762,5.162826,0.000000,0.000000,0.000000
325,C:/Users/VicUser/Documents/RobC/20260801/FL31\FL31-00000325_0.tif,C:/Users/VicUser/Documents/RobC/20260801/FL31\FL31-00000325_1.tif,220.224675,220.225096,1.761808,-10.383721,-10.430638,-10.389762,5.189989,0.000000,0.000000,0.000000
326,C:/Users/VicUser/Documents/RobC/20260801/FL31\FL31-00000326_0.tif,C:/Users/VicUser/Documents/RobC/20260801/FL31\FL31-00000326_1.tif,220.724713,220.725043,1.770416,-10.383721,-10.430638,-10.389762,5.215279,0.000000,0.000000,0.000000
327,C:/Users/VicUser/Documents/RobC/20260801/FL31\FL31-00000327_0.tif,C:/Users/VicUser/Documents/RobC/20260801/FL31\FL31-00000327_1.tif,221.224724,221.225064,1.778705,-10.383721,-10.430638,-10.389762,5.239631,0.000000,0.000000,0.000000
328,C:/Users/VicUser/Documents/RobC/20260801/FL31\FL31-00000328_0.tif,C:/Users/VicUser/Documents/RobC/20260801/FL31\FL31-00000328_1.tif,221.724743,221.725114,1.786356,-10.383721,-10.430638,-10.389762,5.262111,0.000000,0.000000,0.000000
329,C:/Users/VicUser/Documents/RobC/20260801/FL31\FL31-00000329_0.tif,C:/Users/VicUser/Documents/RobC/20260801/FL31\FL31-00000329_1.tif,222.224794,222.225005,1.794964,-10.383721,-10.430638,-10.389762,5.287401,0.000000,0.000000,0.000000
330,C:/Users/VicUser/Documents/RobC/20260801/FL31\FL31-00000330_0.tif,C:/Users/VicUser/Documents/RobC/20260801/FL31\FL31-00000330_1.tif,222.724739,222.725129,1.801021,-10.383721,-10.430638,-10.389762,5.305197,0.000000,0.000000,0.000000
331,C:/Users/VicUser/Documents/RobC/20260801/FL31\FL31-00000331_0.tif,C:/Users/VicUser/Documents/RobC/20260801/FL31\FL31-00000331_1.tif,223.224811,223.225124,1.808991,-10.383721,-10.430638,-10.389762,5.328613,0.000000,0.000000,0.000000
332,C:/Users/VicUser/Documents/RobC/20260801/FL31\FL31-00000332_0.tif,C:/Users/VicUser/Documents/RobC/20260801/FL31\FL31-00000332_1.tif,223.724705,223.724973,1.816005,-10.383721,-10.430638,-10.389762,5.349220,0.000000,0.000000,0.000000
333,C:/Users/VicUser/Documents/RobC/20260801/FL31\FL31-00000333_0.tif,C:/Users/VicUser/Documents/RobC/20260801/FL31\FL31-00000333_1.tif,224.224721,224.225050,1.822381,-10.383721,-10.430638,-10.389762,5.367953,0.000000,0.000000,0.000000
334,C:/Users/VicUser/Documents/RobC/20260801/FL31\FL31-00000334_0.tif,C:/Users/VicUser/Documents/RobC/20260801/FL31\FL31-00000334_1.tif,224.724759,224.725156,1.831308,-10.383721,-10.430638,-10.389762,5.394179,0.000000,0.000000,0.000000
335,C:/Users/VicUser/Documents/RobC/20260801/FL31\FL31-00000335_0.tif,C:/Users/VicUser/Documents/RobC/20260801/FL31\FL31-00000335_1.tif,225.224690,225.224989,1.836090,-10.383721,-10.430638,-10.389762,5.408229,0.000000,0.000000,0.000000
336,C:/Users/VicUser/Documents/RobC/20260801/FL31\FL31-00000336_0.tif,C:/Users/VicUser/Documents/RobC/20260801/FL31\FL31-00000336_1.tif,225.724710,225.724999,1.844698,-10.383721,-10.430638,-10.389762,5.433518,0.000000,0.000000,0.000000
337,C:/Users/VicUser/Documents/RobC/20260801/FL31\FL31-00000337_0.tif,C:/Users/VicUser/Documents/RobC/20260801/FL31\FL31-00000337_1.tif,226.224777,226.225025,1.852349,-10.383721,-10.430638,-10.389762,5.455998,0.000000,0.000000,0.000000
338,C:/Users/VicUser/Documents/RobC/20260801/FL31\FL31-00000338_0.tif,C:/Users/VicUser/Documents/RobC/20260801/FL31\FL31-00000338_1.tif,226.724754,226.724989,1.860319,-10.383721,-10.430638,-10.389762,5.479414,0.000000,0.000000,0.000000
339,C:/Users/VicUser/Documents/RobC/20260801/FL31\FL31-00000339_0.tif,C:/Users/VicUser/Documents/RobC/20260801/FL31\FL31-00000339_1.tif,227.224773,227.225082,1.867333,-10.383721,-10.430638,-10.389762,5.500020,0.000000,0.000000,0.000000
340,C:/Users/VicUser/Documents/RobC/20260801/FL31\FL31-00000340_0.tif,C:/Users/VicUser/Documents/RobC/20260801/FL31\FL31-00000340_1.tif,227.724737,227.725032,1.873390,-10.383721,-10.430638,-10.389762,5.517817,0.000000,0.000000,0.000000
341,C:/Users/VicUser/Documents/RobC/20260801/FL31\FL31-00000341_0.tif,C:/Users/VicUser/Documents/RobC/20260801/FL31\FL31-00000341_1.tif,228.224787,228.225025,1.881042,-10.383721,-10.430638,-10.389762,5.540297,0.000000,0.000000,0.000000
342,C:/Users/VicUser/Documents/RobC/20260801/FL31\FL31-00000342_0.tif,C:/Users/VicUser/Documents/RobC/20260801/FL31\FL31-00000342_1.tif,228.724685,228.724994,1.886461,-10.383721,-10.430638,-10.389762,5.556220,0.000000,0.000000,0.000000
343,C:/Users/VicUser/Documents/RobC/20260801/FL31\FL31-00000343_0.tif,C:/Users/VicUser/Documents/RobC/20260801/FL31\FL31-00000343_1.tif,229.224766,229.225064,1.891562,-10.383721,-10.430638,-10.389762,5.571206,0.000000,0.000000,0.000000
344,C:/Users/VicUser/Documents/RobC/20260801/FL31\FL31-00000344_0.tif,C:/Users/VicUser/Documents/RobC/20260801/FL31\FL31-00000344_1.tif,229.724718,229.724991,1.897619,-10.383721,-10.430638,-10.389762,5.589003,0.000000,0.000000,0.000000
345,C:/Users/VicUser/Documents/RobC/20260801/FL31\FL31-00000345_0.tif,C:/Users/VicUser/Documents/RobC/20260801/FL31\FL31-00000345_1.tif,230.224716,230.225005,1.905590,-10.383721,-10.430638,-10.389762,5.612419,0.000000,0.000000,0.000000
346,C:/Users/VicUser/Documents/RobC/20260801/FL31\FL31-00000346_0.tif,C:/Users/VicUser/Documents/RobC/20260801/FL31\FL31-00000346_1.tif,230.724708,230.724964,1.914197,-10.383721,-10.430638,-10.389762,5.637708,0.000000,0.000000,0.000000
347,C:/Users/VicUser/Documents/RobC/20260801/FL31\FL31-00000347_0.tif,C:/Users/VicUser/Documents/RobC/20260801/FL31\FL31-00000347_1.tif,231.224757,231.225051,1.921211,-10.383721,-10.430638,-10.389762,5.658315,0.000000,0.000000,0.000000
348,C:/Users/VicUser/Documents/RobC/20260801/FL31\FL31-00000348_0.tif,C:/Users/VicUser/Documents/RobC/20260801/FL31\FL31-00000348_1.tif,231.724708,231.724993,1.928225,-10.383721,-10.430638,-10.389762,5.678921,0.000000,0.000000,0.000000
349,C:/Users/VicUser/Documents/RobC/20260801/FL31\FL31-00000349_0.tif,C:/Users/VicUser/Documents/RobC/20260801/FL31\FL31-00000349_1.tif,232.224766,232.225085,1.934601,-10.383721,-10.430638,-10.389762,5.697654,0.000000,0.000000,0.000000
350,C:/Users/VicUser/Documents/RobC/20260801/FL31\FL31-00000350_0.tif,C:/Users/VicUser/Documents/RobC/20260801/FL31\FL31-00000350_1.tif,232.724749,232.725106,1.943846,-10.383721,-10.430638,-10.389762,5.724817,0.000000,0.000000,0.000000
351,C:/Users/VicUser/Documents/RobC/20260801/FL31\FL31-00000351_0.tif,C:/Users/VicUser/Documents/RobC/20260801/FL31\FL31-00000351_1.tif,233.224696,233.224992,1.950860,-10.383721,-10.430638,-10.389762,5.745423,0.000000,0.000000,0.000000
352,C:/Users/VicUser/Documents/RobC/20260801/FL31\FL31-00000352_0.tif,C:/Users/VicUser/Documents/RobC/20260801/FL31\FL31-00000352_1.tif,233.724689,233.725160,1.958511,-10.383721,-10.430638,-10.389762,5.767903,0.000000,0.000000,0.000000
353,C:/Users/VicUser/Documents/RobC/20260801/FL31\FL31-00000353_0.tif,C:/Users/VicUser/Documents/RobC/20260801/FL31\FL31-00000353_1.tif,234.224764,234.225063,1.965844,-10.383721,-10.430638,-10.389762,5.789446,0.000000,0.000000,0.000000
354,C:/Users/VicUser/Documents/RobC/20260801/FL31\FL31-00000354_0.tif,C:/Users/VicUser/Documents/RobC/20260801/FL31\FL31-00000354_1.tif,234.724740,234.725114,1.973495,-10.383721,-10.430638,-10.389762,5.811926,0.000000,0.000000,0.000000
355,C:/Users/VicUser/Documents/RobC/20260801/FL31\FL31-00000355_0.tif,C:/Users/VicUser/Documents/RobC/20260801/FL31\FL31-00000355_1.tif,235.224694,235.224991,1.982422,-10.383721,-10.430638,-10.389762,5.838152,0.000000,0.000000,0.000000
356,C:/Users/VicUser/Documents/RobC/20260801/FL31\FL31-00000356_0.tif,C:/Users/VicUser/Documents/RobC/20260801/FL31\FL31-00000356_1.tif,235.724739,235.725058,1.988479,-10.383721,-10.430638,-10.389762,5.855948,0.000000,0.000000,0.000000
357,C:/Users/VicUser/Documents/RobC/20260801/FL31\FL31-00000357_0.tif,C:/Users/VicUser/Documents/RobC/20260801/FL31\FL31-00000357_1.tif,236.224755,236.225048,1.995493,-10.383721,-10.430638,-10.389762,5.876555,0.000000,0.000000,0.000000
358,C:/Users/VicUser/Documents/RobC/20260801/FL31\FL31-00000358_0.tif,C:/Users/VicUser/Documents/RobC/20260801/FL31\FL31-00000358_1.tif,236.724757,236.725074,2.001550,-10.383721,-10.430638,-10.389762,5.894351,0.000000,0.000000,0.000000
359,C:/Users/VicUser/Documents/RobC/20260801/FL31\FL31-00000359_0.tif,C:/Users/VicUser/Documents/RobC/20260801/FL31\FL31-00000359_1.tif,237.224714,237.224990,2.010158,-10.383721,-10.430638,-10.389762,5.919641,0.000000,0.000000,0.000000
360,C:/Users/VicUser/Documents/RobC/20260801/FL31\FL31-00000360_0.tif,C:/Users/VicUser/Documents/RobC/20260801/FL31\FL31-00000360_1.tif,237.724750,237.725067,2.016534,-10.383721,-10.430638,-10.389762,5.938374,0.000000,0.000000,0.000000
361,C:/Users/VicUser/Documents/RobC/20260801/FL31\FL31-00000361_0.tif,C:/Users/VicUser/Documents/RobC/20260801/FL31\FL31-00000361_1.tif,238.224704,238.225009,2.023548,-10.383721,-10.430638,-10.389762,5.958980,0.000000,0.000000,0.000000
362,C:/Users/VicUser/Documents/RobC/20260801/FL31\FL31-00000362_0.tif,C:/Users/VicUser/Documents/RobC/20260801/FL31\FL31-00000362_1.tif,238.724769,238.724971,2.029924,-10.383721,-10.430638,-10.389762,5.977713,0.000000,0.000000,0.000000
363,C:/Users/VicUser/Documents/RobC/20260801/FL31\FL31-00000363_0.tif,C:/Users/VicUser/Documents/RobC/20260801/FL31\FL31-00000363_1.tif,239.224725,239.225093,2.037575,-10.383721,-10.430638,-10.389762,6.000193,0.000000,0.000000,0.000000
364,C:/Users/VicUser/Documents/RobC/20260801/FL31\FL31-00000364_0.tif,C:/Users/VicUser/Documents/RobC/20260801/FL31\FL31-00000364_1.tif,239.724813,239.725179,2.046821,-10.383721,-10.430638,-10.389762,6.027356,0.000000,0.000000,0.000000
365,C:/Users/VicUser/Documents/RobC/20260801/FL31\FL31-00000365_0.tif,C:/Users/VicUser/Documents/RobC/20260801/FL31\FL31-00000365_1.tif,240.224793,240.225184,2.054153,-10.383721,-10.430638,-10.389762,6.048899,0.000000,0.000000,0.000000
366,C:/Users/VicUser/Documents/RobC/20260801/FL31\FL31-00000366_0.tif,C:/Users/VicUser/Documents/RobC/20260801/FL31\FL31-00000366_1.tif,240.724802,240.725088,2.059892,-10.383721,-10.430638,-10.389762,6.065758,0.000000,0.000000,0.000000
367,C:/Users/VicUser/Documents/RobC/20260801/FL31\FL31-00000367_0.tif,C:/Users/VicUser/Documents/RobC/20260801/FL31\FL31-00000367_1.tif,241.224772,241.225135,2.066905,-10.383721,-10.430638,-10.389762,6.086365,0.000000,0.000000,0.000000
368,C:/Users/VicUser/Documents/RobC/20260801/FL31\FL31-00000368_0.tif,C:/Users/VicUser/Documents/RobC/20260801/FL31\FL31-00000368_1.tif,241.724751,241.725123,2.073919,-10.383721,-10.430638,-10.389762,6.106971,0.000000,0.000000,0.000000
369,C:/Users/VicUser/Documents/RobC/20260801/FL31\FL31-00000369_0.tif,C:/Users/VicUser/Documents/RobC/20260801/FL31\FL31-00000369_1.tif,242.224738,242.224971,2.081889,-10.383721,-10.430638,-10.389762,6.130388,0.000000,0.000000,0.000000
370,C:/Users/VicUser/Documents/RobC/20260801/FL31\FL31-00000370_0.tif,C:/Users/VicUser/Documents/RobC/20260801/FL31\FL31-00000370_1.tif,242.724659,242.724964,2.090816,-10.383721,-10.430638,-10.389762,6.156613,0.000000,0.000000,0.000000
371,C:/Users/VicUser/Documents/RobC/20260801/FL31\FL31-00000371_0.tif,C:/Users/VicUser/Documents/RobC/20260801/FL31\FL31-00000371_1.tif,243.224671,243.225062,2.095279,-10.383721,-10.430638,-10.389762,6.169727,0.000000,0.000000,0.000000
372,C:/Users/VicUser/Documents/RobC/20260801/FL31\FL31-00000372_0.tif,C:/Users/VicUser/Documents/RobC/20260801/FL31\FL31-00000372_1.tif,243.724720,243.725032,2.104843,-10.383721,-10.430638,-10.389762,6.197826,0.000000,0.000000,0.000000
373,C:/Users/VicUser/Documents/RobC/20260801/FL31\FL31-00000373_0.tif,C:/Users/VicUser/Documents/RobC/20260801/FL31\FL31-00000373_1.tif,244.224729,244.225019,2.110582,-10.383721,-10.430638,-10.389762,6.214686,0.000000,0.000000,0.000000
374,C:/Users/VicUser/Documents/RobC/20260801/FL31\FL31-00000374_0.tif,C:/Users/VicUser/Documents/RobC/20260801/FL31\FL31-00000374_1.tif,244.724713,244.725029,2.118233,-10.383721,-10.430638,-10.389762,6.237166,0.000000,0.000000,0.000000
375,C:/Users/VicUser/Documents/RobC/20260801/FL31\FL31-00000375_0.tif,C:/Users/VicUser/Documents/RobC/20260801/FL31\FL31-00000375_1.tif,245.224723,245.225061,2.124928,-10.383721,-10.430638,-10.389762,6.256836,0.000000,0.000000,0.000000
376,C:/Users/VicUser/Documents/RobC/20260801/FL31\FL31-00000376_0.tif,C:/Users/VicUser/Documents/RobC/20260801/FL31\FL31-00000376_1.tif,245.724765,245.725096,2.133536,-10.383721,-10.430638,-10.389762,6.282125,0.000000,0.000000,0.000000
377,C:/Users/VicUser/Documents/RobC/20260801/FL31\FL31-00000377_0.tif,C:/Users/VicUser/Documents/RobC/20260801/FL31\FL31-00000377_1.tif,246.224721,246.225043,2.140868,-10.383721,-10.430638,-10.389762,6.303668,0.000000,0.000000,0.000000
378,C:/Users/VicUser/Documents/RobC/20260801/FL31\FL31-00000378_0.tif,C:/Users/VicUser/Documents/RobC/20260801/FL31\FL31-00000378_1.tif,246.724702,246.725035,2.147882,-10.383721,-10.430638,-10.389762,6.324275,0.000000,0.000000,0.000000
379,C:/Users/VicUser/Documents/RobC/20260801/FL31\FL31-00000379_0.tif,C:/Users/VicUser/Documents/RobC/20260801/FL31\FL31-00000379_1.tif,247.224795,247.225086,2.155852,-10.383721,-10.430638,-10.389762,6.347691,0.000000,0.000000,0.000000
380,C:/Users/VicUser/Documents/RobC/20260801/FL31\FL31-00000380_0.tif,C:/Users/VicUser/Documents/RobC/20260801/FL31\FL31-00000380_1.tif,247.724686,247.725022,2.159997,-10.383721,-10.430638,-10.389762,6.359867,0.000000,0.000000,0.000000
381,C:/Users/VicUser/Documents/RobC/20260801/FL31\FL31-00000381_0.tif,C:/Users/VicUser/Documents/RobC/20260801/FL31\FL31-00000381_1.tif,248.224717,248.225127,2.170199,-10.383721,-10.430638,-10.389762,6.389840,0.000000,0.000000,0.000000
382,C:/Users/VicUser/Documents/RobC/20260801/FL31\FL31-00000382_0.tif,C:/Users/VicUser/Documents/RobC/20260801/FL31\FL31-00000382_1.tif,248.724755,248.725114,2.177531,-10.383721,-10.430638,-10.389762,6.411383,0.000000,0.000000,0.000000
383,C:/Users/VicUser/Documents/RobC/20260801/FL31\FL31-00000383_0.tif,C:/Users/VicUser/Documents/RobC/20260801/FL31\FL31-00000383_1.tif,249.224766,249.225196,2.185183,-10.383721,-10.430638,-10.389762,6.433863,0.000000,0.000000,0.000000
384,C:/Users/VicUser/Documents/RobC/20260801/FL31\FL31-00000384_0.tif,C:/Users/VicUser/Documents/RobC/20260801/FL31\FL31-00000384_1.tif,249.724757,249.725104,2.191559,-10.383721,-10.430638,-10.389762,6.452596,0.000000,0.000000,0.000000
385,C:/Users/VicUser/Documents/RobC/20260801/FL31\FL31-00000385_0.tif,C:/Users/VicUser/Documents/RobC/20260801/FL31\FL31-00000385_1.tif,250.224773,250.225117,2.198253,-10.383721,-10.430638,-10.389762,6.472265,0.000000,0.000000,0.000000
386,C:/Users/VicUser/Documents/RobC/20260801/FL31\FL31-00000386_0.tif,C:/Users/VicUser/Documents/RobC/20260801/FL31\FL31-00000386_1.tif,250.724764,250.725040,2.205905,-10.383721,-10.430638,-10.389762,6.494745,0.000000,0.000000,0.000000
387,C:/Users/VicUser/Documents/RobC/20260801/FL31\FL31-00000387_0.tif,C:/Users/VicUser/Documents/RobC/20260801/FL31\FL31-00000387_1.tif,251.224770,251.225068,2.214194,-10.383721,-10.430638,-10.389762,6.519098,0.000000,0.000000,0.000000
388,C:/Users/VicUser/Documents/RobC/20260801/FL31\FL31-00000388_0.tif,C:/Users/VicUser/Documents/RobC/20260801/FL31\FL31-00000388_1.tif,251.724728,251.725022,2.223120,-10.383721,-10.430638,-10.389762,6.545325,0.000000,0.000000,0.000000
389,C:/Users/VicUser/Documents/RobC/20260801/FL31\FL31-00000389_0.tif,C:/Users/VicUser/Documents/RobC/20260801/FL31\FL31-00000389_1.tif,252.224703,252.225059,2.227584,-10.383721,-10.430638,-10.389762,6.558437,0.000000,0.000000,0.000000
390,C:/Users/VicUser/Documents/RobC/20260801/FL31\FL31-00000390_0.tif,C:/Users/VicUser/Documents/RobC/20260801/FL31\FL31-00000390_1.tif,252.724737,252.725120,2.235554,-10.383721,-10.430638,-10.389762,6.581854,0.000000,0.000000,0.000000
391,C:/Users/VicUser/Documents/RobC/20260801/FL31\FL31-00000391_0.tif,C:/Users/VicUser/Documents/RobC/20260801/FL31\FL31-00000391_1.tif,253.224721,253.224990,2.243524,-10.383721,-10.430638,-10.389762,6.605270,0.000000,0.000000,0.000000
392,C:/Users/VicUser/Documents/RobC/20260801/FL31\FL31-00000392_0.tif,C:/Users/VicUser/Documents/RobC/20260801/FL31\FL31-00000392_1.tif,253.724792,253.724989,2.251813,-10.383721,-10.430638,-10.389762,6.629623,0.000000,0.000000,0.000000
393,C:/Users/VicUser/Documents/RobC/20260801/FL31\FL31-00000393_0.tif,C:/Users/VicUser/Documents/RobC/20260801/FL31\FL31-00000393_1.tif,254.224732,254.225000,2.259145,-10.383721,-10.430638,-10.389762,6.651166,0.000000,0.000000,0.000000
394,C:/Users/VicUser/Documents/RobC/20260801/FL31\FL31-00000394_0.tif,C:/Users/VicUser/Documents/RobC/20260801/FL31\FL31-00000394_1.tif,254.724686,254.724990,2.263290,-10.383721,-10.430638,-10.389762,6.663342,0.000000,0.000000,0.000000
395,C:/Users/VicUser/Documents/RobC/20260801/FL31\FL31-00000395_0.tif,C:/Users/VicUser/Documents/RobC/20260801/FL31\FL31-00000395_1.tif,255.224724,255.224954,2.271898,-10.383721,-10.430638,-10.389762,6.688632,0.000000,0.000000,0.000000
396,C:/Users/VicUser/Documents/RobC/20260801/FL31\FL31-00000396_0.tif,C:/Users/VicUser/Documents/RobC/20260801/FL31\FL31-00000396_1.tif,255.724741,255.725018,2.279549,-10.383721,-10.430638,-10.389762,6.711112,0.000000,0.000000,0.000000
397,C:/Users/VicUser/Documents/RobC/20260801/FL31\FL31-00000397_0.tif,C:/Users/VicUser/Documents/RobC/20260801/FL31\FL31-00000397_1.tif,256.224601,256.224913,2.287200,-10.383721,-10.430638,-10.389762,6.733592,0.000000,0.000000,0.000000
398,C:/Users/VicUser/Documents/RobC/20260801/FL31\FL31-00000398_0.tif,C:/Users/VicUser/Documents/RobC/20260801/FL31\FL31-00000398_1.tif,256.724709,256.725044,2.293895,-10.383721,-10.430638,-10.389762,6.753261,0.000000,0.000000,0.000000
399,C:/Users/VicUser/Documents/RobC/20260801/FL31\FL31-00000399_0.tif,C:/Users/VicUser/Documents/RobC/20260801/FL31\FL31-00000399_1.tif,257.224769,257.225032,2.303141,-10.383721,-10.430638,-10.389762,6.780424,0.000000,0.000000,0.000000
400,C:/Users/VicUser/Documents/RobC/20260801/FL31\FL31-00000400_0.tif,C:/Users/VicUser/Documents/RobC/20260801/FL31\FL31-00000400_1.tif,257.724644,257.725056,2.309198,-10.383721,-10.430638,-10.389762,6.798220,0.000000,0.000000,0.000000
401,C:/Users/VicUser/Documents/RobC/20260801/FL31\FL31-00000401_0.tif,C:/Users/VicUser/Documents/RobC/20260801/FL31\FL31-00000401_1.tif,258.224724,258.225068,2.315893,-10.383721,-10.430638,-10.389762,6.817890,0.000000,0.000000,0.000000
402,C:/Users/VicUser/Documents/RobC/20260801/FL31\FL31-00000402_0.tif,C:/Users/VicUser/Documents/RobC/20260801/FL31\FL31-00000402_1.tif,258.724717,258.725034,2.323544,-10.383721,-10.430638,-10.389762,6.840370,0.000000,0.000000,0.000000
403,C:/Users/VicUser/Documents/RobC/20260801/FL31\FL31-00000403_0.tif,C:/Users/VicUser/Documents/RobC/20260801/FL31\FL31-00000403_1.tif,259.224745,259.225093,2.331833,-10.383721,-10.430638,-10.389762,6.864722,0.000000,0.000000,0.000000
404,C:/Users/VicUser/Documents/RobC/20260801/FL31\FL31-00000404_0.tif,C:/Users/VicUser/Documents/RobC/20260801/FL31\FL31-00000404_1.tif,259.724757,259.725143,2.339166,-10.383721,-10.430638,-10.389762,6.886265,0.000000,0.000000,0.000000
405,C:/Users/VicUser/Documents/RobC/20260801/FL31\FL31-00000405_0.tif,C:/Users/VicUser/Documents/RobC/20260801/FL31\FL31-00000405_1.tif,260.224727,260.225060,2.345861,-10.383721,-10.430638,-10.389762,6.905935,0.000000,0.000000,0.000000
406,C:/Users/VicUser/Documents/RobC/20260801/FL31\FL31-00000406_0.tif,C:/Users/VicUser/Documents/RobC/20260801/FL31\FL31-00000406_1.tif,260.724703,260.724956,2.352556,-10.383721,-10.430638,-10.389762,6.925605,0.000000,0.000000,0.000000
407,C:/Users/VicUser/Documents/RobC/20260801/FL31\FL31-00000407_0.tif,C:/Users/VicUser/Documents/RobC/20260801/FL31\FL31-00000407_1.tif,261.224759,261.225079,2.360526,-10.383721,-10.430638,-10.389762,6.949022,0.000000,0.000000,0.000000
408,C:/Users/VicUser/Documents/RobC/20260801/FL31\FL31-00000408_0.tif,C:/Users/VicUser/Documents/RobC/20260801/FL31\FL31-00000408_1.tif,261.724874,261.725021,2.368177,-10.383721,-10.430638,-10.389762,6.971501,0.000000,0.000000,0.000000
409,C:/Users/VicUser/Documents/RobC/20260801/FL31\FL31-00000409_0.tif,C:/Users/VicUser/Documents/RobC/20260801/FL31\FL31-00000409_1.tif,262.224690,262.224960,2.375191,-10.383721,-10.430638,-10.389762,6.992107,0.000000,0.000000,0.000000
410,C:/Users/VicUser/Documents/RobC/20260801/FL31\FL31-00000410_0.tif,C:/Users/VicUser/Documents/RobC/20260801/FL31\FL31-00000410_1.tif,262.724748,262.725065,2.382842,-10.383721,-10.430638,-10.389762,7.014587,0.000000,0.000000,0.000000
411,C:/Users/VicUser/Documents/RobC/20260801/FL31\FL31-00000411_0.tif,C:/Users/VicUser/Documents/RobC/20260801/FL31\FL31-00000411_1.tif,263.224782,263.225103,2.390175,-10.383721,-10.430638,-10.389762,7.036130,0.000000,0.000000,0.000000
412,C:/Users/VicUser/Documents/RobC/20260801/FL31\FL31-00000412_0.tif,C:/Users/VicUser/Documents/RobC/20260801/FL31\FL31-00000412_1.tif,263.724777,263.725083,2.398464,-10.383721,-10.430638,-10.389762,7.060483,0.000000,0.000000,0.000000
413,C:/Users/VicUser/Documents/RobC/20260801/FL31\FL31-00000413_0.tif,C:/Users/VicUser/Documents/RobC/20260801/FL31\FL31-00000413_1.tif,264.224737,264.224987,2.406434,-10.383721,-10.430638,-10.389762,7.083899,0.000000,0.000000,0.000000
414,C:/Users/VicUser/Documents/RobC/20260801/FL31\FL31-00000414_0.tif,C:/Users/VicUser/Documents/RobC/20260801/FL31\FL31-00000414_1.tif,264.724700,264.725021,2.411854,-10.383721,-10.430638,-10.389762,7.099822,0.000000,0.000000,0.000000
415,C:/Users/VicUser/Documents/RobC/20260801/FL31\FL31-00000415_0.tif,C:/Users/VicUser/Documents/RobC/20260801/FL31\FL31-00000415_1.tif,265.224766,265.225104,2.420780,-10.383721,-10.430638,-10.389762,7.126049,0.000000,0.000000,0.000000
416,C:/Users/VicUser/Documents/RobC/20260801/FL31\FL31-00000416_0.tif,C:/Users/VicUser/Documents/RobC/20260801/FL31\FL31-00000416_1.tif,265.724690,265.724984,2.425881,-10.383721,-10.430638,-10.389762,7.141035,0.000000,0.000000,0.000000
417,C:/Users/VicUser/Documents/RobC/20260801/FL31\FL31-00000417_0.tif,C:/Users/VicUser/Documents/RobC/20260801/FL31\FL31-00000417_1.tif,266.224734,266.225034,2.435126,-10.383721,-10.430638,-10.389762,7.168198,0.000000,0.000000,0.000000
418,C:/Users/VicUser/Documents/RobC/20260801/FL31\FL31-00000418_0.tif,C:/Users/VicUser/Documents/RobC/20260801/FL31\FL31-00000418_1.tif,266.724707,266.724987,2.441821,-10.383721,-10.430638,-10.389762,7.187868,0.000000,0.000000,0.000000
419,C:/Users/VicUser/Documents/RobC/20260801/FL31\FL31-00000419_0.tif,C:/Users/VicUser/Documents/RobC/20260801/FL31\FL31-00000419_1.tif,267.224726,267.225063,2.450110,-10.383721,-10.430638,-10.389762,7.212220,0.000000,0.000000,0.000000
420,C:/Users/VicUser/Documents/RobC/20260801/FL31\FL31-00000420_0.tif,C:/Users/VicUser/Documents/RobC/20260801/FL31\FL31-00000420_1.tif,267.724753,267.725076,2.457762,-10.383721,-10.430638,-10.389762,7.234700,0.000000,0.000000,0.000000
421,C:/Users/VicUser/Documents/RobC/20260801/FL31\FL31-00000421_0.tif,C:/Users/VicUser/Documents/RobC/20260801/FL31\FL31-00000421_1.tif,268.224708,268.224972,2.463500,-10.383721,-10.430638,-10.389762,7.251560,0.000000,0.000000,0.000000
422,C:/Users/VicUser/Documents/RobC/20260801/FL31\FL31-00000422_0.tif,C:/Users/VicUser/Documents/RobC/20260801/FL31\FL31-00000422_1.tif,268.724806,268.725070,2.472427,-10.383721,-10.430638,-10.389762,7.277786,0.000000,0.000000,0.000000
423,C:/Users/VicUser/Documents/RobC/20260801/FL31\FL31-00000423_0.tif,C:/Users/VicUser/Documents/RobC/20260801/FL31\FL31-00000423_1.tif,269.224787,269.225182,2.478803,-10.383721,-10.430638,-10.389762,7.296519,0.000000,0.000000,0.000000
424,C:/Users/VicUser/Documents/RobC/20260801/FL31\FL31-00000424_0.tif,C:/Users/VicUser/Documents/RobC/20260801/FL31\FL31-00000424_1.tif,269.724780,269.725085,2.486135,-10.383721,-10.430638,-10.389762,7.318062,0.000000,0.000000,0.000000
425,C:/Users/VicUser/Documents/RobC/20260801/FL31\FL31-00000425_0.tif,C:/Users/VicUser/Documents/RobC/20260801/FL31\FL31-00000425_1.tif,270.224726,270.225096,2.491874,-10.383721,-10.430638,-10.389762,7.334922,0.000000,0.000000,0.000000
426,C:/Users/VicUser/Documents/RobC/20260801/FL31\FL31-00000426_0.tif,C:/Users/VicUser/Documents/RobC/20260801/FL31\FL31-00000426_1.tif,270.724739,270.725176,2.499844,-10.383721,-10.430638,-10.389762,7.358338,0.000000,0.000000,0.000000
427,C:/Users/VicUser/Documents/RobC/20260801/FL31\FL31-00000427_0.tif,C:/Users/VicUser/Documents/RobC/20260801/FL31\FL31-00000427_1.tif,271.224714,271.225021,2.506858,-10.383721,-10.430638,-10.389762,7.378944,0.000000,0.000000,0.000000
428,C:/Users/VicUser/Documents/RobC/20260801/FL31\FL31-00000428_0.tif,C:/Users/VicUser/Documents/RobC/20260801/FL31\FL31-00000428_1.tif,271.724745,271.725053,2.513871,-10.383721,-10.430638,-10.389762,7.399551,0.000000,0.000000,0.000000
429,C:/Users/VicUser/Documents/RobC/20260801/FL31\FL31-00000429_0.tif,C:/Users/VicUser/Documents/RobC/20260801/FL31\FL31-00000429_1.tif,272.224747,272.225099,2.520885,-10.383721,-10.430638,-10.389762,7.420157,0.000000,0.000000,0.000000
430,C:/Users/VicUser/Documents/RobC/20260801/FL31\FL31-00000430_0.tif,C:/Users/VicUser/Documents/RobC/20260801/FL31\FL31-00000430_1.tif,272.724692,272.725036,2.527261,-10.383721,-10.430638,-10.389762,7.438890,0.000000,0.000000,0.000000
431,C:/Users/VicUser/Documents/RobC/20260801/FL31\FL31-00000431_0.tif,C:/Users/VicUser/Documents/RobC/20260801/FL31\FL31-00000431_1.tif,273.224681,273.224964,2.535231,-10.383721,-10.430638,-10.389762,7.462306,0.000000,0.000000,0.000000
432,C:/Users/VicUser/Documents/RobC/20260801/FL31\FL31-00000432_0.tif,C:/Users/VicUser/Documents/RobC/20260801/FL31\FL31-00000432_1.tif,273.724736,273.724988,2.539695,-10.383721,-10.430638,-10.389762,7.475420,0.000000,0.000000,0.000000
433,C:/Users/VicUser/Documents/RobC/20260801/FL31\FL31-00000433_0.tif,C:/Users/VicUser/Documents/RobC/20260801/FL31\FL31-00000433_1.tif,274.224728,274.225064,2.547984,-10.383721,-10.430638,-10.389762,7.499773,0.000000,0.000000,0.000000
434,C:/Users/VicUser/Documents/RobC/20260801/FL31\FL31-00000434_0.tif,C:/Users/VicUser/Documents/RobC/20260801/FL31\FL31-00000434_1.tif,274.724738,274.725091,2.553722,-10.383721,-10.430638,-10.389762,7.516632,0.000000,0.000000,0.000000
435,C:/Users/VicUser/Documents/RobC/20260801/FL31\FL31-00000435_0.tif,C:/Users/VicUser/Documents/RobC/20260801/FL31\FL31-00000435_1.tif,275.224756,275.225061,2.561692,-10.383721,-10.430638,-10.389762,7.540048,0.000000,0.000000,0.000000
436,C:/Users/VicUser/Documents/RobC/20260801/FL31\FL31-00000436_0.tif,C:/Users/VicUser/Documents/RobC/20260801/FL31\FL31-00000436_1.tif,275.724728,275.725026,2.566793,-10.383721,-10.430638,-10.389762,7.555035,0.000000,0.000000,0.000000
437,C:/Users/VicUser/Documents/RobC/20260801/FL31\FL31-00000437_0.tif,C:/Users/VicUser/Documents/RobC/20260801/FL31\FL31-00000437_1.tif,276.224736,276.225049,2.573169,-10.383721,-10.430638,-10.389762,7.573769,0.000000,0.000000,0.000000
438,C:/Users/VicUser/Documents/RobC/20260801/FL31\FL31-00000438_0.tif,C:/Users/VicUser/Documents/RobC/20260801/FL31\FL31-00000438_1.tif,276.724768,276.725371,2.578908,-10.383721,-10.430638,-10.389762,7.590628,0.000000,0.000000,0.000000
439,C:/Users/VicUser/Documents/RobC/20260801/FL31\FL31-00000439_0.tif,C:/Users/VicUser/Documents/RobC/20260801/FL31\FL31-00000439_1.tif,277.224730,277.225060,2.586240,-10.383721,-10.430638,-10.389762,7.612171,0.000000,0.000000,0.000000
440,C:/Users/VicUser/Documents/RobC/20260801/FL31\FL31-00000440_0.tif,C:/Users/VicUser/Documents/RobC/20260801/FL31\FL31-00000440_1.tif,277.724717,277.725238,2.592935,-10.383721,-10.430638,-10.389762,7.631841,0.000000,0.000000,0.000000
441,C:/Users/VicUser/Documents/RobC/20260801/FL31\FL31-00000441_0.tif,C:/Users/VicUser/Documents/RobC/20260801/FL31\FL31-00000441_1.tif,278.224790,278.225103,2.598036,-10.383721,-10.430638,-10.389762,7.646827,0.000000,0.000000,0.000000
442,C:/Users/VicUser/Documents/RobC/20260801/FL31\FL31-00000442_0.tif,C:/Users/VicUser/Documents/RobC/20260801/FL31\FL31-00000442_1.tif,278.724719,278.725165,2.603775,-10.383721,-10.430638,-10.389762,7.663687,0.000000,0.000000,0.000000
443,C:/Users/VicUser/Documents/RobC/20260801/FL31\FL31-00000443_0.tif,C:/Users/VicUser/Documents/RobC/20260801/FL31\FL31-00000443_1.tif,279.224730,279.225095,2.608876,-10.383721,-10.430638,-10.389762,7.678673,0.000000,0.000000,0.000000
444,C:/Users/VicUser/Documents/RobC/20260801/FL31\FL31-00000444_0.tif,C:/Users/VicUser/Documents/RobC/20260801/FL31\FL31-00000444_1.tif,279.724752,279.725143,2.615571,-10.383721,-10.430638,-10.389762,7.698343,0.000000,0.000000,0.000000
445,C:/Users/VicUser/Documents/RobC/20260801/FL31\FL31-00000445_0.tif,C:/Users/VicUser/Documents/RobC/20260801/FL31\FL31-00000445_1.tif,280.224740,280.225149,2.621309,-10.383721,-10.430638,-10.389762,7.715203,0.000000,0.000000,0.000000
446,C:/Users/VicUser/Documents/RobC/20260801/FL31\FL31-00000446_0.tif,C:/Users/VicUser/Documents/RobC/20260801/FL31\FL31-00000446_1.tif,280.724714,280.725102,2.625453,-10.383721,-10.430638,-10.389762,7.727379,0.000000,0.000000,0.000000
447,C:/Users/VicUser/Documents/RobC/20260801/FL31\FL31-00000447_0.tif,C:/Users/VicUser/Documents/RobC/20260801/FL31\FL31-00000447_1.tif,281.224750,281.225151,2.630236,-10.383721,-10.430638,-10.389762,7.741429,0.000000,0.000000,0.000000
448,C:/Users/VicUser/Documents/RobC/20260801/FL31\FL31-00000448_0.tif,C:/Users/VicUser/Documents/RobC/20260801/FL31\FL31-00000448_1.tif,281.724678,281.725053,2.633424,-10.383721,-10.430638,-10.389762,7.750796,0.000000,0.000000,0.000000
449,C:/Users/VicUser/Documents/RobC/20260801/FL31\FL31-00000449_0.tif,C:/Users/VicUser/Documents/RobC/20260801/FL31\FL31-00000449_1.tif,282.224662,282.225092,2.638525,-10.383721,-10.430638,-10.389762,7.765782,0.000000,0.000000,0.000000
450,C:/Users/VicUser/Documents/RobC/20260801/FL31\FL31-00000450_0.tif,C:/Users/VicUser/Documents/RobC/20260801/FL31\FL31-00000450_1.tif,282.724730,282.725072,2.642031,-10.383721,-10.430638,-10.389762,7.776085,0.000000,0.000000,0.000000
451,C:/Users/VicUser/Documents/RobC/20260801/FL31\FL31-00000451_0.tif,C:/Users/VicUser/Documents/RobC/20260801/FL31\FL31-00000451_1.tif,283.224701,283.225071,2.646495,-10.383721,-10.430638,-10.389762,7.789198,0.000000,0.000000,0.000000
452,C:/Users/VicUser/Documents/RobC/20260801/FL31\FL31-00000452_0.tif,C:/Users/VicUser/Documents/RobC/20260801/FL31\FL31-00000452_1.tif,283.724721,283.725119,2.650002,-10.383721,-10.430638,-10.389762,7.799501,0.000000,0.000000,0.000000
453,C:/Users/VicUser/Documents/RobC/20260801/FL31\FL31-00000453_0.tif,C:/Users/VicUser/Documents/RobC/20260801/FL31\FL31-00000453_1.tif,284.224774,284.225105,2.652552,-10.383721,-10.430638,-10.389762,7.806995,0.000000,0.000000,0.000000
454,C:/Users/VicUser/Documents/RobC/20260801/FL31\FL31-00000454_0.tif,C:/Users/VicUser/Documents/RobC/20260801/FL31\FL31-00000454_1.tif,284.724732,284.725038,2.656697,-10.383721,-10.430638,-10.389762,7.819171,0.000000,0.000000,0.000000
455,C:/Users/VicUser/Documents/RobC/20260801/FL31\FL31-00000455_0.tif,C:/Users/VicUser/Documents/RobC/20260801/FL31\FL31-00000455_1.tif,285.224689,285.225111,2.658609,-10.383721,-10.430638,-10.389762,7.824791,0.000000,0.000000,0.000000
456,C:/Users/VicUser/Documents/RobC/20260801/FL31\FL31-00000456_0.tif,C:/Users/VicUser/Documents/RobC/20260801/FL31\FL31-00000456_1.tif,285.724734,285.725100,2.662435,-10.383721,-10.430638,-10.389762,7.836031,0.000000,0.000000,0.000000
457,C:/Users/VicUser/Documents/RobC/20260801/FL31\FL31-00000457_0.tif,C:/Users/VicUser/Documents/RobC/20260801/FL31\FL31-00000457_1.tif,286.224720,286.225042,2.665623,-10.383721,-10.430638,-10.389762,7.845398,0.000000,0.000000,0.000000
458,C:/Users/VicUser/Documents/RobC/20260801/FL31\FL31-00000458_0.tif,C:/Users/VicUser/Documents/RobC/20260801/FL31\FL31-00000458_1.tif,286.724700,286.725091,2.669130,-10.383721,-10.430638,-10.389762,7.855700,0.000000,0.000000,0.000000
459,C:/Users/VicUser/Documents/RobC/20260801/FL31\FL31-00000459_0.tif,C:/Users/VicUser/Documents/RobC/20260801/FL31\FL31-00000459_1.tif,287.224756,287.225118,2.669130,-10.383721,-10.430638,-10.389762,7.855700,0.000000,0.000000,0.000000
460,C:/Users/VicUser/Documents/RobC/20260801/FL31\FL31-00000460_0.tif,C:/Users/VicUser/Documents/RobC/20260801/FL31\FL31-00000460_1.tif,287.724611,287.724955,2.672637,-10.383721,-10.430638,-10.389762,7.866003,0.000000,0.000000,0.000000
461,C:/Users/VicUser/Documents/RobC/20260801/FL31\FL31-00000461_0.tif,C:/Users/VicUser/Documents/RobC/20260801/FL31\FL31-00000461_1.tif,288.224722,288.224985,2.675825,-10.383721,-10.430638,-10.389762,7.875370,0.000000,0.000000,0.000000
462,C:/Users/VicUser/Documents/RobC/20260801/FL31\FL31-00000462_0.tif,C:/Users/VicUser/Documents/RobC/20260801/FL31\FL31-00000462_1.tif,288.724711,288.725102,2.678375,-10.383721,-10.430638,-10.389762,7.882863,0.000000,0.000000,0.000000
463,C:/Users/VicUser/Documents/RobC/20260801/FL31\FL31-00000463_0.tif,C:/Users/VicUser/Documents/RobC/20260801/FL31\FL31-00000463_1.tif,289.224716,289.225020,2.679969,-10.383721,-10.430638,-10.389762,7.887546,0.000000,0.000000,0.000000
464,C:/Users/VicUser/Documents/RobC/20260801/FL31\FL31-00000464_0.tif,C:/Users/VicUser/Documents/RobC/20260801/FL31\FL31-00000464_1.tif,289.724712,289.724989,2.682839,-10.383721,-10.430638,-10.389762,7.895977,0.000000,0.000000,0.000000
465,C:/Users/VicUser/Documents/RobC/20260801/FL31\FL31-00000465_0.tif,C:/Users/VicUser/Documents/RobC/20260801/FL31\FL31-00000465_1.tif,290.224708,290.225036,2.683795,-10.383721,-10.430638,-10.389762,7.898786,0.000000,0.000000,0.000000
466,C:/Users/VicUser/Documents/RobC/20260801/FL31\FL31-00000466_0.tif,C:/Users/VicUser/Documents/RobC/20260801/FL31\FL31-00000466_1.tif,290.724744,290.725038,2.687302,-10.383721,-10.430638,-10.389762,7.909090,0.000000,0.000000,0.000000
467,C:/Users/VicUser/Documents/RobC/20260801/FL31\FL31-00000467_0.tif,C:/Users/VicUser/Documents/RobC/20260801/FL31\FL31-00000467_1.tif,291.224678,291.225120,2.689215,-10.383721,-10.430638,-10.389762,7.914709,0.000000,0.000000,0.000000
468,C:/Users/VicUser/Documents/RobC/20260801/FL31\FL31-00000468_0.tif,C:/Users/VicUser/Documents/RobC/20260801/FL31\FL31-00000468_1.tif,291.724761,291.725035,2.691765,-10.383721,-10.430638,-10.389762,7.922202,0.000000,0.000000,0.000000
469,C:/Users/VicUser/Documents/RobC/20260801/FL31\FL31-00000469_0.tif,C:/Users/VicUser/Documents/RobC/20260801/FL31\FL31-00000469_1.tif,292.224647,292.224970,2.693997,-10.383721,-10.430638,-10.389762,7.928760,0.000000,0.000000,0.000000
470,C:/Users/VicUser/Documents/RobC/20260801/FL31\FL31-00000470_0.tif,C:/Users/VicUser/Documents/RobC/20260801/FL31\FL31-00000470_1.tif,292.724728,292.725054,2.694953,-10.383721,-10.430638,-10.389762,7.931569,0.000000,0.000000,0.000000
471,C:/Users/VicUser/Documents/RobC/20260801/FL31\FL31-00000471_0.tif,C:/Users/VicUser/Documents/RobC/20260801/FL31\FL31-00000471_1.tif,293.224809,293.225164,2.697823,-10.383721,-10.430638,-10.389762,7.939999,0.000000,0.000000,0.000000
472,C:/Users/VicUser/Documents/RobC/20260801/FL31\FL31-00000472_0.tif,C:/Users/VicUser/Documents/RobC/20260801/FL31\FL31-00000472_1.tif,293.724704,293.724976,2.699098,-10.383721,-10.430638,-10.389762,7.943745,0.000000,0.000000,0.000000
473,C:/Users/VicUser/Documents/RobC/20260801/FL31\FL31-00000473_0.tif,C:/Users/VicUser/Documents/RobC/20260801/FL31\FL31-00000473_1.tif,294.224752,294.225025,2.701329,-10.383721,-10.430638,-10.389762,7.950303,0.000000,0.000000,0.000000
474,C:/Users/VicUser/Documents/RobC/20260801/FL31\FL31-00000474_0.tif,C:/Users/VicUser/Documents/RobC/20260801/FL31\FL31-00000474_1.tif,294.724712,294.725035,2.703242,-10.383721,-10.430638,-10.389762,7.955922,0.000000,0.000000,0.000000
475,C:/Users/VicUser/Documents/RobC/20260801/FL31\FL31-00000475_0.tif,C:/Users/VicUser/Documents/RobC/20260801/FL31\FL31-00000475_1.tif,295.224777,295.225101,2.705474,-10.383721,-10.430638,-10.389762,7.962479,0.000000,0.000000,0.000000
476,C:/Users/VicUser/Documents/RobC/20260801/FL31\FL31-00000476_0.tif,C:/Users/VicUser/Documents/RobC/20260801/FL31\FL31-00000476_1.tif,295.724715,295.725010,2.705793,-10.383721,-10.430638,-10.389762,7.963415,0.000000,0.000000,0.000000
477,C:/Users/VicUser/Documents/RobC/20260801/FL31\FL31-00000477_0.tif,C:/Users/VicUser/Documents/RobC/20260801/FL31\FL31-00000477_1.tif,296.224868,296.225170,2.706749,-10.383721,-10.430638,-10.389762,7.966225,0.000000,0.000000,0.000000
478,C:/Users/VicUser/Documents/RobC/20260801/FL31\FL31-00000478_0.tif,C:/Users/VicUser/Documents/RobC/20260801/FL31\FL31-00000478_1.tif,296.724825,296.725209,2.709937,-10.383721,-10.430638,-10.389762,7.975592,0.000000,0.000000,0.000000
479,C:/Users/VicUser/Documents/RobC/20260801/FL31\FL31-00000479_0.tif,C:/Users/VicUser/Documents/RobC/20260801/FL31\FL31-00000479_1.tif,297.224727,297.225027,2.712169,-10.383721,-10.430638,-10.389762,7.982148,0.000000,0.000000,0.000000
480,C:/Users/VicUser/Documents/RobC/20260801/FL31\FL31-00000480_0.tif,C:/Users/VicUser/Documents/RobC/20260801/FL31\FL31-00000480_1.tif,297.724812,297.725104,2.712806,-10.383721,-10.430638,-10.389762,7.984022,0.000000,0.000000,0.000000
481,C:/Users/VicUser/Documents/RobC/20260801/FL31\FL31-00000481_0.tif,C:/Users/VicUser/Documents/RobC/20260801/FL31\FL31-00000481_1.tif,298.224872,298.225038,2.715038,-10.383721,-10.430638,-10.389762,7.990578,0.000000,0.000000,0.000000
482,C:/Users/VicUser/Documents/RobC/20260801/FL31\FL31-00000482_0.tif,C:/Users/VicUser/Documents/RobC/20260801/FL31\FL31-00000482_1.tif,298.724779,298.725093,2.715676,-10.383721,-10.430638,-10.389762,7.992451,0.000000,0.000000,0.000000
483,C:/Users/VicUser/Documents/RobC/20260801/FL31\FL31-00000483_0.tif,C:/Users/VicUser/Documents/RobC/20260801/FL31\FL31-00000483_1.tif,299.224774,299.225163,2.716951,-10.383721,-10.430638,-10.389762,7.996198,0.000000,0.000000,0.000000
484,C:/Users/VicUser/Documents/RobC/20260801/FL31\FL31-00000484_0.tif,C:/Users/VicUser/Documents/RobC/20260801/FL31\FL31-00000484_1.tif,299.724725,299.724982,2.718864,-10.383721,-10.430638,-10.389762,8.001818,0.000000,0.000000,0.000000
485,C:/Users/VicUser/Documents/RobC/20260801/FL31\FL31-00000485_0.tif,C:/Users/VicUser/Documents/RobC/20260801/FL31\FL31-00000485_1.tif,300.224759,300.225006,2.720458,-10.383721,-10.430638,-10.389762,8.006502,0.000000,0.000000,0.000000
486,C:/Users/VicUser/Documents/RobC/20260801/FL31\FL31-00000486_0.tif,C:/Users/VicUser/Documents/RobC/20260801/FL31\FL31-00000486_1.tif,300.724760,300.725075,2.720139,-10.383721,-10.430638,-10.389762,8.005565,0.000000,0.000000,0.000000
487,C:/Users/VicUser/Documents/RobC/20260801/FL31\FL31-00000487_0.tif,C:/Users/VicUser/Documents/RobC/20260801/FL31\FL31-00000487_1.tif,301.224686,301.225007,2.722052,-10.383721,-10.430638,-10.389762,8.011185,0.000000,0.000000,0.000000
488,C:/Users/VicUser/Documents/RobC/20260801/FL31\FL31-00000488_0.tif,C:/Users/VicUser/Documents/RobC/20260801/FL31\FL31-00000488_1.tif,301.724721,301.725069,2.724283,-10.383721,-10.430638,-10.389762,8.017741,0.000000,0.000000,0.000000
489,C:/Users/VicUser/Documents/RobC/20260801/FL31\FL31-00000489_0.tif,C:/Users/VicUser/Documents/RobC/20260801/FL31\FL31-00000489_1.tif,302.224579,302.224944,2.724602,-10.383721,-10.430638,-10.389762,8.018678,0.000000,0.000000,0.000000
490,C:/Users/VicUser/Documents/RobC/20260801/FL31\FL31-00000490_0.tif,C:/Users/VicUser/Documents/RobC/20260801/FL31\FL31-00000490_1.tif,302.724731,302.724979,2.725878,-10.383721,-10.430638,-10.389762,8.022425,0.000000,0.000000,0.000000
491,C:/Users/VicUser/Documents/RobC/20260801/FL31\FL31-00000491_0.tif,C:/Users/VicUser/Documents/RobC/20260801/FL31\FL31-00000491_1.tif,303.224696,303.225000,2.726515,-10.383721,-10.430638,-10.389762,8.024298,0.000000,0.000000,0.000000
492,C:/Users/VicUser/Documents/RobC/20260801/FL31\FL31-00000492_0.tif,C:/Users/VicUser/Documents/RobC/20260801/FL31\FL31-00000492_1.tif,303.724733,303.725051,2.730022,-10.383721,-10.430638,-10.389762,8.034601,0.000000,0.000000,0.000000
493,C:/Users/VicUser/Documents/RobC/20260801/FL31\FL31-00000493_0.tif,C:/Users/VicUser/Documents/RobC/20260801/FL31\FL31-00000493_1.tif,304.224733,304.225012,2.727790,-10.383721,-10.430638,-10.389762,8.028045,0.000000,0.000000,0.000000
494,C:/Users/VicUser/Documents/RobC/20260801/FL31\FL31-00000494_0.tif,C:/Users/VicUser/Documents/RobC/20260801/FL31\FL31-00000494_1.tif,304.724704,304.725039,2.731297,-10.383721,-10.430638,-10.389762,8.038347,0.000000,0.000000,0.000000
495,C:/Users/VicUser/Documents/RobC/20260801/FL31\FL31-00000495_0.tif,C:/Users/VicUser/Documents/RobC/20260801/FL31\FL31-00000495_1.tif,305.224687,305.225015,2.731297,-10.383721,-10.430638,-10.389762,8.038347,0.000000,0.000000,0.000000
496,C:/Users/VicUser/Documents/RobC/20260801/FL31\FL31-00000496_0.tif,C:/Users/VicUser/Documents/RobC/20260801/FL31\FL31-00000496_1.tif,305.724738,305.725014,2.732891,-10.383721,-10.430638,-10.389762,8.043031,0.000000,0.000000,0.000000
497,C:/Users/VicUser/Documents/RobC/20260801/FL31\FL31-00000497_0.tif,C:/Users/VicUser/Documents/RobC/20260801/FL31\FL31-00000497_1.tif,306.224730,306.225018,2.732254,-10.383721,-10.430638,-10.389762,8.041158,0.000000,0.000000,0.000000
498,C:/Users/VicUser/Documents/RobC/20260801/FL31\FL31-00000498_0.tif,C:/Users/VicUser/Documents/RobC/20260801/FL31\FL31-00000498_1.tif,306.724710,306.725005,2.734485,-10.383721,-10.430638,-10.389762,8.047714,0.000000,0.000000,0.000000
499,C:/Users/VicUser/Documents/RobC/20260801/FL31\FL31-00000499_0.tif,C:/Users/VicUser/Documents/RobC/20260801/FL31\FL31-00000499_1.tif,307.224676,307.225010,2.734804,-10.383721,-10.430638,-10.389762,8.048651,0.000000,0.000000,0.000000
500,C:/Users/VicUser/Documents/RobC/20260801/FL31\FL31-00000500_0.tif,C:/Users/VicUser/Documents/RobC/20260801/FL31\FL31-00000500_1.tif,307.724696,307.725024,2.735442,-10.383721,-10.430638,-10.389762,8.050524,0.000000,0.000000,0.000000
501,C:/Users/VicUser/Documents/RobC/20260801/FL31\FL31-00000501_0.tif,C:/Users/VicUser/Documents/RobC/20260801/FL31\FL31-00000501_1.tif,308.224787,308.225149,2.738311,-10.383721,-10.430638,-10.389762,8.058954,0.000000,0.000000,0.000000
502,C:/Users/VicUser/Documents/RobC/20260801/FL31\FL31-00000502_0.tif,C:/Users/VicUser/Documents/RobC/20260801/FL31\FL31-00000502_1.tif,308.724698,308.725067,2.739905,-10.383721,-10.430638,-10.389762,8.063637,0.000000,0.000000,0.000000
503,C:/Users/VicUser/Documents/RobC/20260801/FL31\FL31-00000503_0.tif,C:/Users/VicUser/Documents/RobC/20260801/FL31\FL31-00000503_1.tif,309.224725,309.225071,2.740542,-10.383721,-10.430638,-10.389762,8.065510,0.000000,0.000000,0.000000
504,C:/Users/VicUser/Documents/RobC/20260801/FL31\FL31-00000504_0.tif,C:/Users/VicUser/Documents/RobC/20260801/FL31\FL31-00000504_1.tif,309.724729,309.724986,2.739905,-10.383721,-10.430638,-10.389762,8.063637,0.000000,0.000000,0.000000
505,C:/Users/VicUser/Documents/RobC/20260801/FL31\FL31-00000505_0.tif,C:/Users/VicUser/Documents/RobC/20260801/FL31\FL31-00000505_1.tif,310.224659,310.224871,2.741499,-10.383721,-10.430638,-10.389762,8.068321,0.000000,0.000000,0.000000
506,C:/Users/VicUser/Documents/RobC/20260801/FL31\FL31-00000506_0.tif,C:/Users/VicUser/Documents/RobC/20260801/FL31\FL31-00000506_1.tif,310.724719,310.725102,2.742774,-10.383721,-10.430638,-10.389762,8.072067,0.000000,0.000000,0.000000
507,C:/Users/VicUser/Documents/RobC/20260801/FL31\FL31-00000507_0.tif,C:/Users/VicUser/Documents/RobC/20260801/FL31\FL31-00000507_1.tif,311.224775,311.225131,2.743412,-10.383721,-10.430638,-10.389762,8.073940,0.000000,0.000000,0.000000
508,C:/Users/VicUser/Documents/RobC/20260801/FL31\FL31-00000508_0.tif,C:/Users/VicUser/Documents/RobC/20260801/FL31\FL31-00000508_1.tif,311.724769,311.725137,2.743731,-10.383721,-10.430638,-10.389762,8.074877,0.000000,0.000000,0.000000
509,C:/Users/VicUser/Documents/RobC/20260801/FL31\FL31-00000509_0.tif,C:/Users/VicUser/Documents/RobC/20260801/FL31\FL31-00000509_1.tif,312.224738,312.225139,2.745325,-10.383721,-10.430638,-10.389762,8.079560,0.000000,0.000000,0.000000
510,C:/Users/VicUser/Documents/RobC/20260801/FL31\FL31-00000510_0.tif,C:/Users/VicUser/Documents/RobC/20260801/FL31\FL31-00000510_1.tif,312.724667,312.725045,2.745006,-10.383721,-10.430638,-10.389762,8.078624,0.000000,0.000000,0.000000
511,C:/Users/VicUser/Documents/RobC/20260801/FL31\FL31-00000511_0.tif,C:/Users/VicUser/Documents/RobC/20260801/FL31\FL31-00000511_1.tif,313.224709,313.225100,2.745643,-10.383721,-10.430638,-10.389762,8.080497,0.000000,0.000000,0.000000
512,C:/Users/VicUser/Documents/RobC/20260801/FL31\FL31-00000512_0.tif,C:/Users/VicUser/Documents/RobC/20260801/FL31\FL31-00000512_1.tif,313.724744,313.725129,2.748194,-10.383721,-10.430638,-10.389762,8.087990,0.000000,0.000000,0.000000
513,C:/Users/VicUser/Documents/RobC/20260801/FL31\FL31-00000513_0.tif,C:/Users/VicUser/Documents/RobC/20260801/FL31\FL31-00000513_1.tif,314.224728,314.225002,2.748194,-10.383721,-10.430638,-10.389762,8.087990,0.000000,0.000000,0.000000
514,C:/Users/VicUser/Documents/RobC/20260801/FL31\FL31-00000514_0.tif,C:/Users/VicUser/Documents/RobC/20260801/FL31\FL31-00000514_1.tif,314.724713,314.725006,2.749150,-10.383721,-10.430638,-10.389762,8.090800,0.000000,0.000000,0.000000
515,C:/Users/VicUser/Documents/RobC/20260801/FL31\FL31-00000515_0.tif,C:/Users/VicUser/Documents/RobC/20260801/FL31\FL31-00000515_1.tif,315.224722,315.225056,2.748194,-10.383721,-10.430638,-10.389762,8.087990,0.000000,0.000000,0.000000
516,C:/Users/VicUser/Documents/RobC/20260801/FL31\FL31-00000516_0.tif,C:/Users/VicUser/Documents/RobC/20260801/FL31\FL31-00000516_1.tif,315.724728,315.725036,2.750107,-10.383721,-10.430638,-10.389762,8.093610,0.000000,0.000000,0.000000
517,C:/Users/VicUser/Documents/RobC/20260801/FL31\FL31-00000517_0.tif,C:/Users/VicUser/Documents/RobC/20260801/FL31\FL31-00000517_1.tif,316.224677,316.225158,2.750426,-10.383721,-10.430638,-10.389762,8.094547,0.000000,0.000000,0.000000
518,C:/Users/VicUser/Documents/RobC/20260801/FL31\FL31-00000518_0.tif,C:/Users/VicUser/Documents/RobC/20260801/FL31\FL31-00000518_1.tif,316.724737,316.724976,2.750426,-10.383721,-10.430638,-10.389762,8.094547,0.000000,0.000000,0.000000
519,C:/Users/VicUser/Documents/RobC/20260801/FL31\FL31-00000519_0.tif,C:/Users/VicUser/Documents/RobC/20260801/FL31\FL31-00000519_1.tif,317.224751,317.224995,2.750744,-10.383721,-10.430638,-10.389762,8.095483,0.000000,0.000000,0.000000
520,C:/Users/VicUser/Documents/RobC/20260801/FL31\FL31-00000520_0.tif,C:/Users/VicUser/Documents/RobC/20260801/FL31\FL31-00000520_1.tif,317.724700,317.724989,2.751701,-10.383721,-10.430638,-10.389762,8.098293,0.000000,0.000000,0.000000
521,C:/Users/VicUser/Documents/RobC/20260801/FL31\FL31-00000521_0.tif,C:/Users/VicUser/Documents/RobC/20260801/FL31\FL31-00000521_1.tif,318.224693,318.224999,2.753932,-10.383721,-10.430638,-10.389762,8.104850,0.000000,0.000000,0.000000
522,C:/Users/VicUser/Documents/RobC/20260801/FL31\FL31-00000522_0.tif,C:/Users/VicUser/Documents/RobC/20260801/FL31\FL31-00000522_1.tif,318.724725,318.725040,2.752338,-10.383721,-10.430638,-10.389762,8.100167,0.000000,0.000000,0.000000
523,C:/Users/VicUser/Documents/RobC/20260801/FL31\FL31-00000523_0.tif,C:/Users/VicUser/Documents/RobC/20260801/FL31\FL31-00000523_1.tif,319.224692,319.225056,2.754889,-10.383721,-10.430638,-10.389762,8.107660,0.000000,0.000000,0.000000
524,C:/Users/VicUser/Documents/RobC/20260801/FL31\FL31-00000524_0.tif,C:/Users/VicUser/Documents/RobC/20260801/FL31\FL31-00000524_1.tif,319.724743,319.725052,2.755208,-10.383721,-10.430638,-10.389762,8.108596,0.000000,0.000000,0.000000
525,C:/Users/VicUser/Documents/RobC/20260801/FL31\FL31-00000525_0.tif,C:/Users/VicUser/Documents/RobC/20260801/FL31\FL31-00000525_1.tif,320.224730,320.225122,2.755845,-10.383721,-10.430638,-10.389762,8.110470,0.000000,0.000000,0.000000
526,C:/Users/VicUser/Documents/RobC/20260801/FL31\FL31-00000526_0.tif,C:/Users/VicUser/Documents/RobC/20260801/FL31\FL31-00000526_1.tif,320.724765,320.725212,2.756164,-10.383721,-10.430638,-10.389762,8.111407,0.000000,0.000000,0.000000
527,C:/Users/VicUser/Documents/RobC/20260801/FL31\FL31-00000527_0.tif,C:/Users/VicUser/Documents/RobC/20260801/FL31\FL31-00000527_1.tif,321.224637,321.225057,2.755845,-10.383721,-10.430638,-10.389762,8.110470,0.000000,0.000000,0.000000
528,C:/Users/VicUser/Documents/RobC/20260801/FL31\FL31-00000528_0.tif,C:/Users/VicUser/Documents/RobC/20260801/FL31\FL31-00000528_1.tif,321.724769,321.725116,2.755526,-10.383721,-10.430638,-10.389762,8.109533,0.000000,0.000000,0.000000
529,C:/Users/VicUser/Documents/RobC/20260801/FL31\FL31-00000529_0.tif,C:/Users/VicUser/Documents/RobC/20260801/FL31\FL31-00000529_1.tif,322.224761,322.225057,2.755526,-10.383721,-10.430638,-10.389762,8.109533,0.000000,0.000000,0.000000
530,C:/Users/VicUser/Documents/RobC/20260801/FL31\FL31-00000530_0.tif,C:/Users/VicUser/Documents/RobC/20260801/FL31\FL31-00000530_1.tif,322.724712,322.725003,2.757439,-10.383721,-10.430638,-10.389762,8.115153,0.000000,0.000000,0.000000
531,C:/Users/VicUser/Documents/RobC/20260801/FL31\FL31-00000531_0.tif,C:/Users/VicUser/Documents/RobC/20260801/FL31\FL31-00000531_1.tif,323.224713,323.225070,2.756483,-10.383721,-10.430638,-10.389762,8.112343,0.000000,0.000000,0.000000
532,C:/Users/VicUser/Documents/RobC/20260801/FL31\FL31-00000532_0.tif,C:/Users/VicUser/Documents/RobC/20260801/FL31\FL31-00000532_1.tif,323.724741,323.725108,2.757439,-10.383721,-10.430638,-10.389762,8.115153,0.000000,0.000000,0.000000
533,C:/Users/VicUser/Documents/RobC/20260801/FL31\FL31-00000533_0.tif,C:/Users/VicUser/Documents/RobC/20260801/FL31\FL31-00000533_1.tif,324.224732,324.225109,2.759033,-10.383721,-10.430638,-10.389762,8.119836,0.000000,0.000000,0.000000
534,C:/Users/VicUser/Documents/RobC/20260801/FL31\FL31-00000534_0.tif,C:/Users/VicUser/Documents/RobC/20260801/FL31\FL31-00000534_1.tif,324.724685,324.724963,2.760627,-10.383721,-10.430638,-10.389762,8.124520,0.000000,0.000000,0.000000
535,C:/Users/VicUser/Documents/RobC/20260801/FL31\FL31-00000535_0.tif,C:/Users/VicUser/Documents/RobC/20260801/FL31\FL31-00000535_1.tif,325.224827,325.225132,2.760309,-10.383721,-10.430638,-10.389762,8.123583,0.000000,0.000000,0.000000
536,C:/Users/VicUser/Documents/RobC/20260801/FL31\FL31-00000536_0.tif,C:/Users/VicUser/Documents/RobC/20260801/FL31\FL31-00000536_1.tif,325.724693,325.724993,2.759352,-10.383721,-10.430638,-10.389762,8.120773,0.000000,0.000000,0.000000
537,C:/Users/VicUser/Documents/RobC/20260801/FL31\FL31-00000537_0.tif,C:/Users/VicUser/Documents/RobC/20260801/FL31\FL31-00000537_1.tif,326.224734,326.225051,2.760946,-10.383721,-10.430638,-10.389762,8.125456,0.000000,0.000000,0.000000
538,C:/Users/VicUser/Documents/RobC/20260801/FL31\FL31-00000538_0.tif,C:/Users/VicUser/Documents/RobC/20260801/FL31\FL31-00000538_1.tif,326.724807,326.725200,2.759352,-10.383721,-10.430638,-10.389762,8.120773,0.000000,0.000000,0.000000
539,C:/Users/VicUser/Documents/RobC/20260801/FL31\FL31-00000539_0.tif,C:/Users/VicUser/Documents/RobC/20260801/FL31\FL31-00000539_1.tif,327.224787,327.225079,2.761903,-10.383721,-10.430638,-10.389762,8.128266,0.000000,0.000000,0.000000
540,C:/Users/VicUser/Documents/RobC/20260801/FL31\FL31-00000540_0.tif,C:/Users/VicUser/Documents/RobC/20260801/FL31\FL31-00000540_1.tif,327.724748,327.725027,2.761903,-10.383721,-10.430638,-10.389762,8.128266,0.000000,0.000000,0.000000
541,C:/Users/VicUser/Documents/RobC/20260801/FL31\FL31-00000541_0.tif,C:/Users/VicUser/Documents/RobC/20260801/FL31\FL31-00000541_1.tif,328.224685,328.225080,2.761903,-10.383721,-10.430638,-10.389762,8.128266,0.000000,0.000000,0.000000
542,C:/Users/VicUser/Documents/RobC/20260801/FL31\FL31-00000542_0.tif,C:/Users/VicUser/Documents/RobC/20260801/FL31\FL31-00000542_1.tif,328.724715,328.725035,2.763497,-10.383721,-10.430638,-10.389762,8.132950,0.000000,0.000000,0.000000
543,C:/Users/VicUser/Documents/RobC/20260801/FL31\FL31-00000543_0.tif,C:/Users/VicUser/Documents/RobC/20260801/FL31\FL31-00000543_1.tif,329.224775,329.225057,2.764134,-10.383721,-10.430638,-10.389762,8.134823,0.000000,0.000000,0.000000
544,C:/Users/VicUser/Documents/RobC/20260801/FL31\FL31-00000544_0.tif,C:/Users/VicUser/Documents/RobC/20260801/FL31\FL31-00000544_1.tif,329.724705,329.725072,2.763815,-10.383721,-10.430638,-10.389762,8.133886,0.000000,0.000000,0.000000
545,C:/Users/VicUser/Documents/RobC/20260801/FL31\FL31-00000545_0.tif,C:/Users/VicUser/Documents/RobC/20260801/FL31\FL31-00000545_1.tif,330.224765,330.225049,2.763815,-10.383721,-10.430638,-10.389762,8.133886,0.000000,0.000000,0.000000
546,C:/Users/VicUser/Documents/RobC/20260801/FL31\FL31-00000546_0.tif,C:/Users/VicUser/Documents/RobC/20260801/FL31\FL31-00000546_1.tif,330.724656,330.725062,2.764772,-10.383721,-10.430638,-10.389762,8.136696,0.000000,0.000000,0.000000
547,C:/Users/VicUser/Documents/RobC/20260801/FL31\FL31-00000547_0.tif,C:/Users/VicUser/Documents/RobC/20260801/FL31\FL31-00000547_1.tif,331.224771,331.225104,2.764453,-10.383721,-10.430638,-10.389762,8.135759,0.000000,0.000000,0.000000
548,C:/Users/VicUser/Documents/RobC/20260801/FL31\FL31-00000548_0.tif,C:/Users/VicUser/Documents/RobC/20260801/FL31\FL31-00000548_1.tif,331.724753,331.725079,2.766047,-10.383721,-10.430638,-10.389762,8.140443,0.000000,0.000000,0.000000
549,C:/Users/VicUser/Documents/RobC/20260801/FL31\FL31-00000549_0.tif,C:/Users/VicUser/Documents/RobC/20260801/FL31\FL31-00000549_1.tif,332.224737,332.224991,2.765728,-10.383721,-10.430638,-10.389762,8.139506,0.000000,0.000000,0.000000
550,C:/Users/VicUser/Documents/RobC/20260801/FL31\FL31-00000550_0.tif,C:/Users/VicUser/Documents/RobC/20260801/FL31\FL31-00000550_1.tif,332.724714,332.724967,2.765728,-10.383721,-10.430638,-10.389762,8.139506,0.000000,0.000000,0.000000
551,C:/Users/VicUser/Documents/RobC/20260801/FL31\FL31-00000551_0.tif,C:/Users/VicUser/Documents/RobC/20260801/FL31\FL31-00000551_1.tif,333.224796,333.225114,2.766047,-10.383721,-10.430638,-10.389762,8.140443,0.000000,0.000000,0.000000
552,C:/Users/VicUser/Documents/RobC/20260801/FL31\FL31-00000552_0.tif,C:/Users/VicUser/Documents/RobC/20260801/FL31\FL31-00000552_1.tif,333.724775,333.725148,2.767322,-10.383721,-10.430638,-10.389762,8.144190,0.000000,0.000000,0.000000
553,C:/Users/VicUser/Documents/RobC/20260801/FL31\FL31-00000553_0.tif,C:/Users/VicUser/Documents/RobC/20260801/FL31\FL31-00000553_1.tif,334.224762,334.225135,2.768279,-10.383721,-10.430638,-10.389762,8.146999,0.000000,0.000000,0.000000
554,C:/Users/VicUser/Documents/RobC/20260801/FL31\FL31-00000554_0.tif,C:/Users/VicUser/Documents/RobC/20260801/FL31\FL31-00000554_1.tif,334.724771,334.725155,2.766685,-10.383721,-10.430638,-10.389762,8.142316,0.000000,0.000000,0.000000
555,C:/Users/VicUser/Documents/RobC/20260801/FL31\FL31-00000555_0.tif,C:/Users/VicUser/Documents/RobC/20260801/FL31\FL31-00000555_1.tif,335.224785,335.225097,2.767003,-10.383721,-10.430638,-10.389762,8.143252,0.000000,0.000000,0.000000
556,C:/Users/VicUser/Documents/RobC/20260801/FL31\FL31-00000556_0.tif,C:/Users/VicUser/Documents/RobC/20260801/FL31\FL31-00000556_1.tif,335.724723,335.724990,2.768597,-10.383721,-10.430638,-10.389762,8.147936,0.000000,0.000000,0.000000
557,C:/Users/VicUser/Documents/RobC/20260801/FL31\FL31-00000557_0.tif,C:/Users/VicUser/Documents/RobC/20260801/FL31\FL31-00000557_1.tif,336.224746,336.225074,2.769873,-10.383721,-10.430638,-10.389762,8.151682,0.000000,0.000000,0.000000
558,C:/Users/VicUser/Documents/RobC/20260801/FL31\FL31-00000558_0.tif,C:/Users/VicUser/Documents/RobC/20260801/FL31\FL31-00000558_1.tif,336.724713,336.724968,2.768279,-10.383721,-10.430638,-10.389762,8.146999,0.000000,0.000000,0.000000
559,C:/Users/VicUser/Documents/RobC/20260801/FL31\FL31-00000559_0.tif,C:/Users/VicUser/Documents/RobC/20260801/FL31\FL31-00000559_1.tif,337.224697,337.224982,2.769235,-10.383721,-10.430638,-10.389762,8.149809,0.000000,0.000000,0.000000
560,C:/Users/VicUser/Documents/RobC/20260801/FL31\FL31-00000560_0.tif,C:/Users/VicUser/Documents/RobC/20260801/FL31\FL31-00000560_1.tif,337.724705,337.725083,2.769554,-10.383721,-10.430638,-10.389762,8.150746,0.000000,0.000000,0.000000
561,C:/Users/VicUser/Documents/RobC/20260801/FL31\FL31-00000561_0.tif,C:/Users/VicUser/Documents/RobC/20260801/FL31\FL31-00000561_1.tif,338.224733,338.225047,2.770510,-10.383721,-10.430638,-10.389762,8.153556,0.000000,0.000000,0.000000
562,C:/Users/VicUser/Documents/RobC/20260801/FL31\FL31-00000562_0.tif,C:/Users/VicUser/Documents/RobC/20260801/FL31\FL31-00000562_1.tif,338.724701,338.724984,2.771148,-10.383721,-10.430638,-10.389762,8.155429,0.000000,0.000000,0.000000
563,C:/Users/VicUser/Documents/RobC/20260801/FL31\FL31-00000563_0.tif,C:/Users/VicUser/Documents/RobC/20260801/FL31\FL31-00000563_1.tif,339.224735,339.225014,2.772104,-10.383721,-10.430638,-10.389762,8.158239,0.000000,0.000000,0.000000
564,C:/Users/VicUser/Documents/RobC/20260801/FL31\FL31-00000564_0.tif,C:/Users/VicUser/Documents/RobC/20260801/FL31\FL31-00000564_1.tif,339.724709,339.725045,2.771148,-10.383721,-10.430638,-10.389762,8.155429,0.000000,0.000000,0.000000
565,C:/Users/VicUser/Documents/RobC/20260801/FL31\FL31-00000565_0.tif,C:/Users/VicUser/Documents/RobC/20260801/FL31\FL31-00000565_1.tif,340.224760,340.225031,2.771148,-10.383721,-10.430638,-10.389762,8.155429,0.000000,0.000000,0.000000
566,C:/Users/VicUser/Documents/RobC/20260801/FL31\FL31-00000566_0.tif,C:/Users/VicUser/Documents/RobC/20260801/FL31\FL31-00000566_1.tif,340.724740,340.725052,2.772104,-10.383721,-10.430638,-10.389762,8.158239,0.000000,0.000000,0.000000
567,C:/Users/VicUser/Documents/RobC/20260801/FL31\FL31-00000567_0.tif,C:/Users/VicUser/Documents/RobC/20260801/FL31\FL31-00000567_1.tif,341.224719,341.225154,2.771148,-10.383721,-10.430638,-10.389762,8.155429,0.000000,0.000000,0.000000
568,C:/Users/VicUser/Documents/RobC/20260801/FL31\FL31-00000568_0.tif,C:/Users/VicUser/Documents/RobC/20260801/FL31\FL31-00000568_1.tif,341.724707,341.725084,2.774336,-10.383721,-10.430638,-10.389762,8.164795,0.000000,0.000000,0.000000
569,C:/Users/VicUser/Documents/RobC/20260801/FL31\FL31-00000569_0.tif,C:/Users/VicUser/Documents/RobC/20260801/FL31\FL31-00000569_1.tif,342.224748,342.224907,2.774017,-10.383721,-10.430638,-10.389762,8.163859,0.000000,0.000000,0.000000
570,C:/Users/VicUser/Documents/RobC/20260801/FL31\FL31-00000570_0.tif,C:/Users/VicUser/Documents/RobC/20260801/FL31\FL31-00000570_1.tif,342.724694,342.725071,2.772742,-10.383721,-10.430638,-10.389762,8.160112,0.000000,0.000000,0.000000
571,C:/Users/VicUser/Documents/RobC/20260801/FL31\FL31-00000571_0.tif,C:/Users/VicUser/Documents/RobC/20260801/FL31\FL31-00000571_1.tif,343.224694,343.225153,2.771467,-10.383721,-10.430638,-10.389762,8.156366,0.000000,0.000000,0.000000
572,C:/Users/VicUser/Documents/RobC/20260801/FL31\FL31-00000572_0.tif,C:/Users/VicUser/Documents/RobC/20260801/FL31\FL31-00000572_1.tif,343.724681,343.725039,2.773061,-10.383721,-10.430638,-10.389762,8.161049,0.000000,0.000000,0.000000
573,C:/Users/VicUser/Documents/RobC/20260801/FL31\FL31-00000573_0.tif,C:/Users/VicUser/Documents/RobC/20260801/FL31\FL31-00000573_1.tif,344.224730,344.225050,2.773061,-10.383721,-10.430638,-10.389762,8.161049,0.000000,0.000000,0.000000
574,C:/Users/VicUser/Documents/RobC/20260801/FL31\FL31-00000574_0.tif,C:/Users/VicUser/Documents/RobC/20260801/FL31\FL31-00000574_1.tif,344.724692,344.724998,2.771785,-10.383721,-10.430638,-10.389762,8.157302,0.000000,0.000000,0.000000
575,C:/Users/VicUser/Documents/RobC/20260801/FL31\FL31-00000575_0.tif,C:/Users/VicUser/Documents/RobC/20260801/FL31\FL31-00000575_1.tif,345.224727,345.225030,2.774336,-10.383721,-10.430638,-10.389762,8.164795,0.000000,0.000000,0.000000
576,C:/Users/VicUser/Documents/RobC/20260801/FL31\FL31-00000576_0.tif,C:/Users/VicUser/Documents/RobC/20260801/FL31\FL31-00000576_1.tif,345.724732,345.725050,2.773061,-10.383721,-10.430638,-10.389762,8.161049,0.000000,0.000000,0.000000
577,C:/Users/VicUser/Documents/RobC/20260801/FL31\FL31-00000577_0.tif,C:/Users/VicUser/Documents/RobC/20260801/FL31\FL31-00000577_1.tif,346.224762,346.225015,2.774655,-10.383721,-10.430638,-10.389762,8.165733,0.000000,0.000000,0.000000
578,C:/Users/VicUser/Documents/RobC/20260801/FL31\FL31-00000578_0.tif,C:/Users/VicUser/Documents/RobC/20260801/FL31\FL31-00000578_1.tif,346.724693,346.724991,2.774336,-10.383721,-10.430638,-10.389762,8.164795,0.000000,0.000000,0.000000
579,C:/Users/VicUser/Documents/RobC/20260801/FL31\FL31-00000579_0.tif,C:/Users/VicUser/Documents/RobC/20260801/FL31\FL31-00000579_1.tif,347.224757,347.225050,2.775930,-10.383721,-10.430638,-10.389762,8.169479,0.000000,0.000000,0.000000
580,C:/Users/VicUser/Documents/RobC/20260801/FL31\FL31-00000580_0.tif,C:/Users/VicUser/Documents/RobC/20260801/FL31\FL31-00000580_1.tif,347.724816,347.725158,2.775611,-10.383721,-10.430638,-10.389762,8.168542,0.000000,0.000000,0.000000
581,C:/Users/VicUser/Documents/RobC/20260801/FL31\FL31-00000581_0.tif,C:/Users/VicUser/Documents/RobC/20260801/FL31\FL31-00000581_1.tif,348.224661,348.225013,2.774655,-10.383721,-10.430638,-10.389762,8.165733,0.000000,0.000000,0.000000
582,C:/Users/VicUser/Documents/RobC/20260801/FL31\FL31-00000582_0.tif,C:/Users/VicUser/Documents/RobC/20260801/FL31\FL31-00000582_1.tif,348.724738,348.725124,2.775611,-10.383721,-10.430638,-10.389762,8.168542,0.000000,0.000000,0.000000
583,C:/Users/VicUser/Documents/RobC/20260801/FL31\FL31-00000583_0.tif,C:/Users/VicUser/Documents/RobC/20260801/FL31\FL31-00000583_1.tif,349.224758,349.225048,2.775930,-10.383721,-10.430638,-10.389762,8.169479,0.000000,0.000000,0.000000
584,C:/Users/VicUser/Documents/RobC/20260801/FL31\FL31-00000584_0.tif,C:/Users/VicUser/Documents/RobC/20260801/FL31\FL31-00000584_1.tif,349.724712,349.725031,2.775292,-10.383721,-10.430638,-10.389762,8.167606,0.000000,0.000000,0.000000
585,C:/Users/VicUser/Documents/RobC/20260801/FL31\FL31-00000585_0.tif,C:/Users/VicUser/Documents/RobC/20260801/FL31\FL31-00000585_1.tif,350.224734,350.225020,2.775292,-10.383721,-10.430638,-10.389762,8.167606,0.000000,0.000000,0.000000
586,C:/Users/VicUser/Documents/RobC/20260801/FL31\FL31-00000586_0.tif,C:/Users/VicUser/Documents/RobC/20260801/FL31\FL31-00000586_1.tif,350.724715,350.725095,2.775292,-10.383721,-10.430638,-10.389762,8.167606,0.000000,0.000000,0.000000
587,C:/Users/VicUser/Documents/RobC/20260801/FL31\FL31-00000587_0.tif,C:/Users/VicUser/Documents/RobC/20260801/FL31\FL31-00000587_1.tif,351.224637,351.224965,2.776886,-10.383721,-10.430638,-10.389762,8.172289,0.000000,0.000000,0.000000
588,C:/Users/VicUser/Documents/RobC/20260801/FL31\FL31-00000588_0.tif,C:/Users/VicUser/Documents/RobC/20260801/FL31\FL31-00000588_1.tif,351.724755,351.725014,2.777524,-10.383721,-10.430638,-10.389762,8.174162,0.000000,0.000000,0.000000
589,C:/Users/VicUser/Documents/RobC/20260801/FL31\FL31-00000589_0.tif,C:/Users/VicUser/Documents/RobC/20260801/FL31\FL31-00000589_1.tif,352.224762,352.225007,2.777205,-10.383721,-10.430638,-10.389762,8.173226,0.000000,0.000000,0.000000
590,C:/Users/VicUser/Documents/RobC/20260801/FL31\FL31-00000590_0.tif,C:/Users/VicUser/Documents/RobC/20260801/FL31\FL31-00000590_1.tif,352.724708,352.725038,2.775611,-10.383721,-10.430638,-10.389762,8.168542,0.000000,0.000000,0.000000
591,C:/Users/VicUser/Documents/RobC/20260801/FL31\FL31-00000591_0.tif,C:/Users/VicUser/Documents/RobC/20260801/FL31\FL31-00000591_1.tif,353.224626,353.224922,2.776249,-10.383721,-10.430638,-10.389762,8.170415,0.000000,0.000000,0.000000
592,C:/Users/VicUser/Documents/RobC/20260801/FL31\FL31-00000592_0.tif,C:/Users/VicUser/Documents/RobC/20260801/FL31\FL31-00000592_1.tif,353.724833,353.725177,2.776568,-10.383721,-10.430638,-10.389762,8.171352,0.000000,0.000000,0.000000
593,C:/Users/VicUser/Documents/RobC/20260801/FL31\FL31-00000593_0.tif,C:/Users/VicUser/Documents/RobC/20260801/FL31\FL31-00000593_1.tif,354.224843,354.225121,2.777843,-10.383721,-10.430638,-10.389762,8.175099,0.000000,0.000000,0.000000
594,C:/Users/VicUser/Documents/RobC/20260801/FL31\FL31-00000594_0.tif,C:/Users/VicUser/Documents/RobC/20260801/FL31\FL31-00000594_1.tif,354.724849,354.725194,2.777524,-10.383721,-10.430638,-10.389762,8.174162,0.000000,0.000000,0.000000
595,C:/Users/VicUser/Documents/RobC/20260801/FL31\FL31-00000595_0.tif,C:/Users/VicUser/Documents/RobC/20260801/FL31\FL31-00000595_1.tif,355.224781,355.225092,2.775930,-10.383721,-10.430638,-10.389762,8.169479,0.000000,0.000000,0.000000
596,C:/Users/VicUser/Documents/RobC/20260801/FL31\FL31-00000596_0.tif,C:/Users/VicUser/Documents/RobC/20260801/FL31\FL31-00000596_1.tif,355.724782,355.725130,2.779118,-10.383721,-10.430638,-10.389762,8.178845,0.000000,0.000000,0.000000
597,C:/Users/VicUser/Documents/RobC/20260801/FL31\FL31-00000597_0.tif,C:/Users/VicUser/Documents/RobC/20260801/FL31\FL31-00000597_1.tif,356.224799,356.225089,2.779118,-10.383721,-10.430638,-10.389762,8.178845,0.000000,0.000000,0.000000
598,C:/Users/VicUser/Documents/RobC/20260801/FL31\FL31-00000598_0.tif,C:/Users/VicUser/Documents/RobC/20260801/FL31\FL31-00000598_1.tif,356.724762,356.725019,2.779118,-10.383721,-10.430638,-10.389762,8.178845,0.000000,0.000000,0.000000
599,C:/Users/VicUser/Documents/RobC/20260801/FL31\FL31-00000599_0.tif,C:/Users/VicUser/Documents/RobC/20260801/FL31\FL31-00000599_1.tif,357.224694,357.225129,2.779756,-10.383721,-10.430638,-10.389762,8.180719,0.000000,0.000000,0.000000
600,C:/Users/VicUser/Documents/RobC/20260801/FL31\FL31-00000600_0.tif,C:/Users/VicUser/Documents/RobC/20260801/FL31\FL31-00000600_1.tif,357.724728,357.725044,2.779756,-10.383721,-10.430638,-10.389762,8.180719,0.000000,0.000000,0.000000
601,C:/Users/VicUser/Documents/RobC/20260801/FL31\FL31-00000601_0.tif,C:/Users/VicUser/Documents/RobC/20260801/FL31\FL31-00000601_1.tif,358.224764,358.225038,2.777843,-10.383721,-10.430638,-10.389762,8.175099,0.000000,0.000000,0.000000
602,C:/Users/VicUser/Documents/RobC/20260801/FL31\FL31-00000602_0.tif,C:/Users/VicUser/Documents/RobC/20260801/FL31\FL31-00000602_1.tif,358.724782,358.725139,2.779118,-10.383721,-10.430638,-10.389762,8.178845,0.000000,0.000000,0.000000
603,C:/Users/VicUser/Documents/RobC/20260801/FL31\FL31-00000603_0.tif,C:/Users/VicUser/Documents/RobC/20260801/FL31\FL31-00000603_1.tif,359.224760,359.225045,2.780074,-10.383721,-10.430638,-10.389762,8.181655,0.000000,0.000000,0.000000
604,C:/Users/VicUser/Documents/RobC/20260801/FL31\FL31-00000604_0.tif,C:/Users/VicUser/Documents/RobC/20260801/FL31\FL31-00000604_1.tif,359.724747,359.725054,2.779118,-10.383721,-10.430638,-10.389762,8.178845,0.000000,0.000000,0.000000
605,C:/Users/VicUser/Documents/RobC/20260801/FL31\FL31-00000605_0.tif,C:/Users/VicUser/Documents/RobC/20260801/FL31\FL31-00000605_1.tif,360.224758,360.225070,2.780712,-10.383721,-10.430638,-10.389762,8.183529,0.000000,0.000000,0.000000
606,C:/Users/VicUser/Documents/RobC/20260801/FL31\FL31-00000606_0.tif,C:/Users/VicUser/Documents/RobC/20260801/FL31\FL31-00000606_1.tif,360.724741,360.725087,2.780393,-10.383721,-10.430638,-10.389762,8.182592,0.000000,0.000000,0.000000
607,C:/Users/VicUser/Documents/RobC/20260801/FL31\FL31-00000607_0.tif,C:/Users/VicUser/Documents/RobC/20260801/FL31\FL31-00000607_1.tif,361.224713,361.224970,2.780712,-10.383721,-10.430638,-10.389762,8.183529,0.000000,0.000000,0.000000
608,C:/Users/VicUser/Documents/RobC/20260801/FL31\FL31-00000608_0.tif,C:/Users/VicUser/Documents/RobC/20260801/FL31\FL31-00000608_1.tif,361.724696,361.725019,2.780712,-10.383721,-10.430638,-10.389762,8.183529,0.000000,0.000000,0.000000
609,C:/Users/VicUser/Documents/RobC/20260801/FL31\FL31-00000609_0.tif,C:/Users/VicUser/Documents/RobC/20260801/FL31\FL31-00000609_1.tif,362.224734,362.225091,2.779437,-10.383721,-10.430638,-10.389762,8.179782,0.000000,0.000000,0.000000
610,C:/Users/VicUser/Documents/RobC/20260801/FL31\FL31-00000610_0.tif,C:/Users/VicUser/Documents/RobC/20260801/FL31\FL31-00000610_1.tif,362.724733,362.725005,2.780393,-10.383721,-10.430638,-10.389762,8.182592,0.000000,0.000000,0.000000
611,C:/Users/VicUser/Documents/RobC/20260801/FL31\FL31-00000611_0.tif,C:/Users/VicUser/Documents/RobC/20260801/FL31\FL31-00000611_1.tif,363.224736,363.225043,2.781031,-10.383721,-10.430638,-10.389762,8.184465,0.000000,0.000000,0.000000
612,C:/Users/VicUser/Documents/RobC/20260801/FL31\FL31-00000612_0.tif,C:/Users/VicUser/Documents/RobC/20260801/FL31\FL31-00000612_1.tif,363.724744,363.725037,2.781031,-10.383721,-10.430638,-10.389762,8.184465,0.000000,0.000000,0.000000
613,C:/Users/VicUser/Documents/RobC/20260801/FL31\FL31-00000613_0.tif,C:/Users/VicUser/Documents/RobC/20260801/FL31\FL31-00000613_1.tif,364.224827,364.225095,2.781668,-10.383721,-10.430638,-10.389762,8.186338,0.000000,0.000000,0.000000
614,C:/Users/VicUser/Documents/RobC/20260801/FL31\FL31-00000614_0.tif,C:/Users/VicUser/Documents/RobC/20260801/FL31\FL31-00000614_1.tif,364.724696,364.725008,2.781350,-10.383721,-10.430638,-10.389762,8.185402,0.000000,0.000000,0.000000
615,C:/Users/VicUser/Documents/RobC/20260801/FL31\FL31-00000615_0.tif,C:/Users/VicUser/Documents/RobC/20260801/FL31\FL31-00000615_1.tif,365.224718,365.225030,2.781031,-10.383721,-10.430638,-10.389762,8.184465,0.000000,0.000000,0.000000
616,C:/Users/VicUser/Documents/RobC/20260801/FL31\FL31-00000616_0.tif,C:/Users/VicUser/Documents/RobC/20260801/FL31\FL31-00000616_1.tif,365.724725,365.725031,2.780074,-10.383721,-10.430638,-10.389762,8.181655,0.000000,0.000000,0.000000
617,C:/Users/VicUser/Documents/RobC/20260801/FL31\FL31-00000617_0.tif,C:/Users/VicUser/Documents/RobC/20260801/FL31\FL31-00000617_1.tif,366.224715,366.225021,2.781668,-10.383721,-10.430638,-10.389762,8.186338,0.000000,0.000000,0.000000
618,C:/Users/VicUser/Documents/RobC/20260801/FL31\FL31-00000618_0.tif,C:/Users/VicUser/Documents/RobC/20260801/FL31\FL31-00000618_1.tif,366.724734,366.725043,2.781031,-10.383721,-10.430638,-10.389762,8.184465,0.000000,0.000000,0.000000
619,C:/Users/VicUser/Documents/RobC/20260801/FL31\FL31-00000619_0.tif,C:/Users/VicUser/Documents/RobC/20260801/FL31\FL31-00000619_1.tif,367.224718,367.225109,2.781668,-10.383721,-10.430638,-10.389762,8.186338,0.000000,0.000000,0.000000
620,C:/Users/VicUser/Documents/RobC/20260801/FL31\FL31-00000620_0.tif,C:/Users/VicUser/Documents/RobC/20260801/FL31\FL31-00000620_1.tif,367.724728,367.725127,2.780074,-10.383721,-10.430638,-10.389762,8.181655,0.000000,0.000000,0.000000
621,C:/Users/VicUser/Documents/RobC/20260801/FL31\FL31-00000621_0.tif,C:/Users/VicUser/Documents/RobC/20260801/FL31\FL31-00000621_1.tif,368.224719,368.225121,2.780074,-10.383721,-10.430638,-10.389762,8.181655,0.000000,0.000000,0.000000
622,C:/Users/VicUser/Documents/RobC/20260801/FL31\FL31-00000622_0.tif,C:/Users/VicUser/Documents/RobC/20260801/FL31\FL31-00000622_1.tif,368.724678,368.724988,2.781987,-10.383721,-10.430638,-10.389762,8.187275,0.000000,0.000000,0.000000
623,C:/Users/VicUser/Documents/RobC/20260801/FL31\FL31-00000623_0.tif,C:/Users/VicUser/Documents/RobC/20260801/FL31\FL31-00000623_1.tif,369.224731,369.225021,2.780393,-10.383721,-10.430638,-10.389762,8.182592,0.000000,0.000000,0.000000
624,C:/Users/VicUser/Documents/RobC/20260801/FL31\FL31-00000624_0.tif,C:/Users/VicUser/Documents/RobC/20260801/FL31\FL31-00000624_1.tif,369.724754,369.725102,2.781987,-10.383721,-10.430638,-10.389762,8.187275,0.000000,0.000000,0.000000
625,C:/Users/VicUser/Documents/RobC/20260801/FL31\FL31-00000625_0.tif,C:/Users/VicUser/Documents/RobC/20260801/FL31\FL31-00000625_1.tif,370.224732,370.225012,2.781668,-10.383721,-10.430638,-10.389762,8.186338,0.000000,0.000000,0.000000
626,C:/Users/VicUser/Documents/RobC/20260801/FL31\FL31-00000626_0.tif,C:/Users/VicUser/Documents/RobC/20260801/FL31\FL31-00000626_1.tif,370.724704,370.725147,2.781031,-10.383721,-10.430638,-10.389762,8.184465,0.000000,0.000000,0.000000
627,C:/Users/VicUser/Documents/RobC/20260801/FL31\FL31-00000627_0.tif,C:/Users/VicUser/Documents/RobC/20260801/FL31\FL31-00000627_1.tif,371.224776,371.225178,2.782306,-10.383721,-10.430638,-10.389762,8.188212,0.000000,0.000000,0.000000
628,C:/Users/VicUser/Documents/RobC/20260801/FL31\FL31-00000628_0.tif,C:/Users/VicUser/Documents/RobC/20260801/FL31\FL31-00000628_1.tif,371.724713,371.724946,2.782306,-10.383721,-10.430638,-10.389762,8.188212,0.000000,0.000000,0.000000
629,C:/Users/VicUser/Documents/RobC/20260801/FL31\FL31-00000629_0.tif,C:/Users/VicUser/Documents/RobC/20260801/FL31\FL31-00000629_1.tif,372.224684,372.225125,2.781350,-10.383721,-10.430638,-10.389762,8.185402,0.000000,0.000000,0.000000
630,C:/Users/VicUser/Documents/RobC/20260801/FL31\FL31-00000630_0.tif,C:/Users/VicUser/Documents/RobC/20260801/FL31\FL31-00000630_1.tif,372.724708,372.725006,2.780074,-10.383721,-10.430638,-10.389762,8.181655,0.000000,0.000000,0.000000
631,C:/Users/VicUser/Documents/RobC/20260801/FL31\FL31-00000631_0.tif,C:/Users/VicUser/Documents/RobC/20260801/FL31\FL31-00000631_1.tif,373.224728,373.225179,2.782306,-10.383721,-10.430638,-10.389762,8.188212,0.000000,0.000000,0.000000
632,C:/Users/VicUser/Documents/RobC/20260801/FL31\FL31-00000632_0.tif,C:/Users/VicUser/Documents/RobC/20260801/FL31\FL31-00000632_1.tif,373.724801,373.725176,2.784538,-10.383721,-10.430638,-10.389762,8.194769,0.000000,0.000000,0.000000
633,C:/Users/VicUser/Documents/RobC/20260801/FL31\FL31-00000633_0.tif,C:/Users/VicUser/Documents/RobC/20260801/FL31\FL31-00000633_1.tif,374.224729,374.225140,2.781031,-10.383721,-10.430638,-10.389762,8.184465,0.000000,0.000000,0.000000
634,C:/Users/VicUser/Documents/RobC/20260801/FL31\FL31-00000634_0.tif,C:/Users/VicUser/Documents/RobC/20260801/FL31\FL31-00000634_1.tif,374.724726,374.725130,2.782306,-10.383721,-10.430638,-10.389762,8.188212,0.000000,0.000000,0.000000
635,C:/Users/VicUser/Documents/RobC/20260801/FL31\FL31-00000635_0.tif,C:/Users/VicUser/Documents/RobC/20260801/FL31\FL31-00000635_1.tif,375.224719,375.225048,2.782306,-10.383721,-10.430638,-10.389762,8.188212,0.000000,0.000000,0.000000
636,C:/Users/VicUser/Documents/RobC/20260801/FL31\FL31-00000636_0.tif,C:/Users/VicUser/Documents/RobC/20260801/FL31\FL31-00000636_1.tif,375.724702,375.725034,2.780712,-10.383721,-10.430638,-10.389762,8.183529,0.000000,0.000000,0.000000
637,C:/Users/VicUser/Documents/RobC/20260801/FL31\FL31-00000637_0.tif,C:/Users/VicUser/Documents/RobC/20260801/FL31\FL31-00000637_1.tif,376.224750,376.225011,2.780712,-10.383721,-10.430638,-10.389762,8.183529,0.000000,0.000000,0.000000
638,C:/Users/VicUser/Documents/RobC/20260801/FL31\FL31-00000638_0.tif,C:/Users/VicUser/Documents/RobC/20260801/FL31\FL31-00000638_1.tif,376.724695,376.724993,2.781350,-10.383721,-10.430638,-10.389762,8.185402,0.000000,0.000000,0.000000
639,C:/Users/VicUser/Documents/RobC/20260801/FL31\FL31-00000639_0.tif,C:/Users/VicUser/Documents/RobC/20260801/FL31\FL31-00000639_1.tif,377.224797,377.225055,2.781668,-10.383721,-10.430638,-10.389762,8.186338,0.000000,0.000000,0.000000
640,C:/Users/VicUser/Documents/RobC/20260801/FL31\FL31-00000640_0.tif,C:/Users/VicUser/Documents/RobC/20260801/FL31\FL31-00000640_1.tif,377.724730,377.725084,2.781987,-10.383721,-10.430638,-10.389762,8.187275,0.000000,0.000000,0.000000
641,C:/Users/VicUser/Documents/RobC/20260801/FL31\FL31-00000641_0.tif,C:/Users/VicUser/Documents/RobC/20260801/FL31\FL31-00000641_1.tif,378.224617,378.224935,2.781987,-10.383721,-10.430638,-10.389762,8.187275,0.000000,0.000000,0.000000
642,C:/Users/VicUser/Documents/RobC/20260801/FL31\FL31-00000642_0.tif,C:/Users/VicUser/Documents/RobC/20260801/FL31\FL31-00000642_1.tif,378.724709,378.724999,2.781668,-10.383721,-10.430638,-10.389762,8.186338,0.000000,0.000000,0.000000
643,C:/Users/VicUser/Documents/RobC/20260801/FL31\FL31-00000643_0.tif,C:/Users/VicUser/Documents/RobC/20260801/FL31\FL31-00000643_1.tif,379.224707,379.225012,2.780393,-10.383721,-10.430638,-10.389762,8.182592,0.000000,0.000000,0.000000
644,C:/Users/VicUser/Documents/RobC/20260801/FL31\FL31-00000644_0.tif,C:/Users/VicUser/Documents/RobC/20260801/FL31\FL31-00000644_1.tif,379.724767,379.725072,2.780712,-10.383721,-10.430638,-10.389762,8.183529,0.000000,0.000000,0.000000
645,C:/Users/VicUser/Documents/RobC/20260801/FL31\FL31-00000645_0.tif,C:/Users/VicUser/Documents/RobC/20260801/FL31\FL31-00000645_1.tif,380.224744,380.225018,2.780712,-10.383721,-10.430638,-10.389762,8.183529,0.000000,0.000000,0.000000
646,C:/Users/VicUser/Documents/RobC/20260801/FL31\FL31-00000646_0.tif,C:/Users/VicUser/Documents/RobC/20260801/FL31\FL31-00000646_1.tif,380.724694,380.725053,2.779756,-10.383721,-10.430638,-10.389762,8.180719,0.000000,0.000000,0.000000
647,C:/Users/VicUser/Documents/RobC/20260801/FL31\FL31-00000647_0.tif,C:/Users/VicUser/Documents/RobC/20260801/FL31\FL31-00000647_1.tif,381.224699,381.224960,2.780074,-10.383721,-10.430638,-10.389762,8.181655,0.000000,0.000000,0.000000
648,C:/Users/VicUser/Documents/RobC/20260801/FL31\FL31-00000648_0.tif,C:/Users/VicUser/Documents/RobC/20260801/FL31\FL31-00000648_1.tif,381.724747,381.725058,2.779437,-10.383721,-10.430638,-10.389762,8.179782,0.000000,0.000000,0.000000
649,C:/Users/VicUser/Documents/RobC/20260801/FL31\FL31-00000649_0.tif,C:/Users/VicUser/Documents/RobC/20260801/FL31\FL31-00000649_1.tif,382.224650,382.224948,2.780712,-10.383721,-10.430638,-10.389762,8.183529,0.000000,0.000000,0.000000
650,C:/Users/VicUser/Documents/RobC/20260801/FL31\FL31-00000650_0.tif,C:/Users/VicUser/Documents/RobC/20260801/FL31\FL31-00000650_1.tif,382.724826,382.725214,2.779756,-10.383721,-10.430638,-10.389762,8.180719,0.000000,0.000000,0.000000
651,C:/Users/VicUser/Documents/RobC/20260801/FL31\FL31-00000651_0.tif,C:/Users/VicUser/Documents/RobC/20260801/FL31\FL31-00000651_1.tif,383.224730,383.225045,2.780074,-10.383721,-10.430638,-10.389762,8.181655,0.000000,0.000000,0.000000
652,C:/Users/VicUser/Documents/RobC/20260801/FL31\FL31-00000652_0.tif,C:/Users/VicUser/Documents/RobC/20260801/FL31\FL31-00000652_1.tif,383.724825,383.725158,2.777843,-10.383721,-10.430638,-10.389762,8.175099,0.000000,0.000000,0.000000
653,C:/Users/VicUser/Documents/RobC/20260801/FL31\FL31-00000653_0.tif,C:/Users/VicUser/Documents/RobC/20260801/FL31\FL31-00000653_1.tif,384.224802,384.225152,2.777524,-10.383721,-10.430638,-10.389762,8.174162,0.000000,0.000000,0.000000
654,C:/Users/VicUser/Documents/RobC/20260801/FL31\FL31-00000654_0.tif,C:/Users/VicUser/Documents/RobC/20260801/FL31\FL31-00000654_1.tif,384.724764,384.725080,2.777843,-10.383721,-10.430638,-10.389762,8.175099,0.000000,0.000000,0.000000
655,C:/Users/VicUser/Documents/RobC/20260801/FL31\FL31-00000655_0.tif,C:/Users/VicUser/Documents/RobC/20260801/FL31\FL31-00000655_1.tif,385.224807,385.225095,2.779437,-10.383721,-10.430638,-10.389762,8.179782,0.000000,0.000000,0.000000
656,C:/Users/VicUser/Documents/RobC/20260801/FL31\FL31-00000656_0.tif,C:/Users/VicUser/Documents/RobC/20260801/FL31\FL31-00000656_1.tif,385.724737,385.725118,2.779118,-10.383721,-10.430638,-10.389762,8.178845,0.000000,0.000000,0.000000
657,C:/Users/VicUser/Documents/RobC/20260801/FL31\FL31-00000657_0.tif,C:/Users/VicUser/Documents/RobC/20260801/FL31\FL31-00000657_1.tif,386.224714,386.225030,2.776568,-10.383721,-10.430638,-10.389762,8.171352,0.000000,0.000000,0.000000
658,C:/Users/VicUser/Documents/RobC/20260801/FL31\FL31-00000658_0.tif,C:/Users/VicUser/Documents/RobC/20260801/FL31\FL31-00000658_1.tif,386.724717,386.725009,2.777843,-10.383721,-10.430638,-10.389762,8.175099,0.000000,0.000000,0.000000
659,C:/Users/VicUser/Documents/RobC/20260801/FL31\FL31-00000659_0.tif,C:/Users/VicUser/Documents/RobC/20260801/FL31\FL31-00000659_1.tif,387.224633,387.224919,2.777843,-10.383721,-10.430638,-10.389762,8.175099,0.000000,0.000000,0.000000
660,C:/Users/VicUser/Documents/RobC/20260801/FL31\FL31-00000660_0.tif,C:/Users/VicUser/Documents/RobC/20260801/FL31\FL31-00000660_1.tif,387.724726,387.725038,2.777205,-10.383721,-10.430638,-10.389762,8.173226,0.000000,0.000000,0.000000
661,C:/Users/VicUser/Documents/RobC/20260801/FL31\FL31-00000661_0.tif,C:/Users/VicUser/Documents/RobC/20260801/FL31\FL31-00000661_1.tif,388.224779,388.225039,2.776568,-10.383721,-10.430638,-10.389762,8.171352,0.000000,0.000000,0.000000
662,C:/Users/VicUser/Documents/RobC/20260801/FL31\FL31-00000662_0.tif,C:/Users/VicUser/Documents/RobC/20260801/FL31\FL31-00000662_1.tif,388.724744,388.725058,2.777205,-10.383721,-10.430638,-10.389762,8.173226,0.000000,0.000000,0.000000
663,C:/Users/VicUser/Documents/RobC/20260801/FL31\FL31-00000663_0.tif,C:/Users/VicUser/Documents/RobC/20260801/FL31\FL31-00000663_1.tif,389.224703,389.225020,2.776249,-10.383721,-10.430638,-10.389762,8.170415,0.000000,0.000000,0.000000
664,C:/Users/VicUser/Documents/RobC/20260801/FL31\FL31-00000664_0.tif,C:/Users/VicUser/Documents/RobC/20260801/FL31\FL31-00000664_1.tif,389.724694,389.725022,2.775930,-10.383721,-10.430638,-10.389762,8.169479,0.000000,0.000000,0.000000
665,C:/Users/VicUser/Documents/RobC/20260801/FL31\FL31-00000665_0.tif,C:/Users/VicUser/Documents/RobC/20260801/FL31\FL31-00000665_1.tif,390.224713,390.225018,2.776886,-10.383721,-10.430638,-10.389762,8.172289,0.000000,0.000000,0.000000
666,C:/Users/VicUser/Documents/RobC/20260801/FL31\FL31-00000666_0.tif,C:/Users/VicUser/Documents/RobC/20260801/FL31\FL31-00000666_1.tif,390.724741,390.725032,2.775930,-10.383721,-10.430638,-10.389762,8.169479,0.000000,0.000000,0.000000
667,C:/Users/VicUser/Documents/RobC/20260801/FL31\FL31-00000667_0.tif,C:/Users/VicUser/Documents/RobC/20260801/FL31\FL31-00000667_1.tif,391.224712,391.225034,2.777205,-10.383721,-10.430638,-10.389762,8.173226,0.000000,0.000000,0.000000
668,C:/Users/VicUser/Documents/RobC/20260801/FL31\FL31-00000668_0.tif,C:/Users/VicUser/Documents/RobC/20260801/FL31\FL31-00000668_1.tif,391.724714,391.724994,2.775292,-10.383721,-10.430638,-10.389762,8.167606,0.000000,0.000000,0.000000
669,C:/Users/VicUser/Documents/RobC/20260801/FL31\FL31-00000669_0.tif,C:/Users/VicUser/Documents/RobC/20260801/FL31\FL31-00000669_1.tif,392.224746,392.225132,2.776568,-10.383721,-10.430638,-10.389762,8.171352,0.000000,0.000000,0.000000
670,C:/Users/VicUser/Documents/RobC/20260801/FL31\FL31-00000670_0.tif,C:/Users/VicUser/Documents/RobC/20260801/FL31\FL31-00000670_1.tif,392.724693,392.725019,2.775292,-10.383721,-10.430638,-10.389762,8.167606,0.000000,0.000000,0.000000
671,C:/Users/VicUser/Documents/RobC/20260801/FL31\FL31-00000671_0.tif,C:/Users/VicUser/Documents/RobC/20260801/FL31\FL31-00000671_1.tif,393.224759,393.224963,2.774017,-10.383721,-10.430638,-10.389762,8.163859,0.000000,0.000000,0.000000
672,C:/Users/VicUser/Documents/RobC/20260801/FL31\FL31-00000672_0.tif,C:/Users/VicUser/Documents/RobC/20260801/FL31\FL31-00000672_1.tif,393.724694,393.725001,2.775611,-10.383721,-10.430638,-10.389762,8.168542,0.000000,0.000000,0.000000
673,C:/Users/VicUser/Documents/RobC/20260801/FL31\FL31-00000673_0.tif,C:/Users/VicUser/Documents/RobC/20260801/FL31\FL31-00000673_1.tif,394.224740,394.225093,2.774017,-10.383721,-10.430638,-10.389762,8.163859,0.000000,0.000000,0.000000
674,C:/Users/VicUser/Documents/RobC/20260801/FL31\FL31-00000674_0.tif,C:/Users/VicUser/Documents/RobC/20260801/FL31\FL31-00000674_1.tif,394.724673,394.724985,2.774336,-10.383721,-10.430638,-10.389762,8.164795,0.000000,0.000000,0.000000
675,C:/Users/VicUser/Documents/RobC/20260801/FL31\FL31-00000675_0.tif,C:/Users/VicUser/Documents/RobC/20260801/FL31\FL31-00000675_1.tif,395.224703,395.225045,2.773061,-10.383721,-10.430638,-10.389762,8.161049,0.000000,0.000000,0.000000
676,C:/Users/VicUser/Documents/RobC/20260801/FL31\FL31-00000676_0.tif,C:/Users/VicUser/Documents/RobC/20260801/FL31\FL31-00000676_1.tif,395.724761,395.725146,2.772742,-10.383721,-10.430638,-10.389762,8.160112,0.000000,0.000000,0.000000
677,C:/Users/VicUser/Documents/RobC/20260801/FL31\FL31-00000677_0.tif,C:/Users/VicUser/Documents/RobC/20260801/FL31\FL31-00000677_1.tif,396.224707,396.224997,2.772104,-10.383721,-10.430638,-10.389762,8.158239,0.000000,0.000000,0.000000
678,C:/Users/VicUser/Documents/RobC/20260801/FL31\FL31-00000678_0.tif,C:/Users/VicUser/Documents/RobC/20260801/FL31\FL31-00000678_1.tif,396.724705,396.725052,2.772104,-10.383721,-10.430638,-10.389762,8.158239,0.000000,0.000000,0.000000
679,C:/Users/VicUser/Documents/RobC/20260801/FL31\FL31-00000679_0.tif,C:/Users/VicUser/Documents/RobC/20260801/FL31\FL31-00000679_1.tif,397.224729,397.225001,2.773061,-10.383721,-10.430638,-10.389762,8.161049,0.000000,0.000000,0.000000
680,C:/Users/VicUser/Documents/RobC/20260801/FL31\FL31-00000680_0.tif,C:/Users/VicUser/Documents/RobC/20260801/FL31\FL31-00000680_1.tif,397.724689,397.724994,2.769554,-10.383721,-10.430638,-10.389762,8.150746,0.000000,0.000000,0.000000
681,C:/Users/VicUser/Documents/RobC/20260801/FL31\FL31-00000681_0.tif,C:/Users/VicUser/Documents/RobC/20260801/FL31\FL31-00000681_1.tif,398.224727,398.224994,2.771467,-10.383721,-10.430638,-10.389762,8.156366,0.000000,0.000000,0.000000
682,C:/Users/VicUser/Documents/RobC/20260801/FL31\FL31-00000682_0.tif,C:/Users/VicUser/Documents/RobC/20260801/FL31\FL31-00000682_1.tif,398.724732,398.725048,2.770510,-10.383721,-10.430638,-10.389762,8.153556,0.000000,0.000000,0.000000
683,C:/Users/VicUser/Documents/RobC/20260801/FL31\FL31-00000683_0.tif,C:/Users/VicUser/Documents/RobC/20260801/FL31\FL31-00000683_1.tif,399.224710,399.225141,2.769554,-10.383721,-10.430638,-10.389762,8.150746,0.000000,0.000000,0.000000
684,C:/Users/VicUser/Documents/RobC/20260801/FL31\FL31-00000684_0.tif,C:/Users/VicUser/Documents/RobC/20260801/FL31\FL31-00000684_1.tif,399.724719,399.725046,2.767960,-10.383721,-10.430638,-10.389762,8.146063,0.000000,0.000000,0.000000
685,C:/Users/VicUser/Documents/RobC/20260801/FL31\FL31-00000685_0.tif,C:/Users/VicUser/Documents/RobC/20260801/FL31\FL31-00000685_1.tif,400.224749,400.225078,2.768279,-10.383721,-10.430638,-10.389762,8.146999,0.000000,0.000000,0.000000
686,C:/Users/VicUser/Documents/RobC/20260801/FL31\FL31-00000686_0.tif,C:/Users/VicUser/Documents/RobC/20260801/FL31\FL31-00000686_1.tif,400.724719,400.725044,2.768916,-10.383721,-10.430638,-10.389762,8.148872,0.000000,0.000000,0.000000
687,C:/Users/VicUser/Documents/RobC/20260801/FL31\FL31-00000687_0.tif,C:/Users/VicUser/Documents/RobC/20260801/FL31\FL31-00000687_1.tif,401.224707,401.224993,2.768916,-10.383721,-10.430638,-10.389762,8.148872,0.000000,0.000000,0.000000
688,C:/Users/VicUser/Documents/RobC/20260801/FL31\FL31-00000688_0.tif,C:/Users/VicUser/Documents/RobC/20260801/FL31\FL31-00000688_1.tif,401.724739,401.725161,2.767960,-10.383721,-10.430638,-10.389762,8.146063,0.000000,0.000000,0.000000
689,C:/Users/VicUser/Documents/RobC/20260801/FL31\FL31-00000689_0.tif,C:/Users/VicUser/Documents/RobC/20260801/FL31\FL31-00000689_1.tif,402.224753,402.225028,2.767003,-10.383721,-10.430638,-10.389762,8.143252,0.000000,0.000000,0.000000
690,C:/Users/VicUser/Documents/RobC/20260801/FL31\FL31-00000690_0.tif,C:/Users/VicUser/Documents/RobC/20260801/FL31\FL31-00000690_1.tif,402.724740,402.725126,2.768916,-10.383721,-10.430638,-10.389762,8.148872,0.000000,0.000000,0.000000
691,C:/Users/VicUser/Documents/RobC/20260801/FL31\FL31-00000691_0.tif,C:/Users/VicUser/Documents/RobC/20260801/FL31\FL31-00000691_1.tif,403.224692,403.225108,2.767641,-10.383721,-10.430638,-10.389762,8.145126,0.000000,0.000000,0.000000
692,C:/Users/VicUser/Documents/RobC/20260801/FL31\FL31-00000692_0.tif,C:/Users/VicUser/Documents/RobC/20260801/FL31\FL31-00000692_1.tif,403.724730,403.725100,2.765728,-10.383721,-10.430638,-10.389762,8.139506,0.000000,0.000000,0.000000
693,C:/Users/VicUser/Documents/RobC/20260801/FL31\FL31-00000693_0.tif,C:/Users/VicUser/Documents/RobC/20260801/FL31\FL31-00000693_1.tif,404.224606,404.224865,2.764453,-10.383721,-10.430638,-10.389762,8.135759,0.000000,0.000000,0.000000
694,C:/Users/VicUser/Documents/RobC/20260801/FL31\FL31-00000694_0.tif,C:/Users/VicUser/Documents/RobC/20260801/FL31\FL31-00000694_1.tif,404.724734,404.725108,2.765409,-10.383721,-10.430638,-10.389762,8.138570,0.000000,0.000000,0.000000
695,C:/Users/VicUser/Documents/RobC/20260801/FL31\FL31-00000695_0.tif,C:/Users/VicUser/Documents/RobC/20260801/FL31\FL31-00000695_1.tif,405.224721,405.225073,2.764134,-10.383721,-10.430638,-10.389762,8.134823,0.000000,0.000000,0.000000
696,C:/Users/VicUser/Documents/RobC/20260801/FL31\FL31-00000696_0.tif,C:/Users/VicUser/Documents/RobC/20260801/FL31\FL31-00000696_1.tif,405.724699,405.725040,2.765409,-10.383721,-10.430638,-10.389762,8.138570,0.000000,0.000000,0.000000
697,C:/Users/VicUser/Documents/RobC/20260801/FL31\FL31-00000697_0.tif,C:/Users/VicUser/Documents/RobC/20260801/FL31\FL31-00000697_1.tif,406.224770,406.225131,2.763815,-10.383721,-10.430638,-10.389762,8.133886,0.000000,0.000000,0.000000
698,C:/Users/VicUser/Documents/RobC/20260801/FL31\FL31-00000698_0.tif,C:/Users/VicUser/Documents/RobC/20260801/FL31\FL31-00000698_1.tif,406.724715,406.724990,2.762859,-10.383721,-10.430638,-10.389762,8.131076,0.000000,0.000000,0.000000
699,C:/Users/VicUser/Documents/RobC/20260801/FL31\FL31-00000699_0.tif,C:/Users/VicUser/Documents/RobC/20260801/FL31\FL31-00000699_1.tif,407.224708,407.225000,2.761903,-10.383721,-10.430638,-10.389762,8.128266,0.000000,0.000000,0.000000
700,C:/Users/VicUser/Documents/RobC/20260801/FL31\FL31-00000700_0.tif,C:/Users/VicUser/Documents/RobC/20260801/FL31\FL31-00000700_1.tif,407.724745,407.725061,2.760627,-10.383721,-10.430638,-10.389762,8.124520,0.000000,0.000000,0.000000
701,C:/Users/VicUser/Documents/RobC/20260801/FL31\FL31-00000701_0.tif,C:/Users/VicUser/Documents/RobC/20260801/FL31\FL31-00000701_1.tif,408.224731,408.225004,2.760946,-10.383721,-10.430638,-10.389762,8.125456,0.000000,0.000000,0.000000
702,C:/Users/VicUser/Documents/RobC/20260801/FL31\FL31-00000702_0.tif,C:/Users/VicUser/Documents/RobC/20260801/FL31\FL31-00000702_1.tif,408.724724,408.725015,2.759990,-10.383721,-10.430638,-10.389762,8.122646,0.000000,0.000000,0.000000
703,C:/Users/VicUser/Documents/RobC/20260801/FL31\FL31-00000703_0.tif,C:/Users/VicUser/Documents/RobC/20260801/FL31\FL31-00000703_1.tif,409.224709,409.225024,2.760309,-10.383721,-10.430638,-10.389762,8.123583,0.000000,0.000000,0.000000
704,C:/Users/VicUser/Documents/RobC/20260801/FL31\FL31-00000704_0.tif,C:/Users/VicUser/Documents/RobC/20260801/FL31\FL31-00000704_1.tif,409.724743,409.725054,2.760309,-10.383721,-10.430638,-10.389762,8.123583,0.000000,0.000000,0.000000
705,C:/Users/VicUser/Documents/RobC/20260801/FL31\FL31-00000705_0.tif,C:/Users/VicUser/Documents/RobC/20260801/FL31\FL31-00000705_1.tif,410.224699,410.224999,2.760309,-10.383721,-10.430638,-10.389762,8.123583,0.000000,0.000000,0.000000
706,C:/Users/VicUser/Documents/RobC/20260801/FL31\FL31-00000706_0.tif,C:/Users/VicUser/Documents/RobC/20260801/FL31\FL31-00000706_1.tif,410.724721,410.725041,2.758077,-10.383721,-10.430638,-10.389762,8.117027,0.000000,0.000000,0.000000
707,C:/Users/VicUser/Documents/RobC/20260801/FL31\FL31-00000707_0.tif,C:/Users/VicUser/Documents/RobC/20260801/FL31\FL31-00000707_1.tif,411.224701,411.225041,2.758077,-10.383721,-10.430638,-10.389762,8.117027,0.000000,0.000000,0.000000
708,C:/Users/VicUser/Documents/RobC/20260801/FL31\FL31-00000708_0.tif,C:/Users/VicUser/Documents/RobC/20260801/FL31\FL31-00000708_1.tif,411.724810,411.725163,2.757439,-10.383721,-10.430638,-10.389762,8.115153,0.000000,0.000000,0.000000
709,C:/Users/VicUser/Documents/RobC/20260801/FL31\FL31-00000709_0.tif,C:/Users/VicUser/Documents/RobC/20260801/FL31\FL31-00000709_1.tif,412.224704,412.225043,2.755845,-10.383721,-10.430638,-10.389762,8.110470,0.000000,0.000000,0.000000
710,C:/Users/VicUser/Documents/RobC/20260801/FL31\FL31-00000710_0.tif,C:/Users/VicUser/Documents/RobC/20260801/FL31\FL31-00000710_1.tif,412.724798,412.725093,2.755208,-10.383721,-10.430638,-10.389762,8.108596,0.000000,0.000000,0.000000
711,C:/Users/VicUser/Documents/RobC/20260801/FL31\FL31-00000711_0.tif,C:/Users/VicUser/Documents/RobC/20260801/FL31\FL31-00000711_1.tif,413.224793,413.225134,2.753932,-10.383721,-10.430638,-10.389762,8.104850,0.000000,0.000000,0.000000
712,C:/Users/VicUser/Documents/RobC/20260801/FL31\FL31-00000712_0.tif,C:/Users/VicUser/Documents/RobC/20260801/FL31\FL31-00000712_1.tif,413.724764,413.725040,2.753613,-10.383721,-10.430638,-10.389762,8.103913,0.000000,0.000000,0.000000
713,C:/Users/VicUser/Documents/RobC/20260801/FL31\FL31-00000713_0.tif,C:/Users/VicUser/Documents/RobC/20260801/FL31\FL31-00000713_1.tif,414.224762,414.225067,2.753613,-10.383721,-10.430638,-10.389762,8.103913,0.000000,0.000000,0.000000
714,C:/Users/VicUser/Documents/RobC/20260801/FL31\FL31-00000714_0.tif,C:/Users/VicUser/Documents/RobC/20260801/FL31\FL31-00000714_1.tif,414.724693,414.724991,2.752657,-10.383721,-10.430638,-10.389762,8.101103,0.000000,0.000000,0.000000
715,C:/Users/VicUser/Documents/RobC/20260801/FL31\FL31-00000715_0.tif,C:/Users/VicUser/Documents/RobC/20260801/FL31\FL31-00000715_1.tif,415.224711,415.225088,2.752976,-10.383721,-10.430638,-10.389762,8.102040,0.000000,0.000000,0.000000
716,C:/Users/VicUser/Documents/RobC/20260801/FL31\FL31-00000716_0.tif,C:/Users/VicUser/Documents/RobC/20260801/FL31\FL31-00000716_1.tif,415.724729,415.725144,2.750426,-10.383721,-10.430638,-10.389762,8.094547,0.000000,0.000000,0.000000
717,C:/Users/VicUser/Documents/RobC/20260801/FL31\FL31-00000717_0.tif,C:/Users/VicUser/Documents/RobC/20260801/FL31\FL31-00000717_1.tif,416.224715,416.224986,2.750744,-10.383721,-10.430638,-10.389762,8.095483,0.000000,0.000000,0.000000
718,C:/Users/VicUser/Documents/RobC/20260801/FL31\FL31-00000718_0.tif,C:/Users/VicUser/Documents/RobC/20260801/FL31\FL31-00000718_1.tif,416.724720,416.725036,2.748513,-10.383721,-10.430638,-10.389762,8.088927,0.000000,0.000000,0.000000
719,C:/Users/VicUser/Documents/RobC/20260801/FL31\FL31-00000719_0.tif,C:/Users/VicUser/Documents/RobC/20260801/FL31\FL31-00000719_1.tif,417.224622,417.224977,2.748513,-10.383721,-10.430638,-10.389762,8.088927,0.000000,0.000000,0.000000
720,C:/Users/VicUser/Documents/RobC/20260801/FL31\FL31-00000720_0.tif,C:/Users/VicUser/Documents/RobC/20260801/FL31\FL31-00000720_1.tif,417.724700,417.724966,2.745962,-10.383721,-10.430638,-10.389762,8.081433,0.000000,0.000000,0.000000
721,C:/Users/VicUser/Documents/RobC/20260801/FL31\FL31-00000721_0.tif,C:/Users/VicUser/Documents/RobC/20260801/FL31\FL31-00000721_1.tif,418.224771,418.225118,2.747237,-10.383721,-10.430638,-10.389762,8.085180,0.000000,0.000000,0.000000
722,C:/Users/VicUser/Documents/RobC/20260801/FL31\FL31-00000722_0.tif,C:/Users/VicUser/Documents/RobC/20260801/FL31\FL31-00000722_1.tif,418.724726,418.725052,2.745962,-10.383721,-10.430638,-10.389762,8.081433,0.000000,0.000000,0.000000
723,C:/Users/VicUser/Documents/RobC/20260801/FL31\FL31-00000723_0.tif,C:/Users/VicUser/Documents/RobC/20260801/FL31\FL31-00000723_1.tif,419.224669,419.224981,2.743731,-10.383721,-10.430638,-10.389762,8.074877,0.000000,0.000000,0.000000
724,C:/Users/VicUser/Documents/RobC/20260801/FL31\FL31-00000724_0.tif,C:/Users/VicUser/Documents/RobC/20260801/FL31\FL31-00000724_1.tif,419.724709,419.725036,2.743093,-10.383721,-10.430638,-10.389762,8.073004,0.000000,0.000000,0.000000
725,C:/Users/VicUser/Documents/RobC/20260801/FL31\FL31-00000725_0.tif,C:/Users/VicUser/Documents/RobC/20260801/FL31\FL31-00000725_1.tif,420.224717,420.225073,2.740861,-10.383721,-10.430638,-10.389762,8.066447,0.000000,0.000000,0.000000
726,C:/Users/VicUser/Documents/RobC/20260801/FL31\FL31-00000726_0.tif,C:/Users/VicUser/Documents/RobC/20260801/FL31\FL31-00000726_1.tif,420.724763,420.725153,2.741818,-10.383721,-10.430638,-10.389762,8.069257,0.000000,0.000000,0.000000
727,C:/Users/VicUser/Documents/RobC/20260801/FL31\FL31-00000727_0.tif,C:/Users/VicUser/Documents/RobC/20260801/FL31\FL31-00000727_1.tif,421.224715,421.225054,2.740542,-10.383721,-10.430638,-10.389762,8.065510,0.000000,0.000000,0.000000
728,C:/Users/VicUser/Documents/RobC/20260801/FL31\FL31-00000728_0.tif,C:/Users/VicUser/Documents/RobC/20260801/FL31\FL31-00000728_1.tif,421.724784,421.725159,2.740542,-10.383721,-10.430638,-10.389762,8.065510,0.000000,0.000000,0.000000
729,C:/Users/VicUser/Documents/RobC/20260801/FL31\FL31-00000729_0.tif,C:/Users/VicUser/Documents/RobC/20260801/FL31\FL31-00000729_1.tif,422.224765,422.225027,2.737355,-10.383721,-10.430638,-10.389762,8.056144,0.000000,0.000000,0.000000
730,C:/Users/VicUser/Documents/RobC/20260801/FL31\FL31-00000730_0.tif,C:/Users/VicUser/Documents/RobC/20260801/FL31\FL31-00000730_1.tif,422.724702,422.725092,2.737355,-10.383721,-10.430638,-10.389762,8.056144,0.000000,0.000000,0.000000
731,C:/Users/VicUser/Documents/RobC/20260801/FL31\FL31-00000731_0.tif,C:/Users/VicUser/Documents/RobC/20260801/FL31\FL31-00000731_1.tif,423.224729,423.225044,2.735442,-10.383721,-10.430638,-10.389762,8.050524,0.000000,0.000000,0.000000
732,C:/Users/VicUser/Documents/RobC/20260801/FL31\FL31-00000732_0.tif,C:/Users/VicUser/Documents/RobC/20260801/FL31\FL31-00000732_1.tif,423.724728,423.725131,2.735123,-10.383721,-10.430638,-10.389762,8.049588,0.000000,0.000000,0.000000
733,C:/Users/VicUser/Documents/RobC/20260801/FL31\FL31-00000733_0.tif,C:/Users/VicUser/Documents/RobC/20260801/FL31\FL31-00000733_1.tif,424.224687,424.225161,2.734166,-10.383721,-10.430638,-10.389762,8.046777,0.000000,0.000000,0.000000
734,C:/Users/VicUser/Documents/RobC/20260801/FL31\FL31-00000734_0.tif,C:/Users/VicUser/Documents/RobC/20260801/FL31\FL31-00000734_1.tif,424.724724,424.725019,2.731616,-10.383721,-10.430638,-10.389762,8.039284,0.000000,0.000000,0.000000
735,C:/Users/VicUser/Documents/RobC/20260801/FL31\FL31-00000735_0.tif,C:/Users/VicUser/Documents/RobC/20260801/FL31\FL31-00000735_1.tif,425.224766,425.225060,2.732572,-10.383721,-10.430638,-10.389762,8.042094,0.000000,0.000000,0.000000
736,C:/Users/VicUser/Documents/RobC/20260801/FL31\FL31-00000736_0.tif,C:/Users/VicUser/Documents/RobC/20260801/FL31\FL31-00000736_1.tif,425.724665,425.724972,2.729384,-10.383721,-10.430638,-10.389762,8.032727,0.000000,0.000000,0.000000
737,C:/Users/VicUser/Documents/RobC/20260801/FL31\FL31-00000737_0.tif,C:/Users/VicUser/Documents/RobC/20260801/FL31\FL31-00000737_1.tif,426.224730,426.225068,2.728428,-10.383721,-10.430638,-10.389762,8.029918,0.000000,0.000000,0.000000
738,C:/Users/VicUser/Documents/RobC/20260801/FL31\FL31-00000738_0.tif,C:/Users/VicUser/Documents/RobC/20260801/FL31\FL31-00000738_1.tif,426.724718,426.725055,2.726196,-10.383721,-10.430638,-10.389762,8.023361,0.000000,0.000000,0.000000
739,C:/Users/VicUser/Documents/RobC/20260801/FL31\FL31-00000739_0.tif,C:/Users/VicUser/Documents/RobC/20260801/FL31\FL31-00000739_1.tif,427.224730,427.225083,2.726196,-10.383721,-10.430638,-10.389762,8.023361,0.000000,0.000000,0.000000
740,C:/Users/VicUser/Documents/RobC/20260801/FL31\FL31-00000740_0.tif,C:/Users/VicUser/Documents/RobC/20260801/FL31\FL31-00000740_1.tif,427.724699,427.725080,2.724921,-10.383721,-10.430638,-10.389762,8.019614,0.000000,0.000000,0.000000
741,C:/Users/VicUser/Documents/RobC/20260801/FL31\FL31-00000741_0.tif,C:/Users/VicUser/Documents/RobC/20260801/FL31\FL31-00000741_1.tif,428.224690,428.225053,2.725240,-10.383721,-10.430638,-10.389762,8.020551,0.000000,0.000000,0.000000
742,C:/Users/VicUser/Documents/RobC/20260801/FL31\FL31-00000742_0.tif,C:/Users/VicUser/Documents/RobC/20260801/FL31\FL31-00000742_1.tif,428.724738,428.725005,2.723646,-10.383721,-10.430638,-10.389762,8.015868,0.000000,0.000000,0.000000
743,C:/Users/VicUser/Documents/RobC/20260801/FL31\FL31-00000743_0.tif,C:/Users/VicUser/Documents/RobC/20260801/FL31\FL31-00000743_1.tif,429.224702,429.225052,2.720777,-10.383721,-10.430638,-10.389762,8.007438,0.000000,0.000000,0.000000
744,C:/Users/VicUser/Documents/RobC/20260801/FL31\FL31-00000744_0.tif,C:/Users/VicUser/Documents/RobC/20260801/FL31\FL31-00000744_1.tif,429.724730,429.725071,2.720139,-10.383721,-10.430638,-10.389762,8.005565,0.000000,0.000000,0.000000
745,C:/Users/VicUser/Documents/RobC/20260801/FL31\FL31-00000745_0.tif,C:/Users/VicUser/Documents/RobC/20260801/FL31\FL31-00000745_1.tif,430.224711,430.224971,2.717588,-10.383721,-10.430638,-10.389762,7.998071,0.000000,0.000000,0.000000
746,C:/Users/VicUser/Documents/RobC/20260801/FL31\FL31-00000746_0.tif,C:/Users/VicUser/Documents/RobC/20260801/FL31\FL31-00000746_1.tif,430.724727,430.725268,2.717588,-10.383721,-10.430638,-10.389762,7.998071,0.000000,0.000000,0.000000
747,C:/Users/VicUser/Documents/RobC/20260801/FL31\FL31-00000747_0.tif,C:/Users/VicUser/Documents/RobC/20260801/FL31\FL31-00000747_1.tif,431.224730,431.225122,2.716313,-10.383721,-10.430638,-10.389762,7.994325,0.000000,0.000000,0.000000
748,C:/Users/VicUser/Documents/RobC/20260801/FL31\FL31-00000748_0.tif,C:/Users/VicUser/Documents/RobC/20260801/FL31\FL31-00000748_1.tif,431.724707,431.725009,2.714082,-10.383721,-10.430638,-10.389762,7.987768,0.000000,0.000000,0.000000
749,C:/Users/VicUser/Documents/RobC/20260801/FL31\FL31-00000749_0.tif,C:/Users/VicUser/Documents/RobC/20260801/FL31\FL31-00000749_1.tif,432.224763,432.225068,2.714401,-10.383721,-10.430638,-10.389762,7.988705,0.000000,0.000000,0.000000
750,C:/Users/VicUser/Documents/RobC/20260801/FL31\FL31-00000750_0.tif,C:/Users/VicUser/Documents/RobC/20260801/FL31\FL31-00000750_1.tif,432.724756,432.725249,2.711850,-10.383721,-10.430638,-10.389762,7.981212,0.000000,0.000000,0.000000
751,C:/Users/VicUser/Documents/RobC/20260801/FL31\FL31-00000751_0.tif,C:/Users/VicUser/Documents/RobC/20260801/FL31\FL31-00000751_1.tif,433.224704,433.225058,2.710575,-10.383721,-10.430638,-10.389762,7.977465,0.000000,0.000000,0.000000
752,C:/Users/VicUser/Documents/RobC/20260801/FL31\FL31-00000752_0.tif,C:/Users/VicUser/Documents/RobC/20260801/FL31\FL31-00000752_1.tif,433.724750,433.725175,2.708343,-10.383721,-10.430638,-10.389762,7.970908,0.000000,0.000000,0.000000
753,C:/Users/VicUser/Documents/RobC/20260801/FL31\FL31-00000753_0.tif,C:/Users/VicUser/Documents/RobC/20260801/FL31\FL31-00000753_1.tif,434.224738,434.225139,2.707387,-10.383721,-10.430638,-10.389762,7.968099,0.000000,0.000000,0.000000
754,C:/Users/VicUser/Documents/RobC/20260801/FL31\FL31-00000754_0.tif,C:/Users/VicUser/Documents/RobC/20260801/FL31\FL31-00000754_1.tif,434.724731,434.725201,2.706430,-10.383721,-10.430638,-10.389762,7.965289,0.000000,0.000000,0.000000
755,C:/Users/VicUser/Documents/RobC/20260801/FL31\FL31-00000755_0.tif,C:/Users/VicUser/Documents/RobC/20260801/FL31\FL31-00000755_1.tif,435.224771,435.225186,2.704836,-10.383721,-10.430638,-10.389762,7.960605,0.000000,0.000000,0.000000
756,C:/Users/VicUser/Documents/RobC/20260801/FL31\FL31-00000756_0.tif,C:/Users/VicUser/Documents/RobC/20260801/FL31\FL31-00000756_1.tif,435.724696,435.725066,2.701967,-10.383721,-10.430638,-10.389762,7.952176,0.000000,0.000000,0.000000
757,C:/Users/VicUser/Documents/RobC/20260801/FL31\FL31-00000757_0.tif,C:/Users/VicUser/Documents/RobC/20260801/FL31\FL31-00000757_1.tif,436.224725,436.225073,2.702286,-10.383721,-10.430638,-10.389762,7.953112,0.000000,0.000000,0.000000
758,C:/Users/VicUser/Documents/RobC/20260801/FL31\FL31-00000758_0.tif,C:/Users/VicUser/Documents/RobC/20260801/FL31\FL31-00000758_1.tif,436.724714,436.725025,2.700373,-10.383721,-10.430638,-10.389762,7.947492,0.000000,0.000000,0.000000
759,C:/Users/VicUser/Documents/RobC/20260801/FL31\FL31-00000759_0.tif,C:/Users/VicUser/Documents/RobC/20260801/FL31\FL31-00000759_1.tif,437.224641,437.224945,2.697823,-10.383721,-10.430638,-10.389762,7.939999,0.000000,0.000000,0.000000
760,C:/Users/VicUser/Documents/RobC/20260801/FL31\FL31-00000760_0.tif,C:/Users/VicUser/Documents/RobC/20260801/FL31\FL31-00000760_1.tif,437.724727,437.725068,2.696547,-10.383721,-10.430638,-10.389762,7.936252,0.000000,0.000000,0.000000
761,C:/Users/VicUser/Documents/RobC/20260801/FL31\FL31-00000761_0.tif,C:/Users/VicUser/Documents/RobC/20260801/FL31\FL31-00000761_1.tif,438.224663,438.224935,2.694316,-10.383721,-10.430638,-10.389762,7.929696,0.000000,0.000000,0.000000
762,C:/Users/VicUser/Documents/RobC/20260801/FL31\FL31-00000762_0.tif,C:/Users/VicUser/Documents/RobC/20260801/FL31\FL31-00000762_1.tif,438.724705,438.725058,2.693040,-10.383721,-10.430638,-10.389762,7.925949,0.000000,0.000000,0.000000
763,C:/Users/VicUser/Documents/RobC/20260801/FL31\FL31-00000763_0.tif,C:/Users/VicUser/Documents/RobC/20260801/FL31\FL31-00000763_1.tif,439.224728,439.225018,2.691446,-10.383721,-10.430638,-10.389762,7.921266,0.000000,0.000000,0.000000
764,C:/Users/VicUser/Documents/RobC/20260801/FL31\FL31-00000764_0.tif,C:/Users/VicUser/Documents/RobC/20260801/FL31\FL31-00000764_1.tif,439.724733,439.724983,2.688896,-10.383721,-10.430638,-10.389762,7.913773,0.000000,0.000000,0.000000
765,C:/Users/VicUser/Documents/RobC/20260801/FL31\FL31-00000765_0.tif,C:/Users/VicUser/Documents/RobC/20260801/FL31\FL31-00000765_1.tif,440.224636,440.224963,2.687621,-10.383721,-10.430638,-10.389762,7.910026,0.000000,0.000000,0.000000
766,C:/Users/VicUser/Documents/RobC/20260801/FL31\FL31-00000766_0.tif,C:/Users/VicUser/Documents/RobC/20260801/FL31\FL31-00000766_1.tif,440.724829,440.725144,2.686664,-10.383721,-10.430638,-10.389762,7.907216,0.000000,0.000000,0.000000
767,C:/Users/VicUser/Documents/RobC/20260801/FL31\FL31-00000767_0.tif,C:/Users/VicUser/Documents/RobC/20260801/FL31\FL31-00000767_1.tif,441.224758,441.225069,2.684433,-10.383721,-10.430638,-10.389762,7.900660,0.000000,0.000000,0.000000
768,C:/Users/VicUser/Documents/RobC/20260801/FL31\FL31-00000768_0.tif,C:/Users/VicUser/Documents/RobC/20260801/FL31\FL31-00000768_1.tif,441.724770,441.725107,2.681245,-10.383721,-10.430638,-10.389762,7.891293,0.000000,0.000000,0.000000
769,C:/Users/VicUser/Documents/RobC/20260801/FL31\FL31-00000769_0.tif,C:/Users/VicUser/Documents/RobC/20260801/FL31\FL31-00000769_1.tif,442.224765,442.225065,2.679969,-10.383721,-10.430638,-10.389762,7.887546,0.000000,0.000000,0.000000
770,C:/Users/VicUser/Documents/RobC/20260801/FL31\FL31-00000770_0.tif,C:/Users/VicUser/Documents/RobC/20260801/FL31\FL31-00000770_1.tif,442.724748,442.725044,2.678375,-10.383721,-10.430638,-10.389762,7.882863,0.000000,0.000000,0.000000
771,C:/Users/VicUser/Documents/RobC/20260801/FL31\FL31-00000771_0.tif,C:/Users/VicUser/Documents/RobC/20260801/FL31\FL31-00000771_1.tif,443.224718,443.224973,2.677738,-10.383721,-10.430638,-10.389762,7.880990,0.000000,0.000000,0.000000
772,C:/Users/VicUser/Documents/RobC/20260801/FL31\FL31-00000772_0.tif,C:/Users/VicUser/Documents/RobC/20260801/FL31\FL31-00000772_1.tif,443.724761,443.725078,2.673912,-10.383721,-10.430638,-10.389762,7.869750,0.000000,0.000000,0.000000
773,C:/Users/VicUser/Documents/RobC/20260801/FL31\FL31-00000773_0.tif,C:/Users/VicUser/Documents/RobC/20260801/FL31\FL31-00000773_1.tif,444.224703,444.225016,2.673912,-10.383721,-10.430638,-10.389762,7.869750,0.000000,0.000000,0.000000
774,C:/Users/VicUser/Documents/RobC/20260801/FL31\FL31-00000774_0.tif,C:/Users/VicUser/Documents/RobC/20260801/FL31\FL31-00000774_1.tif,444.724738,444.725065,2.671043,-10.383721,-10.430638,-10.389762,7.861320,0.000000,0.000000,0.000000
775,C:/Users/VicUser/Documents/RobC/20260801/FL31\FL31-00000775_0.tif,C:/Users/VicUser/Documents/RobC/20260801/FL31\FL31-00000775_1.tif,445.224793,445.225143,2.669768,-10.383721,-10.430638,-10.389762,7.857574,0.000000,0.000000,0.000000
776,C:/Users/VicUser/Documents/RobC/20260801/FL31\FL31-00000776_0.tif,C:/Users/VicUser/Documents/RobC/20260801/FL31\FL31-00000776_1.tif,445.724739,445.725031,2.667855,-10.383721,-10.430638,-10.389762,7.851954,0.000000,0.000000,0.000000
777,C:/Users/VicUser/Documents/RobC/20260801/FL31\FL31-00000777_0.tif,C:/Users/VicUser/Documents/RobC/20260801/FL31\FL31-00000777_1.tif,446.224726,446.225072,2.664348,-10.383721,-10.430638,-10.389762,7.841651,0.000000,0.000000,0.000000
778,C:/Users/VicUser/Documents/RobC/20260801/FL31\FL31-00000778_0.tif,C:/Users/VicUser/Documents/RobC/20260801/FL31\FL31-00000778_1.tif,446.724724,446.724992,2.663073,-10.383721,-10.430638,-10.389762,7.837904,0.000000,0.000000,0.000000
779,C:/Users/VicUser/Documents/RobC/20260801/FL31\FL31-00000779_0.tif,C:/Users/VicUser/Documents/RobC/20260801/FL31\FL31-00000779_1.tif,447.224716,447.224922,2.659247,-10.383721,-10.430638,-10.389762,7.826664,0.000000,0.000000,0.000000
780,C:/Users/VicUser/Documents/RobC/20260801/FL31\FL31-00000780_0.tif,C:/Users/VicUser/Documents/RobC/20260801/FL31\FL31-00000780_1.tif,447.724731,447.725036,2.658609,-10.383721,-10.430638,-10.389762,7.824791,0.000000,0.000000,0.000000
781,C:/Users/VicUser/Documents/RobC/20260801/FL31\FL31-00000781_0.tif,C:/Users/VicUser/Documents/RobC/20260801/FL31\FL31-00000781_1.tif,448.224780,448.224972,2.655102,-10.383721,-10.430638,-10.389762,7.814488,0.000000,0.000000,0.000000
782,C:/Users/VicUser/Documents/RobC/20260801/FL31\FL31-00000782_0.tif,C:/Users/VicUser/Documents/RobC/20260801/FL31\FL31-00000782_1.tif,448.724730,448.725102,2.654465,-10.383721,-10.430638,-10.389762,7.812615,0.000000,0.000000,0.000000
783,C:/Users/VicUser/Documents/RobC/20260801/FL31\FL31-00000783_0.tif,C:/Users/VicUser/Documents/RobC/20260801/FL31\FL31-00000783_1.tif,449.224724,449.225067,2.651596,-10.383721,-10.430638,-10.389762,7.804184,0.000000,0.000000,0.000000
784,C:/Users/VicUser/Documents/RobC/20260801/FL31\FL31-00000784_0.tif,C:/Users/VicUser/Documents/RobC/20260801/FL31\FL31-00000784_1.tif,449.724729,449.725059,2.649683,-10.383721,-10.430638,-10.389762,7.798565,0.000000,0.000000,0.000000
785,C:/Users/VicUser/Documents/RobC/20260801/FL31\FL31-00000785_0.tif,C:/Users/VicUser/Documents/RobC/20260801/FL31\FL31-00000785_1.tif,450.224695,450.224983,2.647770,-10.383721,-10.430638,-10.389762,7.792945,0.000000,0.000000,0.000000
786,C:/Users/VicUser/Documents/RobC/20260801/FL31\FL31-00000786_0.tif,C:/Users/VicUser/Documents/RobC/20260801/FL31\FL31-00000786_1.tif,450.724719,450.724964,2.644901,-10.383721,-10.430638,-10.389762,7.784515,0.000000,0.000000,0.000000
787,C:/Users/VicUser/Documents/RobC/20260801/FL31\FL31-00000787_0.tif,C:/Users/VicUser/Documents/RobC/20260801/FL31\FL31-00000787_1.tif,451.224706,451.225062,2.642988,-10.383721,-10.430638,-10.389762,7.778895,0.000000,0.000000,0.000000
788,C:/Users/VicUser/Documents/RobC/20260801/FL31\FL31-00000788_0.tif,C:/Users/VicUser/Documents/RobC/20260801/FL31\FL31-00000788_1.tif,451.724722,451.725143,2.640437,-10.383721,-10.430638,-10.389762,7.771402,0.000000,0.000000,0.000000
789,C:/Users/VicUser/Documents/RobC/20260801/FL31\FL31-00000789_0.tif,C:/Users/VicUser/Documents/RobC/20260801/FL31\FL31-00000789_1.tif,452.224714,452.225082,2.639162,-10.383721,-10.430638,-10.389762,7.767655,0.000000,0.000000,0.000000
790,C:/Users/VicUser/Documents/RobC/20260801/FL31\FL31-00000790_0.tif,C:/Users/VicUser/Documents/RobC/20260801/FL31\FL31-00000790_1.tif,452.724720,452.725027,2.635337,-10.383721,-10.430638,-10.389762,7.756416,0.000000,0.000000,0.000000
791,C:/Users/VicUser/Documents/RobC/20260801/FL31\FL31-00000791_0.tif,C:/Users/VicUser/Documents/RobC/20260801/FL31\FL31-00000791_1.tif,453.224698,453.225048,2.633424,-10.383721,-10.430638,-10.389762,7.750796,0.000000,0.000000,0.000000
792,C:/Users/VicUser/Documents/RobC/20260801/FL31\FL31-00000792_0.tif,C:/Users/VicUser/Documents/RobC/20260801/FL31\FL31-00000792_1.tif,453.724741,453.725018,2.630236,-10.383721,-10.430638,-10.389762,7.741429,0.000000,0.000000,0.000000
793,C:/Users/VicUser/Documents/RobC/20260801/FL31\FL31-00000793_0.tif,C:/Users/VicUser/Documents/RobC/20260801/FL31\FL31-00000793_1.tif,454.224699,454.225000,2.628960,-10.383721,-10.430638,-10.389762,7.737682,0.000000,0.000000,0.000000
794,C:/Users/VicUser/Documents/RobC/20260801/FL31\FL31-00000794_0.tif,C:/Users/VicUser/Documents/RobC/20260801/FL31\FL31-00000794_1.tif,454.724720,454.725035,2.627685,-10.383721,-10.430638,-10.389762,7.733935,0.000000,0.000000,0.000000
795,C:/Users/VicUser/Documents/RobC/20260801/FL31\FL31-00000795_0.tif,C:/Users/VicUser/Documents/RobC/20260801/FL31\FL31-00000795_1.tif,455.224701,455.225001,2.624497,-10.383721,-10.430638,-10.389762,7.724569,0.000000,0.000000,0.000000
796,C:/Users/VicUser/Documents/RobC/20260801/FL31\FL31-00000796_0.tif,C:/Users/VicUser/Documents/RobC/20260801/FL31\FL31-00000796_1.tif,455.724732,455.725022,2.620990,-10.383721,-10.430638,-10.389762,7.714266,0.000000,0.000000,0.000000
797,C:/Users/VicUser/Documents/RobC/20260801/FL31\FL31-00000797_0.tif,C:/Users/VicUser/Documents/RobC/20260801/FL31\FL31-00000797_1.tif,456.224756,456.225076,2.619077,-10.383721,-10.430638,-10.389762,7.708646,0.000000,0.000000,0.000000
798,C:/Users/VicUser/Documents/RobC/20260801/FL31\FL31-00000798_0.tif,C:/Users/VicUser/Documents/RobC/20260801/FL31\FL31-00000798_1.tif,456.724715,456.725045,2.617802,-10.383721,-10.430638,-10.389762,7.704899,0.000000,0.000000,0.000000
799,C:/Users/VicUser/Documents/RobC/20260801/FL31\FL31-00000799_0.tif,C:/Users/VicUser/Documents/RobC/20260801/FL31\FL31-00000799_1.tif,457.224739,457.225061,2.612701,-10.383721,-10.430638,-10.389762,7.689913,0.000000,0.000000,0.000000
800,C:/Users/VicUser/Documents/RobC/20260801/FL31\FL31-00000800_0.tif,C:/Users/VicUser/Documents/RobC/20260801/FL31\FL31-00000800_1.tif,457.724791,457.725181,2.611745,-10.383721,-10.430638,-10.389762,7.687103,0.000000,0.000000,0.000000
801,C:/Users/VicUser/Documents/RobC/20260801/FL31\FL31-00000801_0.tif,C:/Users/VicUser/Documents/RobC/20260801/FL31\FL31-00000801_1.tif,458.224718,458.224978,2.607282,-10.383721,-10.430638,-10.389762,7.673990,0.000000,0.000000,0.000000
802,C:/Users/VicUser/Documents/RobC/20260801/FL31\FL31-00000802_0.tif,C:/Users/VicUser/Documents/RobC/20260801/FL31\FL31-00000802_1.tif,458.724751,458.725168,2.606006,-10.383721,-10.430638,-10.389762,7.670243,0.000000,0.000000,0.000000
803,C:/Users/VicUser/Documents/RobC/20260801/FL31\FL31-00000803_0.tif,C:/Users/VicUser/Documents/RobC/20260801/FL31\FL31-00000803_1.tif,459.224694,459.224981,2.602499,-10.383721,-10.430638,-10.389762,7.659940,0.000000,0.000000,0.000000
804,C:/Users/VicUser/Documents/RobC/20260801/FL31\FL31-00000804_0.tif,C:/Users/VicUser/Documents/RobC/20260801/FL31\FL31-00000804_1.tif,459.724747,459.724996,2.601224,-10.383721,-10.430638,-10.389762,7.656193,0.000000,0.000000,0.000000
805,C:/Users/VicUser/Documents/RobC/20260801/FL31\FL31-00000805_0.tif,C:/Users/VicUser/Documents/RobC/20260801/FL31\FL31-00000805_1.tif,460.224772,460.225091,2.598355,-10.383721,-10.430638,-10.389762,7.647764,0.000000,0.000000,0.000000
806,C:/Users/VicUser/Documents/RobC/20260801/FL31\FL31-00000806_0.tif,C:/Users/VicUser/Documents/RobC/20260801/FL31\FL31-00000806_1.tif,460.724752,460.725000,2.594848,-10.383721,-10.430638,-10.389762,7.637460,0.000000,0.000000,0.000000
807,C:/Users/VicUser/Documents/RobC/20260801/FL31\FL31-00000807_0.tif,C:/Users/VicUser/Documents/RobC/20260801/FL31\FL31-00000807_1.tif,461.224687,461.224962,2.593254,-10.383721,-10.430638,-10.389762,7.632777,0.000000,0.000000,0.000000
808,C:/Users/VicUser/Documents/RobC/20260801/FL31\FL31-00000808_0.tif,C:/Users/VicUser/Documents/RobC/20260801/FL31\FL31-00000808_1.tif,461.724748,461.725034,2.588153,-10.383721,-10.430638,-10.389762,7.617790,0.000000,0.000000,0.000000
809,C:/Users/VicUser/Documents/RobC/20260801/FL31\FL31-00000809_0.tif,C:/Users/VicUser/Documents/RobC/20260801/FL31\FL31-00000809_1.tif,462.224698,462.225042,2.586240,-10.383721,-10.430638,-10.389762,7.612171,0.000000,0.000000,0.000000
810,C:/Users/VicUser/Documents/RobC/20260801/FL31\FL31-00000810_0.tif,C:/Users/VicUser/Documents/RobC/20260801/FL31\FL31-00000810_1.tif,462.724701,462.725008,2.584646,-10.383721,-10.430638,-10.389762,7.607488,0.000000,0.000000,0.000000
811,C:/Users/VicUser/Documents/RobC/20260801/FL31\FL31-00000811_0.tif,C:/Users/VicUser/Documents/RobC/20260801/FL31\FL31-00000811_1.tif,463.224700,463.225045,2.580821,-10.383721,-10.430638,-10.389762,7.596248,0.000000,0.000000,0.000000
812,C:/Users/VicUser/Documents/RobC/20260801/FL31\FL31-00000812_0.tif,C:/Users/VicUser/Documents/RobC/20260801/FL31\FL31-00000812_1.tif,463.724711,463.725231,2.577951,-10.383721,-10.430638,-10.389762,7.587818,0.000000,0.000000,0.000000
813,C:/Users/VicUser/Documents/RobC/20260801/FL31\FL31-00000813_0.tif,C:/Users/VicUser/Documents/RobC/20260801/FL31\FL31-00000813_1.tif,464.224744,464.225163,2.575082,-10.383721,-10.430638,-10.389762,7.579388,0.000000,0.000000,0.000000
814,C:/Users/VicUser/Documents/RobC/20260801/FL31\FL31-00000814_0.tif,C:/Users/VicUser/Documents/RobC/20260801/FL31\FL31-00000814_1.tif,464.724757,464.725155,2.571894,-10.383721,-10.430638,-10.389762,7.570022,0.000000,0.000000,0.000000
815,C:/Users/VicUser/Documents/RobC/20260801/FL31\FL31-00000815_0.tif,C:/Users/VicUser/Documents/RobC/20260801/FL31\FL31-00000815_1.tif,465.224700,465.225083,2.569025,-10.383721,-10.430638,-10.389762,7.561591,0.000000,0.000000,0.000000
816,C:/Users/VicUser/Documents/RobC/20260801/FL31\FL31-00000816_0.tif,C:/Users/VicUser/Documents/RobC/20260801/FL31\FL31-00000816_1.tif,465.724762,465.725223,2.566793,-10.383721,-10.430638,-10.389762,7.555035,0.000000,0.000000,0.000000
817,C:/Users/VicUser/Documents/RobC/20260801/FL31\FL31-00000817_0.tif,C:/Users/VicUser/Documents/RobC/20260801/FL31\FL31-00000817_1.tif,466.224670,466.225107,2.561692,-10.383721,-10.430638,-10.389762,7.540048,0.000000,0.000000,0.000000
818,C:/Users/VicUser/Documents/RobC/20260801/FL31\FL31-00000818_0.tif,C:/Users/VicUser/Documents/RobC/20260801/FL31\FL31-00000818_1.tif,466.724696,466.725059,2.560098,-10.383721,-10.430638,-10.389762,7.535366,0.000000,0.000000,0.000000
819,C:/Users/VicUser/Documents/RobC/20260801/FL31\FL31-00000819_0.tif,C:/Users/VicUser/Documents/RobC/20260801/FL31\FL31-00000819_1.tif,467.224739,467.225037,2.556592,-10.383721,-10.430638,-10.389762,7.525062,0.000000,0.000000,0.000000
820,C:/Users/VicUser/Documents/RobC/20260801/FL31\FL31-00000820_0.tif,C:/Users/VicUser/Documents/RobC/20260801/FL31\FL31-00000820_1.tif,467.724728,467.725024,2.554360,-10.383721,-10.430638,-10.389762,7.518506,0.000000,0.000000,0.000000
821,C:/Users/VicUser/Documents/RobC/20260801/FL31\FL31-00000821_0.tif,C:/Users/VicUser/Documents/RobC/20260801/FL31\FL31-00000821_1.tif,468.224728,468.224980,2.551172,-10.383721,-10.430638,-10.389762,7.509139,0.000000,0.000000,0.000000
822,C:/Users/VicUser/Documents/RobC/20260801/FL31\FL31-00000822_0.tif,C:/Users/VicUser/Documents/RobC/20260801/FL31\FL31-00000822_1.tif,468.724730,468.725039,2.547665,-10.383721,-10.430638,-10.389762,7.498836,0.000000,0.000000,0.000000
823,C:/Users/VicUser/Documents/RobC/20260801/FL31\FL31-00000823_0.tif,C:/Users/VicUser/Documents/RobC/20260801/FL31\FL31-00000823_1.tif,469.224826,469.225191,2.544477,-10.383721,-10.430638,-10.389762,7.489469,0.000000,0.000000,0.000000
824,C:/Users/VicUser/Documents/RobC/20260801/FL31\FL31-00000824_0.tif,C:/Users/VicUser/Documents/RobC/20260801/FL31\FL31-00000824_1.tif,469.724794,469.725085,2.539376,-10.383721,-10.430638,-10.389762,7.474483,0.000000,0.000000,0.000000
825,C:/Users/VicUser/Documents/RobC/20260801/FL31\FL31-00000825_0.tif,C:/Users/VicUser/Documents/RobC/20260801/FL31\FL31-00000825_1.tif,470.224801,470.225079,2.537782,-10.383721,-10.430638,-10.389762,7.469800,0.000000,0.000000,0.000000
826,C:/Users/VicUser/Documents/RobC/20260801/FL31\FL31-00000826_0.tif,C:/Users/VicUser/Documents/RobC/20260801/FL31\FL31-00000826_1.tif,470.724745,470.725020,2.533638,-10.383721,-10.430638,-10.389762,7.457624,0.000000,0.000000,0.000000
827,C:/Users/VicUser/Documents/RobC/20260801/FL31\FL31-00000827_0.tif,C:/Users/VicUser/Documents/RobC/20260801/FL31\FL31-00000827_1.tif,471.224739,471.225070,2.530768,-10.383721,-10.430638,-10.389762,7.449193,0.000000,0.000000,0.000000
828,C:/Users/VicUser/Documents/RobC/20260801/FL31\FL31-00000828_0.tif,C:/Users/VicUser/Documents/RobC/20260801/FL31\FL31-00000828_1.tif,471.724737,471.725022,2.525667,-10.383721,-10.430638,-10.389762,7.434207,0.000000,0.000000,0.000000
829,C:/Users/VicUser/Documents/RobC/20260801/FL31\FL31-00000829_0.tif,C:/Users/VicUser/Documents/RobC/20260801/FL31\FL31-00000829_1.tif,472.224700,472.224981,2.522798,-10.383721,-10.430638,-10.389762,7.425777,0.000000,0.000000,0.000000
830,C:/Users/VicUser/Documents/RobC/20260801/FL31\FL31-00000830_0.tif,C:/Users/VicUser/Documents/RobC/20260801/FL31\FL31-00000830_1.tif,472.724738,472.725203,2.519610,-10.383721,-10.430638,-10.389762,7.416411,0.000000,0.000000,0.000000
831,C:/Users/VicUser/Documents/RobC/20260801/FL31\FL31-00000831_0.tif,C:/Users/VicUser/Documents/RobC/20260801/FL31\FL31-00000831_1.tif,473.224749,473.225050,2.514828,-10.383721,-10.430638,-10.389762,7.402361,0.000000,0.000000,0.000000
832,C:/Users/VicUser/Documents/RobC/20260801/FL31\FL31-00000832_0.tif,C:/Users/VicUser/Documents/RobC/20260801/FL31\FL31-00000832_1.tif,473.724720,473.724967,2.513234,-10.383721,-10.430638,-10.389762,7.397678,0.000000,0.000000,0.000000
833,C:/Users/VicUser/Documents/RobC/20260801/FL31\FL31-00000833_0.tif,C:/Users/VicUser/Documents/RobC/20260801/FL31\FL31-00000833_1.tif,474.224745,474.225033,2.508133,-10.383721,-10.430638,-10.389762,7.382691,0.000000,0.000000,0.000000
834,C:/Users/VicUser/Documents/RobC/20260801/FL31\FL31-00000834_0.tif,C:/Users/VicUser/Documents/RobC/20260801/FL31\FL31-00000834_1.tif,474.724702,474.725005,2.505264,-10.383721,-10.430638,-10.389762,7.374261,0.000000,0.000000,0.000000
835,C:/Users/VicUser/Documents/RobC/20260801/FL31\FL31-00000835_0.tif,C:/Users/VicUser/Documents/RobC/20260801/FL31\FL31-00000835_1.tif,475.224686,475.224969,2.501757,-10.383721,-10.430638,-10.389762,7.363958,0.000000,0.000000,0.000000
836,C:/Users/VicUser/Documents/RobC/20260801/FL31\FL31-00000836_0.tif,C:/Users/VicUser/Documents/RobC/20260801/FL31\FL31-00000836_1.tif,475.724756,475.725055,2.498569,-10.383721,-10.430638,-10.389762,7.354592,0.000000,0.000000,0.000000
837,C:/Users/VicUser/Documents/RobC/20260801/FL31\FL31-00000837_0.tif,C:/Users/VicUser/Documents/RobC/20260801/FL31\FL31-00000837_1.tif,476.224748,476.225139,2.493787,-10.383721,-10.430638,-10.389762,7.340542,0.000000,0.000000,0.000000
838,C:/Users/VicUser/Documents/RobC/20260801/FL31\FL31-00000838_0.tif,C:/Users/VicUser/Documents/RobC/20260801/FL31\FL31-00000838_1.tif,476.724701,476.725056,2.490917,-10.383721,-10.430638,-10.389762,7.332112,0.000000,0.000000,0.000000
839,C:/Users/VicUser/Documents/RobC/20260801/FL31\FL31-00000839_0.tif,C:/Users/VicUser/Documents/RobC/20260801/FL31\FL31-00000839_1.tif,477.224706,477.225039,2.487092,-10.383721,-10.430638,-10.389762,7.320872,0.000000,0.000000,0.000000
840,C:/Users/VicUser/Documents/RobC/20260801/FL31\FL31-00000840_0.tif,C:/Users/VicUser/Documents/RobC/20260801/FL31\FL31-00000840_1.tif,477.724741,477.725106,2.481991,-10.383721,-10.430638,-10.389762,7.305886,0.000000,0.000000,0.000000
841,C:/Users/VicUser/Documents/RobC/20260801/FL31\FL31-00000841_0.tif,C:/Users/VicUser/Documents/RobC/20260801/FL31\FL31-00000841_1.tif,478.224717,478.224976,2.477528,-10.383721,-10.430638,-10.389762,7.292773,0.000000,0.000000,0.000000
842,C:/Users/VicUser/Documents/RobC/20260801/FL31\FL31-00000842_0.tif,C:/Users/VicUser/Documents/RobC/20260801/FL31\FL31-00000842_1.tif,478.724706,478.725043,2.474977,-10.383721,-10.430638,-10.389762,7.285279,0.000000,0.000000,0.000000
843,C:/Users/VicUser/Documents/RobC/20260801/FL31\FL31-00000843_0.tif,C:/Users/VicUser/Documents/RobC/20260801/FL31\FL31-00000843_1.tif,479.224633,479.224950,2.470514,-10.383721,-10.430638,-10.389762,7.272166,0.000000,0.000000,0.000000
844,C:/Users/VicUser/Documents/RobC/20260801/FL31\FL31-00000844_0.tif,C:/Users/VicUser/Documents/RobC/20260801/FL31\FL31-00000844_1.tif,479.724747,479.725082,2.466051,-10.383721,-10.430638,-10.389762,7.259053,0.000000,0.000000,0.000000
845,C:/Users/VicUser/Documents/RobC/20260801/FL31\FL31-00000845_0.tif,C:/Users/VicUser/Documents/RobC/20260801/FL31\FL31-00000845_1.tif,480.224731,480.225019,2.459993,-10.383721,-10.430638,-10.389762,7.241256,0.000000,0.000000,0.000000
846,C:/Users/VicUser/Documents/RobC/20260801/FL31\FL31-00000846_0.tif,C:/Users/VicUser/Documents/RobC/20260801/FL31\FL31-00000846_1.tif,480.724832,480.725144,2.456805,-10.383721,-10.430638,-10.389762,7.231890,0.000000,0.000000,0.000000
847,C:/Users/VicUser/Documents/RobC/20260801/FL31\FL31-00000847_0.tif,C:/Users/VicUser/Documents/RobC/20260801/FL31\FL31-00000847_1.tif,481.224735,481.225020,2.452980,-10.383721,-10.430638,-10.389762,7.220651,0.000000,0.000000,0.000000
848,C:/Users/VicUser/Documents/RobC/20260801/FL31\FL31-00000848_0.tif,C:/Users/VicUser/Documents/RobC/20260801/FL31\FL31-00000848_1.tif,481.724704,481.725023,2.449154,-10.383721,-10.430638,-10.389762,7.209411,0.000000,0.000000,0.000000
849,C:/Users/VicUser/Documents/RobC/20260801/FL31\FL31-00000849_0.tif,C:/Users/VicUser/Documents/RobC/20260801/FL31\FL31-00000849_1.tif,482.224698,482.224987,2.444690,-10.383721,-10.430638,-10.389762,7.196297,0.000000,0.000000,0.000000
850,C:/Users/VicUser/Documents/RobC/20260801/FL31\FL31-00000850_0.tif,C:/Users/VicUser/Documents/RobC/20260801/FL31\FL31-00000850_1.tif,482.724697,482.725014,2.438314,-10.383721,-10.430638,-10.389762,7.177564,0.000000,0.000000,0.000000
851,C:/Users/VicUser/Documents/RobC/20260801/FL31\FL31-00000851_0.tif,C:/Users/VicUser/Documents/RobC/20260801/FL31\FL31-00000851_1.tif,483.224721,483.224985,2.432895,-10.383721,-10.430638,-10.389762,7.161641,0.000000,0.000000,0.000000
852,C:/Users/VicUser/Documents/RobC/20260801/FL31\FL31-00000852_0.tif,C:/Users/VicUser/Documents/RobC/20260801/FL31\FL31-00000852_1.tif,483.724715,483.725055,2.428750,-10.383721,-10.430638,-10.389762,7.149465,0.000000,0.000000,0.000000
853,C:/Users/VicUser/Documents/RobC/20260801/FL31\FL31-00000853_0.tif,C:/Users/VicUser/Documents/RobC/20260801/FL31\FL31-00000853_1.tif,484.224724,484.225105,2.424925,-10.383721,-10.430638,-10.389762,7.138225,0.000000,0.000000,0.000000
854,C:/Users/VicUser/Documents/RobC/20260801/FL31\FL31-00000854_0.tif,C:/Users/VicUser/Documents/RobC/20260801/FL31\FL31-00000854_1.tif,484.724748,484.725013,2.419824,-10.383721,-10.430638,-10.389762,7.123238,0.000000,0.000000,0.000000
855,C:/Users/VicUser/Documents/RobC/20260801/FL31\FL31-00000855_0.tif,C:/Users/VicUser/Documents/RobC/20260801/FL31\FL31-00000855_1.tif,485.224720,485.225043,2.415360,-10.383721,-10.430638,-10.389762,7.110126,0.000000,0.000000,0.000000
856,C:/Users/VicUser/Documents/RobC/20260801/FL31\FL31-00000856_0.tif,C:/Users/VicUser/Documents/RobC/20260801/FL31\FL31-00000856_1.tif,485.724714,485.725060,2.411216,-10.383721,-10.430638,-10.389762,7.097949,0.000000,0.000000,0.000000
857,C:/Users/VicUser/Documents/RobC/20260801/FL31\FL31-00000857_0.tif,C:/Users/VicUser/Documents/RobC/20260801/FL31\FL31-00000857_1.tif,486.224759,486.225048,2.404840,-10.383721,-10.430638,-10.389762,7.079216,0.000000,0.000000,0.000000
858,C:/Users/VicUser/Documents/RobC/20260801/FL31\FL31-00000858_0.tif,C:/Users/VicUser/Documents/RobC/20260801/FL31\FL31-00000858_1.tif,486.724755,486.725154,2.399420,-10.383721,-10.430638,-10.389762,7.063293,0.000000,0.000000,0.000000
859,C:/Users/VicUser/Documents/RobC/20260801/FL31\FL31-00000859_0.tif,C:/Users/VicUser/Documents/RobC/20260801/FL31\FL31-00000859_1.tif,487.224759,487.225107,2.392725,-10.383721,-10.430638,-10.389762,7.043623,0.000000,0.000000,0.000000
860,C:/Users/VicUser/Documents/RobC/20260801/FL31\FL31-00000860_0.tif,C:/Users/VicUser/Documents/RobC/20260801/FL31\FL31-00000860_1.tif,487.724707,487.725009,2.387624,-10.383721,-10.430638,-10.389762,7.028637,0.000000,0.000000,0.000000
861,C:/Users/VicUser/Documents/RobC/20260801/FL31\FL31-00000861_0.tif,C:/Users/VicUser/Documents/RobC/20260801/FL31\FL31-00000861_1.tif,488.224639,488.225009,2.381248,-10.383721,-10.430638,-10.389762,7.009904,0.000000,0.000000,0.000000
862,C:/Users/VicUser/Documents/RobC/20260801/FL31\FL31-00000862_0.tif,C:/Users/VicUser/Documents/RobC/20260801/FL31\FL31-00000862_1.tif,488.724774,488.725105,2.375510,-10.383721,-10.430638,-10.389762,6.993044,0.000000,0.000000,0.000000
863,C:/Users/VicUser/Documents/RobC/20260801/FL31\FL31-00000863_0.tif,C:/Users/VicUser/Documents/RobC/20260801/FL31\FL31-00000863_1.tif,489.224668,489.224988,2.369133,-10.383721,-10.430638,-10.389762,6.974311,0.000000,0.000000,0.000000
864,C:/Users/VicUser/Documents/RobC/20260801/FL31\FL31-00000864_0.tif,C:/Users/VicUser/Documents/RobC/20260801/FL31\FL31-00000864_1.tif,489.724721,489.724983,2.362439,-10.383721,-10.430638,-10.389762,6.954641,0.000000,0.000000,0.000000
865,C:/Users/VicUser/Documents/RobC/20260801/FL31\FL31-00000865_0.tif,C:/Users/VicUser/Documents/RobC/20260801/FL31\FL31-00000865_1.tif,490.224726,490.225050,2.357656,-10.383721,-10.430638,-10.389762,6.940591,0.000000,0.000000,0.000000
866,C:/Users/VicUser/Documents/RobC/20260801/FL31\FL31-00000866_0.tif,C:/Users/VicUser/Documents/RobC/20260801/FL31\FL31-00000866_1.tif,490.724730,490.724997,2.350005,-10.383721,-10.430638,-10.389762,6.918112,0.000000,0.000000,0.000000
867,C:/Users/VicUser/Documents/RobC/20260801/FL31\FL31-00000867_0.tif,C:/Users/VicUser/Documents/RobC/20260801/FL31\FL31-00000867_1.tif,491.224672,491.225018,2.342673,-10.383721,-10.430638,-10.389762,6.896569,0.000000,0.000000,0.000000
868,C:/Users/VicUser/Documents/RobC/20260801/FL31\FL31-00000868_0.tif,C:/Users/VicUser/Documents/RobC/20260801/FL31\FL31-00000868_1.tif,491.724689,491.725046,2.333746,-10.383721,-10.430638,-10.389762,6.870342,0.000000,0.000000,0.000000
869,C:/Users/VicUser/Documents/RobC/20260801/FL31\FL31-00000869_0.tif,C:/Users/VicUser/Documents/RobC/20260801/FL31\FL31-00000869_1.tif,492.224693,492.224997,-0.000870,-10.383721,-10.430638,-10.389762,0.011240,0.000000,0.000000,0.000000
870,C:/Users/VicUser/Documents/RobC/20260801/FL31\FL31-00000870_0.tif,C:/Users/VicUser/Documents/RobC/20260801/FL31\FL31-00000870_1.tif,492.724675,492.724967,-0.000551,-10.383721,-10.430638,-10.389762,0.012176,0.000000,0.000000,0.000000
871,C:/Users/VicUser/Documents/RobC/20260801/FL31\FL31-00000871_0.tif,C:/Users/VicUser/Documents/RobC/20260801/FL31\FL31-00000871_1.tif,493.224705,493.225033,-0.000551,-10.383721,-10.430638,-10.389762,0.012176,0.000000,0.000000,0.000000
872,C:/Users/VicUser/Documents/RobC/20260801/FL31\FL31-00000872_0.tif,C:/Users/VicUser/Documents/RobC/20260801/FL31\FL31-00000872_1.tif,493.724729,493.725209,-0.001827,-10.383721,-10.430638,-10.389762,0.008430,0.000000,0.000000,0.000000
873,C:/Users/VicUser/Documents/RobC/20260801/FL31\FL31-00000873_0.tif,C:/Users/VicUser/Documents/RobC/20260801/FL31\FL31-00000873_1.tif,494.224716,494.224991,-0.001189,-10.383721,-10.430638,-10.389762,0.010303,0.000000,0.000000,0.000000
