"Average",,,,,,,,,,,,,"E0",,,
"Index [1]","X [mm]","Y [mm]","Z [mm]","U [mm]","V [mm]","W [mm]","exx [1] - engr.","eyy [1] - engr.","exy [1] - engr.","e1 [1] - engr.","e2 [1] - engr.","gamma [1] - engr.","ΔL/L0 [1]","ΔL [mm]","L1 [mm]","L0 [mm]"
0,0.00288925,-0.00389911,-2.06489e-06,0,0,0,0,0,-2.69646e-18,3.15589e-18,-3.15589e-18,-0.266194,0,0,10.006,10.006
1,0.00288925,-0.00389911,-2.06489e-06,-0.0027391,-0.00034184,0.00125464,1.9441e-05,-2.26222e-05,-1.85943e-05,6.68136e-05,-6.99949e-05,0.0626131,-1.66306e-05,-0.000166406,10.0059,10.006
2,0.00288925,-0.00389911,-2.06489e-06,-0.00164053,0.00231931,0.00755643,6.57166e-06,-2.77207e-05,-1.3497e-06,6.60009e-05,-8.71499e-05,-0.0535671,-2.23534e-05,-0.000223669,10.0058,10.006
3,0.00288925,-0.00389911,-2.06489e-06,-0.00645964,-0.000369229,-0.000668623,2.31042e-05,2.44412e-06,-5.52394e-05,8.95962e-05,-6.40479e-05,-0.310138,2.74626e-06,2.74792e-05,10.0061,10.006
4,0.00288925,-0.00389911,-2.06489e-06,0.000276789,0.00167538,-0.00279897,-2.77108e-06,-3.50977e-06,-8.64522e-06,8.30821e-05,-8.9363e-05,-0.330619,1.10265e-05,0.000110332,10.0062,10.006
5,0.00288925,-0.00389911,-2.06489e-06,-0.00754593,-0.0143205,-0.00781086,1.98506e-06,-8.9274e-06,-1.46383e-05,8.22448e-05,-8.91872e-05,-0.00718228,1.18578e-05,0.00011865,10.0062,10.006
6,0.00288925,-0.00389911,-2.06489e-06,0.0528677,-0.013511,-0.0148346,1.03114e-05,-2.45294e-05,-2.35875e-05,8.33938e-05,-9.76117e-05,-0.101871,2.27107e-05,0.000227244,10.0063,10.006
7,0.00288925,-0.00389911,-2.06489e-06,-0.0137486,-0.0120322,-0.022099,6.2477e-06,2.84072e-05,-5.62037e-05,9.36476e-05,-5.89926e-05,-0.241618,3.74262e-05,0.000374489,10.0064,10.006
8,0.00288925,-0.00389911,-2.06489e-06,0.0238261,0.00614522,0.0287994,1.01448e-05,2.53246e-05,1.42449e-05,9.05901e-05,-5.51207e-05,0.115789,1.66591e-05,0.000166692,10.0062,10.006
9,0.00288925,-0.00389911,-2.06489e-06,-0.0432257,0.0112153,0.0509455,1.12795e-05,3.3397e-05,-1.21963e-06,0.000106227,-6.15503e-05,-0.122734,-6.46779e-06,-6.4717e-05,10.006,10.006
10,0.00288925,-0.00389911,-2.06489e-06,-0.00176574,0.017013,0.0889339,-1.64065e-05,1.95535e-05,8.82746e-06,9.2939e-05,-8.9792e-05,0.169496,1.79724e-05,0.000179832,10.0062,10.006
11,0.00288925,-0.00389911,-2.06489e-06,-0.0199416,0.0234293,0.110368,-6.09962e-05,5.59631e-05,2.64213e-05,8.70286e-05,-9.20617e-05,0.131391,1.49359e-05,0.000149449,10.0062,10.006
12,0.00288925,-0.00389911,-2.06489e-06,-0.0208729,0.0315766,0.121914,-4.12721e-05,4.2663e-05,-2.53672e-05,9.8554e-05,-9.71631e-05,0.00919931,5.13922e-06,5.14232e-05,10.0061,10.006
13,0.00288925,-0.00389911,-2.06489e-06,-0.0025454,0.0348105,0.134018,-1.48774e-05,3.30121e-05,-7.13822e-06,0.000102263,-8.41281e-05,0.149419,2.16117e-05,0.000216248,10.0063,10.006
14,0.00288925,-0.00389911,-2.06489e-06,-0.0313532,0.0417985,0.12552,-4.07177e-05,4.01581e-05,1.1662e-05,9.80122e-05,-9.85718e-05,0.270207,2.63044e-05,0.000263203,10.0063,10.006
15,0.00288925,-0.00389911,-2.06489e-06,-0.0144092,0.0477937,0.131784,-1.02233e-05,-2.69747e-06,5.11257e-05,8.59402e-05,-9.8861e-05,0.344622,-1.316e-05,-0.00013168,10.0059,10.006
16,0.00288925,-0.00389911,-2.06489e-06,-0.023435,0.0530535,0.13767,-2.91264e-05,5.15302e-05,7.33021e-05,0.000123265,-0.000100861,0.610137,4.4261e-05,0.000442877,10.0065,10.006
17,0.00288925,-0.00389911,-2.06489e-06,-0.0242632,0.0618574,0.130148,-2.9963e-06,5.906e-05,3.78485e-05,0.000125517,-6.94536e-05,0.301742,3.32006e-05,0.000332206,10.0064,10.006
18,0.00288925,-0.00389911,-2.06489e-06,-0.0206453,0.0648296,0.138875,-4.47108e-05,6.19559e-05,2.04056e-05,0.00010782,-9.05753e-05,0.238223,1.8638e-05,0.000186493,10.0062,10.006
19,0.00288925,-0.00389911,-2.06489e-06,-0.0281483,0.0718918,0.134228,1.40579e-05,4.29199e-05,5.4648e-06,0.000113764,-5.67863e-05,0.18887,2.51759e-05,0.000251911,10.0063,10.006
20,0.00288925,-0.00389911,-2.06489e-06,-0.0246433,0.0764754,0.135259,-5.92092e-05,4.64888e-05,9.14592e-06,9.4848e-05,-0.000107568,0.332317,5.86371e-06,5.86726e-05,10.0061,10.006
21,0.00288925,-0.00389911,-2.06489e-06,-0.0242043,0.0823373,0.129347,-1.12154e-05,5.99236e-05,5.89112e-05,0.000117989,-6.92812e-05,0.49183,4.38197e-05,0.000438462,10.0065,10.006
22,0.00288925,-0.00389911,-2.06489e-06,-0.0249792,0.0895769,0.121169,-2.01632e-05,4.39615e-05,9.55197e-05,0.000120571,-9.6773e-05,0.602748,1.25525e-05,0.000125601,10.0062,10.006
23,0.00288925,-0.00389911,-2.06489e-06,-0.0198934,0.0929859,0.128369,-5.86251e-05,4.1914e-05,4.98511e-05,9.52574e-05,-0.000111969,0.459061,3.92863e-05,0.0003931,10.0064,10.006
24,0.00288925,-0.00389911,-2.06489e-06,-0.0273002,0.10205,0.126498,-5.82233e-06,4.49512e-05,3.32974e-05,0.000111965,-7.28359e-05,0.273917,4.21105e-05,0.000421359,10.0065,10.006
25,0.00288925,-0.00389911,-2.06489e-06,-0.0242706,0.108199,0.132817,2.09728e-05,3.56318e-05,-2.12503e-05,0.000117205,-6.06001e-05,0.0788261,2.26301e-05,0.000226438,10.0063,10.006
26,0.00288925,-0.00389911,-2.06489e-06,-0.0247183,0.11199,0.13358,1.93046e-05,5.05514e-05,2.81182e-05,0.000128255,-5.83989e-05,0.500636,3.96652e-05,0.000396892,10.0064,10.006
27,0.00288925,-0.00389911,-2.06489e-06,-0.0310529,0.118266,0.132106,1.47939e-05,4.19469e-05,5.65323e-05,0.000117045,-6.03045e-05,0.464266,3.291e-05,0.000329299,10.0064,10.006
28,0.00288925,-0.00389911,-2.06489e-06,-0.0286258,0.123757,0.131039,-2.27869e-05,4.60126e-05,3.15347e-05,0.000122002,-9.87766e-05,0.3387,2.63169e-05,0.000263328,10.0063,10.006
29,0.00288925,-0.00389911,-2.06489e-06,-0.040258,0.129792,0.116695,-3.14505e-05,6.0367e-05,2.76847e-05,0.000114371,-8.54548e-05,0.298459,1.86454e-05,0.000186567,10.0062,10.006
30,0.00288925,-0.00389911,-2.06489e-06,-0.0232409,0.134896,0.127441,4.52257e-06,6.13942e-05,3.09442e-05,0.00014165,-7.57334e-05,0.399667,3.92477e-05,0.000392714,10.0064,10.006
31,0.00288925,-0.00389911,-2.06489e-06,-0.0287418,0.144466,0.121593,-5.63681e-06,4.45476e-05,3.67446e-05,0.000117628,-7.87172e-05,0.366035,1.37966e-05,0.00013805,10.0062,10.006
32,0.00288925,-0.00389911,-2.06489e-06,-0.0260605,0.147715,0.128344,6.17422e-06,4.82924e-05,3.09761e-05,0.000120903,-6.64361e-05,0.285357,1.64481e-05,0.00016458,10.0062,10.006
33,0.00288925,-0.00389911,-2.06489e-06,-0.0240931,0.15642,0.123526,1.72747e-05,2.37272e-05,8.02867e-05,0.000126287,-8.5285e-05,0.557785,3.88859e-05,0.000389094,10.0064,10.006
34,0.00288925,-0.00389911,-2.06489e-06,-0.0258424,0.166533,0.12971,-6.13034e-06,5.67283e-05,6.2982e-05,0.000143963,-9.33655e-05,0.541417,2.49379e-05,0.00024953,10.0063,10.006
35,0.00288925,-0.00389911,-2.06489e-06,-0.0211199,0.166692,0.139027,-2.95313e-06,6.21893e-05,4.93791e-05,0.000146923,-8.76866e-05,0.387656,4.01483e-05,0.000401726,10.0064,10.006
36,0.00288925,-0.00389911,-2.06489e-06,-0.0205312,0.172614,0.139801,-5.15519e-05,7.07076e-05,-2.45187e-05,0.000127129,-0.000107974,-0.0143959,4.02791e-05,0.000403035,10.0064,10.006
37,0.00288925,-0.00389911,-2.06489e-06,-0.0253724,0.180374,0.131981,-1.50655e-05,6.68554e-05,-1.20807e-05,0.000126992,-7.52018e-05,0.193925,3.8673e-05,0.000386964,10.0064,10.006
38,0.00288925,-0.00389911,-2.06489e-06,-0.0244909,0.187793,0.134338,-2.10068e-05,4.96448e-05,3.468e-05,0.000112549,-8.39115e-05,0.377594,1.68588e-05,0.00016869,10.0062,10.006
39,0.00288925,-0.00389911,-2.06489e-06,-0.0265558,0.187267,0.129658,-3.56448e-05,6.02054e-05,4.98024e-05,0.000119421,-9.48606e-05,0.611641,4.50789e-05,0.000451061,10.0065,10.006
40,0.00288925,-0.00389911,-2.06489e-06,-0.0275423,0.196771,0.128743,-2.00983e-05,7.42178e-05,9.2189e-05,0.000137622,-8.35028e-05,0.693133,5.90865e-05,0.000591222,10.0066,10.006
41,0.00288925,-0.00389911,-2.06489e-06,-0.0279412,0.200908,0.12924,-2.17782e-05,5.43745e-05,0.00010693,0.000130496,-9.78995e-05,0.679492,4.94057e-05,0.000494356,10.0065,10.006
42,0.00288925,-0.00389911,-2.06489e-06,-0.0264596,0.209044,0.130934,-6.04666e-06,5.47282e-05,1.39343e-05,0.000123657,-7.49754e-05,0.2729,4.16924e-05,0.000417176,10.0065,10.006
43,0.00288925,-0.00389911,-2.06489e-06,-0.0276432,0.217339,0.12948,-1.92974e-05,5.05801e-05,2.07342e-05,0.00011047,-7.91871e-05,0.365683,3.09373e-05,0.00030956,10.0064,10.006
44,0.00288925,-0.00389911,-2.06489e-06,-0.0283705,0.224085,0.12548,-1.7828e-05,4.05363e-05,6.01359e-05,0.000109599,-8.68907e-05,0.570735,1.38241e-05,0.000138324,10.0062,10.006
45,0.00288925,-0.00389911,-2.06489e-06,-0.0282101,0.227248,0.118732,-2.42177e-05,3.10373e-05,9.42214e-05,0.000113144,-0.000106324,0.594749,4.74513e-05,0.000474799,10.0065,10.006
46,0.00288925,-0.00389911,-2.06489e-06,-0.0280934,0.23393,0.120759,1.04067e-05,5.03049e-05,8.31229e-05,0.000139586,-7.88741e-05,0.447472,1.73949e-05,0.000174054,10.0062,10.006
47,0.00288925,-0.00389911,-2.06489e-06,-0.0282923,0.238684,0.12034,-1.4368e-05,5.62483e-05,3.91151e-05,0.000126556,-8.46755e-05,0.435628,1.02258e-05,0.000102319,10.0061,10.006
48,0.00288925,-0.00389911,-2.06489e-06,-0.0190419,0.244934,0.0888784,-2.80123e-05,4.3366e-05,-1.38277e-05,0.000105401,-9.00476e-05,-0.0971562,1.98648e-05,0.000198768,10.0062,10.006
49,0.00288925,-0.00389911,-2.06489e-06,-0.00045153,0.246937,0.0555824,-1.99523e-05,4.25025e-06,-3.40018e-05,8.12501e-05,-9.69522e-05,-0.264656,1.24497e-05,0.000124572,10.0062,10.006
50,0.00288925,-0.00389911,-2.06489e-06,0.0166467,0.253353,0.0123614,-2.84846e-06,3.67391e-06,-7.08346e-05,9.66723e-05,-9.58469e-05,-0.406409,2.70356e-05,0.00027052,10.0063,10.006
51,0.00288925,-0.00389911,-2.06489e-06,0.0242053,0.251429,-0.00431311,1.06156e-05,-1.74543e-05,-4.17084e-05,0.000106298,-0.000113137,-0.508778,6.16873e-05,0.000617246,10.0067,10.006
52,0.00288925,-0.00389911,-2.06489e-06,0.0275873,0.256895,-0.0781293,-5.76379e-05,-1.79782e-06,-1.28263e-05,0.000113273,-0.000172709,-0.461806,8.6756e-05,0.000868085,10.0069,10.006
53,0.00288925,-0.00389911,-2.06489e-06,0.033845,0.256476,-0.159574,-4.91513e-05,-2.29962e-05,-5.3617e-06,0.000107354,-0.000179502,-0.223488,9.57588e-05,0.000958167,10.007,10.006
54,0.00288925,-0.00389911,-2.06489e-06,0.0371826,0.255923,-0.206068,-7.53198e-06,-2.46452e-05,5.79299e-05,0.000152927,-0.000185104,-0.15144,9.05559e-05,0.000906106,10.007,10.006
55,0.00288925,-0.00389911,-2.06489e-06,0.0369601,0.258143,-0.24884,-6.56762e-05,1.88671e-05,5.72755e-05,0.000166492,-0.000213301,-0.0175668,0.000134285,0.00134366,10.0074,10.006
56,0.00288925,-0.00389911,-2.06489e-06,0.0393228,0.261841,-0.275737,-6.33347e-05,1.76476e-05,-4.27606e-05,0.000181983,-0.00022767,-0.627953,0.000162205,0.00162303,10.0077,10.006
57,0.00288925,-0.00389911,-2.06489e-06,0.0384811,0.26097,-0.304232,-0.000100187,3.99236e-05,-1.1547e-05,0.000182494,-0.000242758,-0.253776,0.000185955,0.00186067,10.0079,10.006
58,0.00288925,-0.00389911,-2.06489e-06,0.03844,0.263158,-0.318174,-2.97434e-05,3.79279e-05,-3.04559e-05,0.000213482,-0.000205297,-0.339985,0.000201744,0.00201866,10.0081,10.006
59,0.00288925,-0.00389911,-2.06489e-06,0.039321,0.263006,-0.338168,-7.56022e-05,6.38681e-05,-2.00465e-05,0.000228143,-0.000239877,-0.291139,0.000236904,0.00237047,10.0084,10.006
60,0.00288925,-0.00389911,-2.06489e-06,0.0363666,0.265983,-0.349625,-8.25642e-05,8.92e-05,-4.68152e-05,0.000235579,-0.000228944,-0.656769,0.000231145,0.00231285,10.0084,10.006
61,0.00288925,-0.00389911,-2.06489e-06,0.0356552,0.264204,-0.36614,-5.78268e-05,0.000132744,3.44681e-05,0.000279617,-0.000204699,0.0875038,0.000328302,0.00328501,10.0093,10.006
62,0.00288925,-0.00389911,-2.06489e-06,0.033641,0.266727,-0.371075,-4.94472e-05,0.000146532,-6.15212e-05,0.000268068,-0.000170983,-0.58042,0.000331696,0.00331897,10.0094,10.006
63,0.00288925,-0.00389911,-2.06489e-06,0.0296299,0.270376,-0.375213,-0.000131237,0.000169586,-3.1692e-05,0.000284563,-0.000246214,-0.383695,0.00035918,0.00359397,10.0096,10.006
64,0.00288925,-0.00389911,-2.06489e-06,0.0270772,0.267602,-0.380467,-0.000117012,0.000240432,-5.66631e-05,0.00031469,-0.00019127,-0.467699,0.000383624,0.00383856,10.0099,10.006
65,0.00288925,-0.00389911,-2.06489e-06,0.0254856,0.269886,-0.383906,-7.03077e-05,0.000234626,-3.26941e-05,0.000349142,-0.000184824,-0.439318,0.000398303,0.00398544,10.01,10.006
66,0.00288925,-0.00389911,-2.06489e-06,0.0236363,0.269476,-0.379531,-8.19421e-05,0.000288545,-7.34624e-05,0.000355603,-0.000149,-0.499475,0.000393417,0.00393654,10.01,10.006
67,0.00288925,-0.00389911,-2.06489e-06,0.0212577,0.269618,-0.3808,-0.000108334,0.000306552,-6.06585e-05,0.000358089,-0.000159871,-0.313168,0.000398636,0.00398877,10.01,10.006
68,0.00288925,-0.00389911,-2.06489e-06,0.0178991,0.270902,-0.385326,-8.2418e-05,0.000337751,-5.33527e-05,0.000392723,-0.000137389,-0.300116,0.000428162,0.0042842,10.0103,10.006
69,0.00288925,-0.00389911,-2.06489e-06,0.0167681,0.270044,-0.388283,-6.71728e-05,0.000368501,-5.4748e-05,0.000423514,-0.000122186,-0.439993,0.000438792,0.00439057,10.0104,10.006
70,0.00288925,-0.00389911,-2.06489e-06,0.0146316,0.271611,-0.389915,-0.000121153,0.000421468,-5.04028e-05,0.000465006,-0.000164691,-0.304973,0.000487029,0.00487324,10.0109,10.006
71,0.00288925,-0.00389911,-2.06489e-06,0.0115462,0.272074,-0.389579,-0.000128848,0.000428172,-7.20734e-05,0.000477487,-0.000178163,-0.419902,0.000473092,0.00473378,10.0108,10.006
72,0.00288925,-0.00389911,-2.06489e-06,0.00802934,0.276058,-0.393917,-0.000138809,0.000440076,-5.59425e-05,0.000496458,-0.000195191,-0.39481,0.000484821,0.00485114,10.0109,10.006
73,0.00288925,-0.00389911,-2.06489e-06,0.0106905,0.2699,-0.399628,-0.000146981,0.000498317,-1.35781e-05,0.000537856,-0.00018652,-0.167171,0.000525938,0.00526256,10.0113,10.006
74,0.00288925,-0.00389911,-2.06489e-06,0.00696313,0.276654,-0.397092,-0.000141323,0.000491769,-3.52069e-05,0.000547477,-0.000197031,-0.0542466,0.000514392,0.00514703,10.0112,10.006
75,0.00288925,-0.00389911,-2.06489e-06,0.00706418,0.272453,-0.400614,-0.000139843,0.000534971,-5.34878e-05,0.000593735,-0.000198607,-0.27783,0.0005589,0.00559238,10.0116,10.006
76,0.00288925,-0.00389911,-2.06489e-06,0.00640248,0.275814,-0.406402,-0.000119646,0.000577843,-5.46641e-05,0.000640826,-0.000182629,0.0219081,0.000586815,0.0058717,10.0119,10.006
77,0.00288925,-0.00389911,-2.06489e-06,0.00347099,0.275754,-0.405177,-0.000139253,0.000631573,-0.000130508,0.000690593,-0.000198273,-0.779892,0.000634509,0.00634893,10.0124,10.006
78,0.00288925,-0.00389911,-2.06489e-06,0.000897848,0.279095,-0.406077,-0.000128684,0.000614058,-6.57413e-05,0.000682439,-0.000197065,0.238196,0.000602623,0.00602987,10.0121,10.006
79,0.00288925,-0.00389911,-2.06489e-06,-0.000255048,0.275028,-0.404619,-0.000170095,0.000658725,-3.55163e-05,0.000713861,-0.000225231,0.0712319,0.000614443,0.00614814,10.0122,10.006
80,0.00288925,-0.00389911,-2.06489e-06,-0.0025962,0.280681,-0.409285,-0.000176927,0.000688444,-2.51538e-06,0.000736543,-0.000225026,0.352175,0.000645043,0.00645433,10.0125,10.006
81,0.00288925,-0.00389911,-2.06489e-06,-0.00228046,0.278496,-0.411862,-8.1403e-05,0.000718192,-6.35032e-05,0.000793582,-0.000156793,0.072655,0.000665082,0.00665484,10.0127,10.006
82,0.00288925,-0.00389911,-2.06489e-06,-0.00164719,0.277794,-0.419518,-0.000146696,0.000751059,-5.35039e-05,0.000802474,-0.000198111,-0.00114812,0.000687783,0.00688198,10.0129,10.006
83,0.00288925,-0.00389911,-2.06489e-06,-0.00366004,0.280362,-0.409849,-0.000154933,0.000772433,-5.89275e-05,0.00083769,-0.000220191,0.00111197,0.00068898,0.00689397,10.0129,10.006
84,0.00288925,-0.00389911,-2.06489e-06,-0.00232247,0.279548,-0.419503,-0.000191795,0.000782592,-6.20031e-05,0.000839426,-0.000248629,0.200684,0.00068961,0.00690027,10.0129,10.006
85,0.00288925,-0.00389911,-2.06489e-06,-0.00309012,0.281652,-0.424573,-0.000176141,0.0008116,-5.3281e-05,0.000865741,-0.000230283,0.324872,0.000720981,0.00721417,10.0133,10.006
86,0.00288925,-0.00389911,-2.06489e-06,-0.00623676,0.281919,-0.422764,-0.000179326,0.000832093,-3.1764e-05,0.000881725,-0.000228957,0.364713,0.000742412,0.00742861,10.0135,10.006
87,0.00288925,-0.00389911,-2.06489e-06,-0.00763953,0.283236,-0.423462,-0.000224846,0.000854162,-2.07404e-05,0.000903804,-0.000274487,0.288549,0.000754155,0.00754611,10.0136,10.006
88,0.00288925,-0.00389911,-2.06489e-06,-0.00951947,0.283659,-0.430463,-0.000218008,0.000898632,-5.19088e-05,0.000930611,-0.000249987,-0.00152515,0.000770704,0.0077117,10.0138,10.006
89,0.00288925,-0.00389911,-2.06489e-06,-0.0112752,0.282342,-0.428799,-0.000241661,0.00090061,-6.79597e-05,0.000933583,-0.000274635,0.0299283,0.000793486,0.00793965,10.014,10.006
90,0.00288925,-0.00389911,-2.06489e-06,-0.0125731,0.285984,-0.430214,-0.000237242,0.000940589,-3.36613e-05,0.000970352,-0.000267005,0.167179,0.000829373,0.00829874,10.0143,10.006
91,0.00288925,-0.00389911,-2.06489e-06,-0.0119897,0.287292,-0.435119,-0.000208509,0.000962969,-3.0132e-05,0.00101555,-0.000261088,-0.063807,0.000840719,0.00841228,10.0145,10.006
92,0.00288925,-0.00389911,-2.06489e-06,-0.0114399,0.284884,-0.436355,-0.00023878,0.000985135,-7.63747e-05,0.00103313,-0.000286772,0.0598827,0.000860882,0.00861402,10.0147,10.006
93,0.00288925,-0.00389911,-2.06489e-06,-0.0123568,0.285268,-0.43848,-0.000237007,0.00102983,-3.25772e-06,0.00106219,-0.000269368,0.340994,0.000901309,0.00901853,10.0151,10.006
94,0.00288925,-0.00389911,-2.06489e-06,-0.0150609,0.289414,-0.433912,-0.000284661,0.00101177,-1.32649e-06,0.00105478,-0.000327667,0.265582,0.000868036,0.00868561,10.0147,10.006
95,0.00288925,-0.00389911,-2.06489e-06,-0.0159989,0.290817,-0.441733,-0.000197347,0.00105918,-3.01486e-05,0.00109512,-0.000233284,0.322455,0.000917276,0.00917831,10.0152,10.006
96,0.00288925,-0.00389911,-2.06489e-06,-0.0159976,0.290358,-0.446469,-0.000236187,0.00108962,-5.50245e-05,0.00112507,-0.000271639,-0.000892612,0.000929494,0.00930056,10.0153,10.006
97,0.00288925,-0.00389911,-2.06489e-06,-0.0179477,0.288689,-0.440293,-0.00026202,0.00111047,-4.60527e-05,0.00114653,-0.000298082,0.0961617,0.000944752,0.00945323,10.0155,10.006
98,0.00288925,-0.00389911,-2.06489e-06,-0.0177413,0.291357,-0.446999,-0.000311145,0.0011231,-4.47681e-07,0.00115564,-0.000343687,0.355599,0.00095184,0.00952416,10.0156,10.006
99,0.00288925,-0.00389911,-2.06489e-06,-0.0192131,0.292515,-0.447228,-0.000290731,0.00116982,-6.31343e-05,0.00120309,-0.000324001,-0.161604,0.00101934,0.0101996,10.0162,10.006
100,0.00288925,-0.00389911,-2.06489e-06,-0.0201993,0.293536,-0.447626,-0.000245531,0.00120581,-6.65865e-05,0.00124415,-0.000283865,-0.270289,0.000990698,0.00991297,10.016,10.006
101,0.00288925,-0.00389911,-2.06489e-06,-0.0211609,0.293782,-0.45271,-0.000296526,0.00122983,5.63515e-06,0.00126559,-0.00033228,0.258101,0.00106696,0.010676,10.0167,10.006
102,0.00288925,-0.00389911,-2.06489e-06,-0.0223741,0.294713,-0.452188,-0.000244711,0.00120623,-7.36056e-05,0.00124776,-0.000286235,-0.315961,0.00101349,0.010141,10.0162,10.006
103,0.00288925,-0.00389911,-2.06489e-06,-0.0226135,0.297625,-0.455162,-0.00030171,0.00124193,-3.53282e-05,0.00128009,-0.000339878,0.13386,0.00106622,0.0106686,10.0167,10.006
104,0.00288925,-0.00389911,-2.06489e-06,-0.0239221,0.2974,-0.457633,-0.000277636,0.00126152,-2.07772e-05,0.00130579,-0.000321906,0.0560894,0.00109706,0.0109773,10.017,10.006
105,0.00288925,-0.00389911,-2.06489e-06,-0.0245814,0.297171,-0.458591,-0.000268691,0.00128891,-2.98831e-05,0.00131867,-0.00029845,-0.124058,0.00110833,0.01109,10.0171,10.006
106,0.00288925,-0.00389911,-2.06489e-06,-0.0267584,0.298215,-0.465489,-0.000295627,0.00131832,-6.04406e-05,0.00134393,-0.000321245,-0.337086,0.00112033,0.0112101,10.0173,10.006
107,0.00288925,-0.00389911,-2.06489e-06,-0.0255856,0.300073,-0.464451,-0.000354396,0.00132914,-5.14271e-05,0.00135835,-0.000383605,-0.0968405,0.00114965,0.0115035,10.0175,10.006
108,0.00288925,-0.00389911,-2.06489e-06,-0.0269891,0.299791,-0.464988,-0.000326783,0.00136726,-1.73347e-05,0.00139643,-0.000355952,-0.0743098,0.0011578,0.011585,10.0176,10.006
109,0.00288925,-0.00389911,-2.06489e-06,-0.0258711,0.302415,-0.465728,-0.000363272,0.00137028,-3.08715e-05,0.00139746,-0.000390446,-0.104949,0.00116809,0.011688,10.0177,10.006
110,0.00288925,-0.00389911,-2.06489e-06,-0.0286339,0.301633,-0.464245,-0.000352842,0.00140454,-3.12612e-05,0.00143201,-0.000380308,-0.267293,0.00122009,0.0122083,10.0183,10.006
111,0.00288925,-0.00389911,-2.06489e-06,-0.0299275,0.30526,-0.459399,-0.000358971,0.00140437,-2.14454e-05,0.00142822,-0.000382823,-0.0810363,0.00119304,0.0119376,10.018,10.006
112,0.00288925,-0.00389911,-2.06489e-06,-0.0324025,0.307566,-0.463274,-0.000305271,0.00140914,-6.58632e-05,0.00143888,-0.000335004,-0.29552,0.00123398,0.0123473,10.0184,10.006
113,0.00288925,-0.00389911,-2.06489e-06,-0.0316535,0.305387,-0.469182,-0.00033708,0.00143805,-4.26907e-05,0.001463,-0.000362025,-0.21477,0.00124601,0.0124676,10.0185,10.006
114,0.00288925,-0.00389911,-2.06489e-06,-0.0326932,0.309648,-0.468798,-0.000359273,0.00139465,-4.69222e-05,0.00141175,-0.000376368,0.00692531,0.00122087,0.0122161,10.0183,10.006
115,0.00288925,-0.00389911,-2.06489e-06,-0.0312105,0.305639,-0.469562,-0.000377945,0.00148392,-3.72001e-05,0.0015062,-0.000400228,0.0381328,0.00127602,0.0127679,10.0188,10.006
116,0.00288925,-0.00389911,-2.06489e-06,-0.034637,0.31102,-0.46983,-0.000358537,0.00149063,-7.89601e-05,0.0015115,-0.000379406,-0.279114,0.00130856,0.0130935,10.0191,10.006
117,0.00288925,-0.00389911,-2.06489e-06,-0.0354618,0.309738,-0.469978,-0.000392652,0.00154318,-8.52369e-05,0.00156404,-0.000413506,-0.120872,0.00131844,0.0131924,10.0192,10.006
118,0.00288925,-0.00389911,-2.06489e-06,-0.0368683,0.309942,-0.46619,-0.000342457,0.00155719,-8.1101e-05,0.00158684,-0.00037211,-0.199275,0.00138189,0.0138273,10.0199,10.006
119,0.00288925,-0.00389911,-2.06489e-06,-0.0399499,0.313565,-0.470005,-0.000342074,0.00157354,-0.000133388,0.00159967,-0.000368201,-0.683591,0.00138962,0.0139046,10.0199,10.006
120,0.00288925,-0.00389911,-2.06489e-06,-0.0388752,0.313205,-0.473061,-0.000340497,0.00158928,-0.000120059,0.00161498,-0.000366197,-0.348185,0.00137953,0.0138036,10.0198,10.006
121,0.00288925,-0.00389911,-2.06489e-06,-0.0401535,0.315084,-0.472139,-0.00037388,0.00159284,-0.000107912,0.00162137,-0.000402403,-0.159294,0.00142031,0.0142117,10.0203,10.006
122,0.00288925,-0.00389911,-2.06489e-06,-0.0411123,0.317683,-0.474599,-0.000403509,0.00160945,-0.00012721,0.00163236,-0.000426424,-0.420118,0.00145421,0.0145509,10.0206,10.006
123,0.00288925,-0.00389911,-2.06489e-06,-0.0426745,0.316506,-0.472377,-0.000391136,0.00164207,-0.000118447,0.00166532,-0.000414382,-0.320655,0.00145871,0.0145959,10.0206,10.006
124,0.00288925,-0.00389911,-2.06489e-06,-0.042662,0.318647,-0.474427,-0.000409478,0.00165312,-7.37697e-05,0.00167817,-0.000434524,-0.108615,0.00146394,0.0146482,10.0207,10.006
125,0.00288925,-0.00389911,-2.06489e-06,-0.0431645,0.319934,-0.476126,-0.000371015,0.00168163,-0.00016585,0.00170649,-0.000395875,-0.580234,0.00150204,0.0150295,10.0211,10.006
126,0.00288925,-0.00389911,-2.06489e-06,-0.0446163,0.318518,-0.476742,-0.000422958,0.00166799,-9.3058e-05,0.001693,-0.000447972,-0.0081421,0.00146888,0.0146977,10.0207,10.006
127,0.00288925,-0.00389911,-2.06489e-06,-0.0470862,0.322267,-0.473724,-0.000423525,0.00170057,-0.000132651,0.00172965,-0.000452602,-0.456779,0.00151857,0.0151948,10.0212,10.006
128,0.00288925,-0.00389911,-2.06489e-06,-0.0455635,0.323031,-0.479145,-0.000426474,0.00171522,-0.000132192,0.00173943,-0.000450687,-0.410644,0.00152116,0.0152208,10.0213,10.006
129,0.00288925,-0.00389911,-2.06489e-06,-0.0476565,0.319402,-0.485158,-0.000461652,0.00175558,-0.000136115,0.00178493,-0.000491001,-0.380222,0.00155931,0.0156026,10.0216,10.006
130,0.00288925,-0.00389911,-2.06489e-06,-0.0487326,0.327755,-0.474029,-0.000433123,0.00177369,-5.21944e-05,0.00179275,-0.000452189,-0.125352,0.00158375,0.0158471,10.0219,10.006
131,0.00288925,-0.00389911,-2.06489e-06,-0.047845,0.324711,-0.481288,-0.000419595,0.00178106,-0.000120417,0.00180532,-0.000443852,-0.327723,0.00160538,0.0160635,10.0221,10.006
132,0.00288925,-0.00389911,-2.06489e-06,-0.0492486,0.327563,-0.477176,-0.000437858,0.00181528,-9.38054e-05,0.00183475,-0.000457325,-0.233107,0.00163724,0.0163823,10.0224,10.006
133,0.00288925,-0.00389911,-2.06489e-06,-0.0496372,0.327644,-0.476089,-0.000399473,0.00178893,-7.30953e-05,0.00181614,-0.000426688,-0.162856,0.00163614,0.0163713,10.0224,10.006
134,0.00288925,-0.00389911,-2.06489e-06,-0.0513277,0.334168,-0.472151,-0.000422514,0.00182954,-3.99698e-05,0.00185692,-0.000449893,-0.171529,0.00165887,0.0165988,10.0226,10.006
135,0.00288925,-0.00389911,-2.06489e-06,-0.0525096,0.331803,-0.489381,-0.000436549,0.00183454,-6.54275e-05,0.00185748,-0.000459486,-0.373868,0.00166112,0.0166213,10.0227,10.006
136,0.00288925,-0.00389911,-2.06489e-06,-0.0545189,0.331946,-0.486219,-0.000430888,0.00190967,-1.76396e-05,0.00192491,-0.000446129,0.0836432,0.00171742,0.0171846,10.0232,10.006
137,0.00288925,-0.00389911,-2.06489e-06,-0.0549138,0.33453,-0.484109,-0.000402905,0.00192196,-7.28094e-05,0.00194157,-0.000422521,-0.40758,0.00174756,0.0174862,10.0235,10.006
138,0.00288925,-0.00389911,-2.06489e-06,-0.0562769,0.336547,-0.492043,-0.00047721,0.00189665,-4.99658e-05,0.00192512,-0.000505679,-0.0427511,0.00173018,0.0173123,10.0234,10.006
139,0.00288925,-0.00389911,-2.06489e-06,-0.05737,0.337074,-0.489399,-0.000495809,0.00195175,-1.76126e-05,0.00197042,-0.000514482,-0.0788544,0.00179529,0.0179638,10.024,10.006
140,0.00288925,-0.00389911,-2.06489e-06,-0.0591538,0.338156,-0.485468,-0.000479563,0.00195025,-2.98801e-05,0.00197026,-0.000499569,-0.196862,0.0017806,0.0178167,10.0239,10.006
141,0.00288925,-0.00389911,-2.06489e-06,-0.062731,0.339667,-0.496815,-0.000469947,0.00197785,-6.19977e-05,0.00199858,-0.000490679,-0.258031,0.00181122,0.0181231,10.0242,10.006
142,0.00288925,-0.00389911,-2.06489e-06,-0.0639688,0.340458,-0.494921,-0.000489286,0.00198668,-7.53725e-05,0.00200356,-0.000506162,-0.363825,0.00182874,0.0182984,10.0243,10.006
143,0.00288925,-0.00389911,-2.06489e-06,-0.0633799,0.34295,-0.496936,-0.000472621,0.00201967,-0.000106274,0.00203352,-0.000486471,-0.47809,0.0018874,0.0188854,10.0249,10.006
144,0.00288925,-0.00389911,-2.06489e-06,-0.0666099,0.346936,-0.49106,-0.000484422,0.00201639,-0.00013027,0.00203562,-0.000503657,-0.588034,0.00188125,0.0188239,10.0249,10.006
145,0.00288925,-0.00389911,-2.06489e-06,-0.064999,0.345449,-0.487853,-0.000483093,0.00202648,-0.000111533,0.00204374,-0.000500351,-0.39751,0.00187544,0.0187658,10.0248,10.006
146,0.00288925,-0.00389911,-2.06489e-06,-0.0668997,0.346477,-0.488148,-0.000465483,0.00203937,-9.90424e-05,0.0020637,-0.00048981,-0.160763,0.00191794,0.019191,10.0252,10.006
147,0.00288925,-0.00389911,-2.06489e-06,-0.0670103,0.345795,-0.498216,-0.000480654,0.00208311,-9.20735e-05,0.00210038,-0.000497928,-0.31278,0.0019329,0.0193407,10.0254,10.006
148,0.00288925,-0.00389911,-2.06489e-06,-0.0693324,0.350294,-0.497023,-0.000527606,0.00208316,-0.000167455,0.00210498,-0.000549433,-0.496768,0.00195702,0.0195821,10.0256,10.006
149,0.00288925,-0.00389911,-2.06489e-06,-0.0693301,0.350706,-0.492195,-0.00050863,0.00210439,-0.000149876,0.00212674,-0.000530977,-0.46346,0.00197303,0.0197422,10.0258,10.006
150,0.00288925,-0.00389911,-2.06489e-06,-0.0703706,0.352589,-0.495683,-0.000471302,0.00210883,-0.000164186,0.002131,-0.000493469,-0.710456,0.00198837,0.0198957,10.0259,10.006
151,0.00288925,-0.00389911,-2.06489e-06,-0.072846,0.35522,-0.497801,-0.000486105,0.00216155,-0.000178302,0.00218759,-0.000512148,-0.555485,0.00203204,0.0203327,10.0264,10.006
152,0.00288925,-0.00389911,-2.06489e-06,-0.0713789,0.356087,-0.489368,-0.000490619,0.00211773,-9.34549e-05,0.00213764,-0.000510534,-0.3727,0.0020388,0.0204004,10.0264,10.006
153,0.00288925,-0.00389911,-2.06489e-06,-0.0758764,0.356685,-0.489419,-0.000484762,0.00215698,-0.000143646,0.00217727,-0.000505053,-0.649062,0.00204742,0.0204866,10.0265,10.006
154,0.00288925,-0.00389911,-2.06489e-06,-0.0767711,0.360291,-0.493009,-0.00054752,0.00218413,-0.000154021,0.00220328,-0.000566675,-0.586334,0.00207273,0.0207398,10.0268,10.006
155,0.00288925,-0.00389911,-2.06489e-06,-0.078735,0.360435,-0.493379,-0.000545403,0.00218046,-8.3412e-05,0.00219753,-0.000562477,-0.383897,0.00209767,0.0209894,10.027,10.006
156,0.00288925,-0.00389911,-2.06489e-06,-0.0801019,0.361288,-0.492918,-0.00053573,0.00221532,-0.000104255,0.00223442,-0.000554831,-0.527163,0.00210441,0.0210568,10.0271,10.006
157,0.00288925,-0.00389911,-2.06489e-06,-0.0805921,0.365659,-0.491549,-0.000554422,0.00222618,-8.00752e-05,0.00224177,-0.000570016,-0.227373,0.00212029,0.0212157,10.0273,10.006
158,0.00288925,-0.00389911,-2.06489e-06,-0.0822991,0.364429,-0.495477,-0.000543594,0.0022299,-6.08073e-05,0.00225062,-0.000564311,-0.158063,0.00214584,0.0214714,10.0275,10.006
159,0.00288925,-0.00389911,-2.06489e-06,-0.0820293,0.366211,-0.49928,-0.000559368,0.00223432,-7.94884e-05,0.0022507,-0.000575745,-0.24515,0.00217427,0.0217559,10.0278,10.006
160,0.00288925,-0.00389911,-2.06489e-06,-0.0864799,0.367471,-0.496375,-0.000528081,0.00230041,-1.91078e-05,0.00232087,-0.000548538,0.242965,0.00227429,0.0227567,10.0288,10.006
161,0.00288925,-0.00389911,-2.06489e-06,-0.0866692,0.370052,-0.497653,-0.000573705,0.00228045,-5.76291e-05,0.00230225,-0.000595504,0.0338916,0.00220219,0.0220352,10.0281,10.006
162,0.00288925,-0.00389911,-2.06489e-06,-0.0873129,0.372907,-0.499691,-0.000598699,0.00229478,-4.04169e-05,0.00231573,-0.000619652,-0.134051,0.00222445,0.0222579,10.0283,10.006
163,0.00288925,-0.00389911,-2.06489e-06,-0.0884949,0.373776,-0.499637,-0.000598563,0.00230468,-8.23849e-05,0.00232305,-0.000616933,-0.0925746,0.00222076,0.022221,10.0283,10.006
164,0.00288925,-0.00389911,-2.06489e-06,-0.0903768,0.377385,-0.500831,-0.000572388,0.00234462,-0.000118371,0.00236493,-0.000592699,-0.3299,0.00227477,0.0227614,10.0288,10.006
165,0.00288925,-0.00389911,-2.06489e-06,-0.0932055,0.377504,-0.502479,-0.000576297,0.00237659,-0.000131071,0.00239666,-0.00059637,-0.395164,0.00228286,0.0228424,10.0289,10.006
166,0.00288925,-0.00389911,-2.06489e-06,-0.0952132,0.379735,-0.500528,-0.000634991,0.00234924,-5.73229e-05,0.00236857,-0.000654327,-0.0512405,0.00226835,0.0226972,10.0287,10.006
167,0.00288925,-0.00389911,-2.06489e-06,-0.0956447,0.381039,-0.500999,-0.000592484,0.00241364,-0.000151998,0.00243908,-0.000617923,-0.627494,0.00236116,0.0236259,10.0297,10.006
168,0.00288925,-0.00389911,-2.06489e-06,-0.0968493,0.384553,-0.496982,-0.000650281,0.00237966,-0.000113994,0.00239872,-0.000669339,-0.433226,0.00233491,0.0233632,10.0294,10.006
169,0.00288925,-0.00389911,-2.06489e-06,-0.0993597,0.386083,-0.501085,-0.000608497,0.00241216,-9.58662e-05,0.00243384,-0.000630181,-0.315406,0.00236733,0.0236876,10.0297,10.006
170,0.00288925,-0.00389911,-2.06489e-06,-0.102076,0.386228,-0.492295,-0.000566145,0.00242994,-0.000180557,0.00245288,-0.000589084,-0.87269,0.00238353,0.0238497,10.0299,10.006
171,0.00288925,-0.00389911,-2.06489e-06,-0.104636,0.390602,-0.507015,-0.000627491,0.00245492,-0.000186938,0.00247967,-0.000652242,-0.657681,0.00242479,0.0242626,10.0303,10.006
172,0.00288925,-0.00389911,-2.06489e-06,-0.1043,0.392539,-0.506495,-0.000605035,0.00250509,-0.00015431,0.00252906,-0.000628998,-0.145857,0.00247199,0.0247349,10.0308,10.006
173,0.00288925,-0.00389911,-2.06489e-06,-0.106805,0.394157,-0.498498,-0.000637497,0.00245965,-0.000163586,0.00247794,-0.000655791,-0.619025,0.00249159,0.0249309,10.031,10.006
174,0.00288925,-0.00389911,-2.06489e-06,-0.106985,0.396515,-0.501973,-0.000681699,0.00250224,-0.000143177,0.00252194,-0.000701396,-0.566043,0.00250909,0.025106,10.0312,10.006
175,0.00288925,-0.00389911,-2.06489e-06,-0.111429,0.397281,-0.499669,-0.000647093,0.00250572,-7.86205e-05,0.00252406,-0.000665432,-0.153922,0.0024958,0.0249731,10.031,10.006
176,0.00288925,-0.00389911,-2.06489e-06,-0.113757,0.401551,-0.507059,-0.000714111,0.00253553,-6.51e-05,0.00255409,-0.000732665,0.316272,0.00250886,0.0251037,10.0311,10.006
177,0.00288925,-0.00389911,-2.06489e-06,-0.11142,0.402616,-0.513487,-0.000731686,0.00253194,-0.000116244,0.0025503,-0.000750045,-0.364885,0.00253998,0.0254152,10.0315,10.006
178,0.00288925,-0.00389911,-2.06489e-06,-0.115797,0.402775,-0.502785,-0.000655843,0.00253971,-0.000120239,0.00256529,-0.000681419,-0.456364,0.00255373,0.0255528,10.0316,10.006
179,0.00288925,-0.00389911,-2.06489e-06,-0.116834,0.405342,-0.504132,-0.000691198,0.00258916,-0.000159616,0.00261005,-0.000712088,-0.580186,0.00256512,0.0256667,10.0317,10.006
180,0.00288925,-0.00389911,-2.06489e-06,-0.11904,0.407105,-0.504294,-0.000694221,0.00262165,-0.00013066,0.00264059,-0.000713167,-0.307283,0.00263077,0.0263236,10.0324,10.006
181,0.00288925,-0.00389911,-2.06489e-06,-0.121758,0.411651,-0.513753,-0.000718807,0.0026127,-0.000147993,0.00264111,-0.000747215,-0.628613,0.00258743,0.02589,10.0319,10.006
182,0.00288925,-0.00389911,-2.06489e-06,-0.125073,0.41274,-0.511307,-0.000714017,0.00264808,-0.00014658,0.00267645,-0.000742384,-0.469591,0.00265409,0.026557,10.0326,10.006
183,0.00288925,-0.00389911,-2.06489e-06,-0.125376,0.416973,-0.506051,-0.000734343,0.00265924,-0.000109016,0.00268654,-0.000761647,-0.136697,0.00265932,0.0266093,10.0327,10.006
184,0.00288925,-0.00389911,-2.06489e-06,-0.126706,0.417527,-0.505511,-0.000726147,0.00265724,-0.000126047,0.00268357,-0.000752472,-0.412321,0.00269188,0.026935,10.033,10.006
185,0.00288925,-0.00389911,-2.06489e-06,-0.127353,0.417756,-0.509236,-0.000718432,0.00271074,-9.91214e-05,0.00273472,-0.000742408,-0.338678,0.00269247,0.026941,10.033,10.006
186,0.00288925,-0.00389911,-2.06489e-06,-0.129077,0.421968,-0.513672,-0.000726046,0.00274365,-0.000150464,0.00277252,-0.000754924,-0.565721,0.0027483,0.0274996,10.0335,10.006
187,0.00288925,-0.00389911,-2.06489e-06,-0.131894,0.423934,-0.505312,-0.000712158,0.00275057,-6.65813e-05,0.00277264,-0.000734233,-0.25477,0.00277901,0.0278069,10.0339,10.006
188,0.00288925,-0.00389911,-2.06489e-06,-0.133234,0.426239,-0.509634,-0.000718227,0.0027598,-0.000127982,0.0027809,-0.000739327,-0.434636,0.00278194,0.0278362,10.0339,10.006
189,0.00288925,-0.00389911,-2.06489e-06,-0.134409,0.429191,-0.514598,-0.000726323,0.0027898,-0.000133807,0.00281481,-0.00075133,-0.33822,0.00280291,0.028046,10.0341,10.006
190,0.00288925,-0.00389911,-2.06489e-06,-0.136452,0.42819,-0.516037,-0.000732768,0.00280598,-0.000142923,0.00282847,-0.000755257,-0.549576,0.00282567,0.0282737,10.0343,10.006
191,0.00288925,-0.00389911,-2.06489e-06,-0.138253,0.431061,-0.515204,-0.000729908,0.00281241,-0.000138125,0.0028341,-0.000751599,-0.489509,0.00283637,0.0283808,10.0344,10.006
192,0.00288925,-0.00389911,-2.06489e-06,-0.140627,0.436226,-0.512781,-0.000753928,0.00283052,-0.00014135,0.00284907,-0.000772478,-0.557521,0.00287105,0.0287278,10.0348,10.006
193,0.00288925,-0.00389911,-2.06489e-06,-0.142076,0.436438,-0.513508,-0.000759061,0.00286009,-0.000136156,0.00288203,-0.000781002,-0.422285,0.00288646,0.0288821,10.0349,10.006
194,0.00288925,-0.00389911,-2.06489e-06,-0.145129,0.440733,-0.51425,-0.000732997,0.00289531,-0.000156828,0.00291615,-0.000753834,-0.548337,0.00291083,0.0291259,10.0352,10.006
195,0.00288925,-0.00389911,-2.06489e-06,-0.14631,0.441173,-0.508527,-0.00078613,0.00287577,-0.000154214,0.00289796,-0.000808322,-0.500736,0.00292136,0.0292312,10.0353,10.006
196,0.00288925,-0.00389911,-2.06489e-06,-0.147154,0.445712,-0.519657,-0.00073094,0.00291975,-0.000139879,0.00293876,-0.000749959,-0.390603,0.00294306,0.0294484,10.0355,10.006
197,0.00288925,-0.00389911,-2.06489e-06,-0.148781,0.444049,-0.50929,-0.000781276,0.00294146,-0.000140328,0.00295993,-0.000799743,-0.290791,0.00299065,0.0299246,10.036,10.006
198,0.00288925,-0.00389911,-2.06489e-06,-0.150118,0.448336,-0.519521,-0.000778528,0.00293565,-0.000144159,0.00295604,-0.000798916,-0.501547,0.00297049,0.0297228,10.0358,10.006
199,0.00288925,-0.00389911,-2.06489e-06,-0.154192,0.452149,-0.50227,-0.00084341,0.00298573,-0.000133385,0.00300579,-0.000863464,-0.350643,0.00299853,0.0300034,10.036,10.006
200,0.00288925,-0.00389911,-2.06489e-06,-0.151796,0.451744,-0.530236,-0.000786834,0.00296708,-9.35577e-05,0.00299394,-0.000813695,0.134994,0.00301739,0.0301921,10.0362,10.006
201,0.00288925,-0.00389911,-2.06489e-06,-0.156759,0.455307,-0.505871,-0.000830889,0.00299825,-0.000138998,0.00301924,-0.000851878,-0.360555,0.00304936,0.0305121,10.0366,10.006
202,0.00288925,-0.00389911,-2.06489e-06,-0.158075,0.459995,-0.519662,-0.000840165,0.00300401,-0.000155993,0.00302935,-0.000865498,-0.526556,0.00305104,0.0305288,10.0366,10.006
203,0.00288925,-0.00389911,-2.06489e-06,-0.160463,0.461923,-0.510611,-0.000789944,0.00301039,-0.000121557,0.00303327,-0.000812826,-0.195426,0.00307354,0.030754,10.0368,10.006
204,0.00288925,-0.00389911,-2.06489e-06,-0.161256,0.462739,-0.516291,-0.000816582,0.00305154,-0.000124789,0.00307356,-0.0008386,-0.462138,0.00309656,0.0309844,10.037,10.006
205,0.00288925,-0.00389911,-2.06489e-06,-0.162279,0.467364,-0.507827,-0.000821432,0.00306949,-0.000116561,0.00309121,-0.000843153,-0.388177,0.00310969,0.0311157,10.0372,10.006
206,0.00288925,-0.00389911,-2.06489e-06,-0.16531,0.466872,-0.504779,-0.000839481,0.00307241,-9.22877e-05,0.00309156,-0.000858637,-0.0122271,0.00314397,0.0314587,10.0375,10.006
207,0.00288925,-0.00389911,-2.06489e-06,-0.168209,0.470538,-0.52244,-0.000851085,0.00309433,-4.81074e-05,0.00311438,-0.000871142,-0.0239516,0.00314973,0.0315163,10.0376,10.006
208,0.00288925,-0.00389911,-2.06489e-06,-0.169121,0.472515,-0.508956,-0.000828831,0.00314369,-6.2017e-05,0.00316721,-0.000852349,0.202372,0.00320068,0.0320262,10.0381,10.006
209,0.00288925,-0.00389911,-2.06489e-06,-0.166206,0.473568,-0.512024,-0.000859229,0.00314614,-0.000136321,0.00317194,-0.000885033,-0.350234,0.00320623,0.0320817,10.0381,10.006
210,0.00288925,-0.00389911,-2.06489e-06,-0.164806,0.47809,-0.533834,-0.000872242,0.00318274,-0.000157106,0.00320293,-0.000892428,-0.691402,0.00325752,0.0325949,10.0386,10.006
211,0.00288925,-0.00389911,-2.06489e-06,-0.172774,0.479187,-0.518976,-0.000870667,0.00322171,-0.00020152,0.0032466,-0.000895564,-0.652992,0.00329344,0.0329543,10.039,10.006
212,0.00288925,-0.00389911,-2.06489e-06,-0.177007,0.481762,-0.516734,-0.000851007,0.0032282,-0.000160001,0.00325556,-0.000878371,-0.172001,0.0032671,0.0326908,10.0387,10.006
213,0.00288925,-0.00389911,-2.06489e-06,-0.178721,0.484199,-0.517397,-0.000946721,0.00319777,-9.00113e-05,0.00321673,-0.000965673,0.17767,0.00325771,0.0325968,10.0386,10.006
214,0.00288925,-0.00389911,-2.06489e-06,-0.179967,0.487252,-0.522647,-0.000929222,0.00321117,-0.000180646,0.00324183,-0.000959886,-0.52748,0.0032411,0.0324306,10.0385,10.006
215,0.00288925,-0.00389911,-2.06489e-06,-0.179116,0.489172,-0.520963,-0.000896278,0.00326179,-0.000122254,0.00329078,-0.000925269,-0.126641,0.00333451,0.0333653,10.0394,10.006
216,0.00288925,-0.00389911,-2.06489e-06,-0.181766,0.490903,-0.514406,-0.000911954,0.00328237,-0.000145385,0.00330357,-0.000933148,-0.348421,0.00336896,0.0337099,10.0398,10.006
217,0.00288925,-0.00389911,-2.06489e-06,-0.184035,0.493305,-0.518912,-0.00088729,0.00331002,-0.000142703,0.00333399,-0.000911258,-0.224468,0.00339144,0.0339349,10.04,10.006
218,0.00288925,-0.00389911,-2.06489e-06,-0.187246,0.49739,-0.520074,-0.000900104,0.00332673,-0.000188351,0.00335162,-0.000924995,-0.652719,0.00340173,0.0340378,10.0401,10.006
219,0.00288925,-0.00389911,-2.06489e-06,-0.186777,0.499806,-0.520966,-0.000934079,0.00331871,-0.000108957,0.00334193,-0.0009573,-0.350955,0.00340281,0.0340486,10.0401,10.006
220,0.00288925,-0.00389911,-2.06489e-06,-0.187659,0.49635,-0.531684,-0.000903558,0.00337017,-0.000161854,0.00339982,-0.00093321,-0.556598,0.00347319,0.0347529,10.0408,10.006
221,0.00288925,-0.00389911,-2.06489e-06,-0.188351,0.500249,-0.523598,-0.000921386,0.00333873,-0.000106196,0.0033683,-0.000950948,-0.183389,0.0034286,0.0343067,10.0404,10.006
222,0.00288925,-0.00389911,-2.06489e-06,-0.19143,0.505303,-0.52179,-0.000885033,0.00337566,-0.000135538,0.00339804,-0.000907417,-0.567678,0.00345202,0.034541,10.0406,10.006
223,0.00288925,-0.00389911,-2.06489e-06,-0.195622,0.505567,-0.521928,-0.000919514,0.00340558,-0.00013947,0.00342698,-0.000940907,-0.373073,0.00348345,0.0348556,10.0409,10.006
224,0.00288925,-0.00389911,-2.06489e-06,-0.195112,0.506892,-0.514525,-0.000950342,0.00342621,-0.000125208,0.00344741,-0.000971536,-0.326376,0.00351252,0.0351464,10.0412,10.006
225,0.00288925,-0.00389911,-2.06489e-06,-0.198908,0.510757,-0.515615,-0.000948469,0.00339255,-0.000111596,0.0034131,-0.000969021,-0.316413,0.00348663,0.0348874,10.0409,10.006
226,0.00288925,-0.00389911,-2.06489e-06,-0.199178,0.51201,-0.516517,-0.000924879,0.00347066,-0.00017054,0.00349978,-0.000953999,-0.303004,0.00357113,0.0357329,10.0418,10.006
227,0.00288925,-0.00389911,-2.06489e-06,-0.200743,0.514342,-0.51818,-0.000926122,0.00348011,-0.000236453,0.00350388,-0.000949898,-0.853202,0.00360003,0.0360221,10.0421,10.006
228,0.00288925,-0.00389911,-2.06489e-06,-0.207081,0.518498,-0.503359,-0.00099801,0.00348892,-0.000226563,0.00351516,-0.00102425,-0.645631,0.00357026,0.0357242,10.0418,10.006
229,0.00288925,-0.00389911,-2.06489e-06,-0.202751,0.521119,-0.513861,-0.000952775,0.00345821,-0.000176021,0.0034834,-0.000977963,-0.628177,0.00356805,0.035702,10.0417,10.006
230,0.00288925,-0.00389911,-2.06489e-06,-0.205023,0.521003,-0.51697,-0.000927136,0.00350631,-0.00017923,0.00353303,-0.000953854,-0.596582,0.00360412,0.036063,10.0421,10.006
231,0.00288925,-0.00389911,-2.06489e-06,-0.205922,0.520893,-0.517643,-0.000918235,0.00350255,-0.000175345,0.00352659,-0.000942274,-0.385341,0.00362077,0.0362296,10.0423,10.006
232,0.00288925,-0.00389911,-2.06489e-06,-0.207374,0.526364,-0.51849,-0.000910225,0.00352465,-0.000166756,0.00354815,-0.000933727,-0.651256,0.00363378,0.0363598,10.0424,10.006
233,0.00288925,-0.00389911,-2.06489e-06,-0.207756,0.526126,-0.522107,-0.000951658,0.00352878,-0.000132482,0.00355083,-0.000973713,-0.312799,0.00367418,0.036764,10.0428,10.006
234,0.00288925,-0.00389911,-2.06489e-06,-0.208674,0.527732,-0.527164,-0.000926873,0.00361459,-0.000184372,0.00364245,-0.000954735,-0.215878,0.00373576,0.0373802,10.0434,10.006
235,0.00288925,-0.00389911,-2.06489e-06,-0.20976,0.530759,-0.522101,-0.000971959,0.00358644,-0.000131915,0.00361046,-0.000995982,0.030586,0.00375277,0.0375504,10.0436,10.006
236,0.00288925,-0.00389911,-2.06489e-06,-0.212537,0.532879,-0.525753,-0.000964831,0.00363233,-0.000156113,0.00365582,-0.000988324,-0.363153,0.00373839,0.0374065,10.0435,10.006
237,0.00288925,-0.00389911,-2.06489e-06,-0.214011,0.534495,-0.529688,-0.000968524,0.0036208,-9.90362e-05,0.00364626,-0.000993982,0.0535976,0.00368634,0.0368857,10.0429,10.006
238,0.00288925,-0.00389911,-2.06489e-06,-0.2171,0.539321,-0.522728,-0.000984835,0.00361736,-0.000117311,0.00364028,-0.00100776,-0.288709,0.00375283,0.037551,10.0436,10.006
239,0.00288925,-0.00389911,-2.06489e-06,-0.217881,0.543109,-0.526385,-0.000998109,0.00364539,-0.000113879,0.00367023,-0.00102296,-0.153794,0.00375295,0.0375522,10.0436,10.006
240,0.00288925,-0.00389911,-2.06489e-06,-0.22409,0.538724,-0.52557,-0.000976907,0.00366573,-0.000147262,0.00369255,-0.00100373,-0.302718,0.0037692,0.0377148,10.0438,10.006
241,0.00288925,-0.00389911,-2.06489e-06,-0.224441,0.545078,-0.527383,-0.00100072,0.00367473,-0.000163305,0.00370184,-0.00102783,-0.481329,0.0037674,0.0376968,10.0437,10.006
242,0.00288925,-0.00389911,-2.06489e-06,-0.225926,0.55159,-0.530389,-0.000992419,0.0036952,-0.000135041,0.0037196,-0.00101682,-0.345839,0.00381443,0.0381673,10.0442,10.006
243,0.00288925,-0.00389911,-2.06489e-06,-0.226391,0.551444,-0.524783,-0.00100787,0.00370219,-0.000130725,0.00373179,-0.00103748,-0.325833,0.00382324,0.0382555,10.0443,10.006
244,0.00288925,-0.00389911,-2.06489e-06,-0.229558,0.551224,-0.522033,-0.00104497,0.00371453,-0.00012853,0.00374128,-0.00107172,-0.293897,0.00382501,0.0382732,10.0443,10.006
245,0.00288925,-0.00389911,-2.06489e-06,-0.230184,0.554735,-0.524743,-0.00104316,0.00371956,-0.00016231,0.00374408,-0.00106768,-0.436473,0.00385046,0.0385279,10.0446,10.006
246,0.00288925,-0.00389911,-2.06489e-06,-0.231746,0.555028,-0.524474,-0.00104794,0.00375215,-0.00017421,0.00378089,-0.00107667,-0.327255,0.00389099,0.0389335,10.045,10.006
247,0.00288925,-0.00389911,-2.06489e-06,-0.232107,0.558591,-0.522202,-0.00103202,0.00376285,-0.000160241,0.0037913,-0.00106047,-0.463211,0.00390089,0.0390324,10.0451,10.006
248,0.00288925,-0.00389911,-2.06489e-06,-0.232149,0.561284,-0.525845,-0.00100663,0.00377671,-0.000169835,0.00380679,-0.0010367,-0.358985,0.00392163,0.03924,10.0453,10.006
249,0.00288925,-0.00389911,-2.06489e-06,-0.235321,0.564409,-0.525564,-0.00100385,0.00381044,-0.000129143,0.00383749,-0.0010309,-0.288458,0.0039289,0.0393127,10.0454,10.006
250,0.00288925,-0.00389911,-2.06489e-06,-0.235863,0.567059,-0.522651,-0.00103707,0.00382734,-0.0001328,0.00385264,-0.00106237,-0.153834,0.00395726,0.0395966,10.0456,10.006
251,0.00288925,-0.00389911,-2.06489e-06,-0.240673,0.567114,-0.522724,-0.00105703,0.00383633,-9.22357e-05,0.00386146,-0.00108216,-0.156148,0.00397193,0.0397433,10.0458,10.006
252,0.00288925,-0.00389911,-2.06489e-06,-0.240025,0.572488,-0.526723,-0.00107974,0.0038613,-0.000153034,0.0038854,-0.00110385,-0.354203,0.00401062,0.0401304,10.0462,10.006
253,0.00288925,-0.00389911,-2.06489e-06,-0.242028,0.572793,-0.524821,-0.00101344,0.00387282,-0.000152017,0.00389709,-0.00103772,-0.302949,0.00401872,0.0402115,10.0463,10.006
254,0.00288925,-0.00389911,-2.06489e-06,-0.24299,0.575778,-0.522151,-0.00104964,0.0038756,-0.000117564,0.00390127,-0.00107531,-0.256985,0.00402482,0.0402725,10.0463,10.006
255,0.00288925,-0.00389911,-2.06489e-06,-0.242886,0.580099,-0.529428,-0.00109245,0.00390894,-0.000147681,0.00393412,-0.00111763,-0.229138,0.00405835,0.040608,10.0467,10.006
256,0.00288925,-0.00389911,-2.06489e-06,-0.244983,0.58071,-0.527725,-0.00106153,0.00394368,-0.000126781,0.0039718,-0.00108965,-0.0730274,0.00405388,0.0405633,10.0466,10.006
257,0.00288925,-0.00389911,-2.06489e-06,-0.247317,0.58374,-0.521333,-0.00105706,0.00395048,-0.000136433,0.0039784,-0.00108498,-0.0746356,0.00407245,0.0407491,10.0468,10.006
258,0.00288925,-0.00389911,-2.06489e-06,-0.24928,0.58889,-0.521999,-0.00108456,0.00393865,-0.000118771,0.00396715,-0.00111305,-0.317749,0.00409444,0.0409691,10.047,10.006
259,0.00288925,-0.00389911,-2.06489e-06,-0.2503,0.588439,-0.528567,-0.00107849,0.00397782,-0.000147816,0.00400215,-0.00110282,-0.167232,0.00412433,0.0412682,10.0473,10.006
260,0.00288925,-0.00389911,-2.06489e-06,-0.252149,0.591153,-0.527363,-0.00107877,0.00399543,-0.000142186,0.00401955,-0.0011029,-0.208975,0.00413771,0.0414021,10.0474,10.006
261,0.00288925,-0.00389911,-2.06489e-06,-0.253886,0.594749,-0.521784,-0.00106055,0.00402063,-0.000125029,0.00404754,-0.00108746,-0.150744,0.00416044,0.0416295,10.0477,10.006
262,0.00288925,-0.00389911,-2.06489e-06,-0.255214,0.5977,-0.525711,-0.00108702,0.00399861,-0.000127686,0.00402542,-0.00111384,-0.183266,0.00417395,0.0417647,10.0478,10.006
263,0.00288925,-0.00389911,-2.06489e-06,-0.257126,0.600152,-0.525628,-0.00105243,0.00401661,-0.000196794,0.00405057,-0.00108638,-0.555275,0.00419767,0.042002,10.048,10.006
264,0.00288925,-0.00389911,-2.06489e-06,-0.258398,0.601999,-0.523873,-0.00110523,0.00405646,-0.000145065,0.00408321,-0.00113198,-0.242239,0.00422651,0.0422907,10.0483,10.006
265,0.00288925,-0.00389911,-2.06489e-06,-0.258251,0.604523,-0.529556,-0.00107075,0.00405843,-0.000180665,0.00408751,-0.00109983,-0.273804,0.00423838,0.0424094,10.0485,10.006
266,0.00288925,-0.00389911,-2.06489e-06,-0.258752,0.606445,-0.530356,-0.00109817,0.00410961,-0.000163555,0.00413508,-0.00112364,-0.401325,0.00426433,0.042669,10.0487,10.006
267,0.00288925,-0.00389911,-2.06489e-06,-0.261384,0.60964,-0.5235,-0.00117058,0.00408829,-0.000126237,0.00411698,-0.00119927,-0.170621,0.00426138,0.0426396,10.0487,10.006
268,0.00288925,-0.00389911,-2.06489e-06,-0.265561,0.6145,-0.526817,-0.00118388,0.00412574,-0.00013609,0.00414952,-0.00120765,-0.337289,0.00428465,0.0428724,10.0489,10.006
269,0.00288925,-0.00389911,-2.06489e-06,-0.262694,0.613742,-0.532294,-0.00112147,0.00415033,-0.000130123,0.00417721,-0.00114835,-0.247592,0.0043142,0.0431681,10.0492,10.006
270,0.00288925,-0.00389911,-2.06489e-06,-0.2662,0.621395,-0.526149,-0.00115273,0.0041637,-9.75978e-05,0.00419155,-0.00118058,0.118109,0.00433817,0.0434079,10.0495,10.006
271,0.00288925,-0.00389911,-2.06489e-06,-0.26441,0.616823,-0.531108,-0.00115677,0.00415224,-0.000128489,0.00418301,-0.00118754,0.0344013,0.0042991,0.043017,10.0491,10.006
272,0.00288925,-0.00389911,-2.06489e-06,-0.267605,0.624638,-0.528293,-0.00117245,0.0042063,-0.00014267,0.00423676,-0.00120291,-0.175199,0.00439549,0.0439814,10.05,10.006
273,0.00288925,-0.00389911,-2.06489e-06,-0.270787,0.627471,-0.529791,-0.00117909,0.00422212,-0.000116013,0.0042521,-0.00120907,-0.249038,0.00440244,0.044051,10.0501,10.006
274,0.00288925,-0.00389911,-2.06489e-06,-0.270971,0.628993,-0.53251,-0.00116025,0.00423018,-0.000106158,0.00425457,-0.00118464,-0.00323935,0.00440343,0.0440609,10.0501,10.006
275,0.00288925,-0.00389911,-2.06489e-06,-0.27306,0.633012,-0.526148,-0.00119635,0.00422735,-0.000185033,0.00425792,-0.00122692,-0.486411,0.00441404,0.0441671,10.0502,10.006
276,0.00288925,-0.00389911,-2.06489e-06,-0.273045,0.635155,-0.530537,-0.00117732,0.00425325,-0.00011794,0.00427925,-0.00120332,0.0888773,0.00443391,0.0443659,10.0504,10.006
277,0.00288925,-0.00389911,-2.06489e-06,-0.273461,0.636846,-0.534549,-0.00117941,0.00427499,-0.000144622,0.00429779,-0.00120221,-0.397829,0.00447005,0.0447276,10.0508,10.006
278,0.00288925,-0.00389911,-2.06489e-06,-0.27326,0.642023,-0.528191,-0.00122895,0.00428648,-0.000106798,0.00431643,-0.0012589,-0.0214442,0.00446911,0.0447181,10.0508,10.006
279,0.00288925,-0.00389911,-2.06489e-06,-0.275181,0.641841,-0.532656,-0.00120705,0.00434217,-0.000131117,0.00436946,-0.00123434,0.0184402,0.00452974,0.0453247,10.0514,10.006
280,0.00288925,-0.00389911,-2.06489e-06,-0.27709,0.646139,-0.532312,-0.0011823,0.00434007,-0.000132324,0.00436635,-0.00120857,-0.0836296,0.00453477,0.0453751,10.0514,10.006
281,0.00288925,-0.00389911,-2.06489e-06,-0.277148,0.645113,-0.538529,-0.00115973,0.00437148,-0.000151348,0.00440547,-0.00119373,0.14612,0.00455538,0.0455813,10.0516,10.006
282,0.00288925,-0.00389911,-2.06489e-06,-0.27979,0.650651,-0.534113,-0.00121835,0.00437928,-0.000101821,0.0044052,-0.00124427,-0.0401355,0.00457056,0.0457332,10.0518,10.006
283,0.00288925,-0.00389911,-2.06489e-06,-0.279295,0.651186,-0.539739,-0.00117879,0.00440728,-0.000101813,0.00443421,-0.00120572,-0.0653897,0.00458017,0.0458294,10.0519,10.006
284,0.00288925,-0.00389911,-2.06489e-06,-0.282077,0.656553,-0.535624,-0.00120964,0.00442301,-9.08329e-05,0.00445062,-0.00123725,0.0668401,0.00460293,0.0460571,10.0521,10.006
285,0.00288925,-0.00389911,-2.06489e-06,-0.284064,0.657008,-0.541105,-0.00121568,0.00445544,-0.000136441,0.00448155,-0.00124179,-0.0751036,0.00466875,0.0467157,10.0528,10.006
286,0.00288925,-0.00389911,-2.06489e-06,-0.282116,0.661521,-0.530334,-0.00125037,0.00444507,-0.000153841,0.00447845,-0.00128375,-0.0889704,0.00463685,0.0463966,10.0524,10.006
287,0.00288925,-0.00389911,-2.06489e-06,-0.283972,0.665121,-0.53057,-0.00121742,0.004457,-8.69947e-05,0.00448622,-0.00124664,0.114093,0.00467809,0.0468092,10.0529,10.006
288,0.00288925,-0.00389911,-2.06489e-06,-0.285106,0.666809,-0.537121,-0.00123955,0.00447085,-8.68144e-05,0.0045023,-0.001271,0.181806,0.00467967,0.046825,10.0529,10.006
289,0.00288925,-0.00389911,-2.06489e-06,-0.286371,0.666361,-0.53359,-0.00123072,0.00451026,-5.48497e-05,0.00453735,-0.00125781,0.168841,0.00470563,0.0470847,10.0531,10.006
290,0.00288925,-0.00389911,-2.06489e-06,-0.285485,0.670782,-0.530149,-0.00118708,0.00452893,-0.000126304,0.00455706,-0.00121521,0.041277,0.0047297,0.0473256,10.0534,10.006
291,0.00288925,-0.00389911,-2.06489e-06,-0.287408,0.673703,-0.535467,-0.00124748,0.00452425,-8.98245e-05,0.00455369,-0.00127693,0.18228,0.00472833,0.0473119,10.0534,10.006
292,0.00288925,-0.00389911,-2.06489e-06,-0.287439,0.674972,-0.536475,-0.0012633,0.00456898,-0.000127524,0.00460059,-0.00129491,0.14145,0.00475383,0.047567,10.0536,10.006
293,0.00288925,-0.00389911,-2.06489e-06,-0.290433,0.680179,-0.532487,-0.00127237,0.00457187,-0.000112723,0.00459906,-0.00129957,0.00702073,0.00477657,0.0477946,10.0538,10.006
294,0.00288925,-0.00389911,-2.06489e-06,-0.290548,0.679238,-0.534375,-0.00125829,0.00460928,-0.000113556,0.00463921,-0.00128822,-0.0776553,0.00482218,0.0482509,10.0543,10.006
295,0.00288925,-0.00389911,-2.06489e-06,-0.292385,0.684514,-0.532766,-0.00122274,0.00461083,-0.000104001,0.00463617,-0.00124808,0.0907514,0.00480633,0.0480924,10.0541,10.006
296,0.00288925,-0.00389911,-2.06489e-06,-0.292413,0.68616,-0.529484,-0.00127611,0.00461202,-0.000130428,0.00463728,-0.00130137,-0.0383215,0.00483935,0.0484228,10.0545,10.006
297,0.00288925,-0.00389911,-2.06489e-06,-0.291497,0.686474,-0.53449,-0.00128323,0.00465674,-0.00010186,0.00467984,-0.00130633,0.205752,0.00485309,0.0485603,10.0546,10.006
298,0.00288925,-0.00389911,-2.06489e-06,-0.29331,0.689721,-0.535821,-0.00124082,0.00467633,-9.65141e-05,0.0047042,-0.00126868,0.144926,0.00488056,0.0488351,10.0549,10.006
299,0.00288925,-0.00389911,-2.06489e-06,-0.296826,0.693625,-0.535858,-0.00125831,0.00470498,-8.33733e-05,0.00472948,-0.00128281,0.0507917,0.00492333,0.049263,10.0553,10.006
300,0.00288925,-0.00389911,-2.06489e-06,-0.294458,0.693675,-0.536091,-0.00128391,0.00473649,-0.000120179,0.00476699,-0.00131441,0.161618,0.00497556,0.0497857,10.0558,10.006
301,0.00288925,-0.00389911,-2.06489e-06,-0.29651,0.698055,-0.535516,-0.00128948,0.00467752,4.3256e-05,0.00470279,-0.00131476,0.508322,0.00489597,0.0489893,10.055,10.006
302,0.00288925,-0.00389911,-2.06489e-06,-0.297024,0.700284,-0.535505,-0.00128379,0.00471811,-8.80911e-05,0.00474671,-0.00131238,0.160412,0.00493296,0.0493595,10.0554,10.006
303,0.00288925,-0.00389911,-2.06489e-06,-0.297495,0.704939,-0.536155,-0.00126,0.00476596,-6.39349e-05,0.00479764,-0.00129168,0.269352,0.00500288,0.0500591,10.0561,10.006
304,0.00288925,-0.00389911,-2.06489e-06,-0.299731,0.704977,-0.533507,-0.00127259,0.00478017,-4.56533e-05,0.004808,-0.00130042,0.336116,0.00500701,0.0501003,10.0561,10.006
305,0.00288925,-0.00389911,-2.06489e-06,-0.299163,0.707896,-0.534813,-0.00131745,0.00481344,-0.000140163,0.00484309,-0.0013471,0.190532,0.00505898,0.0506204,10.0567,10.006
306,0.00288925,-0.00389911,-2.06489e-06,-0.299943,0.710314,-0.534453,-0.00135111,0.00482621,-0.000124609,0.00486286,-0.00138776,0.148306,0.00505402,0.0505708,10.0566,10.006
307,0.00288925,-0.00389911,-2.06489e-06,-0.301765,0.713921,-0.530975,-0.0013366,0.00483651,-0.000122553,0.00486631,-0.0013664,0.115756,0.00507786,0.0508093,10.0569,10.006
308,0.00288925,-0.00389911,-2.06489e-06,-0.301547,0.714508,-0.536598,-0.00135517,0.00486768,-0.000156733,0.0048944,-0.00138189,-0.112906,0.00508467,0.0508774,10.0569,10.006
309,0.00288925,-0.00389911,-2.06489e-06,-0.302805,0.71836,-0.53307,-0.00137726,0.00483649,-5.39235e-05,0.00486256,-0.00140333,0.110887,0.00511409,0.0511718,10.0572,10.006
310,0.00288925,-0.00389911,-2.06489e-06,-0.303541,0.720485,-0.535487,-0.00129009,0.00489767,-6.32453e-05,0.004928,-0.00132043,0.228879,0.00515509,0.0515821,10.0576,10.006
311,0.00288925,-0.00389911,-2.06489e-06,-0.302888,0.723367,-0.534168,-0.00144399,0.00493896,-0.000130477,0.0049719,-0.00147693,-0.200487,0.00515516,0.0515828,10.0576,10.006
312,0.00288925,-0.00389911,-2.06489e-06,-0.303813,0.726798,-0.533815,-0.00133874,0.00499329,-3.96537e-05,0.00501744,-0.00136289,0.222136,0.00524114,0.0524431,10.0585,10.006
313,0.00288925,-0.00389911,-2.06489e-06,-0.30173,0.727556,-0.54149,-0.00139545,0.00491489,-0.000148627,0.00494432,-0.00142488,-0.18205,0.00515835,0.0516147,10.0577,10.006
314,0.00288925,-0.00389911,-2.06489e-06,-0.304444,0.730475,-0.53625,-0.00134956,0.00500517,-4.55594e-05,0.00503642,-0.0013808,0.364626,0.00525792,0.052611,10.0587,10.006
315,0.00288925,-0.00389911,-2.06489e-06,-0.305103,0.734987,-0.535155,-0.00137534,0.00501976,-6.13026e-05,0.00505192,-0.0014075,0.184542,0.00525299,0.0525616,10.0586,10.006
316,0.00288925,-0.00389911,-2.06489e-06,-0.304754,0.733119,-0.542217,-0.00144796,0.00499025,2.26231e-05,0.00501883,-0.00147653,0.474741,0.00521903,0.0522218,10.0583,10.006
317,0.00288925,-0.00389911,-2.06489e-06,-0.30614,0.738383,-0.539579,-0.00137691,0.00512752,-4.79723e-05,0.00515917,-0.00140857,0.392521,0.00542975,0.0543304,10.0604,10.006
318,0.00288925,-0.00389911,-2.06489e-06,-0.306809,0.740798,-0.535499,-0.00140592,0.00506312,-0.000127409,0.00509549,-0.00143829,0.0558876,0.00532936,0.0533258,10.0594,10.006
319,0.00288925,-0.00389911,-2.06489e-06,-0.304992,0.741436,-0.535683,-0.00140585,0.00510799,-8.31716e-05,0.00513973,-0.00143759,0.229969,0.00537382,0.0537707,10.0598,10.006
320,0.00288925,-0.00389911,-2.06489e-06,-0.307638,0.743842,-0.535593,-0.00145235,0.00510258,-8.20904e-05,0.00513386,-0.00148362,0.197032,0.00535145,0.0535468,10.0596,10.006
321,0.00288925,-0.00389911,-2.06489e-06,-0.309239,0.748591,-0.537003,-0.0013911,0.00515374,-0.000132575,0.00518908,-0.00142643,0.0668682,0.00543018,0.0543346,10.0604,10.006
322,0.00288925,-0.00389911,-2.06489e-06,-0.31011,0.751574,-0.534283,-0.0014414,0.0051684,-8.25316e-05,0.00520091,-0.00147391,0.191474,0.00542666,0.0542994,10.0603,10.006
323,0.00288925,-0.00389911,-2.06489e-06,-0.309285,0.750257,-0.537321,-0.00145319,0.00517847,-9.99701e-05,0.0052097,-0.00148442,0.191442,0.00544994,0.0545324,10.0606,10.006
324,0.00288925,-0.00389911,-2.06489e-06,-0.310188,0.756442,-0.536111,-0.00141378,0.00522183,-7.82402e-05,0.00525001,-0.00144195,0.144322,0.00550487,0.055082,10.0611,10.006
325,0.00288925,-0.00389911,-2.06489e-06,-0.310921,0.756474,-0.536016,-0.00145761,0.00524528,-9.38405e-05,0.00527559,-0.00148792,0.143349,0.00549986,0.0550319,10.0611,10.006
326,0.00288925,-0.00389911,-2.06489e-06,-0.311699,0.756501,-0.540523,-0.00147908,0.00526484,-0.000105719,0.00529518,-0.00150942,0.124793,0.0055432,0.0554656,10.0615,10.006
327,0.00288925,-0.00389911,-2.06489e-06,-0.310288,0.759188,-0.538165,-0.0014936,0.00529046,-8.20004e-05,0.00531987,-0.00152301,0.275298,0.00554399,0.0554734,10.0615,10.006
328,0.00288925,-0.00389911,-2.06489e-06,-0.311526,0.76432,-0.535411,-0.00150193,0.00532966,-1.99322e-05,0.00535803,-0.0015303,0.320473,0.00559679,0.0560017,10.062,10.006
329,0.00288925,-0.00389911,-2.06489e-06,-0.3118,0.763754,-0.536397,-0.00150938,0.00536161,-8.44494e-05,0.00538852,-0.0015363,0.274638,0.00562523,0.0562863,10.0623,10.006
330,0.00288925,-0.00389911,-2.06489e-06,-0.314713,0.766033,-0.537444,-0.00148127,0.00540345,-2.7208e-05,0.00543205,-0.00150987,0.346416,0.00565148,0.056549,10.0626,10.006
331,0.00288925,-0.00389911,-2.06489e-06,-0.313202,0.767174,-0.538533,-0.00152237,0.0053991,-4.56143e-05,0.00542915,-0.00155242,0.276814,0.00567446,0.0567789,10.0628,10.006
332,0.00288925,-0.00389911,-2.06489e-06,-0.316465,0.770586,-0.537907,-0.00146008,0.00543498,-5.09723e-05,0.00546325,-0.00148835,0.303872,0.00570526,0.0570871,10.0631,10.006
333,0.00288925,-0.00389911,-2.06489e-06,-0.317241,0.769893,-0.53749,-0.00152848,0.00543715,-3.27507e-05,0.00546367,-0.001555,0.31719,0.0057148,0.0571825,10.0632,10.006
334,0.00288925,-0.00389911,-2.06489e-06,-0.31599,0.773561,-0.538491,-0.00153856,0.00547947,-4.18607e-05,0.00550941,-0.0015685,0.382667,0.00577034,0.0577383,10.0638,10.006
335,0.00288925,-0.00389911,-2.06489e-06,-0.317805,0.772387,-0.538656,-0.00148639,0.00555083,-7.89142e-05,0.00558239,-0.00151796,0.168987,0.00584009,0.0584362,10.0645,10.006
336,0.00288925,-0.00389911,-2.06489e-06,-0.319165,0.776957,-0.541294,-0.0015529,0.00553515,-5.15166e-05,0.00556575,-0.00158351,0.171426,0.00583876,0.0584229,10.0645,10.006
337,0.00288925,-0.00389911,-2.06489e-06,-0.32005,0.778943,-0.54083,-0.0015604,0.00555916,-9.20049e-05,0.00558836,-0.00158959,0.250583,0.00586894,0.0587249,10.0648,10.006
338,0.00288925,-0.00389911,-2.06489e-06,-0.320345,0.780607,-0.54078,-0.00154643,0.00558245,-8.81909e-05,0.00561454,-0.00157852,0.287581,0.00588152,0.0588508,10.0649,10.006
339,0.00288925,-0.00389911,-2.06489e-06,-0.32079,0.782302,-0.542128,-0.0015954,0.005615,-8.57832e-05,0.0056457,-0.0016261,0.277639,0.00590952,0.059131,10.0652,10.006
340,0.00288925,-0.00389911,-2.06489e-06,-0.322519,0.783013,-0.543371,-0.00157767,0.00564957,-3.00773e-05,0.0056773,-0.0016054,0.284922,0.0059315,0.0593508,10.0654,10.006
341,0.00288925,-0.00389911,-2.06489e-06,-0.322787,0.78568,-0.53969,-0.00156757,0.00567032,-0.000132787,0.00570437,-0.00160162,0.168745,0.00594745,0.0595105,10.0656,10.006
342,0.00288925,-0.00389911,-2.06489e-06,-0.322053,0.787028,-0.536646,-0.00165433,0.00570503,-5.97109e-05,0.00573377,-0.00168307,0.185685,0.0059986,0.0600223,10.0661,10.006
343,0.00288925,-0.00389911,-2.06489e-06,-0.322013,0.791315,-0.535029,-0.001623,0.00572969,-6.40139e-05,0.00576306,-0.00165637,0.187513,0.0060222,0.0602584,10.0663,10.006
344,0.00288925,-0.00389911,-2.06489e-06,-0.321901,0.789659,-0.538965,-0.00162405,0.00574551,-4.57845e-05,0.00577629,-0.00165483,0.24882,0.00604529,0.0604895,10.0665,10.006
345,0.00288925,-0.00389911,-2.06489e-06,-0.323373,0.79161,-0.541136,-0.00159992,0.00578452,-6.1871e-05,0.00581278,-0.00162818,0.184102,0.00607682,0.060805,10.0668,10.006
346,0.00288925,-0.00389911,-2.06489e-06,-0.325261,0.792627,-0.548264,-0.00162441,0.00583991,-7.42309e-05,0.00586759,-0.0016521,0.16754,0.00611627,0.0611997,10.0672,10.006
347,0.00288925,-0.00389911,-2.06489e-06,-0.32597,0.798338,-0.53863,-0.00164734,0.00583095,-7.68574e-05,0.00586023,-0.00167662,0.238822,0.00612748,0.0613118,10.0674,10.006
348,0.00288925,-0.00389911,-2.06489e-06,-0.32835,0.798998,-0.542165,-0.00167491,0.00585744,-0.000104548,0.00588626,-0.00170372,0.141786,0.00617776,0.061815,10.0679,10.006
349,0.00288925,-0.00389911,-2.06489e-06,-0.326614,0.799074,-0.540689,-0.00168688,0.00590394,-9.83672e-05,0.00593211,-0.00171505,0.171402,0.00621662,0.0622037,10.0682,10.006
350,0.00288925,-0.00389911,-2.06489e-06,-0.327759,0.799895,-0.546,-0.00165401,0.00592411,-7.70051e-05,0.00595461,-0.00168451,0.219907,0.0062319,0.0623567,10.0684,10.006
351,0.00288925,-0.00389911,-2.06489e-06,-0.328253,0.80113,-0.541636,-0.00163302,0.0059345,-8.21734e-05,0.00596507,-0.00166359,0.262683,0.00625879,0.0626257,10.0687,10.006
352,0.00288925,-0.00389911,-2.06489e-06,-0.329096,0.805126,-0.540032,-0.0016333,0.00596884,-9.12632e-05,0.0059992,-0.00166367,0.222713,0.00630752,0.0631134,10.0692,10.006
353,0.00288925,-0.00389911,-2.06489e-06,-0.329423,0.804814,-0.541331,-0.00167737,0.00596484,-8.00855e-05,0.00599577,-0.0017083,0.251505,0.00626711,0.062709,10.0688,10.006
354,0.00288925,-0.00389911,-2.06489e-06,-0.332326,0.807876,-0.538689,-0.00172855,0.00603033,-1.81225e-05,0.00606139,-0.0017596,0.440812,0.00635961,0.0636346,10.0697,10.006
355,0.00288925,-0.00389911,-2.06489e-06,-0.331724,0.808879,-0.541093,-0.00167386,0.00601026,-6.04772e-05,0.00604371,-0.00170731,0.391945,0.0063539,0.0635774,10.0696,10.006
356,0.00288925,-0.00389911,-2.06489e-06,-0.331426,0.808569,-0.541033,-0.00169208,0.00605209,-4.48731e-05,0.00608114,-0.00172113,0.360466,0.00638526,0.0638912,10.0699,10.006
357,0.00288925,-0.00389911,-2.06489e-06,-0.332043,0.814389,-0.539243,-0.00172241,0.00606059,-4.80408e-05,0.0060909,-0.00175272,0.222259,0.00640248,0.0640635,10.0701,10.006
358,0.00288925,-0.00389911,-2.06489e-06,-0.334154,0.815253,-0.543142,-0.00175186,0.00609726,-8.04091e-05,0.00612718,-0.00178178,0.214285,0.00644924,0.0645313,10.0706,10.006
359,0.00288925,-0.00389911,-2.06489e-06,-0.334007,0.817064,-0.544539,-0.00175391,0.00609958,-8.73908e-05,0.0061344,-0.00178873,0.221099,0.00639085,0.0639472,10.07,10.006
360,0.00288925,-0.00389911,-2.06489e-06,-0.33477,0.816026,-0.544008,-0.00174782,0.00621341,-6.66087e-05,0.00624789,-0.00178231,0.28015,0.00651989,0.0652383,10.0713,10.006
361,0.00288925,-0.00389911,-2.06489e-06,-0.337011,0.819675,-0.540988,-0.00173719,0.00614206,-0.000127047,0.00617038,-0.00176551,0.127116,0.00646069,0.064646,10.0707,10.006
362,0.00288925,-0.00389911,-2.06489e-06,-0.337953,0.821923,-0.543274,-0.00182067,0.00619208,-5.54447e-05,0.00622295,-0.00185154,0.165173,0.00651236,0.065163,10.0712,10.006
363,0.00288925,-0.00389911,-2.06489e-06,-0.337113,0.823452,-0.545278,-0.00166941,0.00624321,-6.5307e-05,0.00627312,-0.00169933,0.174584,0.00656403,0.0656799,10.0717,10.006
364,0.00288925,-0.00389911,-2.06489e-06,-0.337591,0.825311,-0.54744,-0.00168281,0.00626683,-8.26399e-05,0.00630049,-0.00171647,0.181466,0.00658295,0.0658693,10.0719,10.006
365,0.00288925,-0.00389911,-2.06489e-06,-0.339953,0.830014,-0.548949,-0.00173226,0.00624943,-8.0493e-05,0.00627786,-0.00176069,0.124251,0.00658812,0.065921,10.072,10.006
366,0.00288925,-0.00389911,-2.06489e-06,-0.340927,0.82888,-0.545439,-0.00176499,0.00628437,-9.76635e-05,0.0063176,-0.00179822,0.109432,0.0066316,0.0663561,10.0724,10.006
367,0.00288925,-0.00389911,-2.06489e-06,-0.341565,0.831727,-0.546305,-0.00178613,0.00633544,-8.07978e-05,0.0063654,-0.00181608,0.184684,0.00667633,0.0668036,10.0728,10.006
368,0.00288925,-0.00389911,-2.06489e-06,-0.34326,0.836833,-0.548417,-0.00178543,0.00635903,-7.74701e-05,0.00639003,-0.00181643,0.202935,0.00669202,0.0669606,10.073,10.006
369,0.00288925,-0.00389911,-2.06489e-06,-0.345833,0.837491,-0.547219,-0.00173991,0.00637115,-3.02614e-05,0.00640144,-0.0017702,0.329581,0.00673005,0.0673412,10.0734,10.006
370,0.00288925,-0.00389911,-2.06489e-06,-0.346461,0.83912,-0.550118,-0.00174987,0.00639029,-3.3966e-05,0.00642164,-0.00178122,0.259837,0.00675522,0.0675931,10.0736,10.006
371,0.00288925,-0.00389911,-2.06489e-06,-0.346918,0.840153,-0.549997,-0.00177938,0.0063912,-4.09552e-05,0.00642408,-0.00181226,0.306621,0.0067621,0.0676618,10.0737,10.006
372,0.00288925,-0.00389911,-2.06489e-06,-0.348453,0.844671,-0.555019,-0.00176958,0.00643083,-4.69819e-05,0.00646216,-0.00180091,0.327083,0.00680817,0.0681229,10.0742,10.006
373,0.00288925,-0.00389911,-2.06489e-06,-0.347343,0.844198,-0.545042,-0.00177171,0.00645875,-2.82009e-06,0.00648818,-0.00180114,0.421155,0.00683423,0.0683836,10.0744,10.006
374,0.00288925,-0.00389911,-2.06489e-06,-0.348182,0.847854,-0.545745,-0.00176875,0.00644644,-4.69409e-05,0.00647743,-0.00179973,0.392939,0.00681244,0.0681656,10.0742,10.006
375,0.00288925,-0.00389911,-2.06489e-06,-0.34945,0.851828,-0.54738,-0.001753,0.00650034,-2.65985e-05,0.00653084,-0.0017835,0.384012,0.00686066,0.0686481,10.0747,10.006
376,0.00288925,-0.00389911,-2.06489e-06,-0.349038,0.854316,-0.550521,-0.00174678,0.00652457,2.70052e-05,0.00655515,-0.00177737,0.488725,0.00688021,0.0688437,10.0749,10.006
377,0.00288925,-0.00389911,-2.06489e-06,-0.34979,0.855545,-0.551698,-0.0018141,0.00652072,-4.61213e-05,0.00655443,-0.00184781,0.432733,0.00685926,0.068634,10.0747,10.006
378,0.00288925,-0.00389911,-2.06489e-06,-0.349575,0.859499,-0.550293,-0.00181995,0.0065135,-7.58013e-05,0.00654934,-0.00185578,0.266293,0.00687933,0.0688349,10.0749,10.006
379,0.00288925,-0.00389911,-2.06489e-06,-0.351978,0.861588,-0.545263,-0.00182169,0.00654731,-5.12192e-05,0.00657819,-0.00185257,0.352791,0.00691603,0.0692021,10.0752,10.006
380,0.00288925,-0.00389911,-2.06489e-06,-0.352374,0.862949,-0.541414,-0.00179572,0.00658023,-2.56709e-05,0.00661229,-0.00182778,0.383503,0.00693982,0.0694401,10.0755,10.006
381,0.00288925,-0.00389911,-2.06489e-06,-0.351586,0.868029,-0.547547,-0.00185455,0.00661582,-5.25894e-05,0.00664874,-0.00188747,0.375111,0.00697677,0.0698098,10.0759,10.006
382,0.00288925,-0.00389911,-2.06489e-06,-0.354193,0.866975,-0.54473,-0.00183101,0.00662047,-1.68847e-05,0.00664978,-0.00186033,0.314564,0.00699103,0.0699525,10.076,10.006
383,0.00288925,-0.00389911,-2.06489e-06,-0.353601,0.873263,-0.547864,-0.00182123,0.00665877,-3.01017e-05,0.00669226,-0.00185472,0.312973,0.00702771,0.0703195,10.0764,10.006
384,0.00288925,-0.00389911,-2.06489e-06,-0.354637,0.87334,-0.547758,-0.00182618,0.0066792,-2.69246e-05,0.00671374,-0.00186072,0.370127,0.00705347,0.0705773,10.0766,10.006
385,0.00288925,-0.00389911,-2.06489e-06,-0.356175,0.876449,-0.547599,-0.00185746,0.00669253,-4.0082e-05,0.00672734,-0.00189227,0.415767,0.00707019,0.0707446,10.0768,10.006
386,0.00288925,-0.00389911,-2.06489e-06,-0.355472,0.878735,-0.546555,-0.0018235,0.00670971,-2.3118e-05,0.0067445,-0.00185828,0.430769,0.00709327,0.0709756,10.077,10.006
387,0.00288925,-0.00389911,-2.06489e-06,-0.356972,0.881776,-0.544939,-0.00186529,0.00671261,-4.14589e-05,0.00674744,-0.00190012,0.435594,0.00710577,0.0711006,10.0771,10.006
388,0.00288925,-0.00389911,-2.06489e-06,-0.358255,0.886512,-0.550402,-0.00188056,0.00677257,-7.47471e-05,0.00680531,-0.0019133,0.309907,0.00712315,0.0712746,10.0773,10.006
389,0.00288925,-0.00389911,-2.06489e-06,-0.357868,0.888295,-0.555617,-0.0018145,0.00680034,6.25971e-06,0.00683473,-0.00184888,0.534829,0.007195,0.0719935,10.078,10.006
390,0.00288925,-0.00389911,-2.06489e-06,-0.356415,0.889193,-0.550518,-0.00195075,0.00678732,-1.26068e-05,0.00681982,-0.00198325,0.449135,0.00717483,0.0717917,10.0778,10.006
391,0.00288925,-0.00389911,-2.06489e-06,-0.354866,0.892343,-0.550185,-0.00182987,0.00683279,-7.93715e-05,0.00686926,-0.00186635,0.27927,0.00721289,0.0721725,10.0782,10.006
392,0.00288925,-0.00389911,-2.06489e-06,-0.356047,0.897126,-0.547926,-0.00189326,0.00685413,-1.77108e-05,0.00688857,-0.00192771,0.475816,0.00726123,0.0726562,10.0787,10.006
393,0.00288925,-0.00389911,-2.06489e-06,-0.35592,0.898157,-0.548809,-0.00189295,0.00682896,4.16601e-05,0.00686096,-0.00192495,0.546045,0.00720952,0.0721388,10.0782,10.006
394,0.00288925,-0.00389911,-2.06489e-06,-0.355902,0.902577,-0.546495,-0.00190022,0.00690365,-4.5561e-05,0.00693683,-0.00193341,0.35651,0.00730267,0.0730708,10.0791,10.006
395,0.00288925,-0.00389911,-2.06489e-06,-0.355587,0.903754,-0.548631,-0.00192453,0.00688507,-2.15274e-05,0.00691988,-0.00195934,0.398325,0.00729091,0.0729532,10.079,10.006
396,0.00288925,-0.00389911,-2.06489e-06,-0.355866,0.904547,-0.550744,-0.00190097,0.00691588,-2.46997e-05,0.006952,-0.0019371,0.398515,0.00729438,0.0729879,10.079,10.006
397,0.00288925,-0.00389911,-2.06489e-06,-0.356718,0.908628,-0.545568,-0.001899,0.00694752,-4.89198e-05,0.00698344,-0.00193492,0.345481,0.00732817,0.073326,10.0794,10.006
398,0.00288925,-0.00389911,-2.06489e-06,-0.357175,0.910049,-0.545216,-0.00192959,0.00698114,1.16353e-05,0.00701818,-0.00196663,0.39215,0.00736103,0.0736548,10.0797,10.006
399,0.00288925,-0.00389911,-2.06489e-06,-0.35607,0.914919,-0.540058,-0.00197147,0.00700431,-2.07188e-05,0.00704088,-0.00200804,0.356828,0.00741562,0.0742011,10.0802,10.006
400,0.00288925,-0.00389911,-2.06489e-06,-0.356815,0.916519,-0.552493,-0.00193765,0.00701762,-5.84477e-05,0.00705117,-0.0019712,0.351905,0.00742808,0.0743257,10.0804,10.006
401,0.00288925,-0.00389911,-2.06489e-06,-0.357371,0.919829,-0.551824,-0.00192249,0.00705626,-4.44998e-05,0.00709185,-0.00195809,0.393624,0.00746625,0.0747077,10.0808,10.006
402,0.00288925,-0.00389911,-2.06489e-06,-0.35829,0.919713,-0.553503,-0.00195164,0.00704568,1.34648e-05,0.00708245,-0.00198841,0.465524,0.00744855,0.0745305,10.0806,10.006
403,0.00288925,-0.00389911,-2.06489e-06,-0.358918,0.923997,-0.556016,-0.00193279,0.00710348,7.09537e-05,0.00714112,-0.00197042,0.581806,0.00749791,0.0750244,10.0811,10.006
404,0.00288925,-0.00389911,-2.06489e-06,-0.355883,0.925739,-0.546286,-0.00193705,0.00714956,1.81491e-05,0.00718453,-0.00197202,0.548384,0.00755573,0.075603,10.0816,10.006
405,0.00288925,-0.00389911,-2.06489e-06,-0.356466,0.929347,-0.548192,-0.00198001,0.00714457,-3.86296e-05,0.0071768,-0.00201224,0.460034,0.00756713,0.075717,10.0818,10.006
406,0.00288925,-0.00389911,-2.06489e-06,-0.356799,0.929248,-0.551361,-0.00197582,0.00718039,2.89491e-05,0.00721458,-0.00201001,0.482124,0.00759428,0.0759887,10.082,10.006
407,0.00288925,-0.00389911,-2.06489e-06,-0.357478,0.932829,-0.55035,-0.00198619,0.00720586,-4.19073e-06,0.00724253,-0.00202286,0.437327,0.00759418,0.0759877,10.082,10.006
408,0.00288925,-0.00389911,-2.06489e-06,-0.358384,0.936345,-0.543121,-0.00204282,0.00720904,-5.83316e-05,0.00724491,-0.00207869,0.349883,0.00761973,0.0762434,10.0823,10.006
409,0.00288925,-0.00389911,-2.06489e-06,-0.356211,0.936068,-0.548899,-0.00200414,0.00726887,1.35414e-05,0.00730249,-0.00203775,0.454785,0.00768621,0.0769086,10.083,10.006
410,0.00288925,-0.00389911,-2.06489e-06,-0.356992,0.940775,-0.549083,-0.00202341,0.00728651,-2.87466e-05,0.00732337,-0.00206027,0.315597,0.00770463,0.0770929,10.0831,10.006
411,0.00288925,-0.00389911,-2.06489e-06,-0.356981,0.940881,-0.551294,-0.002007,0.00730172,-3.35328e-05,0.00733943,-0.00204471,0.413493,0.00772848,0.0773315,10.0834,10.006
412,0.00288925,-0.00389911,-2.06489e-06,-0.357598,0.944465,-0.550394,-0.0020306,0.00733476,-2.85822e-05,0.00737278,-0.00206862,0.443402,0.00776815,0.0777285,10.0838,10.006
413,0.00288925,-0.00389911,-2.06489e-06,-0.35875,0.9479,-0.55125,-0.00206744,0.00735145,-1.96386e-05,0.00739476,-0.00211075,0.382521,0.00779556,0.0780027,10.084,10.006
414,0.00288925,-0.00389911,-2.06489e-06,-0.357784,0.948752,-0.546551,-0.00207707,0.0073535,1.25019e-05,0.00738895,-0.00211252,0.471833,0.00780053,0.0780525,10.0841,10.006
415,0.00288925,-0.00389911,-2.06489e-06,-0.358851,0.950629,-0.545459,-0.00204357,0.00739139,-1.12727e-05,0.00743088,-0.00208305,0.41846,0.00781707,0.078218,10.0843,10.006
416,0.00288925,-0.00389911,-2.06489e-06,-0.358537,0.954759,-0.548095,-0.00207681,0.00741857,-8.94349e-06,0.00745442,-0.00211265,0.389716,0.00784853,0.0785327,10.0846,10.006
417,0.00288925,-0.00389911,-2.06489e-06,-0.359113,0.956957,-0.544038,-0.00207738,0.0074412,-4.11363e-05,0.00747922,-0.0021154,0.462195,0.00786405,0.078688,10.0847,10.006
418,0.00288925,-0.00389911,-2.06489e-06,-0.359682,0.959522,-0.544479,-0.00201464,0.00745827,-7.04911e-06,0.00749788,-0.00205425,0.430709,0.00787756,0.0788233,10.0849,10.006
419,0.00288925,-0.00389911,-2.06489e-06,-0.360389,0.963046,-0.546597,-0.0021139,0.0074852,-1.02817e-05,0.00752251,-0.00215121,0.511421,0.0079236,0.0792839,10.0853,10.006
420,0.00288925,-0.00389911,-2.06489e-06,-0.360946,0.96339,-0.545654,-0.00210518,0.00747177,-1.10434e-05,0.00750852,-0.00214193,0.483305,0.00793339,0.0793818,10.0854,10.006
421,0.00288925,-0.00389911,-2.06489e-06,-0.36135,0.967983,-0.544131,-0.00211443,0.00754479,-3.71317e-06,0.00757958,-0.00214921,0.423561,0.00798393,0.0798875,10.0859,10.006
422,0.00288925,-0.00389911,-2.06489e-06,-0.360334,0.968153,-0.548237,-0.00209994,0.00757053,-3.78402e-05,0.00760699,-0.0021364,0.376449,0.00800411,0.0800895,10.0861,10.006
423,0.00288925,-0.00389911,-2.06489e-06,-0.361211,0.97036,-0.550526,-0.00211547,0.00754155,4.10273e-06,0.00757951,-0.00215344,0.460826,0.00801443,0.0801928,10.0862,10.006
424,0.00288925,-0.00389911,-2.06489e-06,-0.361208,0.975218,-0.547787,-0.00210436,0.00761943,1.22463e-06,0.00765635,-0.00214128,0.474938,0.00807118,0.0807606,10.0868,10.006
425,0.00288925,-0.00389911,-2.06489e-06,-0.360068,0.976215,-0.545602,-0.00211454,0.00764858,-4.11243e-07,0.00768889,-0.00215486,0.424615,0.00808348,0.0808836,10.0869,10.006
426,0.00288925,-0.00389911,-2.06489e-06,-0.360711,0.981267,-0.545678,-0.00209238,0.00766869,2.12587e-05,0.0077051,-0.00212878,0.453391,0.00812763,0.0813255,10.0874,10.006
427,0.00288925,-0.00389911,-2.06489e-06,-0.36218,0.980433,-0.545334,-0.00212022,0.00769738,1.44296e-05,0.00773073,-0.00215357,0.42957,0.00814329,0.0814821,10.0875,10.006
428,0.00288925,-0.00389911,-2.06489e-06,-0.36145,0.98521,-0.543339,-0.00212369,0.00771356,3.6718e-06,0.00775527,-0.00216539,0.407595,0.00817247,0.0817741,10.0878,10.006
429,0.00288925,-0.00389911,-2.06489e-06,-0.359999,0.986813,-0.544042,-0.00215498,0.00772941,-1.07382e-05,0.00776736,-0.00219293,0.442423,0.00819807,0.0820303,10.0881,10.006
430,0.00288925,-0.00389911,-2.06489e-06,-0.362956,0.990597,-0.544264,-0.00214538,0.0077521,1.35035e-05,0.00779153,-0.00218481,0.459567,0.00821462,0.0821959,10.0882,10.006
431,0.00288925,-0.00389911,-2.06489e-06,-0.363016,0.992605,-0.545587,-0.00219848,0.00776529,3.21836e-05,0.00780451,-0.0022377,0.543782,0.00822368,0.0822865,10.0883,10.006
432,0.00288925,-0.00389911,-2.06489e-06,-0.3632,0.995434,-0.546743,-0.00217603,0.00781163,4.43918e-05,0.0078497,-0.0022141,0.53344,0.00828284,0.0828785,10.0889,10.006
433,0.00288925,-0.00389911,-2.06489e-06,-0.362594,0.998939,-0.548659,-0.00214412,0.00784721,4.80242e-05,0.00788234,-0.00217924,0.570796,0.00831846,0.0832349,10.0893,10.006
434,0.00288925,-0.00389911,-2.06489e-06,-0.3629,0.998818,-0.548221,-0.00218053,0.00784522,1.82843e-05,0.00788165,-0.00221696,0.536883,0.00833442,0.0833946,10.0894,10.006
435,0.00288925,-0.00389911,-2.06489e-06,-0.361783,1.00242,-0.545521,-0.00220933,0.00788045,7.5716e-05,0.00791725,-0.00224613,0.599679,0.00834427,0.0834931,10.0895,10.006
436,0.00288925,-0.00389911,-2.06489e-06,-0.364051,1.00553,-0.544712,-0.00220443,0.00791871,6.69963e-05,0.00795634,-0.00224206,0.529863,0.00837914,0.0838421,10.0899,10.006
437,0.00288925,-0.00389911,-2.06489e-06,-0.365835,1.01092,-0.543272,-0.00222928,0.00792748,6.95088e-06,0.0079626,-0.0022644,0.405338,0.00841067,0.0841575,10.0902,10.006
438,0.00288925,-0.00389911,-2.06489e-06,-0.364605,1.01336,-0.54692,-0.00225954,0.00799826,3.64102e-07,0.00803491,-0.0022962,0.476735,0.00847123,0.0847635,10.0908,10.006
439,0.00288925,-0.00389911,-2.06489e-06,-0.362725,1.01297,-0.543162,-0.00224568,0.00799104,5.20962e-05,0.00803227,-0.00228691,0.498167,0.00845909,0.084642,10.0907,10.006
440,0.00288925,-0.00389911,-2.06489e-06,-0.365696,1.01797,-0.547505,-0.00224493,0.00802079,0.000116013,0.00805806,-0.0022822,0.626909,0.00851981,0.0852496,10.0913,10.006
441,0.00288925,-0.00389911,-2.06489e-06,-0.364529,1.01943,-0.54255,-0.00227956,0.00805711,1.95453e-05,0.00809561,-0.00231805,0.369641,0.00851353,0.0851868,10.0912,10.006
442,0.00288925,-0.00389911,-2.06489e-06,-0.365911,1.02457,-0.546404,-0.00221211,0.00807109,5.50796e-05,0.00811073,-0.00225174,0.476425,0.0085781,0.0858329,10.0919,10.006
443,0.00288925,-0.00389911,-2.06489e-06,-0.365121,1.02515,-0.546219,-0.00219888,0.00809358,5.84221e-05,0.00813299,-0.0022383,0.583535,0.00848339,0.0848851,10.0909,10.006
444,0.00288925,-0.00389911,-2.06489e-06,-0.36815,1.02958,-0.545901,-0.00223341,0.00812515,6.35295e-05,0.00816046,-0.00226872,0.543841,0.00863906,0.0864428,10.0925,10.006
445,0.00288925,-0.00389911,-2.06489e-06,-0.368511,1.03087,-0.54805,-0.00223505,0.00817855,0.00010094,0.00821305,-0.00226955,0.548706,0.00867175,0.0867699,10.0928,10.006
446,0.00288925,-0.00389911,-2.06489e-06,-0.367211,1.0337,-0.54575,-0.00222565,0.00816844,7.18098e-05,0.00820582,-0.00226302,0.576033,0.00865934,0.0866457,10.0927,10.006
447,0.00288925,-0.00389911,-2.06489e-06,-0.367463,1.03596,-0.546145,-0.00228514,0.00818547,4.03806e-05,0.00822143,-0.00232111,0.575812,0.00869952,0.0870478,10.0931,10.006
448,0.00288925,-0.00389911,-2.06489e-06,-0.368019,1.03934,-0.548455,-0.00230411,0.00825172,3.82517e-05,0.00828807,-0.00234045,0.551668,0.00873398,0.0873926,10.0934,10.006
449,0.00288925,-0.00389911,-2.06489e-06,-0.368497,1.04357,-0.547117,-0.00227523,0.00826354,7.11389e-05,0.00830056,-0.00231225,0.538277,0.00876933,0.0877463,10.0938,10.006
450,0.00288925,-0.00389911,-2.06489e-06,-0.368635,1.04449,-0.546231,-0.00230119,0.00829732,1.72881e-05,0.00833723,-0.00234111,0.416895,0.00880652,0.0881185,10.0942,10.006
451,0.00288925,-0.00389911,-2.06489e-06,-0.370396,1.04984,-0.546326,-0.00233847,0.00831081,1.40269e-05,0.00834716,-0.00237482,0.457752,0.00883024,0.0883557,10.0944,10.006
452,0.00288925,-0.00389911,-2.06489e-06,-0.370255,1.04969,-0.546698,-0.00231208,0.0083477,2.90282e-05,0.00838539,-0.00234976,0.467072,0.0088598,0.0886515,10.0947,10.006
453,0.00288925,-0.00389911,-2.06489e-06,-0.369587,1.05382,-0.548778,-0.00228679,0.00838397,5.06265e-05,0.00842193,-0.00232475,0.474394,0.00890081,0.0890619,10.0951,10.006
454,0.00288925,-0.00389911,-2.06489e-06,-0.369977,1.05736,-0.546086,-0.0023156,0.00839929,4.30684e-05,0.00843863,-0.00235494,0.478501,0.00891017,0.0891556,10.0952,10.006
455,0.00288925,-0.00389911,-2.06489e-06,-0.370728,1.05976,-0.549256,-0.00235071,0.00840977,6.57435e-05,0.00844733,-0.00238826,0.495762,0.0089218,0.0892719,10.0953,10.006
456,0.00288925,-0.00389911,-2.06489e-06,-0.370412,1.06013,-0.552413,-0.00234854,0.0084584,4.53121e-05,0.00849828,-0.00238842,0.497119,0.00897211,0.0897753,10.0958,10.006
457,0.00288925,-0.00389911,-2.06489e-06,-0.371057,1.0653,-0.550155,-0.00235517,0.00847962,3.39046e-05,0.00851897,-0.00239452,0.488978,0.0089798,0.0898523,10.0959,10.006
458,0.00288925,-0.00389911,-2.06489e-06,-0.371592,1.07091,-0.555377,-0.00232989,0.00850351,6.69575e-05,0.00854346,-0.00236985,0.548715,0.00901453,0.0901998,10.0962,10.006
459,0.00288925,-0.00389911,-2.06489e-06,-0.370588,1.0702,-0.549548,-0.00236208,0.00853903,3.72735e-05,0.00857656,-0.00239961,0.529268,0.00905492,0.090604,10.0966,10.006
460,0.00288925,-0.00389911,-2.06489e-06,-0.371067,1.07503,-0.551943,-0.00238689,0.00854099,6.15297e-05,0.00857841,-0.00242432,0.546421,0.0090963,0.091018,10.0971,10.006
461,0.00288925,-0.00389911,-2.06489e-06,-0.37103,1.07808,-0.552128,-0.002376,0.00859283,0.000105207,0.0086269,-0.00241007,0.568611,0.00913541,0.0914093,10.0975,10.006
462,0.00288925,-0.00389911,-2.06489e-06,-0.370829,1.08056,-0.552058,-0.00239098,0.00861738,4.00239e-05,0.00865724,-0.00243084,0.50961,0.00913378,0.091393,10.0974,10.006
463,0.00288925,-0.00389911,-2.06489e-06,-0.371489,1.08827,-0.550629,-0.00240366,0.0086677,7.18523e-06,0.00870759,-0.00244354,0.464363,0.00918426,0.0918981,10.0979,10.006
464,0.00288925,-0.00389911,-2.06489e-06,-0.371967,1.08766,-0.551319,-0.00237643,0.00869629,6.49741e-05,0.0087344,-0.00241454,0.518461,0.0092323,0.0923788,10.0984,10.006
465,0.00288925,-0.00389911,-2.06489e-06,-0.371136,1.08958,-0.552251,-0.00240715,0.00870574,8.09121e-05,0.00874468,-0.00244609,0.488925,0.00926957,0.0927517,10.0988,10.006
466,0.00288925,-0.00389911,-2.06489e-06,-0.370936,1.09286,-0.552791,-0.00240365,0.00873955,3.22572e-05,0.00877582,-0.00243991,0.474783,0.00928882,0.0929443,10.099,10.006
467,0.00288925,-0.00389911,-2.06489e-06,-0.371614,1.09623,-0.55257,-0.00244985,0.00876666,4.95769e-05,0.00880842,-0.00249161,0.453704,0.00932267,0.093283,10.0993,10.006
468,0.00288925,-0.00389911,-2.06489e-06,-0.372822,1.0994,-0.548741,-0.00242504,0.00880181,7.73742e-05,0.00883826,-0.00246148,0.492914,0.00936535,0.0937101,10.0998,10.006
469,0.00288925,-0.00389911,-2.06489e-06,-0.372525,1.10261,-0.549357,-0.00247046,0.00879883,0.000117023,0.00883786,-0.00250949,0.629746,0.00939098,0.0939665,10.1,10.006
470,0.00288925,-0.00389911,-2.06489e-06,-0.371479,1.10423,-0.549738,-0.00247336,0.00886329,7.09453e-05,0.0089024,-0.00251247,0.560826,0.00940529,0.0941098,10.1002,10.006
471,0.00288925,-0.00389911,-2.06489e-06,-0.371834,1.1065,-0.54976,-0.00247639,0.00889264,8.16078e-05,0.0089334,-0.00251715,0.550212,0.00947299,0.0947872,10.1008,10.006
472,0.00288925,-0.00389911,-2.06489e-06,-0.373441,1.1093,-0.551286,-0.00246217,0.00891973,9.88856e-05,0.00895992,-0.00250236,0.62355,0.00948044,0.0948617,10.1009,10.006
473,0.00288925,-0.00389911,-2.06489e-06,-0.373152,1.11339,-0.552231,-0.00246479,0.00896404,9.49199e-05,0.00900329,-0.00250405,0.549555,0.00951594,0.0952169,10.1013,10.006
474,0.00288925,-0.00389911,-2.06489e-06,-0.371259,1.11546,-0.552717,-0.00248186,0.00901511,7.50658e-05,0.00905665,-0.0025234,0.560717,0.00960482,0.0961062,10.1022,10.006
475,0.00288925,-0.00389911,-2.06489e-06,-0.372627,1.11891,-0.551917,-0.00253439,0.00901875,0.00010292,0.00905668,-0.00257233,0.529382,0.00961884,0.0962466,10.1023,10.006
476,0.00288925,-0.00389911,-2.06489e-06,-0.374057,1.12011,-0.552287,-0.00254022,0.0090351,8.23461e-05,0.00907448,-0.0025796,0.570258,0.00962636,0.0963218,10.1024,10.006
477,0.00288925,-0.00389911,-2.06489e-06,-0.371656,1.12494,-0.551303,-0.00247394,0.00908799,4.65694e-05,0.00913186,-0.0025178,0.444698,0.00967779,0.0968364,10.1029,10.006
478,0.00288925,-0.00389911,-2.06489e-06,-0.37495,1.12674,-0.552382,-0.00252768,0.00909456,5.98731e-05,0.00913679,-0.00256991,0.443879,0.00970627,0.0971213,10.1032,10.006
479,0.00288925,-0.00389911,-2.06489e-06,-0.372953,1.12962,-0.556774,-0.00250156,0.00915297,4.27363e-05,0.00919597,-0.00254456,0.481108,0.00977405,0.0977996,10.1038,10.006
480,0.00288925,-0.00389911,-2.06489e-06,-0.373059,1.13454,-0.55215,-0.00255101,0.00915165,9.62406e-05,0.00919328,-0.00259265,0.515244,0.00975417,0.0976006,10.1036,10.006
481,0.00288925,-0.00389911,-2.06489e-06,-0.373639,1.13497,-0.551882,-0.00253417,0.00922285,6.48116e-05,0.00926314,-0.00257445,0.416561,0.00983529,0.0984124,10.1045,10.006
482,0.00288925,-0.00389911,-2.06489e-06,-0.373218,1.13781,-0.551286,-0.00253405,0.00921881,0.000133354,0.00925909,-0.00257432,0.629487,0.00984531,0.0985126,10.1046,10.006
483,0.00288925,-0.00389911,-2.06489e-06,-0.374501,1.14109,-0.551819,-0.00262684,0.00928474,0.000114775,0.0093226,-0.00266469,0.605291,0.0099155,0.0992149,10.1053,10.006
484,0.00288925,-0.00389911,-2.06489e-06,-0.372749,1.14295,-0.550598,-0.00258022,0.00930745,7.66282e-05,0.00935002,-0.00262278,0.556977,0.0099514,0.0995742,10.1056,10.006
485,0.00288925,-0.00389911,-2.06489e-06,-0.372633,1.14419,-0.552583,-0.00261292,0.00933685,0.00014353,0.00937978,-0.00265585,0.608787,0.00996641,0.0997243,10.1058,10.006
486,0.00288925,-0.00389911,-2.06489e-06,-0.374899,1.14823,-0.555323,-0.00254493,0.0093895,9.23085e-05,0.00943295,-0.00258838,0.637533,0.0100549,0.10061,10.1067,10.006
487,0.00288925,-0.00389911,-2.06489e-06,-0.373006,1.15156,-0.553304,-0.00260525,0.00941483,7.98078e-05,0.00945804,-0.00264846,0.514233,0.0100601,0.100661,10.1067,10.006
488,0.00288925,-0.00389911,-2.06489e-06,-0.373124,1.15322,-0.552147,-0.00262145,0.00945969,0.000130975,0.00950319,-0.00266495,0.599054,0.0101202,0.101264,10.1073,10.006
489,0.00288925,-0.00389911,-2.06489e-06,-0.373446,1.15639,-0.551728,-0.00261162,0.00947105,5.48124e-05,0.00951347,-0.00265404,0.535428,0.0101579,0.10164,10.1077,10.006
490,0.00288925,-0.00389911,-2.06489e-06,-0.372365,1.15969,-0.549746,-0.00264865,0.00952479,0.00011556,0.00956452,-0.00268838,0.563005,0.0101736,0.101797,10.1078,10.006
491,0.00288925,-0.00389911,-2.06489e-06,-0.374227,1.16238,-0.551362,-0.00266883,0.00953175,8.1016e-05,0.00957199,-0.00270907,0.48548,0.0102223,0.102284,10.1083,10.006
492,0.00288925,-0.00389911,-2.06489e-06,-0.374101,1.16486,-0.552103,-0.00265875,0.00956312,0.000109322,0.00960249,-0.00269812,0.540967,0.0102663,0.102725,10.1088,10.006
493,0.00288925,-0.00389911,-2.06489e-06,-0.373117,1.16807,-0.551451,-0.00266445,0.0095787,0.000153708,0.00961977,-0.00270552,0.584412,0.0103171,0.103233,10.1093,10.006
494,0.00288925,-0.00389911,-2.06489e-06,-0.372572,1.16905,-0.551687,-0.00270858,0.00962859,6.52343e-05,0.00967046,-0.00275045,0.490462,0.0103412,0.103475,10.1095,10.006
495,0.00288925,-0.00389911,-2.06489e-06,-0.371816,1.17493,-0.548392,-0.00269988,0.00967712,0.000132256,0.00972084,-0.0027436,0.605348,0.0104053,0.104116,10.1102,10.006
496,0.00288925,-0.00389911,-2.06489e-06,-0.3728,1.1778,-0.54921,-0.00268394,0.00970585,8.69021e-05,0.00974934,-0.00272743,0.548644,0.0104327,0.10439,10.1104,10.006
497,0.00288925,-0.00389911,-2.06489e-06,-0.371764,1.17949,-0.547884,-0.00269338,0.00974647,0.000131375,0.00978949,-0.00273639,0.633832,0.0104985,0.105049,10.1111,10.006
498,0.00288925,-0.00389911,-2.06489e-06,-0.372479,1.18176,-0.551222,-0.00274136,0.00978053,0.000115549,0.00982552,-0.00278635,0.618449,0.0105396,0.10546,10.1115,10.006
499,0.00288925,-0.00389911,-2.06489e-06,-0.372679,1.18489,-0.556023,-0.0026664,0.00983322,0.000148618,0.00987864,-0.00271182,0.574563,0.0106049,0.106113,10.1122,10.006
500,0.00288925,-0.00389911,-2.06489e-06,-0.371376,1.18866,-0.548635,-0.00277429,0.00985404,0.000123745,0.00989483,-0.00281508,0.575268,0.0106407,0.106471,10.1125,10.006
501,0.00288925,-0.00389911,-2.06489e-06,-0.371822,1.1895,-0.554641,-0.00277662,0.00991265,0.000105746,0.00995646,-0.00282044,0.55013,0.010716,0.107224,10.1133,10.006
502,0.00288925,-0.00389911,-2.06489e-06,-0.372716,1.19461,-0.554239,-0.0027634,0.00994217,0.0001169,0.00998787,-0.0028091,0.563975,0.0107509,0.107574,10.1136,10.006
503,0.00288925,-0.00389911,-2.06489e-06,-0.372331,1.19575,-0.552127,-0.00280411,0.00999045,8.43571e-05,0.0100354,-0.0028491,0.508358,0.0108117,0.108183,10.1142,10.006
504,0.00288925,-0.00389911,-2.06489e-06,-0.371683,1.20029,-0.557519,-0.00282738,0.0100369,0.000109304,0.0100801,-0.00287057,0.55593,0.0108488,0.108553,10.1146,10.006
505,0.00288925,-0.00389911,-2.06489e-06,-0.369803,1.20044,-0.559361,-0.0028079,0.0100658,0.000130106,0.0101107,-0.00285282,0.56113,0.0108798,0.108864,10.1149,10.006
506,0.00288925,-0.00389911,-2.06489e-06,-0.373583,1.20711,-0.557766,-0.00284598,0.010066,6.61281e-05,0.0101086,-0.00288855,0.470731,0.0109166,0.109232,10.1153,10.006
507,0.00288925,-0.00389911,-2.06489e-06,-0.371465,1.20797,-0.557257,-0.00284545,0.0101335,0.000111145,0.0101772,-0.00288917,0.521792,0.0110038,0.110104,10.1161,10.006
508,0.00288925,-0.00389911,-2.06489e-06,-0.371588,1.2101,-0.55777,-0.00284235,0.0101791,0.000173865,0.0102234,-0.00288668,0.635239,0.0110519,0.110585,10.1166,10.006
509,0.00288925,-0.00389911,-2.06489e-06,-0.373232,1.21387,-0.555588,-0.00286506,0.0102537,0.00014627,0.0102972,-0.0029085,0.607455,0.0111185,0.111252,10.1173,10.006
510,0.00288925,-0.00389911,-2.06489e-06,-0.374144,1.2204,-0.552587,-0.00288869,0.0102708,0.000157217,0.0103163,-0.00293417,0.649657,0.0111627,0.111695,10.1177,10.006
511,0.00288925,-0.00389911,-2.06489e-06,-0.375988,1.22074,-0.55375,-0.0028682,0.0103165,0.000116744,0.0103629,-0.00291465,0.554346,0.0112298,0.112366,10.1184,10.006
512,0.00288925,-0.00389911,-2.06489e-06,-0.37655,1.22776,-0.555913,-0.00293391,0.0103041,0.000156362,0.0103502,-0.00298004,0.645639,0.0112366,0.112434,10.1185,10.006
513,0.00288925,-0.00389911,-2.06489e-06,-0.377139,1.23049,-0.55378,-0.00291666,0.0103613,0.000153766,0.010408,-0.00296329,0.625938,0.0112709,0.112778,10.1188,10.006
514,0.00288925,-0.00389911,-2.06489e-06,-0.376741,1.23178,-0.55515,-0.0029036,0.0104331,0.000101961,0.0104766,-0.00294709,0.548579,0.0113662,0.11373,10.1198,10.006
515,0.00288925,-0.00389911,-2.06489e-06,-0.377429,1.23692,-0.558854,-0.00294007,0.0104347,0.000127255,0.0104801,-0.00298544,0.522932,0.0114056,0.114125,10.1202,10.006
516,0.00288925,-0.00389911,-2.06489e-06,-0.377579,1.23905,-0.557711,-0.00294844,0.0104872,0.000128239,0.0105315,-0.00299273,0.561917,0.0114243,0.114313,10.1204,10.006
517,0.00288925,-0.00389911,-2.06489e-06,-0.375857,1.2435,-0.555865,-0.00295758,0.010538,0.000148313,0.0105823,-0.00300183,0.560941,0.0115105,0.115174,10.1212,10.006
518,0.00288925,-0.00389911,-2.06489e-06,-0.37705,1.2445,-0.554447,-0.00299215,0.0105766,0.00018028,0.0106219,-0.00303748,0.659142,0.0115418,0.115487,10.1215,10.006
519,0.00288925,-0.00389911,-2.06489e-06,-0.379146,1.24986,-0.555066,-0.00302051,0.0106395,0.000187935,0.0106859,-0.00306691,0.697444,0.0116126,0.116196,10.1222,10.006
520,0.00288925,-0.00389911,-2.06489e-06,-0.37914,1.25218,-0.554897,-0.00300474,0.0106654,0.000193356,0.0107088,-0.00304817,0.646574,0.0117016,0.117087,10.1231,10.006
521,0.00288925,-0.00389911,-2.06489e-06,-0.378347,1.25298,-0.557703,-0.00307218,0.010725,0.000193731,0.0107701,-0.00311725,0.693386,0.0117721,0.117793,10.1238,10.006
522,0.00288925,-0.00389911,-2.06489e-06,-0.377931,1.25845,-0.557873,-0.00308448,0.0107754,0.000187991,0.0108205,-0.00312961,0.649193,0.0118122,0.118193,10.1242,10.006
523,0.00288925,-0.00389911,-2.06489e-06,-0.376808,1.25947,-0.556495,-0.0030978,0.010821,0.000190478,0.0108669,-0.00314372,0.667486,0.0118891,0.118962,10.125,10.006
524,0.00288925,-0.00389911,-2.06489e-06,-0.378198,1.26438,-0.554386,-0.00313161,0.0108682,0.000192168,0.0109131,-0.00317646,0.634958,0.0119471,0.119543,10.1256,10.006
525,0.00288925,-0.00389911,-2.06489e-06,-0.376485,1.26588,-0.552918,-0.00311467,0.0109344,0.000189623,0.0109784,-0.00315871,0.658939,0.0120384,0.120457,10.1265,10.006
526,0.00288925,-0.00389911,-2.06489e-06,-0.378319,1.26808,-0.557915,-0.00311658,0.0109896,0.000161249,0.0110357,-0.00316267,0.646327,0.0121063,0.121137,10.1272,10.006
527,0.00288925,-0.00389911,-2.06489e-06,-0.377746,1.26949,-0.55734,-0.00313625,0.0110535,0.000175813,0.0111014,-0.00318418,0.597102,0.0121896,0.12197,10.128,10.006
528,0.00288925,-0.00389911,-2.06489e-06,-0.377265,1.27372,-0.560195,-0.00322038,0.0110726,0.000136807,0.0111214,-0.00326916,0.602615,0.0122351,0.122425,10.1285,10.006
529,0.00288925,-0.00389911,-2.06489e-06,-0.377999,1.27603,-0.551382,-0.00317682,0.0111624,0.000240096,0.0112079,-0.00322224,0.652241,0.0123635,0.12371,10.1298,10.006
530,0.00288925,-0.00389911,-2.06489e-06,-0.378802,1.28311,-0.551785,-0.00329918,0.0111837,0.000166656,0.0112279,-0.0033434,0.607779,0.012449,0.124565,10.1306,10.006
531,0.00288925,-0.00389911,-2.06489e-06,-0.376624,1.28278,-0.555239,-0.00324372,0.0112453,0.000183588,0.0112928,-0.00329127,0.643957,0.0125092,0.125167,10.1312,10.006
532,0.00288925,-0.00389911,-2.06489e-06,-0.377623,1.28602,-0.556975,-0.00325012,0.0113618,0.000184857,0.0114077,-0.00329597,0.623741,0.0126476,0.126553,10.1326,10.006
533,0.00288925,-0.00389911,-2.06489e-06,-0.376311,1.28877,-0.554338,-0.00326425,0.0113966,0.000274841,0.0114436,-0.00331126,0.699741,0.0127369,0.127446,10.1335,10.006
534,0.00288925,-0.00389911,-2.06489e-06,-0.376441,1.29114,-0.554068,-0.00331671,0.0114455,0.000180759,0.0114895,-0.00336075,0.650489,0.0128174,0.128252,10.1343,10.006
535,0.00288925,-0.00389911,-2.06489e-06,-0.376596,1.2961,-0.556909,-0.00333789,0.0115391,0.000250142,0.0115821,-0.00338094,0.706701,0.0129413,0.129491,10.1355,10.006
536,0.00288925,-0.00389911,-2.06489e-06,-0.377132,1.29536,-0.560631,-0.00340459,0.0116167,0.000231777,0.0116604,-0.00344829,0.65824,0.0130336,0.130414,10.1365,10.006
537,0.00288925,-0.00389911,-2.06489e-06,-0.377063,1.2997,-0.560871,-0.00340229,0.0116949,0.000188123,0.0117407,-0.00344805,0.696878,0.0131693,0.131773,10.1378,10.006
538,0.00288925,-0.00389911,-2.06489e-06,-0.376447,1.30149,-0.55896,-0.00343211,0.0117589,0.000214071,0.0118066,-0.0034798,0.659594,0.0132409,0.132489,10.1385,10.006
539,0.00288925,-0.00389911,-2.06489e-06,-0.377676,1.3058,-0.560064,-0.00345637,0.0118325,0.000234641,0.0118773,-0.00350123,0.665279,0.0133942,0.134023,10.1401,10.006
540,0.00288925,-0.00389911,-2.06489e-06,-0.37767,1.30758,-0.560574,-0.00349952,0.0119107,0.000223076,0.0119561,-0.00354491,0.686222,0.0134933,0.135015,10.1411,10.006
541,0.00288925,-0.00389911,-2.06489e-06,-0.376908,1.31112,-0.56288,-0.00349012,0.0119939,0.000222463,0.0120393,-0.00353551,0.669943,0.0136204,0.136287,10.1423,10.006
542,0.00288925,-0.00389911,-2.06489e-06,-0.377587,1.31408,-0.564588,-0.00351388,0.0120703,0.00024455,0.0121192,-0.00356283,0.65893,0.013733,0.137413,10.1435,10.006
543,0.00288925,-0.00389911,-2.06489e-06,-0.375986,1.31716,-0.565063,-0.0035767,0.0121528,0.000231953,0.0121974,-0.00362124,0.679751,0.0138585,0.138669,10.1447,10.006
544,0.00288925,-0.00389911,-2.06489e-06,-0.376615,1.32048,-0.563488,-0.00358654,0.0122256,0.000240155,0.0122721,-0.00363297,0.693795,0.0139901,0.139986,10.146,10.006
545,0.00288925,-0.00389911,-2.06489e-06,-0.374663,1.32191,-0.565221,-0.00365817,0.012335,0.000236048,0.012379,-0.00370224,0.649333,0.0141246,0.141331,10.1474,10.006
546,0.00288925,-0.00389911,-2.06489e-06,-0.373816,1.32417,-0.562925,-0.00366747,0.0124235,0.000263183,0.0124684,-0.00371231,0.690991,0.0142628,0.142714,10.1488,10.006
547,0.00288925,-0.00389911,-2.06489e-06,-0.372781,1.32899,-0.562579,-0.00367693,0.0125041,0.00023212,0.0125503,-0.00372315,0.696659,0.0143907,0.143994,10.15,10.006
548,0.00288925,-0.00389911,-2.06489e-06,-0.375154,1.33081,-0.565637,-0.00373187,0.0126059,0.000270065,0.0126533,-0.0037793,0.711749,0.0145143,0.145231,10.1513,10.006
549,0.00288925,-0.00389911,-2.06489e-06,-0.374371,1.33522,-0.561287,-0.00380852,0.0126727,0.00023647,0.0127198,-0.00385569,0.676335,0.0146729,0.146817,10.1529,10.006
550,0.00288925,-0.00389911,-2.06489e-06,-0.374629,1.33724,-0.564551,-0.00385619,0.0127797,0.000269711,0.0128231,-0.00389952,0.657112,0.0148491,0.148581,10.1546,10.006
551,0.00288925,-0.00389911,-2.06489e-06,-0.374106,1.34053,-0.563496,-0.00385779,0.0128773,0.00025479,0.0129254,-0.00390584,0.690465,0.0149943,0.150034,10.1561,10.006
552,0.00288925,-0.00389911,-2.06489e-06,-0.375548,1.34401,-0.563707,-0.00388832,0.0129701,0.000255953,0.0130175,-0.00393577,0.692072,0.0151522,0.151613,10.1577,10.006
553,0.00288925,-0.00389911,-2.06489e-06,-0.374801,1.34418,-0.563947,-0.00394143,0.0130736,0.000261737,0.0131195,-0.00398732,0.68392,0.0153194,0.153287,10.1593,10.006
554,0.00288925,-0.00389911,-2.06489e-06,-0.375553,1.35126,-0.564394,-0.00399846,0.0132099,0.000285143,0.0132565,-0.00404501,0.674877,0.0154954,0.155048,10.1611,10.006
555,0.00288925,-0.00389911,-2.06489e-06,-0.375586,1.35275,-0.564931,-0.00403308,0.0133147,0.000297472,0.0133613,-0.0040797,0.727525,0.0156897,0.156991,10.163,10.006
556,0.00288925,-0.00389911,-2.06489e-06,-0.374245,1.35683,-0.563534,-0.00412028,0.0134245,0.0003173,0.0134718,-0.00416754,0.725304,0.0158565,0.158661,10.1647,10.006
557,0.00288925,-0.00389911,-2.06489e-06,-0.375491,1.35852,-0.562672,-0.00409443,0.0135476,0.000311171,0.0135954,-0.0041422,0.742045,0.016043,0.160527,10.1666,10.006
558,0.00288925,-0.00389911,-2.06489e-06,-0.375952,1.36425,-0.563775,-0.00419513,0.0136563,0.000305208,0.0137037,-0.00424248,0.722265,0.0162459,0.162557,10.1686,10.006
559,0.00288925,-0.00389911,-2.06489e-06,-0.373833,1.36329,-0.563148,-0.00421511,0.013774,0.000305406,0.0138203,-0.00426142,0.730195,0.0164277,0.164377,10.1704,10.006
560,0.00288925,-0.00389911,-2.06489e-06,-0.373125,1.36719,-0.565023,-0.00425343,0.0139052,0.00029522,0.0139537,-0.00430192,0.67611,0.0166611,0.166711,10.1728,10.006
561,0.00288925,-0.00389911,-2.06489e-06,-0.372408,1.37064,-0.565435,-0.00436133,0.0140209,0.000319791,0.0140676,-0.00440801,0.722316,0.0168205,0.168307,10.1744,10.006
562,0.00288925,-0.00389911,-2.06489e-06,-0.374636,1.37366,-0.565159,-0.0043995,0.0141363,0.00035554,0.0141838,-0.004447,0.733382,0.0170565,0.170668,10.1767,10.006
563,0.00288925,-0.00389911,-2.06489e-06,-0.374318,1.37654,-0.56495,-0.00447634,0.0142666,0.000325205,0.0143133,-0.00452301,0.730335,0.0172592,0.172696,10.1787,10.006
564,0.00288925,-0.00389911,-2.06489e-06,-0.37403,1.38029,-0.564296,-0.00449442,0.0144508,0.000340958,0.0144979,-0.00454157,0.726104,0.0174737,0.174843,10.1809,10.006
565,0.00288925,-0.00389911,-2.06489e-06,-0.376051,1.38735,-0.565276,-0.00457643,0.014558,0.000332651,0.0146083,-0.00462673,0.716092,0.0176981,0.177088,10.1831,10.006
566,0.00288925,-0.00389911,-2.06489e-06,-0.373369,1.3869,-0.564145,-0.00460392,0.0146845,0.000337747,0.0147358,-0.00465529,0.716259,0.0179244,0.179352,10.1854,10.006
567,0.00288925,-0.00389911,-2.06489e-06,-0.373387,1.39062,-0.566386,-0.00472486,0.0148337,0.000310841,0.0148853,-0.00477642,0.727555,0.018152,0.18163,10.1877,10.006
568,0.00288925,-0.00389911,-2.06489e-06,-0.372946,1.39211,-0.561768,-0.00470457,0.014973,0.000318396,0.0150242,-0.00475579,0.723236,0.0183957,0.184068,10.1901,10.006
569,0.00288925,-0.00389911,-2.06489e-06,-0.372372,1.39868,-0.560977,-0.004844,0.0150857,0.000381562,0.0151339,-0.00489214,0.693072,0.0186098,0.18621,10.1923,10.006
570,0.00288925,-0.00389911,-2.06489e-06,-0.372458,1.40012,-0.55901,-0.00488846,0.0152131,0.000371713,0.0152611,-0.00493648,0.724096,0.0188441,0.188555,10.1946,10.006
571,0.00288925,-0.00389911,-2.06489e-06,-0.374611,1.40722,-0.564943,-0.00494339,0.015382,0.000368688,0.0154305,-0.0049919,0.715922,0.019098,0.191096,10.1971,10.006
572,0.00288925,-0.00389911,-2.06489e-06,-0.37429,1.41039,-0.566123,-0.00500329,0.0155051,0.000389303,0.0155542,-0.00505238,0.707538,0.0193066,0.193183,10.1992,10.006
573,0.00288925,-0.00389911,-2.06489e-06,-0.374605,1.41342,-0.565292,-0.00503753,0.0156127,0.000377117,0.0156613,-0.00508614,0.71415,0.0194873,0.19499,10.201,10.006
574,0.00288925,-0.00389911,-2.06489e-06,-0.374726,1.41848,-0.564804,-0.00508182,0.0157219,0.000345383,0.0157695,-0.00512952,0.711331,0.0197336,0.197455,10.2035,10.006
575,0.00288925,-0.00389911,-2.06489e-06,-0.375338,1.4216,-0.565026,-0.00512933,0.0158572,0.000383685,0.0159083,-0.00518047,0.70601,0.0199191,0.199311,10.2054,10.006
576,0.00288925,-0.00389911,-2.06489e-06,-0.374497,1.42567,-0.567004,-0.00522156,0.0159836,0.000365732,0.0160293,-0.00526722,0.678202,0.0201328,0.20145,10.2075,10.006
577,0.00288925,-0.00389911,-2.06489e-06,-0.374247,1.43055,-0.565193,-0.00525028,0.0161126,0.00033819,0.016163,-0.00530065,0.689486,0.0203692,0.203815,10.2099,10.006
578,0.00288925,-0.00389911,-2.06489e-06,-0.375849,1.43524,-0.563794,-0.00533477,0.0162452,0.000397881,0.0162936,-0.00538317,0.714053,0.0205971,0.206095,10.2121,10.006
579,0.00288925,-0.00389911,-2.06489e-06,-0.373775,1.43805,-0.569912,-0.00537936,0.0164018,0.000377661,0.0164509,-0.00542849,0.717033,0.0208382,0.208508,10.2146,10.006
580,0.00288925,-0.00389911,-2.06489e-06,-0.376178,1.44069,-0.563327,-0.00544789,0.0165622,0.000414387,0.0166093,-0.00549503,0.713836,0.0210949,0.211076,10.2171,10.006
581,0.00288925,-0.00389911,-2.06489e-06,-0.375705,1.44704,-0.56422,-0.00546538,0.0166432,0.000393841,0.0166927,-0.00551484,0.698889,0.0212871,0.212999,10.219,10.006
582,0.00288925,-0.00389911,-2.06489e-06,-0.375237,1.44899,-0.564641,-0.00559382,0.0168244,0.000411686,0.016873,-0.00564232,0.716102,0.0215495,0.215626,10.2217,10.006
583,0.00288925,-0.00389911,-2.06489e-06,-0.375966,1.45311,-0.565898,-0.00567965,0.0169778,0.000471886,0.0170267,-0.00572852,0.741426,0.0218368,0.2185,10.2245,10.006
584,0.00288925,-0.00389911,-2.06489e-06,-0.375903,1.45805,-0.56543,-0.0057712,0.0171336,0.000423845,0.0171839,-0.00582154,0.694134,0.0220554,0.220687,10.2267,10.006
585,0.00288925,-0.00389911,-2.06489e-06,-0.374895,1.46076,-0.564401,-0.0058182,0.0172855,0.000406515,0.0173341,-0.00586684,0.690044,0.0223736,0.223871,10.2299,10.006
586,0.00288925,-0.00389911,-2.06489e-06,-0.374273,1.46625,-0.56638,-0.00586252,0.0174484,0.000451574,0.017501,-0.00591514,0.716286,0.0226885,0.227022,10.2331,10.006
587,0.00288925,-0.00389911,-2.06489e-06,-0.375739,1.46713,-0.566218,-0.00590539,0.017644,0.000413837,0.0176939,-0.00595537,0.688301,0.022987,0.230009,10.2361,10.006
588,0.00288925,-0.00389911,-2.06489e-06,-0.376037,1.47093,-0.567039,-0.00601169,0.0177987,0.000489696,0.0178514,-0.00606445,0.713024,0.0232592,0.232732,10.2388,10.006
589,0.00288925,-0.00389911,-2.06489e-06,-0.374955,1.47545,-0.567818,-0.00608068,0.0180147,0.000467021,0.018066,-0.00613203,0.72838,0.0235915,0.236058,10.2421,10.006
590,0.00288925,-0.00389911,-2.06489e-06,-0.37578,1.47769,-0.567957,-0.00620267,0.0181558,0.000436002,0.0182082,-0.00625506,0.697014,0.0239026,0.23917,10.2452,10.006
591,0.00288925,-0.00389911,-2.06489e-06,-0.377632,1.48148,-0.564165,-0.00626956,0.0183566,0.000441664,0.0184073,-0.00632029,0.694791,0.0242273,0.242419,10.2485,10.006
592,0.00288925,-0.00389911,-2.06489e-06,-0.37658,1.48629,-0.563022,-0.00638871,0.0185317,0.000515128,0.0185805,-0.00643754,0.759599,0.0245858,0.246007,10.2521,10.006
593,0.00288925,-0.00389911,-2.06489e-06,-0.375337,1.48663,-0.575779,-0.00644526,0.0187234,0.00054023,0.0187759,-0.00649774,0.742639,0.0248878,0.249029,10.2551,10.006
594,0.00288925,-0.00389911,-2.06489e-06,-0.376527,1.49409,-0.569085,-0.00656405,0.0189168,0.00044415,0.0189704,-0.00661758,0.660512,0.0252266,0.252418,10.2585,10.006
595,0.00288925,-0.00389911,-2.06489e-06,-0.375363,1.49285,-0.575414,-0.00664852,0.0191421,0.000435794,0.0191958,-0.0067022,0.683396,0.0256261,0.256416,10.2625,10.006
596,0.00288925,-0.00389911,-2.06489e-06,-0.376869,1.49807,-0.570948,-0.00677795,0.0193768,0.000483461,0.019431,-0.00683216,0.692356,0.0260158,0.260315,10.2664,10.006
597,0.00288925,-0.00389911,-2.06489e-06,-0.376973,1.50223,-0.566363,-0.00688387,0.0196036,0.000485363,0.0196539,-0.00693427,0.679989,0.0264065,0.264224,10.2703,10.006
598,0.00288925,-0.00389911,-2.06489e-06,-0.377587,1.50672,-0.564276,-0.00695603,0.0197934,0.000427801,0.0198455,-0.00700806,0.663771,0.0267652,0.267814,10.2739,10.006
599,0.00288925,-0.00389911,-2.06489e-06,-0.37639,1.51062,-0.566871,-0.00702632,0.0200536,0.000520018,0.0201046,-0.00707723,0.736049,0.0271879,0.272043,10.2781,10.006
600,0.00288925,-0.00389911,-2.06489e-06,-0.375999,1.51176,-0.566865,-0.00715352,0.0202756,0.000461924,0.0203271,-0.00720506,0.670913,0.0276022,0.276188,10.2822,10.006
601,0.00288925,-0.00389911,-2.06489e-06,-0.377688,1.51679,-0.568924,-0.00722215,0.0204928,0.000552124,0.0205451,-0.00727439,0.744272,0.0280347,0.280517,10.2866,10.006
602,0.00288925,-0.00389911,-2.06489e-06,-0.376522,1.51838,-0.565871,-0.00742142,0.0207145,0.000466453,0.0207668,-0.00747376,0.671066,0.0284335,0.284507,10.2906,10.006
603,0.00288925,-0.00389911,-2.06489e-06,-0.377934,1.52302,-0.568511,-0.00746891,0.0209651,0.000581528,0.0210181,-0.00752196,0.697599,0.0288492,0.288666,10.2947,10.006
604,0.00288925,-0.00389911,-2.06489e-06,-0.375575,1.52403,-0.570263,-0.00761653,0.0212212,0.000536455,0.021273,-0.00766838,0.682198,0.029302,0.293197,10.2992,10.006
605,0.00288925,-0.00389911,-2.06489e-06,-0.375217,1.52759,-0.569822,-0.00774568,0.0214289,0.000508893,0.0214833,-0.0078001,0.679052,0.0297266,0.297446,10.3035,10.006
606,0.00288925,-0.00389911,-2.06489e-06,-0.37548,1.53425,-0.572156,-0.00778724,0.0217152,0.000539134,0.0217667,-0.00783869,0.71871,0.0302295,0.302478,10.3085,10.006
607,0.00288925,-0.00389911,-2.06489e-06,-0.374969,1.53584,-0.577176,-0.00791743,0.0219474,0.000473207,0.0220007,-0.0079707,0.663629,0.030654,0.306725,10.3128,10.006
608,0.00288925,-0.00389911,-2.06489e-06,-0.37663,1.5385,-0.576395,-0.00804767,0.0222312,0.000535366,0.0222838,-0.00810029,0.690968,0.0311303,0.311491,10.3175,10.006
609,0.00288925,-0.00389911,-2.06489e-06,-0.377317,1.5429,-0.572694,-0.00818984,0.0224746,0.000549372,0.0225275,-0.0082427,0.68291,0.0315619,0.31581,10.3219,10.006
610,0.00288925,-0.00389911,-2.06489e-06,-0.376285,1.54704,-0.561536,-0.00834608,0.0227222,0.000602082,0.0227748,-0.00839861,0.698165,0.0320569,0.320763,10.3268,10.006
611,0.00288925,-0.00389911,-2.06489e-06,-0.379001,1.54626,-0.582951,-0.00844109,0.0230146,0.000546293,0.0230679,-0.00849444,0.673488,0.0325507,0.325703,10.3317,10.006
612,0.00288925,-0.00389911,-2.06489e-06,-0.376974,1.55501,-0.575285,-0.00853327,0.0232389,0.000583153,0.0232928,-0.00858724,0.696412,0.033005,0.33025,10.3363,10.006
613,0.00288925,-0.00389911,-2.06489e-06,-0.375038,1.55232,-0.579927,-0.00863146,0.0234454,0.000607405,0.0234997,-0.00868574,0.695636,0.0334376,0.334578,10.3406,10.006
614,0.00288925,-0.00389911,-2.06489e-06,-0.375515,1.57667,-0.570314,-0.00959643,0.0254029,0.000610033,0.0254586,-0.00965213,0.649051,0.0369877,0.3701,10.3761,10.006
615,0.00288925,-0.00389911,-2.06489e-06,-0.374991,1.58174,-0.572591,-0.00964797,0.02569,0.000609392,0.025747,-0.00970495,0.638943,0.0374901,0.375128,10.3812,10.006
616,0.00288925,-0.00389911,-2.06489e-06,-0.374892,1.58657,-0.572227,-0.00980793,0.0259528,0.000636713,0.0260095,-0.00986459,0.665031,0.0379948,0.380177,10.3862,10.006
617,0.00288925,-0.00389911,-2.06489e-06,-0.377397,1.58767,-0.573541,-0.00993341,0.0262365,0.000636384,0.026292,-0.00998887,0.657094,0.038496,0.385193,10.3912,10.006
618,0.00288925,-0.00389911,-2.06489e-06,-0.374322,1.59351,-0.57293,-0.0100758,0.0265095,0.000657601,0.0265646,-0.0101309,0.67273,0.0390315,0.390551,10.3966,10.006
619,0.00288925,-0.00389911,-2.06489e-06,-0.37666,1.59499,-0.575697,-0.01016,0.0268069,0.000638759,0.0268602,-0.0102133,0.656919,0.0395565,0.395804,10.4018,10.006
620,0.00288925,-0.00389911,-2.06489e-06,-0.376119,1.59976,-0.574758,-0.0102948,0.0271028,0.000619023,0.0271581,-0.0103501,0.629139,0.0400577,0.400819,10.4069,10.006
621,0.00288925,-0.00389911,-2.06489e-06,-0.374639,1.60299,-0.571438,-0.0104638,0.0273549,0.000639791,0.0274115,-0.0105205,0.653553,0.0405871,0.406116,10.4122,10.006
622,0.00288925,-0.00389911,-2.06489e-06,-0.375585,1.60487,-0.571351,-0.0105341,0.0276373,0.000641342,0.0276917,-0.0105885,0.636874,0.0411036,0.411285,10.4173,10.006
623,0.00288925,-0.00389911,-2.06489e-06,-0.376104,1.60805,-0.575981,-0.0106664,0.0279277,0.000701995,0.027984,-0.0107227,0.652746,0.0416687,0.416939,10.423,10.006
624,0.00288925,-0.00389911,-2.06489e-06,-0.376239,1.61146,-0.577373,-0.0108608,0.0282062,0.000707654,0.0282593,-0.0109139,0.648133,0.0421769,0.422024,10.4281,10.006
625,0.00288925,-0.00389911,-2.06489e-06,-0.375431,1.61549,-0.574295,-0.0109564,0.0285122,0.000644648,0.0285647,-0.0110089,0.618914,0.042745,0.427708,10.4338,10.006
626,0.00288925,-0.00389911,-2.06489e-06,-0.37552,1.61737,-0.57696,-0.0111017,0.0287835,0.000639378,0.0288379,-0.0111561,0.597152,0.0432437,0.432698,10.4387,10.006
627,0.00288925,-0.00389911,-2.06489e-06,-0.373853,1.62118,-0.575361,-0.0112147,0.0290865,0.000654077,0.0291432,-0.0112714,0.653675,0.0437804,0.438069,10.4441,10.006
628,0.00288925,-0.00389911,-2.06489e-06,-0.375212,1.62453,-0.575134,-0.0113487,0.029355,0.000684816,0.0294124,-0.0114061,0.622991,0.0443187,0.443455,10.4495,10.006
629,0.00288925,-0.00389911,-2.06489e-06,-0.374281,1.62763,-0.575901,-0.0115253,0.0296545,0.000687574,0.0297092,-0.01158,0.630724,0.0448624,0.448895,10.4549,10.006
630,0.00288925,-0.00389911,-2.06489e-06,-0.376088,1.63145,-0.576156,-0.0116634,0.029917,0.000687547,0.0299717,-0.0117181,0.608581,0.0453803,0.454077,10.4601,10.006
631,0.00288925,-0.00389911,-2.06489e-06,-0.375542,1.63536,-0.578155,-0.0117864,0.0302216,0.000721382,0.030279,-0.0118438,0.628654,0.0459434,0.459711,10.4658,10.006
632,0.00288925,-0.00389911,-2.06489e-06,-0.375691,1.63658,-0.576905,-0.0119293,0.0305208,0.000656858,0.0305767,-0.0119853,0.594846,0.0464819,0.4651,10.4711,10.006
633,0.00288925,-0.00389911,-2.06489e-06,-0.374069,1.64169,-0.578903,-0.0120314,0.0308019,0.000705534,0.0308639,-0.0120934,0.6136,0.0470342,0.470626,10.4767,10.006
634,0.00288925,-0.00389911,-2.06489e-06,-0.375571,1.64453,-0.579798,-0.0121777,0.0310953,0.000681365,0.0311545,-0.0122369,0.603727,0.04759,0.476188,10.4822,10.006
635,0.00288925,-0.00389911,-2.06489e-06,-0.375677,1.64908,-0.57973,-0.0122896,0.0313969,0.000696338,0.0314532,-0.012346,0.601063,0.0481444,0.481735,10.4878,10.006
636,0.00288925,-0.00389911,-2.06489e-06,-0.374952,1.65026,-0.577702,-0.012495,0.0316616,0.000751986,0.0317169,-0.0125502,0.618038,0.048677,0.487064,10.4931,10.006
637,0.00288925,-0.00389911,-2.06489e-06,-0.376545,1.65665,-0.577169,-0.0126155,0.0319678,0.000751348,0.032023,-0.0126706,0.622419,0.0492324,0.492622,10.4987,10.006
638,0.00288925,-0.00389911,-2.06489e-06,-0.375035,1.6559,-0.579012,-0.0127362,0.0322719,0.000743724,0.0323272,-0.0127915,0.600248,0.0497722,0.498023,10.5041,10.006
639,0.00288925,-0.00389911,-2.06489e-06,-0.375206,1.66034,-0.574683,-0.0128502,0.0325597,0.000718608,0.0326143,-0.0129048,0.603363,0.0503218,0.503522,10.5096,10.006
640,0.00288925,-0.00389911,-2.06489e-06,-0.374269,1.66494,-0.57653,-0.0130393,0.0328403,0.000736526,0.0328987,-0.0130977,0.605016,0.0508815,0.509123,10.5152,10.006
641,0.00288925,-0.00389911,-2.06489e-06,-0.373925,1.66855,-0.575522,-0.0131212,0.0331448,0.000726102,0.0332,-0.0131764,0.601148,0.0514478,0.514789,10.5208,10.006
642,0.00288925,-0.00389911,-2.06489e-06,-0.374338,1.67119,-0.573698,-0.0132385,0.0334361,0.000740624,0.0334957,-0.0132981,0.592984,0.0519965,0.520279,10.5263,10.006
643,0.00288925,-0.00389911,-2.06489e-06,-0.374114,1.67369,-0.576302,-0.0134198,0.0337142,0.000808562,0.0337725,-0.0134781,0.612204,0.0525515,0.525833,10.5319,10.006
644,0.00288925,-0.00389911,-2.06489e-06,-0.374573,1.67811,-0.576125,-0.013541,0.0340183,0.000802116,0.0340735,-0.0135962,0.628153,0.0531281,0.531603,10.5376,10.006
645,0.00288925,-0.00389911,-2.06489e-06,-0.374531,1.68023,-0.575458,-0.0137025,0.0343305,0.000752038,0.0343865,-0.0137586,0.603263,0.0537,0.537325,10.5434,10.006
646,0.00288925,-0.00389911,-2.06489e-06,-0.3743,1.68468,-0.577357,-0.0138234,0.0346187,0.000782591,0.0346758,-0.0138805,0.600624,0.0542547,0.542874,10.5489,10.006
647,0.00288925,-0.00389911,-2.06489e-06,-0.372966,1.68655,-0.577947,-0.0139466,0.0349164,0.000755051,0.0349743,-0.0140044,0.591794,0.0548325,0.548657,10.5547,10.006
648,0.00288925,-0.00389911,-2.06489e-06,-0.374756,1.69216,-0.577427,-0.014092,0.0352118,0.000746989,0.0352674,-0.0141476,0.576947,0.0554045,0.55438,10.5604,10.006
649,0.00288925,-0.00389911,-2.06489e-06,-0.374688,1.69517,-0.577843,-0.014158,0.0354896,0.000765177,0.0355469,-0.0142153,0.591446,0.0559311,0.559649,10.5657,10.006
650,0.00288925,-0.00389911,-2.06489e-06,-0.375304,1.69841,-0.57593,-0.0143752,0.0358306,0.000763224,0.0358923,-0.0144368,0.571788,0.0565188,0.56553,10.5716,10.006
651,0.00288925,-0.00389911,-2.06489e-06,-0.375456,1.70324,-0.575262,-0.0144934,0.0360905,0.000783988,0.036151,-0.0145539,0.583223,0.057056,0.570905,10.5769,10.006
652,0.00288925,-0.00389911,-2.06489e-06,-0.372759,1.70383,-0.575702,-0.0146179,0.0364098,0.000788887,0.0364705,-0.0146786,0.5756,0.0576527,0.576875,10.5829,10.006
653,0.00288925,-0.00389911,-2.06489e-06,-0.374815,1.70832,-0.576907,-0.0147741,0.0367257,0.000802578,0.0367862,-0.0148345,0.572874,0.0582334,0.582686,10.5887,10.006
654,0.00288925,-0.00389911,-2.06489e-06,-0.373926,1.71378,-0.576511,-0.0148762,0.0369919,0.000796676,0.0370518,-0.0149361,0.578775,0.0588075,0.58843,10.5945,10.006
655,0.00288925,-0.00389911,-2.06489e-06,-0.374184,1.71549,-0.57333,-0.0150367,0.037317,0.00081917,0.0373749,-0.0150946,0.568307,0.0593784,0.594143,10.6002,10.006
656,0.00288925,-0.00389911,-2.06489e-06,-0.374027,1.71833,-0.574525,-0.0151757,0.0376248,0.000811573,0.0376846,-0.0152355,0.571536,0.0599636,0.599998,10.606,10.006
657,0.00288925,-0.00389911,-2.06489e-06,-0.374692,1.72059,-0.577296,-0.0153117,0.0379446,0.000807747,0.0380052,-0.0153723,0.575355,0.0605303,0.605669,10.6117,10.006
658,0.00288925,-0.00389911,-2.06489e-06,-0.374866,1.72405,-0.578802,-0.015462,0.0382275,0.000829257,0.038287,-0.0155214,0.567106,0.0611252,0.611622,10.6177,10.006
659,0.00288925,-0.00389911,-2.06489e-06,-0.376969,1.72956,-0.577744,-0.0155568,0.0385345,0.00084355,0.0385977,-0.0156199,0.576861,0.061715,0.617523,10.6236,10.006
660,0.00288925,-0.00389911,-2.06489e-06,-0.37504,1.73055,-0.576874,-0.0157104,0.0388249,0.000848022,0.0388842,-0.0157697,0.572611,0.0622857,0.623233,10.6293,10.006
661,0.00288925,-0.00389911,-2.06489e-06,-0.376386,1.7367,-0.577059,-0.0158261,0.0391288,0.000854978,0.039188,-0.0158853,0.566586,0.0628691,0.629071,10.6351,10.006
662,0.00288925,-0.00389911,-2.06489e-06,-0.376894,1.74063,-0.575959,-0.0159741,0.0394298,0.000872557,0.0394896,-0.0160339,0.57435,0.0634329,0.634712,10.6408,10.006
663,0.00288925,-0.00389911,-2.06489e-06,-0.37712,1.74052,-0.577142,-0.0160849,0.0397447,0.000881131,0.0398063,-0.0161465,0.57418,0.0640648,0.641035,10.6471,10.006
664,0.00288925,-0.00389911,-2.06489e-06,-0.374844,1.74459,-0.577001,-0.0162206,0.0400667,0.00084369,0.0401287,-0.0162826,0.55355,0.0646422,0.646813,10.6529,10.006
665,0.00288925,-0.00389911,-2.06489e-06,-0.37581,1.74721,-0.577779,-0.0163917,0.0403679,0.000898707,0.0404275,-0.0164513,0.568373,0.0652444,0.652839,10.6589,10.006
666,0.00288925,-0.00389911,-2.06489e-06,-0.376692,1.7546,-0.575979,-0.0165288,0.040673,0.000883067,0.0407326,-0.0165883,0.54845,0.0658197,0.658595,10.6646,10.006
667,0.00288925,-0.00389911,-2.06489e-06,-0.37662,1.75631,-0.575399,-0.0166897,0.040964,0.000922995,0.041024,-0.0167497,0.562076,0.0663999,0.664401,10.6704,10.006
668,0.00288925,-0.00389911,-2.06489e-06,-0.375456,1.75839,-0.577108,-0.0168006,0.041295,0.00089678,0.0413555,-0.0168612,0.540673,0.0670195,0.670601,10.6766,10.006
669,0.00288925,-0.00389911,-2.06489e-06,-0.375902,1.76295,-0.575945,-0.0169273,0.0415945,0.000910516,0.0416558,-0.0169886,0.542648,0.0676197,0.676605,10.6826,10.006
670,0.00288925,-0.00389911,-2.06489e-06,-0.374399,1.76538,-0.574857,-0.0170727,0.0419122,0.000898695,0.0419738,-0.0171343,0.551074,0.0682177,0.682589,10.6886,10.006
671,0.00288925,-0.00389911,-2.06489e-06,-0.374266,1.76758,-0.576212,-0.0172237,0.0422053,0.000925099,0.0422668,-0.0172851,0.569891,0.0687889,0.688304,10.6943,10.006
672,0.00288925,-0.00389911,-2.06489e-06,-0.374308,1.7721,-0.579056,-0.0173527,0.0425392,0.000932259,0.0425986,-0.0174121,0.538161,0.069388,0.694299,10.7003,10.006
673,0.00288925,-0.00389911,-2.06489e-06,-0.37583,1.77684,-0.577689,-0.0174937,0.0428408,0.000959872,0.0429009,-0.0175538,0.539779,0.0700306,0.70073,10.7068,10.006
674,0.00288925,-0.00389911,-2.06489e-06,-0.376369,1.78111,-0.576538,-0.0176334,0.0431483,0.000963316,0.0432074,-0.0176925,0.53574,0.0705909,0.706336,10.7124,10.006
675,0.00288925,-0.00389911,-2.06489e-06,-0.376657,1.78323,-0.578276,-0.0178016,0.0434688,0.000945953,0.0435333,-0.0178661,0.528559,0.0712352,0.712782,10.7188,10.006
676,0.00288925,-0.00389911,-2.06489e-06,-0.376854,1.7865,-0.577557,-0.0179201,0.0437701,0.000947983,0.0438302,-0.0179802,0.538391,0.0718422,0.718857,10.7249,10.006
677,0.00288925,-0.00389911,-2.06489e-06,-0.376732,1.79114,-0.579722,-0.0180645,0.0441196,0.000922249,0.0441829,-0.0181278,0.521906,0.0724482,0.72492,10.731,10.006
678,0.00288925,-0.00389911,-2.06489e-06,-0.37641,1.79338,-0.581038,-0.0181857,0.044406,0.000964,0.0444656,-0.0182452,0.530501,0.073043,0.730871,10.7369,10.006
679,0.00288925,-0.00389911,-2.06489e-06,-0.375709,1.7949,-0.58413,-0.0183315,0.0447235,0.000943525,0.044783,-0.0183909,0.527048,0.073664,0.737086,10.7431,10.006
680,0.00288925,-0.00389911,-2.06489e-06,-0.37636,1.80259,-0.578948,-0.0184527,0.0450327,0.000992008,0.0450923,-0.0185123,0.536746,0.0742726,0.743175,10.7492,10.006
681,0.00288925,-0.00389911,-2.06489e-06,-0.378517,1.80519,-0.585525,-0.0185969,0.0453683,0.000898303,0.0454337,-0.0186623,0.493679,0.0748583,0.749036,10.7551,10.006
682,0.00288925,-0.00389911,-2.06489e-06,-0.376814,1.80725,-0.582048,-0.0187596,0.0456477,0.000953151,0.0457082,-0.0188201,0.513869,0.0754812,0.755268,10.7613,10.006
683,0.00288925,-0.00389911,-2.06489e-06,-0.37689,1.81185,-0.58201,-0.0188728,0.045981,0.000952096,0.0460453,-0.0189371,0.512781,0.0760919,0.761379,10.7674,10.006
684,0.00288925,-0.00389911,-2.06489e-06,-0.375584,1.81438,-0.580495,-0.0190327,0.0462892,0.00100785,0.0463497,-0.0190932,0.537506,0.0766862,0.767325,10.7734,10.006
685,0.00288925,-0.00389911,-2.06489e-06,-0.375897,1.81757,-0.586633,-0.0191603,0.0466227,0.000999126,0.0466793,-0.0192169,0.541734,0.0773506,0.773974,10.78,10.006
686,0.00288925,-0.00389911,-2.06489e-06,-0.375654,1.81951,-0.581691,-0.0193051,0.0469252,0.00098553,0.0469883,-0.0193682,0.503602,0.0779576,0.780047,10.7861,10.006
687,0.00288925,-0.00389911,-2.06489e-06,-0.37567,1.82387,-0.580738,-0.0194006,0.0472677,0.00101043,0.0473321,-0.019465,0.520232,0.0785959,0.786434,10.7925,10.006
688,0.00288925,-0.00389911,-2.06489e-06,-0.377476,1.83038,-0.580531,-0.0195876,0.0475663,0.000985345,0.0476293,-0.0196506,0.525083,0.0792028,0.792507,10.7986,10.006
689,0.00288925,-0.00389911,-2.06489e-06,-0.376187,1.83247,-0.574,-0.0197472,0.0478899,0.00101396,0.0479535,-0.0198108,0.513794,0.0798229,0.798711,10.8048,10.006
690,0.00288925,-0.00389911,-2.06489e-06,-0.374805,1.83469,-0.575235,-0.019856,0.0482179,0.00104024,0.0482787,-0.0199168,0.503531,0.0804417,0.804904,10.8109,10.006
691,0.00288925,-0.00389911,-2.06489e-06,-0.374335,1.83872,-0.573906,-0.0200241,0.0485206,0.00103503,0.0485822,-0.0200858,0.513655,0.0810653,0.811143,10.8172,10.006
692,0.00288925,-0.00389911,-2.06489e-06,-0.374324,1.84244,-0.575887,-0.0201514,0.0488614,0.000980296,0.0489259,-0.0202158,0.506957,0.0817237,0.817731,10.8238,10.006
693,0.00288925,-0.00389911,-2.06489e-06,-0.376175,1.84697,-0.582703,-0.0203138,0.0491813,0.000996147,0.0492472,-0.0203797,0.507228,0.0823565,0.824063,10.8301,10.006
694,0.00288925,-0.00389911,-2.06489e-06,-0.375046,1.8488,-0.582118,-0.0204004,0.0495048,0.00103994,0.0495671,-0.0204626,0.51425,0.0830051,0.830553,10.8366,10.006
695,0.00288925,-0.00389911,-2.06489e-06,-0.374182,1.85298,-0.577291,-0.0205486,0.0498097,0.00107059,0.0498706,-0.0206094,0.519745,0.0836065,0.83657,10.8426,10.006
696,0.00288925,-0.00389911,-2.06489e-06,-0.374977,1.85579,-0.581559,-0.0206453,0.0501668,0.00106957,0.0502325,-0.0207111,0.53606,0.0842936,0.843445,10.8495,10.006
697,0.00288925,-0.00389911,-2.06489e-06,-0.374358,1.85858,-0.578293,-0.0208521,0.0504963,0.00105158,0.0505583,-0.0209141,0.491549,0.0849289,0.849803,10.8558,10.006
698,0.00288925,-0.00389911,-2.06489e-06,-0.375438,1.86427,-0.578892,-0.0209484,0.0508225,0.00105291,0.0508876,-0.0210135,0.507882,0.0855653,0.85617,10.8622,10.006
699,0.00288925,-0.00389911,-2.06489e-06,-0.376076,1.86777,-0.581899,-0.0211055,0.0511738,0.00108659,0.0512368,-0.0211685,0.506269,0.0862199,0.86272,10.8688,10.006
700,0.00288925,-0.00389911,-2.06489e-06,-0.37473,1.86906,-0.587107,-0.0212252,0.0514984,0.00105331,0.051563,-0.0212899,0.498706,0.0868863,0.869389,10.8754,10.006
701,0.00288925,-0.00389911,-2.06489e-06,-0.374637,1.87384,-0.58203,-0.021375,0.0518176,0.00107051,0.0518808,-0.0214383,0.492045,0.0875053,0.875582,10.8816,10.006
702,0.00288925,-0.00389911,-2.06489e-06,-0.37449,1.87616,-0.583867,-0.0215218,0.0521239,0.00112555,0.0521891,-0.0215871,0.491113,0.0881517,0.88205,10.8881,10.006
703,0.00288925,-0.00389911,-2.06489e-06,-0.375352,1.88193,-0.584115,-0.021643,0.0524651,0.00109471,0.0525292,-0.021707,0.501843,0.0888006,0.888542,10.8946,10.006
704,0.00288925,-0.00389911,-2.06489e-06,-0.375436,1.88423,-0.58271,-0.0217615,0.0528059,0.00109737,0.0528709,-0.0218265,0.493402,0.0894615,0.895155,10.9012,10.006
705,0.00288925,-0.00389911,-2.06489e-06,-0.374563,1.88544,-0.585489,-0.0219234,0.0531414,0.00110954,0.0532082,-0.0219902,0.486166,0.0901114,0.901659,10.9077,10.006
706,0.00288925,-0.00389911,-2.06489e-06,-0.375474,1.89145,-0.58573,-0.0220482,0.0534721,0.00115814,0.0535366,-0.0221126,0.539503,0.0907794,0.908342,10.9144,10.006
707,0.00288925,-0.00389911,-2.06489e-06,-0.375196,1.89585,-0.583804,-0.0222071,0.053793,0.0010895,0.0538575,-0.0222715,0.464037,0.0914416,0.914968,10.921,10.006
708,0.00288925,-0.00389911,-2.06489e-06,-0.375122,1.89864,-0.583818,-0.0223729,0.0541399,0.00110069,0.0542041,-0.0224371,0.471781,0.0920957,0.921514,10.9276,10.006
709,0.00288925,-0.00389911,-2.06489e-06,-0.375652,1.90231,-0.584866,-0.0224569,0.0544972,0.00111215,0.0545616,-0.0225213,0.453444,0.0927719,0.92828,10.9343,10.006
710,0.00288925,-0.00389911,-2.06489e-06,-0.377084,1.90756,-0.585589,-0.0226174,0.0548039,0.00115048,0.0548744,-0.022688,0.49144,0.0934288,0.934853,10.9409,10.006
711,0.00288925,-0.00389911,-2.06489e-06,-0.375895,1.90923,-0.583602,-0.0227435,0.05516,0.00115121,0.0552277,-0.0228113,0.48186,0.094087,0.941439,10.9475,10.006
712,0.00288925,-0.00389911,-2.06489e-06,-0.375368,1.91292,-0.585827,-0.0229241,0.0554969,0.00113401,0.0555648,-0.0229921,0.469696,0.0947469,0.948041,10.9541,10.006
713,0.00288925,-0.00389911,-2.06489e-06,-0.375806,1.91783,-0.588611,-0.0230047,0.0558271,0.00113566,0.0558913,-0.023069,0.458813,0.0954321,0.954898,10.9609,10.006
714,0.00288925,-0.00389911,-2.06489e-06,-0.376574,1.92083,-0.587638,-0.0231605,0.0561812,0.00112635,0.0562472,-0.0232265,0.461625,0.0960786,0.961367,10.9674,10.006
715,0.00288925,-0.00389911,-2.06489e-06,-0.375623,1.92303,-0.582698,-0.0232824,0.0565257,0.00114051,0.0565925,-0.0233492,0.453315,0.0967878,0.968463,10.9745,10.006
716,0.00288925,-0.00389911,-2.06489e-06,-0.374231,1.92614,-0.585247,-0.0234575,0.0568799,0.00114271,0.0569476,-0.0235252,0.461699,0.0974467,0.975056,10.9811,10.006
717,0.00288925,-0.00389911,-2.06489e-06,-0.375641,1.93371,-0.588332,-0.0235571,0.0572165,0.00116751,0.0572874,-0.023628,0.459802,0.0981524,0.982117,10.9882,10.006
718,0.00288925,-0.00389911,-2.06489e-06,-0.375756,1.93638,-0.588526,-0.0237341,0.0575644,0.00118616,0.0576309,-0.0238006,0.440585,0.0988279,0.988877,10.9949,10.006
719,0.00288925,-0.00389911,-2.06489e-06,-0.375736,1.93885,-0.584349,-0.0238512,0.0579252,0.0011504,0.057993,-0.0239189,0.441358,0.0995213,0.995815,11.0019,10.006
720,0.00288925,-0.00389911,-2.06489e-06,-0.374271,1.94294,-0.587488,-0.0239821,0.0582792,0.00115608,0.0583492,-0.0240521,0.457731,0.100215,1.00276,11.0088,10.006
721,0.00288925,-0.00389911,-2.06489e-06,-0.374646,1.94762,-0.585676,-0.0241471,0.0586089,0.00118846,0.0586793,-0.0242174,0.474028,0.100899,1.0096,11.0156,10.006
722,0.00288925,-0.00389911,-2.06489e-06,-0.373128,1.94908,-0.587729,-0.0242935,0.0589537,0.00116695,0.0590247,-0.0243645,0.457899,0.101583,1.01644,11.0225,10.006
723,0.00288925,-0.00389911,-2.06489e-06,-0.373808,1.95264,-0.586059,-0.0244452,0.0593307,0.0011738,0.0594011,-0.0245155,0.447835,0.102291,1.02353,11.0296,10.006
724,0.00288925,-0.00389911,-2.06489e-06,-0.374647,1.9573,-0.586698,-0.0245312,0.0596695,0.00119326,0.0597371,-0.0245988,0.461556,0.103001,1.03063,11.0367,10.006
725,0.00288925,-0.00389911,-2.06489e-06,-0.373896,1.96136,-0.586499,-0.0247117,0.0600288,0.0011697,0.0601008,-0.0247836,0.455559,0.103664,1.03727,11.0433,10.006
726,0.00288925,-0.00389911,-2.06489e-06,-0.373778,1.9644,-0.588327,-0.0248073,0.0603902,0.00120736,0.0604571,-0.0248741,0.467311,0.104419,1.04482,11.0509,10.006
727,0.00288925,-0.00389911,-2.06489e-06,-0.374247,1.97001,-0.585402,-0.0249731,0.0607597,0.00117568,0.060832,-0.0250454,0.440272,0.105114,1.05177,11.0578,10.006
728,0.00288925,-0.00389911,-2.06489e-06,-0.375761,1.97133,-0.588975,-0.0250733,0.0611123,0.0012447,0.0611842,-0.0251453,0.459414,0.105851,1.05915,11.0652,10.006
729,0.00288925,-0.00389911,-2.06489e-06,-0.375381,1.97527,-0.586562,-0.0252375,0.0614802,0.00121732,0.0615501,-0.0253073,0.455467,0.106534,1.06598,11.072,10.006
730,0.00288925,-0.00389911,-2.06489e-06,-0.373728,1.98147,-0.588479,-0.0253608,0.0618345,0.00127747,0.0619037,-0.02543,0.474033,0.107281,1.07346,11.0795,10.006
731,0.00288925,-0.00389911,-2.06489e-06,-0.373555,1.98393,-0.592914,-0.0255369,0.0622148,0.00124208,0.0622839,-0.025606,0.451206,0.107983,1.08048,11.0865,10.006
732,0.00288925,-0.00389911,-2.06489e-06,-0.374293,1.98661,-0.587036,-0.0256663,0.062589,0.00116319,0.0626616,-0.0257388,0.428075,0.10873,1.08796,11.094,10.006
733,0.00288925,-0.00389911,-2.06489e-06,-0.374521,1.99145,-0.590385,-0.0257501,0.0629448,0.0012397,0.0630158,-0.0258211,0.425305,0.109436,1.09502,11.1011,10.006
734,0.00288925,-0.00389911,-2.06489e-06,-0.374314,1.99503,-0.586606,-0.0258867,0.0633285,0.00124262,0.0633998,-0.0259579,0.4314,0.110206,1.10273,11.1088,10.006
735,0.00288925,-0.00389911,-2.06489e-06,-0.372499,1.99964,-0.589412,-0.0260276,0.063719,0.00125663,0.0637935,-0.0261021,0.433451,0.110931,1.10998,11.116,10.006
736,0.00288925,-0.00389911,-2.06489e-06,-0.371484,2.00171,-0.591527,-0.0261571,0.064098,0.00124915,0.0641722,-0.0262314,0.42958,0.111681,1.11748,11.1235,10.006
737,0.00288925,-0.00389911,-2.06489e-06,-0.373041,2.00905,-0.59123,-0.0262885,0.064508,0.00126117,0.0645828,-0.0263633,0.425807,0.112494,1.12562,11.1317,10.006
738,0.00288925,-0.00389911,-2.06489e-06,-0.371445,2.01199,-0.592087,-0.0264616,0.0648683,0.00129149,0.0649416,-0.0265348,0.429111,0.113246,1.13314,11.1392,10.006
739,0.00288925,-0.00389911,-2.06489e-06,-0.371966,2.01518,-0.590597,-0.0266252,0.0653685,0.00124473,0.0654415,-0.0266983,0.415656,0.114195,1.14264,11.1487,10.006
740,0.00288925,-0.00389911,-2.06489e-06,-0.372483,2.01954,-0.594505,-0.0267501,0.0658356,0.00130945,0.0659099,-0.0268245,0.431952,0.115125,1.15194,11.158,10.006
741,0.000520745,0.0776528,0.000250599,-0.653681,2.46776,-2.03643,-0.020789,0.0478868,0.00102094,0.0479481,-0.0208503,0.801928,0.351916,3.52129,13.5273,10.006
742,0.000520745,0.0776528,0.000250599,-0.483864,2.47536,-0.9891,-0.0208132,0.0481291,0.000652323,0.0481827,-0.0208668,0.746031,0.342087,3.42294,13.429,10.006
743,0.000520745,0.0776528,0.000250599,-0.633782,2.46397,-2.43143,-0.0208401,0.0481485,0.000725844,0.0482015,-0.0208931,0.682199,0.362553,3.62772,13.6338,10.006
744,0.000520745,0.0776528,0.000250599,-0.526307,2.46393,-0.951025,-0.0208733,0.0479607,0.000844454,0.0480032,-0.0209158,0.722992,0.342346,3.42553,13.4316,10.006
745,0.000520745,0.0776528,0.000250599,-0.564545,2.46792,-2.22531,-0.0208263,0.048162,0.000703688,0.0482191,-0.0208834,0.746522,0.356793,3.57009,13.5761,10.006
