Count,Filename_0_0,Filename_0_1,Time_0_0,Time_0_1,cDAQ1Mod1/ai0,cDAQ1Mod1/ai1,cDAQ1Mod1/ai2,cDAQ1Mod1/ai3,Load,,,
0,C:/Users/VicUser/Documents/RobC/20260801/VF1_2_2\VF1_2_2-00000000_0.tif,C:/Users/VicUser/Documents/RobC/20260801/VF1_2_2\VF1_2_2-00000000_1.tif,30.102843,30.103116,-0.000870,-10.383721,-10.430638,-10.389762,0.011240,0.000000,0.000000,0.000000
1,C:/Users/VicUser/Documents/RobC/20260801/VF1_2_2\VF1_2_2-00000001_0.tif,C:/Users/VicUser/Documents/RobC/20260801/VF1_2_2\VF1_2_2-00000001_1.tif,30.602853,30.603005,-0.002146,-10.383721,-10.430638,-10.389762,0.007493,0.000000,0.000000,0.000000
2,C:/Users/VicUser/Documents/RobC/20260801/VF1_2_2\VF1_2_2-00000002_0.tif,C:/Users/VicUser/Documents/RobC/20260801/VF1_2_2\VF1_2_2-00000002_1.tif,31.102782,31.103106,-0.001827,-10.383721,-10.430638,-10.389762,0.008430,0.000000,0.000000,0.000000
3,C:/Users/VicUser/Documents/RobC/20260801/VF1_2_2\VF1_2_2-00000003_0.tif,C:/Users/VicUser/Documents/RobC/20260801/VF1_2_2\VF1_2_2-00000003_1.tif,31.602883,31.603227,-0.000870,-10.383721,-10.430638,-10.389762,0.011240,0.000000,0.000000,0.000000
4,C:/Users/VicUser/Documents/RobC/20260801/VF1_2_2\VF1_2_2-00000004_0.tif,C:/Users/VicUser/Documents/RobC/20260801/VF1_2_2\VF1_2_2-00000004_1.tif,32.102806,32.103096,-0.002464,-10.383721,-10.430638,-10.389762,0.006557,0.000000,0.000000,0.000000
5,C:/Users/VicUser/Documents/RobC/20260801/VF1_2_2\VF1_2_2-00000005_0.tif,C:/Users/VicUser/Documents/RobC/20260801/VF1_2_2\VF1_2_2-00000005_1.tif,32.602776,32.603083,-0.003102,-10.383721,-10.430638,-10.389762,0.004683,0.000000,0.000000,0.000000
6,C:/Users/VicUser/Documents/RobC/20260801/VF1_2_2\VF1_2_2-00000006_0.tif,C:/Users/VicUser/Documents/RobC/20260801/VF1_2_2\VF1_2_2-00000006_1.tif,33.102854,33.103224,-0.002464,-10.383721,-10.430638,-10.389762,0.006557,0.000000,0.000000,0.000000
7,C:/Users/VicUser/Documents/RobC/20260801/VF1_2_2\VF1_2_2-00000007_0.tif,C:/Users/VicUser/Documents/RobC/20260801/VF1_2_2\VF1_2_2-00000007_1.tif,33.602813,33.603175,-0.001189,-10.383721,-10.430638,-10.389762,0.010303,0.000000,0.000000,0.000000
8,C:/Users/VicUser/Documents/RobC/20260801/VF1_2_2\VF1_2_2-00000008_0.tif,C:/Users/VicUser/Documents/RobC/20260801/VF1_2_2\VF1_2_2-00000008_1.tif,34.102817,34.103138,-0.000551,-10.383721,-10.430638,-10.389762,0.012176,0.000000,0.000000,0.000000
9,C:/Users/VicUser/Documents/RobC/20260801/VF1_2_2\VF1_2_2-00000009_0.tif,C:/Users/VicUser/Documents/RobC/20260801/VF1_2_2\VF1_2_2-00000009_1.tif,34.602849,34.603248,-0.001827,-10.383721,-10.430638,-10.389762,0.008430,0.000000,0.000000,0.000000
10,C:/Users/VicUser/Documents/RobC/20260801/VF1_2_2\VF1_2_2-00000010_0.tif,C:/Users/VicUser/Documents/RobC/20260801/VF1_2_2\VF1_2_2-00000010_1.tif,35.102898,35.103104,-0.001189,-10.383721,-10.430638,-10.389762,0.010303,0.000000,0.000000,0.000000
11,C:/Users/VicUser/Documents/RobC/20260801/VF1_2_2\VF1_2_2-00000011_0.tif,C:/Users/VicUser/Documents/RobC/20260801/VF1_2_2\VF1_2_2-00000011_1.tif,35.602812,35.603058,-0.002146,-10.383721,-10.430638,-10.389762,0.007493,0.000000,0.000000,0.000000
12,C:/Users/VicUser/Documents/RobC/20260801/VF1_2_2\VF1_2_2-00000012_0.tif,C:/Users/VicUser/Documents/RobC/20260801/VF1_2_2\VF1_2_2-00000012_1.tif,36.102836,36.103123,-0.000870,-10.383721,-10.430638,-10.389762,0.011240,0.000000,0.000000,0.000000
13,C:/Users/VicUser/Documents/RobC/20260801/VF1_2_2\VF1_2_2-00000013_0.tif,C:/Users/VicUser/Documents/RobC/20260801/VF1_2_2\VF1_2_2-00000013_1.tif,36.602790,36.603109,-0.002146,-10.383721,-10.430638,-10.389762,0.007493,0.000000,0.000000,0.000000
14,C:/Users/VicUser/Documents/RobC/20260801/VF1_2_2\VF1_2_2-00000014_0.tif,C:/Users/VicUser/Documents/RobC/20260801/VF1_2_2\VF1_2_2-00000014_1.tif,37.102870,37.103025,-0.001508,-10.383721,-10.430638,-10.389762,0.009366,0.000000,0.000000,0.000000
15,C:/Users/VicUser/Documents/RobC/20260801/VF1_2_2\VF1_2_2-00000015_0.tif,C:/Users/VicUser/Documents/RobC/20260801/VF1_2_2\VF1_2_2-00000015_1.tif,37.602837,37.603107,-0.001508,-10.383721,-10.430638,-10.389762,0.009366,0.000000,0.000000,0.000000
16,C:/Users/VicUser/Documents/RobC/20260801/VF1_2_2\VF1_2_2-00000016_0.tif,C:/Users/VicUser/Documents/RobC/20260801/VF1_2_2\VF1_2_2-00000016_1.tif,38.102869,38.103268,-0.000870,-10.383721,-10.430638,-10.389762,0.011240,0.000000,0.000000,0.000000
17,C:/Users/VicUser/Documents/RobC/20260801/VF1_2_2\VF1_2_2-00000017_0.tif,C:/Users/VicUser/Documents/RobC/20260801/VF1_2_2\VF1_2_2-00000017_1.tif,38.602864,38.603260,-0.002464,-10.383721,-10.430638,-10.389762,0.006557,0.000000,0.000000,0.000000
18,C:/Users/VicUser/Documents/RobC/20260801/VF1_2_2\VF1_2_2-00000018_0.tif,C:/Users/VicUser/Documents/RobC/20260801/VF1_2_2\VF1_2_2-00000018_1.tif,39.102772,39.103112,-0.000551,-10.383721,-10.430638,-10.389762,0.012176,0.000000,0.000000,0.000000
19,C:/Users/VicUser/Documents/RobC/20260801/VF1_2_2\VF1_2_2-00000019_0.tif,C:/Users/VicUser/Documents/RobC/20260801/VF1_2_2\VF1_2_2-00000019_1.tif,39.602833,39.603179,-0.001189,-10.383721,-10.430638,-10.389762,0.010303,0.000000,0.000000,0.000000
20,C:/Users/VicUser/Documents/RobC/20260801/VF1_2_2\VF1_2_2-00000020_0.tif,C:/Users/VicUser/Documents/RobC/20260801/VF1_2_2\VF1_2_2-00000020_1.tif,40.102822,40.103065,-0.000551,-10.383721,-10.430638,-10.389762,0.012176,0.000000,0.000000,0.000000
21,C:/Users/VicUser/Documents/RobC/20260801/VF1_2_2\VF1_2_2-00000021_0.tif,C:/Users/VicUser/Documents/RobC/20260801/VF1_2_2\VF1_2_2-00000021_1.tif,40.602775,40.603065,-0.000551,-10.383721,-10.430638,-10.389762,0.012176,0.000000,0.000000,0.000000
22,C:/Users/VicUser/Documents/RobC/20260801/VF1_2_2\VF1_2_2-00000022_0.tif,C:/Users/VicUser/Documents/RobC/20260801/VF1_2_2\VF1_2_2-00000022_1.tif,41.102791,41.103071,-0.000551,-10.383721,-10.430638,-10.389762,0.012176,0.000000,0.000000,0.000000
23,C:/Users/VicUser/Documents/RobC/20260801/VF1_2_2\VF1_2_2-00000023_0.tif,C:/Users/VicUser/Documents/RobC/20260801/VF1_2_2\VF1_2_2-00000023_1.tif,41.602888,41.603302,-0.000551,-10.383721,-10.430638,-10.389762,0.012176,0.000000,0.000000,0.000000
24,C:/Users/VicUser/Documents/RobC/20260801/VF1_2_2\VF1_2_2-00000024_0.tif,C:/Users/VicUser/Documents/RobC/20260801/VF1_2_2\VF1_2_2-00000024_1.tif,42.102948,42.103088,-0.000870,-10.383721,-10.430638,-10.389762,0.011240,0.000000,0.000000,0.000000
25,C:/Users/VicUser/Documents/RobC/20260801/VF1_2_2\VF1_2_2-00000025_0.tif,C:/Users/VicUser/Documents/RobC/20260801/VF1_2_2\VF1_2_2-00000025_1.tif,42.602780,42.603021,-0.002146,-10.383721,-10.430638,-10.389762,0.007493,0.000000,0.000000,0.000000
26,C:/Users/VicUser/Documents/RobC/20260801/VF1_2_2\VF1_2_2-00000026_0.tif,C:/Users/VicUser/Documents/RobC/20260801/VF1_2_2\VF1_2_2-00000026_1.tif,43.102779,43.103103,0.000086,-10.383721,-10.430638,-10.389762,0.014050,0.000000,0.000000,0.000000
27,C:/Users/VicUser/Documents/RobC/20260801/VF1_2_2\VF1_2_2-00000027_0.tif,C:/Users/VicUser/Documents/RobC/20260801/VF1_2_2\VF1_2_2-00000027_1.tif,43.602799,43.603113,-0.001508,-10.383721,-10.430638,-10.389762,0.009366,0.000000,0.000000,0.000000
28,C:/Users/VicUser/Documents/RobC/20260801/VF1_2_2\VF1_2_2-00000028_0.tif,C:/Users/VicUser/Documents/RobC/20260801/VF1_2_2\VF1_2_2-00000028_1.tif,44.102784,44.103086,0.000086,-10.383721,-10.430638,-10.389762,0.014050,0.000000,0.000000,0.000000
29,C:/Users/VicUser/Documents/RobC/20260801/VF1_2_2\VF1_2_2-00000029_0.tif,C:/Users/VicUser/Documents/RobC/20260801/VF1_2_2\VF1_2_2-00000029_1.tif,44.602812,44.603128,-0.000233,-10.383721,-10.430638,-10.389762,0.013113,0.000000,0.000000,0.000000
30,C:/Users/VicUser/Documents/RobC/20260801/VF1_2_2\VF1_2_2-00000030_0.tif,C:/Users/VicUser/Documents/RobC/20260801/VF1_2_2\VF1_2_2-00000030_1.tif,45.102800,45.103168,-0.000551,-10.383721,-10.430638,-10.389762,0.012176,0.000000,0.000000,0.000000
31,C:/Users/VicUser/Documents/RobC/20260801/VF1_2_2\VF1_2_2-00000031_0.tif,C:/Users/VicUser/Documents/RobC/20260801/VF1_2_2\VF1_2_2-00000031_1.tif,45.602802,45.603152,0.001043,-10.383721,-10.430638,-10.389762,0.016860,0.000000,0.000000,0.000000
32,C:/Users/VicUser/Documents/RobC/20260801/VF1_2_2\VF1_2_2-00000032_0.tif,C:/Users/VicUser/Documents/RobC/20260801/VF1_2_2\VF1_2_2-00000032_1.tif,46.102804,46.103120,-0.001189,-10.383721,-10.430638,-10.389762,0.010303,0.000000,0.000000,0.000000
33,C:/Users/VicUser/Documents/RobC/20260801/VF1_2_2\VF1_2_2-00000033_0.tif,C:/Users/VicUser/Documents/RobC/20260801/VF1_2_2\VF1_2_2-00000033_1.tif,46.602850,46.603122,-0.000870,-10.383721,-10.430638,-10.389762,0.011240,0.000000,0.000000,0.000000
34,C:/Users/VicUser/Documents/RobC/20260801/VF1_2_2\VF1_2_2-00000034_0.tif,C:/Users/VicUser/Documents/RobC/20260801/VF1_2_2\VF1_2_2-00000034_1.tif,47.102915,47.103301,-0.001508,-10.383721,-10.430638,-10.389762,0.009366,0.000000,0.000000,0.000000
35,C:/Users/VicUser/Documents/RobC/20260801/VF1_2_2\VF1_2_2-00000035_0.tif,C:/Users/VicUser/Documents/RobC/20260801/VF1_2_2\VF1_2_2-00000035_1.tif,47.602813,47.603135,-0.000233,-10.383721,-10.430638,-10.389762,0.013113,0.000000,0.000000,0.000000
36,C:/Users/VicUser/Documents/RobC/20260801/VF1_2_2\VF1_2_2-00000036_0.tif,C:/Users/VicUser/Documents/RobC/20260801/VF1_2_2\VF1_2_2-00000036_1.tif,48.102902,48.103259,0.000724,-10.383721,-10.430638,-10.389762,0.015923,0.000000,0.000000,0.000000
37,C:/Users/VicUser/Documents/RobC/20260801/VF1_2_2\VF1_2_2-00000037_0.tif,C:/Users/VicUser/Documents/RobC/20260801/VF1_2_2\VF1_2_2-00000037_1.tif,48.602869,48.603183,-0.000233,-10.383721,-10.430638,-10.389762,0.013113,0.000000,0.000000,0.000000
38,C:/Users/VicUser/Documents/RobC/20260801/VF1_2_2\VF1_2_2-00000038_0.tif,C:/Users/VicUser/Documents/RobC/20260801/VF1_2_2\VF1_2_2-00000038_1.tif,49.102868,49.103236,0.001680,-10.383721,-10.430638,-10.389762,0.018733,0.000000,0.000000,0.000000
39,C:/Users/VicUser/Documents/RobC/20260801/VF1_2_2\VF1_2_2-00000039_0.tif,C:/Users/VicUser/Documents/RobC/20260801/VF1_2_2\VF1_2_2-00000039_1.tif,49.602843,49.603201,-0.001189,-10.383721,-10.430638,-10.389762,0.010303,0.000000,0.000000,0.000000
40,C:/Users/VicUser/Documents/RobC/20260801/VF1_2_2\VF1_2_2-00000040_0.tif,C:/Users/VicUser/Documents/RobC/20260801/VF1_2_2\VF1_2_2-00000040_1.tif,50.102809,50.103135,-0.000233,-10.383721,-10.430638,-10.389762,0.013113,0.000000,0.000000,0.000000
41,C:/Users/VicUser/Documents/RobC/20260801/VF1_2_2\VF1_2_2-00000041_0.tif,C:/Users/VicUser/Documents/RobC/20260801/VF1_2_2\VF1_2_2-00000041_1.tif,50.602801,50.603158,0.000724,-10.383721,-10.430638,-10.389762,0.015923,0.000000,0.000000,0.000000
42,C:/Users/VicUser/Documents/RobC/20260801/VF1_2_2\VF1_2_2-00000042_0.tif,C:/Users/VicUser/Documents/RobC/20260801/VF1_2_2\VF1_2_2-00000042_1.tif,51.102793,51.103173,-0.001508,-10.383721,-10.430638,-10.389762,0.009366,0.000000,0.000000,0.000000
43,C:/Users/VicUser/Documents/RobC/20260801/VF1_2_2\VF1_2_2-00000043_0.tif,C:/Users/VicUser/Documents/RobC/20260801/VF1_2_2\VF1_2_2-00000043_1.tif,51.602820,51.603181,0.000724,-10.383721,-10.430638,-10.389762,0.015923,0.000000,0.000000,0.000000
44,C:/Users/VicUser/Documents/RobC/20260801/VF1_2_2\VF1_2_2-00000044_0.tif,C:/Users/VicUser/Documents/RobC/20260801/VF1_2_2\VF1_2_2-00000044_1.tif,52.102820,52.103145,0.001043,-10.383721,-10.430638,-10.389762,0.016860,0.000000,0.000000,0.000000
45,C:/Users/VicUser/Documents/RobC/20260801/VF1_2_2\VF1_2_2-00000045_0.tif,C:/Users/VicUser/Documents/RobC/20260801/VF1_2_2\VF1_2_2-00000045_1.tif,52.602834,52.603103,-0.000551,-10.383721,-10.430638,-10.389762,0.012176,0.000000,0.000000,0.000000
46,C:/Users/VicUser/Documents/RobC/20260801/VF1_2_2\VF1_2_2-00000046_0.tif,C:/Users/VicUser/Documents/RobC/20260801/VF1_2_2\VF1_2_2-00000046_1.tif,53.102823,53.103193,0.000724,-10.383721,-10.430638,-10.389762,0.015923,0.000000,0.000000,0.000000
47,C:/Users/VicUser/Documents/RobC/20260801/VF1_2_2\VF1_2_2-00000047_0.tif,C:/Users/VicUser/Documents/RobC/20260801/VF1_2_2\VF1_2_2-00000047_1.tif,53.602863,53.603148,0.001043,-10.383721,-10.430638,-10.389762,0.016860,0.000000,0.000000,0.000000
48,C:/Users/VicUser/Documents/RobC/20260801/VF1_2_2\VF1_2_2-00000048_0.tif,C:/Users/VicUser/Documents/RobC/20260801/VF1_2_2\VF1_2_2-00000048_1.tif,54.102866,54.103122,0.006462,-10.383721,-10.430638,-10.389762,0.032783,0.000000,0.000000,0.000000
49,C:/Users/VicUser/Documents/RobC/20260801/VF1_2_2\VF1_2_2-00000049_0.tif,C:/Users/VicUser/Documents/RobC/20260801/VF1_2_2\VF1_2_2-00000049_1.tif,54.602815,54.603153,0.014114,-10.383721,-10.430638,-10.389762,0.055262,0.000000,0.000000,0.000000
50,C:/Users/VicUser/Documents/RobC/20260801/VF1_2_2\VF1_2_2-00000050_0.tif,C:/Users/VicUser/Documents/RobC/20260801/VF1_2_2\VF1_2_2-00000050_1.tif,55.102724,55.103017,0.022721,-10.383721,-10.430638,-10.389762,0.080552,0.000000,0.000000,0.000000
51,C:/Users/VicUser/Documents/RobC/20260801/VF1_2_2\VF1_2_2-00000051_0.tif,C:/Users/VicUser/Documents/RobC/20260801/VF1_2_2\VF1_2_2-00000051_1.tif,55.602787,55.603120,0.032923,-10.383721,-10.430638,-10.389762,0.110525,0.000000,0.000000,0.000000
52,C:/Users/VicUser/Documents/RobC/20260801/VF1_2_2\VF1_2_2-00000052_0.tif,C:/Users/VicUser/Documents/RobC/20260801/VF1_2_2\VF1_2_2-00000052_1.tif,56.102875,56.103193,0.045038,-10.383721,-10.430638,-10.389762,0.146118,0.000000,0.000000,0.000000
53,C:/Users/VicUser/Documents/RobC/20260801/VF1_2_2\VF1_2_2-00000053_0.tif,C:/Users/VicUser/Documents/RobC/20260801/VF1_2_2\VF1_2_2-00000053_1.tif,56.602846,56.603210,0.056515,-10.383721,-10.430638,-10.389762,0.179837,0.000000,0.000000,0.000000
54,C:/Users/VicUser/Documents/RobC/20260801/VF1_2_2\VF1_2_2-00000054_0.tif,C:/Users/VicUser/Documents/RobC/20260801/VF1_2_2\VF1_2_2-00000054_1.tif,57.102765,57.103043,0.067035,-10.383721,-10.430638,-10.389762,0.210747,0.000000,0.000000,0.000000
55,C:/Users/VicUser/Documents/RobC/20260801/VF1_2_2\VF1_2_2-00000055_0.tif,C:/Users/VicUser/Documents/RobC/20260801/VF1_2_2\VF1_2_2-00000055_1.tif,57.602832,57.603074,0.076600,-10.383721,-10.430638,-10.389762,0.238846,0.000000,0.000000,0.000000
56,C:/Users/VicUser/Documents/RobC/20260801/VF1_2_2\VF1_2_2-00000056_0.tif,C:/Users/VicUser/Documents/RobC/20260801/VF1_2_2\VF1_2_2-00000056_1.tif,58.102850,58.103250,0.091265,-10.383721,-10.430638,-10.389762,0.281932,0.000000,0.000000,0.000000
57,C:/Users/VicUser/Documents/RobC/20260801/VF1_2_2\VF1_2_2-00000057_0.tif,C:/Users/VicUser/Documents/RobC/20260801/VF1_2_2\VF1_2_2-00000057_1.tif,58.602866,58.603184,0.102742,-10.383721,-10.430638,-10.389762,0.315652,0.000000,0.000000,0.000000
58,C:/Users/VicUser/Documents/RobC/20260801/VF1_2_2\VF1_2_2-00000058_0.tif,C:/Users/VicUser/Documents/RobC/20260801/VF1_2_2\VF1_2_2-00000058_1.tif,59.102818,59.103159,0.113900,-10.383721,-10.430638,-10.389762,0.348435,0.000000,0.000000,0.000000
59,C:/Users/VicUser/Documents/RobC/20260801/VF1_2_2\VF1_2_2-00000059_0.tif,C:/Users/VicUser/Documents/RobC/20260801/VF1_2_2\VF1_2_2-00000059_1.tif,59.602839,59.603208,0.125058,-10.383721,-10.430638,-10.389762,0.381217,0.000000,0.000000,0.000000
60,C:/Users/VicUser/Documents/RobC/20260801/VF1_2_2\VF1_2_2-00000060_0.tif,C:/Users/VicUser/Documents/RobC/20260801/VF1_2_2\VF1_2_2-00000060_1.tif,60.102792,60.103136,0.133985,-10.383721,-10.430638,-10.389762,0.407444,0.000000,0.000000,0.000000
61,C:/Users/VicUser/Documents/RobC/20260801/VF1_2_2\VF1_2_2-00000061_0.tif,C:/Users/VicUser/Documents/RobC/20260801/VF1_2_2\VF1_2_2-00000061_1.tif,60.602783,60.603062,0.142592,-10.383721,-10.430638,-10.389762,0.432733,0.000000,0.000000,0.000000
62,C:/Users/VicUser/Documents/RobC/20260801/VF1_2_2\VF1_2_2-00000062_0.tif,C:/Users/VicUser/Documents/RobC/20260801/VF1_2_2\VF1_2_2-00000062_1.tif,61.102794,61.103028,0.149606,-10.383721,-10.430638,-10.389762,0.453340,0.000000,0.000000,0.000000
63,C:/Users/VicUser/Documents/RobC/20260801/VF1_2_2\VF1_2_2-00000063_0.tif,C:/Users/VicUser/Documents/RobC/20260801/VF1_2_2\VF1_2_2-00000063_1.tif,61.602834,61.603174,0.156939,-10.383721,-10.430638,-10.389762,0.474883,0.000000,0.000000,0.000000
64,C:/Users/VicUser/Documents/RobC/20260801/VF1_2_2\VF1_2_2-00000064_0.tif,C:/Users/VicUser/Documents/RobC/20260801/VF1_2_2\VF1_2_2-00000064_1.tif,62.102841,62.102995,0.164271,-10.383721,-10.430638,-10.389762,0.496426,0.000000,0.000000,0.000000
65,C:/Users/VicUser/Documents/RobC/20260801/VF1_2_2\VF1_2_2-00000065_0.tif,C:/Users/VicUser/Documents/RobC/20260801/VF1_2_2\VF1_2_2-00000065_1.tif,62.602707,62.603016,0.170966,-10.383721,-10.430638,-10.389762,0.516095,0.000000,0.000000,0.000000
66,C:/Users/VicUser/Documents/RobC/20260801/VF1_2_2\VF1_2_2-00000066_0.tif,C:/Users/VicUser/Documents/RobC/20260801/VF1_2_2\VF1_2_2-00000066_1.tif,63.102837,63.103180,0.176067,-10.383721,-10.430638,-10.389762,0.531082,0.000000,0.000000,0.000000
67,C:/Users/VicUser/Documents/RobC/20260801/VF1_2_2\VF1_2_2-00000067_0.tif,C:/Users/VicUser/Documents/RobC/20260801/VF1_2_2\VF1_2_2-00000067_1.tif,63.602773,63.603192,0.183400,-10.383721,-10.430638,-10.389762,0.552625,0.000000,0.000000,0.000000
68,C:/Users/VicUser/Documents/RobC/20260801/VF1_2_2\VF1_2_2-00000068_0.tif,C:/Users/VicUser/Documents/RobC/20260801/VF1_2_2\VF1_2_2-00000068_1.tif,64.102799,64.103093,0.188819,-10.383721,-10.430638,-10.389762,0.568548,0.000000,0.000000,0.000000
69,C:/Users/VicUser/Documents/RobC/20260801/VF1_2_2\VF1_2_2-00000069_0.tif,C:/Users/VicUser/Documents/RobC/20260801/VF1_2_2\VF1_2_2-00000069_1.tif,64.602769,64.603078,0.193283,-10.383721,-10.430638,-10.389762,0.581661,0.000000,0.000000,0.000000
70,C:/Users/VicUser/Documents/RobC/20260801/VF1_2_2\VF1_2_2-00000070_0.tif,C:/Users/VicUser/Documents/RobC/20260801/VF1_2_2\VF1_2_2-00000070_1.tif,65.102827,65.103099,0.197427,-10.383721,-10.430638,-10.389762,0.593837,0.000000,0.000000,0.000000
71,C:/Users/VicUser/Documents/RobC/20260801/VF1_2_2\VF1_2_2-00000071_0.tif,C:/Users/VicUser/Documents/RobC/20260801/VF1_2_2\VF1_2_2-00000071_1.tif,65.602791,65.603172,0.202528,-10.383721,-10.430638,-10.389762,0.608824,0.000000,0.000000,0.000000
72,C:/Users/VicUser/Documents/RobC/20260801/VF1_2_2\VF1_2_2-00000072_0.tif,C:/Users/VicUser/Documents/RobC/20260801/VF1_2_2\VF1_2_2-00000072_1.tif,66.102802,66.103116,0.208585,-10.383721,-10.430638,-10.389762,0.626620,0.000000,0.000000,0.000000
73,C:/Users/VicUser/Documents/RobC/20260801/VF1_2_2\VF1_2_2-00000073_0.tif,C:/Users/VicUser/Documents/RobC/20260801/VF1_2_2\VF1_2_2-00000073_1.tif,66.602806,66.603207,0.214643,-10.383721,-10.430638,-10.389762,0.644417,0.000000,0.000000,0.000000
74,C:/Users/VicUser/Documents/RobC/20260801/VF1_2_2\VF1_2_2-00000074_0.tif,C:/Users/VicUser/Documents/RobC/20260801/VF1_2_2\VF1_2_2-00000074_1.tif,67.102823,67.103106,0.215280,-10.383721,-10.430638,-10.389762,0.646290,0.000000,0.000000,0.000000
75,C:/Users/VicUser/Documents/RobC/20260801/VF1_2_2\VF1_2_2-00000075_0.tif,C:/Users/VicUser/Documents/RobC/20260801/VF1_2_2\VF1_2_2-00000075_1.tif,67.602716,67.603000,0.222932,-10.383721,-10.430638,-10.389762,0.668769,0.000000,0.000000,0.000000
76,C:/Users/VicUser/Documents/RobC/20260801/VF1_2_2\VF1_2_2-00000076_0.tif,C:/Users/VicUser/Documents/RobC/20260801/VF1_2_2\VF1_2_2-00000076_1.tif,68.102849,68.103125,0.228670,-10.383721,-10.430638,-10.389762,0.685629,0.000000,0.000000,0.000000
77,C:/Users/VicUser/Documents/RobC/20260801/VF1_2_2\VF1_2_2-00000077_0.tif,C:/Users/VicUser/Documents/RobC/20260801/VF1_2_2\VF1_2_2-00000077_1.tif,68.602807,68.603147,0.234727,-10.383721,-10.430638,-10.389762,0.703426,0.000000,0.000000,0.000000
78,C:/Users/VicUser/Documents/RobC/20260801/VF1_2_2\VF1_2_2-00000078_0.tif,C:/Users/VicUser/Documents/RobC/20260801/VF1_2_2\VF1_2_2-00000078_1.tif,69.102788,69.103077,0.240147,-10.383721,-10.430638,-10.389762,0.719349,0.000000,0.000000,0.000000
79,C:/Users/VicUser/Documents/RobC/20260801/VF1_2_2\VF1_2_2-00000079_0.tif,C:/Users/VicUser/Documents/RobC/20260801/VF1_2_2\VF1_2_2-00000079_1.tif,69.602845,69.603136,0.246523,-10.383721,-10.430638,-10.389762,0.738082,0.000000,0.000000,0.000000
80,C:/Users/VicUser/Documents/RobC/20260801/VF1_2_2\VF1_2_2-00000080_0.tif,C:/Users/VicUser/Documents/RobC/20260801/VF1_2_2\VF1_2_2-00000080_1.tif,70.102808,70.103115,0.251943,-10.383721,-10.430638,-10.389762,0.754005,0.000000,0.000000,0.000000
81,C:/Users/VicUser/Documents/RobC/20260801/VF1_2_2\VF1_2_2-00000081_0.tif,C:/Users/VicUser/Documents/RobC/20260801/VF1_2_2\VF1_2_2-00000081_1.tif,70.602761,70.603166,0.257044,-10.383721,-10.430638,-10.389762,0.768991,0.000000,0.000000,0.000000
82,C:/Users/VicUser/Documents/RobC/20260801/VF1_2_2\VF1_2_2-00000082_0.tif,C:/Users/VicUser/Documents/RobC/20260801/VF1_2_2\VF1_2_2-00000082_1.tif,71.102857,71.103214,0.262782,-10.383721,-10.430638,-10.389762,0.785851,0.000000,0.000000,0.000000
83,C:/Users/VicUser/Documents/RobC/20260801/VF1_2_2\VF1_2_2-00000083_0.tif,C:/Users/VicUser/Documents/RobC/20260801/VF1_2_2\VF1_2_2-00000083_1.tif,71.602864,71.603055,0.266927,-10.383721,-10.430638,-10.389762,0.798028,0.000000,0.000000,0.000000
84,C:/Users/VicUser/Documents/RobC/20260801/VF1_2_2\VF1_2_2-00000084_0.tif,C:/Users/VicUser/Documents/RobC/20260801/VF1_2_2\VF1_2_2-00000084_1.tif,72.102795,72.103124,0.271709,-10.383721,-10.430638,-10.389762,0.812077,0.000000,0.000000,0.000000
85,C:/Users/VicUser/Documents/RobC/20260801/VF1_2_2\VF1_2_2-00000085_0.tif,C:/Users/VicUser/Documents/RobC/20260801/VF1_2_2\VF1_2_2-00000085_1.tif,72.602848,72.603155,0.276491,-10.383721,-10.430638,-10.389762,0.826127,0.000000,0.000000,0.000000
86,C:/Users/VicUser/Documents/RobC/20260801/VF1_2_2\VF1_2_2-00000086_0.tif,C:/Users/VicUser/Documents/RobC/20260801/VF1_2_2\VF1_2_2-00000086_1.tif,73.102856,73.103110,0.283823,-10.383721,-10.430638,-10.389762,0.847670,0.000000,0.000000,0.000000
87,C:/Users/VicUser/Documents/RobC/20260801/VF1_2_2\VF1_2_2-00000087_0.tif,C:/Users/VicUser/Documents/RobC/20260801/VF1_2_2\VF1_2_2-00000087_1.tif,73.602837,73.603160,0.289243,-10.383721,-10.430638,-10.389762,0.863593,0.000000,0.000000,0.000000
88,C:/Users/VicUser/Documents/RobC/20260801/VF1_2_2\VF1_2_2-00000088_0.tif,C:/Users/VicUser/Documents/RobC/20260801/VF1_2_2\VF1_2_2-00000088_1.tif,74.102881,74.103245,0.293706,-10.383721,-10.430638,-10.389762,0.876706,0.000000,0.000000,0.000000
89,C:/Users/VicUser/Documents/RobC/20260801/VF1_2_2\VF1_2_2-00000089_0.tif,C:/Users/VicUser/Documents/RobC/20260801/VF1_2_2\VF1_2_2-00000089_1.tif,74.602961,74.603319,0.300083,-10.383721,-10.430638,-10.389762,0.895439,0.000000,0.000000,0.000000
90,C:/Users/VicUser/Documents/RobC/20260801/VF1_2_2\VF1_2_2-00000090_0.tif,C:/Users/VicUser/Documents/RobC/20260801/VF1_2_2\VF1_2_2-00000090_1.tif,75.102868,75.103172,0.304546,-10.383721,-10.430638,-10.389762,0.908552,0.000000,0.000000,0.000000
91,C:/Users/VicUser/Documents/RobC/20260801/VF1_2_2\VF1_2_2-00000091_0.tif,C:/Users/VicUser/Documents/RobC/20260801/VF1_2_2\VF1_2_2-00000091_1.tif,75.602820,75.603041,0.310284,-10.383721,-10.430638,-10.389762,0.925412,0.000000,0.000000,0.000000
92,C:/Users/VicUser/Documents/RobC/20260801/VF1_2_2\VF1_2_2-00000092_0.tif,C:/Users/VicUser/Documents/RobC/20260801/VF1_2_2\VF1_2_2-00000092_1.tif,76.102995,76.103324,0.317936,-10.383721,-10.430638,-10.389762,0.947892,0.000000,0.000000,0.000000
93,C:/Users/VicUser/Documents/RobC/20260801/VF1_2_2\VF1_2_2-00000093_0.tif,C:/Users/VicUser/Documents/RobC/20260801/VF1_2_2\VF1_2_2-00000093_1.tif,76.602882,76.603126,0.324631,-10.383721,-10.430638,-10.389762,0.967562,0.000000,0.000000,0.000000
94,C:/Users/VicUser/Documents/RobC/20260801/VF1_2_2\VF1_2_2-00000094_0.tif,C:/Users/VicUser/Documents/RobC/20260801/VF1_2_2\VF1_2_2-00000094_1.tif,77.102952,77.103245,0.328456,-10.383721,-10.430638,-10.389762,0.978801,0.000000,0.000000,0.000000
95,C:/Users/VicUser/Documents/RobC/20260801/VF1_2_2\VF1_2_2-00000095_0.tif,C:/Users/VicUser/Documents/RobC/20260801/VF1_2_2\VF1_2_2-00000095_1.tif,77.602867,77.603167,0.335151,-10.383721,-10.430638,-10.389762,0.998471,0.000000,0.000000,0.000000
96,C:/Users/VicUser/Documents/RobC/20260801/VF1_2_2\VF1_2_2-00000096_0.tif,C:/Users/VicUser/Documents/RobC/20260801/VF1_2_2\VF1_2_2-00000096_1.tif,78.102902,78.103203,0.339933,-10.383721,-10.430638,-10.389762,1.012521,0.000000,0.000000,0.000000
97,C:/Users/VicUser/Documents/RobC/20260801/VF1_2_2\VF1_2_2-00000097_0.tif,C:/Users/VicUser/Documents/RobC/20260801/VF1_2_2\VF1_2_2-00000097_1.tif,78.602826,78.603175,0.346309,-10.383721,-10.430638,-10.389762,1.031254,0.000000,0.000000,0.000000
98,C:/Users/VicUser/Documents/RobC/20260801/VF1_2_2\VF1_2_2-00000098_0.tif,C:/Users/VicUser/Documents/RobC/20260801/VF1_2_2\VF1_2_2-00000098_1.tif,79.102946,79.103262,0.352367,-10.383721,-10.430638,-10.389762,1.049050,0.000000,0.000000,0.000000
99,C:/Users/VicUser/Documents/RobC/20260801/VF1_2_2\VF1_2_2-00000099_0.tif,C:/Users/VicUser/Documents/RobC/20260801/VF1_2_2\VF1_2_2-00000099_1.tif,79.602914,79.603195,0.357468,-10.383721,-10.430638,-10.389762,1.064037,0.000000,0.000000,0.000000
100,C:/Users/VicUser/Documents/RobC/20260801/VF1_2_2\VF1_2_2-00000100_0.tif,C:/Users/VicUser/Documents/RobC/20260801/VF1_2_2\VF1_2_2-00000100_1.tif,80.102815,80.103105,0.364163,-10.383721,-10.430638,-10.389762,1.083706,0.000000,0.000000,0.000000
101,C:/Users/VicUser/Documents/RobC/20260801/VF1_2_2\VF1_2_2-00000101_0.tif,C:/Users/VicUser/Documents/RobC/20260801/VF1_2_2\VF1_2_2-00000101_1.tif,80.602853,80.603230,0.368945,-10.383721,-10.430638,-10.389762,1.097756,0.000000,0.000000,0.000000
102,C:/Users/VicUser/Documents/RobC/20260801/VF1_2_2\VF1_2_2-00000102_0.tif,C:/Users/VicUser/Documents/RobC/20260801/VF1_2_2\VF1_2_2-00000102_1.tif,81.102885,81.103141,0.375321,-10.383721,-10.430638,-10.389762,1.116489,0.000000,0.000000,0.000000
103,C:/Users/VicUser/Documents/RobC/20260801/VF1_2_2\VF1_2_2-00000103_0.tif,C:/Users/VicUser/Documents/RobC/20260801/VF1_2_2\VF1_2_2-00000103_1.tif,81.602814,81.603117,0.380740,-10.383721,-10.430638,-10.389762,1.132412,0.000000,0.000000,0.000000
104,C:/Users/VicUser/Documents/RobC/20260801/VF1_2_2\VF1_2_2-00000104_0.tif,C:/Users/VicUser/Documents/RobC/20260801/VF1_2_2\VF1_2_2-00000104_1.tif,82.102802,82.103101,0.384566,-10.383721,-10.430638,-10.389762,1.143652,0.000000,0.000000,0.000000
105,C:/Users/VicUser/Documents/RobC/20260801/VF1_2_2\VF1_2_2-00000105_0.tif,C:/Users/VicUser/Documents/RobC/20260801/VF1_2_2\VF1_2_2-00000105_1.tif,82.602803,82.603182,0.392218,-10.383721,-10.430638,-10.389762,1.166132,0.000000,0.000000,0.000000
106,C:/Users/VicUser/Documents/RobC/20260801/VF1_2_2\VF1_2_2-00000106_0.tif,C:/Users/VicUser/Documents/RobC/20260801/VF1_2_2\VF1_2_2-00000106_1.tif,83.102800,83.103151,0.397318,-10.383721,-10.430638,-10.389762,1.181118,0.000000,0.000000,0.000000
107,C:/Users/VicUser/Documents/RobC/20260801/VF1_2_2\VF1_2_2-00000107_0.tif,C:/Users/VicUser/Documents/RobC/20260801/VF1_2_2\VF1_2_2-00000107_1.tif,83.602813,83.603166,0.401463,-10.383721,-10.430638,-10.389762,1.193295,0.000000,0.000000,0.000000
108,C:/Users/VicUser/Documents/RobC/20260801/VF1_2_2\VF1_2_2-00000108_0.tif,C:/Users/VicUser/Documents/RobC/20260801/VF1_2_2\VF1_2_2-00000108_1.tif,84.102800,84.103090,0.407839,-10.383721,-10.430638,-10.389762,1.212028,0.000000,0.000000,0.000000
109,C:/Users/VicUser/Documents/RobC/20260801/VF1_2_2\VF1_2_2-00000109_0.tif,C:/Users/VicUser/Documents/RobC/20260801/VF1_2_2\VF1_2_2-00000109_1.tif,84.602758,84.603121,0.415172,-10.383721,-10.430638,-10.389762,1.233571,0.000000,0.000000,0.000000
110,C:/Users/VicUser/Documents/RobC/20260801/VF1_2_2\VF1_2_2-00000110_0.tif,C:/Users/VicUser/Documents/RobC/20260801/VF1_2_2\VF1_2_2-00000110_1.tif,85.102976,85.103221,0.418997,-10.383721,-10.430638,-10.389762,1.244811,0.000000,0.000000,0.000000
111,C:/Users/VicUser/Documents/RobC/20260801/VF1_2_2\VF1_2_2-00000111_0.tif,C:/Users/VicUser/Documents/RobC/20260801/VF1_2_2\VF1_2_2-00000111_1.tif,85.602838,85.603235,0.426649,-10.383721,-10.430638,-10.389762,1.267290,0.000000,0.000000,0.000000
112,C:/Users/VicUser/Documents/RobC/20260801/VF1_2_2\VF1_2_2-00000112_0.tif,C:/Users/VicUser/Documents/RobC/20260801/VF1_2_2\VF1_2_2-00000112_1.tif,86.102818,86.103147,0.433343,-10.383721,-10.430638,-10.389762,1.286960,0.000000,0.000000,0.000000
113,C:/Users/VicUser/Documents/RobC/20260801/VF1_2_2\VF1_2_2-00000113_0.tif,C:/Users/VicUser/Documents/RobC/20260801/VF1_2_2\VF1_2_2-00000113_1.tif,86.602754,86.603158,0.439720,-10.383721,-10.430638,-10.389762,1.305693,0.000000,0.000000,0.000000
114,C:/Users/VicUser/Documents/RobC/20260801/VF1_2_2\VF1_2_2-00000114_0.tif,C:/Users/VicUser/Documents/RobC/20260801/VF1_2_2\VF1_2_2-00000114_1.tif,87.102812,87.103143,0.445139,-10.383721,-10.430638,-10.389762,1.321616,0.000000,0.000000,0.000000
115,C:/Users/VicUser/Documents/RobC/20260801/VF1_2_2\VF1_2_2-00000115_0.tif,C:/Users/VicUser/Documents/RobC/20260801/VF1_2_2\VF1_2_2-00000115_1.tif,87.602809,87.603206,0.449921,-10.383721,-10.430638,-10.389762,1.335666,0.000000,0.000000,0.000000
116,C:/Users/VicUser/Documents/RobC/20260801/VF1_2_2\VF1_2_2-00000116_0.tif,C:/Users/VicUser/Documents/RobC/20260801/VF1_2_2\VF1_2_2-00000116_1.tif,88.102828,88.103132,0.455979,-10.383721,-10.430638,-10.389762,1.353462,0.000000,0.000000,0.000000
117,C:/Users/VicUser/Documents/RobC/20260801/VF1_2_2\VF1_2_2-00000117_0.tif,C:/Users/VicUser/Documents/RobC/20260801/VF1_2_2\VF1_2_2-00000117_1.tif,88.602822,88.603139,0.461080,-10.383721,-10.430638,-10.389762,1.368449,0.000000,0.000000,0.000000
118,C:/Users/VicUser/Documents/RobC/20260801/VF1_2_2\VF1_2_2-00000118_0.tif,C:/Users/VicUser/Documents/RobC/20260801/VF1_2_2\VF1_2_2-00000118_1.tif,89.102841,89.103132,0.466818,-10.383721,-10.430638,-10.389762,1.385308,0.000000,0.000000,0.000000
119,C:/Users/VicUser/Documents/RobC/20260801/VF1_2_2\VF1_2_2-00000119_0.tif,C:/Users/VicUser/Documents/RobC/20260801/VF1_2_2\VF1_2_2-00000119_1.tif,89.602789,89.603059,0.473832,-10.383721,-10.430638,-10.389762,1.405915,0.000000,0.000000,0.000000
120,C:/Users/VicUser/Documents/RobC/20260801/VF1_2_2\VF1_2_2-00000120_0.tif,C:/Users/VicUser/Documents/RobC/20260801/VF1_2_2\VF1_2_2-00000120_1.tif,90.102804,90.103030,0.478295,-10.383721,-10.430638,-10.389762,1.419028,0.000000,0.000000,0.000000
121,C:/Users/VicUser/Documents/RobC/20260801/VF1_2_2\VF1_2_2-00000121_0.tif,C:/Users/VicUser/Documents/RobC/20260801/VF1_2_2\VF1_2_2-00000121_1.tif,90.602882,90.603208,0.484352,-10.383721,-10.430638,-10.389762,1.436824,0.000000,0.000000,0.000000
122,C:/Users/VicUser/Documents/RobC/20260801/VF1_2_2\VF1_2_2-00000122_0.tif,C:/Users/VicUser/Documents/RobC/20260801/VF1_2_2\VF1_2_2-00000122_1.tif,91.102756,91.103116,0.490729,-10.383721,-10.430638,-10.389762,1.455557,0.000000,0.000000,0.000000
123,C:/Users/VicUser/Documents/RobC/20260801/VF1_2_2\VF1_2_2-00000123_0.tif,C:/Users/VicUser/Documents/RobC/20260801/VF1_2_2\VF1_2_2-00000123_1.tif,91.602841,91.603013,0.497105,-10.383721,-10.430638,-10.389762,1.474290,0.000000,0.000000,0.000000
124,C:/Users/VicUser/Documents/RobC/20260801/VF1_2_2\VF1_2_2-00000124_0.tif,C:/Users/VicUser/Documents/RobC/20260801/VF1_2_2\VF1_2_2-00000124_1.tif,92.102832,92.103214,0.503162,-10.383721,-10.430638,-10.389762,1.492087,0.000000,0.000000,0.000000
125,C:/Users/VicUser/Documents/RobC/20260801/VF1_2_2\VF1_2_2-00000125_0.tif,C:/Users/VicUser/Documents/RobC/20260801/VF1_2_2\VF1_2_2-00000125_1.tif,92.602862,92.603254,0.506988,-10.383721,-10.430638,-10.389762,1.503327,0.000000,0.000000,0.000000
126,C:/Users/VicUser/Documents/RobC/20260801/VF1_2_2\VF1_2_2-00000126_0.tif,C:/Users/VicUser/Documents/RobC/20260801/VF1_2_2\VF1_2_2-00000126_1.tif,93.102866,93.103289,0.515277,-10.383721,-10.430638,-10.389762,1.527679,0.000000,0.000000,0.000000
127,C:/Users/VicUser/Documents/RobC/20260801/VF1_2_2\VF1_2_2-00000127_0.tif,C:/Users/VicUser/Documents/RobC/20260801/VF1_2_2\VF1_2_2-00000127_1.tif,93.602795,93.603092,0.520059,-10.383721,-10.430638,-10.389762,1.541729,0.000000,0.000000,0.000000
128,C:/Users/VicUser/Documents/RobC/20260801/VF1_2_2\VF1_2_2-00000128_0.tif,C:/Users/VicUser/Documents/RobC/20260801/VF1_2_2\VF1_2_2-00000128_1.tif,94.102841,94.103115,0.527391,-10.383721,-10.430638,-10.389762,1.563272,0.000000,0.000000,0.000000
129,C:/Users/VicUser/Documents/RobC/20260801/VF1_2_2\VF1_2_2-00000129_0.tif,C:/Users/VicUser/Documents/RobC/20260801/VF1_2_2\VF1_2_2-00000129_1.tif,94.602790,94.603236,0.533449,-10.383721,-10.430638,-10.389762,1.581069,0.000000,0.000000,0.000000
130,C:/Users/VicUser/Documents/RobC/20260801/VF1_2_2\VF1_2_2-00000130_0.tif,C:/Users/VicUser/Documents/RobC/20260801/VF1_2_2\VF1_2_2-00000130_1.tif,95.102774,95.103080,0.537912,-10.383721,-10.430638,-10.389762,1.594182,0.000000,0.000000,0.000000
131,C:/Users/VicUser/Documents/RobC/20260801/VF1_2_2\VF1_2_2-00000131_0.tif,C:/Users/VicUser/Documents/RobC/20260801/VF1_2_2\VF1_2_2-00000131_1.tif,95.602880,95.603179,0.544926,-10.383721,-10.430638,-10.389762,1.614788,0.000000,0.000000,0.000000
132,C:/Users/VicUser/Documents/RobC/20260801/VF1_2_2\VF1_2_2-00000132_0.tif,C:/Users/VicUser/Documents/RobC/20260801/VF1_2_2\VF1_2_2-00000132_1.tif,96.102858,96.103225,0.550026,-10.383721,-10.430638,-10.389762,1.629774,0.000000,0.000000,0.000000
133,C:/Users/VicUser/Documents/RobC/20260801/VF1_2_2\VF1_2_2-00000133_0.tif,C:/Users/VicUser/Documents/RobC/20260801/VF1_2_2\VF1_2_2-00000133_1.tif,96.602790,96.603112,0.555765,-10.383721,-10.430638,-10.389762,1.646634,0.000000,0.000000,0.000000
134,C:/Users/VicUser/Documents/RobC/20260801/VF1_2_2\VF1_2_2-00000134_0.tif,C:/Users/VicUser/Documents/RobC/20260801/VF1_2_2\VF1_2_2-00000134_1.tif,97.102781,97.103065,0.561185,-10.383721,-10.430638,-10.389762,1.662557,0.000000,0.000000,0.000000
135,C:/Users/VicUser/Documents/RobC/20260801/VF1_2_2\VF1_2_2-00000135_0.tif,C:/Users/VicUser/Documents/RobC/20260801/VF1_2_2\VF1_2_2-00000135_1.tif,97.602793,97.603146,0.566604,-10.383721,-10.430638,-10.389762,1.678480,0.000000,0.000000,0.000000
136,C:/Users/VicUser/Documents/RobC/20260801/VF1_2_2\VF1_2_2-00000136_0.tif,C:/Users/VicUser/Documents/RobC/20260801/VF1_2_2\VF1_2_2-00000136_1.tif,98.102864,98.103205,0.572024,-10.383721,-10.430638,-10.389762,1.694404,0.000000,0.000000,0.000000
137,C:/Users/VicUser/Documents/RobC/20260801/VF1_2_2\VF1_2_2-00000137_0.tif,C:/Users/VicUser/Documents/RobC/20260801/VF1_2_2\VF1_2_2-00000137_1.tif,98.602779,98.603173,0.578081,-10.383721,-10.430638,-10.389762,1.712200,0.000000,0.000000,0.000000
138,C:/Users/VicUser/Documents/RobC/20260801/VF1_2_2\VF1_2_2-00000138_0.tif,C:/Users/VicUser/Documents/RobC/20260801/VF1_2_2\VF1_2_2-00000138_1.tif,99.102785,99.103145,0.584458,-10.383721,-10.430638,-10.389762,1.730933,0.000000,0.000000,0.000000
139,C:/Users/VicUser/Documents/RobC/20260801/VF1_2_2\VF1_2_2-00000139_0.tif,C:/Users/VicUser/Documents/RobC/20260801/VF1_2_2\VF1_2_2-00000139_1.tif,99.602846,99.603195,0.590515,-10.383721,-10.430638,-10.389762,1.748729,0.000000,0.000000,0.000000
140,C:/Users/VicUser/Documents/RobC/20260801/VF1_2_2\VF1_2_2-00000140_0.tif,C:/Users/VicUser/Documents/RobC/20260801/VF1_2_2\VF1_2_2-00000140_1.tif,100.102804,100.103159,0.596572,-10.383721,-10.430638,-10.389762,1.766526,0.000000,0.000000,0.000000
141,C:/Users/VicUser/Documents/RobC/20260801/VF1_2_2\VF1_2_2-00000141_0.tif,C:/Users/VicUser/Documents/RobC/20260801/VF1_2_2\VF1_2_2-00000141_1.tif,100.602803,100.603130,0.601992,-10.383721,-10.430638,-10.389762,1.782449,0.000000,0.000000,0.000000
142,C:/Users/VicUser/Documents/RobC/20260801/VF1_2_2\VF1_2_2-00000142_0.tif,C:/Users/VicUser/Documents/RobC/20260801/VF1_2_2\VF1_2_2-00000142_1.tif,101.102856,101.103015,0.607412,-10.383721,-10.430638,-10.389762,1.798372,0.000000,0.000000,0.000000
143,C:/Users/VicUser/Documents/RobC/20260801/VF1_2_2\VF1_2_2-00000143_0.tif,C:/Users/VicUser/Documents/RobC/20260801/VF1_2_2\VF1_2_2-00000143_1.tif,101.602828,101.603273,0.610281,-10.383721,-10.430638,-10.389762,1.806802,0.000000,0.000000,0.000000
144,C:/Users/VicUser/Documents/RobC/20260801/VF1_2_2\VF1_2_2-00000144_0.tif,C:/Users/VicUser/Documents/RobC/20260801/VF1_2_2\VF1_2_2-00000144_1.tif,102.102835,102.103150,0.617295,-10.383721,-10.430638,-10.389762,1.827408,0.000000,0.000000,0.000000
145,C:/Users/VicUser/Documents/RobC/20260801/VF1_2_2\VF1_2_2-00000145_0.tif,C:/Users/VicUser/Documents/RobC/20260801/VF1_2_2\VF1_2_2-00000145_1.tif,102.602814,102.603245,0.622714,-10.383721,-10.430638,-10.389762,1.843331,0.000000,0.000000,0.000000
146,C:/Users/VicUser/Documents/RobC/20260801/VF1_2_2\VF1_2_2-00000146_0.tif,C:/Users/VicUser/Documents/RobC/20260801/VF1_2_2\VF1_2_2-00000146_1.tif,103.102840,103.103126,0.627178,-10.383721,-10.430638,-10.389762,1.856444,0.000000,0.000000,0.000000
147,C:/Users/VicUser/Documents/RobC/20260801/VF1_2_2\VF1_2_2-00000147_0.tif,C:/Users/VicUser/Documents/RobC/20260801/VF1_2_2\VF1_2_2-00000147_1.tif,103.602925,103.603215,0.633554,-10.383721,-10.430638,-10.389762,1.875177,0.000000,0.000000,0.000000
148,C:/Users/VicUser/Documents/RobC/20260801/VF1_2_2\VF1_2_2-00000148_0.tif,C:/Users/VicUser/Documents/RobC/20260801/VF1_2_2\VF1_2_2-00000148_1.tif,104.102829,104.103181,0.637379,-10.383721,-10.430638,-10.389762,1.886417,0.000000,0.000000,0.000000
149,C:/Users/VicUser/Documents/RobC/20260801/VF1_2_2\VF1_2_2-00000149_0.tif,C:/Users/VicUser/Documents/RobC/20260801/VF1_2_2\VF1_2_2-00000149_1.tif,104.602826,104.603124,0.642480,-10.383721,-10.430638,-10.389762,1.901403,0.000000,0.000000,0.000000
150,C:/Users/VicUser/Documents/RobC/20260801/VF1_2_2\VF1_2_2-00000150_0.tif,C:/Users/VicUser/Documents/RobC/20260801/VF1_2_2\VF1_2_2-00000150_1.tif,105.102960,105.103275,0.649813,-10.383721,-10.430638,-10.389762,1.922947,0.000000,0.000000,0.000000
151,C:/Users/VicUser/Documents/RobC/20260801/VF1_2_2\VF1_2_2-00000151_0.tif,C:/Users/VicUser/Documents/RobC/20260801/VF1_2_2\VF1_2_2-00000151_1.tif,105.602934,105.603256,0.655551,-10.383721,-10.430638,-10.389762,1.939806,0.000000,0.000000,0.000000
152,C:/Users/VicUser/Documents/RobC/20260801/VF1_2_2\VF1_2_2-00000152_0.tif,C:/Users/VicUser/Documents/RobC/20260801/VF1_2_2\VF1_2_2-00000152_1.tif,106.102922,106.103293,0.660015,-10.383721,-10.430638,-10.389762,1.952919,0.000000,0.000000,0.000000
153,C:/Users/VicUser/Documents/RobC/20260801/VF1_2_2\VF1_2_2-00000153_0.tif,C:/Users/VicUser/Documents/RobC/20260801/VF1_2_2\VF1_2_2-00000153_1.tif,106.602808,106.603178,0.666072,-10.383721,-10.430638,-10.389762,1.970716,0.000000,0.000000,0.000000
154,C:/Users/VicUser/Documents/RobC/20260801/VF1_2_2\VF1_2_2-00000154_0.tif,C:/Users/VicUser/Documents/RobC/20260801/VF1_2_2\VF1_2_2-00000154_1.tif,107.102850,107.103212,0.670535,-10.383721,-10.430638,-10.389762,1.983829,0.000000,0.000000,0.000000
155,C:/Users/VicUser/Documents/RobC/20260801/VF1_2_2\VF1_2_2-00000155_0.tif,C:/Users/VicUser/Documents/RobC/20260801/VF1_2_2\VF1_2_2-00000155_1.tif,107.602851,107.603138,0.675636,-10.383721,-10.430638,-10.389762,1.998815,0.000000,0.000000,0.000000
156,C:/Users/VicUser/Documents/RobC/20260801/VF1_2_2\VF1_2_2-00000156_0.tif,C:/Users/VicUser/Documents/RobC/20260801/VF1_2_2\VF1_2_2-00000156_1.tif,108.102793,108.103010,0.681693,-10.383721,-10.430638,-10.389762,2.016612,0.000000,0.000000,0.000000
157,C:/Users/VicUser/Documents/RobC/20260801/VF1_2_2\VF1_2_2-00000157_0.tif,C:/Users/VicUser/Documents/RobC/20260801/VF1_2_2\VF1_2_2-00000157_1.tif,108.602830,108.603248,0.686475,-10.383721,-10.430638,-10.389762,2.030662,0.000000,0.000000,0.000000
158,C:/Users/VicUser/Documents/RobC/20260801/VF1_2_2\VF1_2_2-00000158_0.tif,C:/Users/VicUser/Documents/RobC/20260801/VF1_2_2\VF1_2_2-00000158_1.tif,109.102779,109.103263,0.694446,-10.383721,-10.430638,-10.389762,2.054078,0.000000,0.000000,0.000000
159,C:/Users/VicUser/Documents/RobC/20260801/VF1_2_2\VF1_2_2-00000159_0.tif,C:/Users/VicUser/Documents/RobC/20260801/VF1_2_2\VF1_2_2-00000159_1.tif,109.602823,109.603270,0.698590,-10.383721,-10.430638,-10.389762,2.066254,0.000000,0.000000,0.000000
160,C:/Users/VicUser/Documents/RobC/20260801/VF1_2_2\VF1_2_2-00000160_0.tif,C:/Users/VicUser/Documents/RobC/20260801/VF1_2_2\VF1_2_2-00000160_1.tif,110.102812,110.103227,0.702735,-10.383721,-10.430638,-10.389762,2.078431,0.000000,0.000000,0.000000
161,C:/Users/VicUser/Documents/RobC/20260801/VF1_2_2\VF1_2_2-00000161_0.tif,C:/Users/VicUser/Documents/RobC/20260801/VF1_2_2\VF1_2_2-00000161_1.tif,110.602822,110.603205,0.708473,-10.383721,-10.430638,-10.389762,2.095291,0.000000,0.000000,0.000000
162,C:/Users/VicUser/Documents/RobC/20260801/VF1_2_2\VF1_2_2-00000162_0.tif,C:/Users/VicUser/Documents/RobC/20260801/VF1_2_2\VF1_2_2-00000162_1.tif,111.102780,111.103215,0.714530,-10.383721,-10.430638,-10.389762,2.113087,0.000000,0.000000,0.000000
163,C:/Users/VicUser/Documents/RobC/20260801/VF1_2_2\VF1_2_2-00000163_0.tif,C:/Users/VicUser/Documents/RobC/20260801/VF1_2_2\VF1_2_2-00000163_1.tif,111.602815,111.603187,0.718037,-10.383721,-10.430638,-10.389762,2.123390,0.000000,0.000000,0.000000
164,C:/Users/VicUser/Documents/RobC/20260801/VF1_2_2\VF1_2_2-00000164_0.tif,C:/Users/VicUser/Documents/RobC/20260801/VF1_2_2\VF1_2_2-00000164_1.tif,112.102880,112.103290,0.722501,-10.383721,-10.430638,-10.389762,2.136503,0.000000,0.000000,0.000000
165,C:/Users/VicUser/Documents/RobC/20260801/VF1_2_2\VF1_2_2-00000165_0.tif,C:/Users/VicUser/Documents/RobC/20260801/VF1_2_2\VF1_2_2-00000165_1.tif,112.602805,112.603122,0.727920,-10.383721,-10.430638,-10.389762,2.152426,0.000000,0.000000,0.000000
166,C:/Users/VicUser/Documents/RobC/20260801/VF1_2_2\VF1_2_2-00000166_0.tif,C:/Users/VicUser/Documents/RobC/20260801/VF1_2_2\VF1_2_2-00000166_1.tif,113.102888,113.103201,0.733978,-10.383721,-10.430638,-10.389762,2.170223,0.000000,0.000000,0.000000
167,C:/Users/VicUser/Documents/RobC/20260801/VF1_2_2\VF1_2_2-00000167_0.tif,C:/Users/VicUser/Documents/RobC/20260801/VF1_2_2\VF1_2_2-00000167_1.tif,113.602818,113.603149,0.740672,-10.383721,-10.430638,-10.389762,2.189892,0.000000,0.000000,0.000000
168,C:/Users/VicUser/Documents/RobC/20260801/VF1_2_2\VF1_2_2-00000168_0.tif,C:/Users/VicUser/Documents/RobC/20260801/VF1_2_2\VF1_2_2-00000168_1.tif,114.102932,114.103216,0.743861,-10.383721,-10.430638,-10.389762,2.199259,0.000000,0.000000,0.000000
169,C:/Users/VicUser/Documents/RobC/20260801/VF1_2_2\VF1_2_2-00000169_0.tif,C:/Users/VicUser/Documents/RobC/20260801/VF1_2_2\VF1_2_2-00000169_1.tif,114.602802,114.603173,0.749918,-10.383721,-10.430638,-10.389762,2.217055,0.000000,0.000000,0.000000
170,C:/Users/VicUser/Documents/RobC/20260801/VF1_2_2\VF1_2_2-00000170_0.tif,C:/Users/VicUser/Documents/RobC/20260801/VF1_2_2\VF1_2_2-00000170_1.tif,115.102849,115.103189,0.755338,-10.383721,-10.430638,-10.389762,2.232978,0.000000,0.000000,0.000000
171,C:/Users/VicUser/Documents/RobC/20260801/VF1_2_2\VF1_2_2-00000171_0.tif,C:/Users/VicUser/Documents/RobC/20260801/VF1_2_2\VF1_2_2-00000171_1.tif,115.602917,115.603174,0.760757,-10.383721,-10.430638,-10.389762,2.248902,0.000000,0.000000,0.000000
172,C:/Users/VicUser/Documents/RobC/20260801/VF1_2_2\VF1_2_2-00000172_0.tif,C:/Users/VicUser/Documents/RobC/20260801/VF1_2_2\VF1_2_2-00000172_1.tif,116.102774,116.103111,0.766496,-10.383721,-10.430638,-10.389762,2.265761,0.000000,0.000000,0.000000
173,C:/Users/VicUser/Documents/RobC/20260801/VF1_2_2\VF1_2_2-00000173_0.tif,C:/Users/VicUser/Documents/RobC/20260801/VF1_2_2\VF1_2_2-00000173_1.tif,116.602784,116.603098,0.771915,-10.383721,-10.430638,-10.389762,2.281684,0.000000,0.000000,0.000000
174,C:/Users/VicUser/Documents/RobC/20260801/VF1_2_2\VF1_2_2-00000174_0.tif,C:/Users/VicUser/Documents/RobC/20260801/VF1_2_2\VF1_2_2-00000174_1.tif,117.102842,117.103127,0.777016,-10.383721,-10.430638,-10.389762,2.296671,0.000000,0.000000,0.000000
175,C:/Users/VicUser/Documents/RobC/20260801/VF1_2_2\VF1_2_2-00000175_0.tif,C:/Users/VicUser/Documents/RobC/20260801/VF1_2_2\VF1_2_2-00000175_1.tif,117.602803,117.603093,0.781480,-10.383721,-10.430638,-10.389762,2.309784,0.000000,0.000000,0.000000
176,C:/Users/VicUser/Documents/RobC/20260801/VF1_2_2\VF1_2_2-00000176_0.tif,C:/Users/VicUser/Documents/RobC/20260801/VF1_2_2\VF1_2_2-00000176_1.tif,118.102819,118.103103,0.786581,-10.383721,-10.430638,-10.389762,2.324770,0.000000,0.000000,0.000000
177,C:/Users/VicUser/Documents/RobC/20260801/VF1_2_2\VF1_2_2-00000177_0.tif,C:/Users/VicUser/Documents/RobC/20260801/VF1_2_2\VF1_2_2-00000177_1.tif,118.602817,118.603139,0.793594,-10.383721,-10.430638,-10.389762,2.345377,0.000000,0.000000,0.000000
178,C:/Users/VicUser/Documents/RobC/20260801/VF1_2_2\VF1_2_2-00000178_0.tif,C:/Users/VicUser/Documents/RobC/20260801/VF1_2_2\VF1_2_2-00000178_1.tif,119.102839,119.103147,0.799014,-10.383721,-10.430638,-10.389762,2.361300,0.000000,0.000000,0.000000
179,C:/Users/VicUser/Documents/RobC/20260801/VF1_2_2\VF1_2_2-00000179_0.tif,C:/Users/VicUser/Documents/RobC/20260801/VF1_2_2\VF1_2_2-00000179_1.tif,119.602801,119.603148,0.804434,-10.383721,-10.430638,-10.389762,2.377223,0.000000,0.000000,0.000000
180,C:/Users/VicUser/Documents/RobC/20260801/VF1_2_2\VF1_2_2-00000180_0.tif,C:/Users/VicUser/Documents/RobC/20260801/VF1_2_2\VF1_2_2-00000180_1.tif,120.102796,120.103207,0.810810,-10.383721,-10.430638,-10.389762,2.395956,0.000000,0.000000,0.000000
181,C:/Users/VicUser/Documents/RobC/20260801/VF1_2_2\VF1_2_2-00000181_0.tif,C:/Users/VicUser/Documents/RobC/20260801/VF1_2_2\VF1_2_2-00000181_1.tif,120.602827,120.603092,0.816548,-10.383721,-10.430638,-10.389762,2.412816,0.000000,0.000000,0.000000
182,C:/Users/VicUser/Documents/RobC/20260801/VF1_2_2\VF1_2_2-00000182_0.tif,C:/Users/VicUser/Documents/RobC/20260801/VF1_2_2\VF1_2_2-00000182_1.tif,121.102795,121.103223,0.822606,-10.383721,-10.430638,-10.389762,2.430612,0.000000,0.000000,0.000000
183,C:/Users/VicUser/Documents/RobC/20260801/VF1_2_2\VF1_2_2-00000183_0.tif,C:/Users/VicUser/Documents/RobC/20260801/VF1_2_2\VF1_2_2-00000183_1.tif,121.602855,121.603146,0.827707,-10.383721,-10.430638,-10.389762,2.445598,0.000000,0.000000,0.000000
184,C:/Users/VicUser/Documents/RobC/20260801/VF1_2_2\VF1_2_2-00000184_0.tif,C:/Users/VicUser/Documents/RobC/20260801/VF1_2_2\VF1_2_2-00000184_1.tif,122.102814,122.103098,0.834083,-10.383721,-10.430638,-10.389762,2.464331,0.000000,0.000000,0.000000
185,C:/Users/VicUser/Documents/RobC/20260801/VF1_2_2\VF1_2_2-00000185_0.tif,C:/Users/VicUser/Documents/RobC/20260801/VF1_2_2\VF1_2_2-00000185_1.tif,122.602803,122.603200,0.838546,-10.383721,-10.430638,-10.389762,2.477445,0.000000,0.000000,0.000000
186,C:/Users/VicUser/Documents/RobC/20260801/VF1_2_2\VF1_2_2-00000186_0.tif,C:/Users/VicUser/Documents/RobC/20260801/VF1_2_2\VF1_2_2-00000186_1.tif,123.102822,123.103147,0.844922,-10.383721,-10.430638,-10.389762,2.496178,0.000000,0.000000,0.000000
187,C:/Users/VicUser/Documents/RobC/20260801/VF1_2_2\VF1_2_2-00000187_0.tif,C:/Users/VicUser/Documents/RobC/20260801/VF1_2_2\VF1_2_2-00000187_1.tif,123.602867,123.603173,0.850342,-10.383721,-10.430638,-10.389762,2.512101,0.000000,0.000000,0.000000
188,C:/Users/VicUser/Documents/RobC/20260801/VF1_2_2\VF1_2_2-00000188_0.tif,C:/Users/VicUser/Documents/RobC/20260801/VF1_2_2\VF1_2_2-00000188_1.tif,124.102826,124.103075,0.855761,-10.383721,-10.430638,-10.389762,2.528024,0.000000,0.000000,0.000000
189,C:/Users/VicUser/Documents/RobC/20260801/VF1_2_2\VF1_2_2-00000189_0.tif,C:/Users/VicUser/Documents/RobC/20260801/VF1_2_2\VF1_2_2-00000189_1.tif,124.602767,124.603050,0.861500,-10.383721,-10.430638,-10.389762,2.544884,0.000000,0.000000,0.000000
190,C:/Users/VicUser/Documents/RobC/20260801/VF1_2_2\VF1_2_2-00000190_0.tif,C:/Users/VicUser/Documents/RobC/20260801/VF1_2_2\VF1_2_2-00000190_1.tif,125.102827,125.103101,0.866920,-10.383721,-10.430638,-10.389762,2.560807,0.000000,0.000000,0.000000
191,C:/Users/VicUser/Documents/RobC/20260801/VF1_2_2\VF1_2_2-00000191_0.tif,C:/Users/VicUser/Documents/RobC/20260801/VF1_2_2\VF1_2_2-00000191_1.tif,125.602841,125.603223,0.872339,-10.383721,-10.430638,-10.389762,2.576730,0.000000,0.000000,0.000000
192,C:/Users/VicUser/Documents/RobC/20260801/VF1_2_2\VF1_2_2-00000192_0.tif,C:/Users/VicUser/Documents/RobC/20260801/VF1_2_2\VF1_2_2-00000192_1.tif,126.102820,126.103141,0.877759,-10.383721,-10.430638,-10.389762,2.592653,0.000000,0.000000,0.000000
193,C:/Users/VicUser/Documents/RobC/20260801/VF1_2_2\VF1_2_2-00000193_0.tif,C:/Users/VicUser/Documents/RobC/20260801/VF1_2_2\VF1_2_2-00000193_1.tif,126.602801,126.603096,0.884135,-10.383721,-10.430638,-10.389762,2.611386,0.000000,0.000000,0.000000
194,C:/Users/VicUser/Documents/RobC/20260801/VF1_2_2\VF1_2_2-00000194_0.tif,C:/Users/VicUser/Documents/RobC/20260801/VF1_2_2\VF1_2_2-00000194_1.tif,127.102841,127.103180,0.889874,-10.383721,-10.430638,-10.389762,2.628246,0.000000,0.000000,0.000000
195,C:/Users/VicUser/Documents/RobC/20260801/VF1_2_2\VF1_2_2-00000195_0.tif,C:/Users/VicUser/Documents/RobC/20260801/VF1_2_2\VF1_2_2-00000195_1.tif,127.602756,127.603113,0.894337,-10.383721,-10.430638,-10.389762,2.641359,0.000000,0.000000,0.000000
196,C:/Users/VicUser/Documents/RobC/20260801/VF1_2_2\VF1_2_2-00000196_0.tif,C:/Users/VicUser/Documents/RobC/20260801/VF1_2_2\VF1_2_2-00000196_1.tif,128.102878,128.103152,0.901032,-10.383721,-10.430638,-10.389762,2.661028,0.000000,0.000000,0.000000
197,C:/Users/VicUser/Documents/RobC/20260801/VF1_2_2\VF1_2_2-00000197_0.tif,C:/Users/VicUser/Documents/RobC/20260801/VF1_2_2\VF1_2_2-00000197_1.tif,128.602871,128.603272,0.906133,-10.383721,-10.430638,-10.389762,2.676015,0.000000,0.000000,0.000000
198,C:/Users/VicUser/Documents/RobC/20260801/VF1_2_2\VF1_2_2-00000198_0.tif,C:/Users/VicUser/Documents/RobC/20260801/VF1_2_2\VF1_2_2-00000198_1.tif,129.102838,129.103189,0.912190,-10.383721,-10.430638,-10.389762,2.693811,0.000000,0.000000,0.000000
199,C:/Users/VicUser/Documents/RobC/20260801/VF1_2_2\VF1_2_2-00000199_0.tif,C:/Users/VicUser/Documents/RobC/20260801/VF1_2_2\VF1_2_2-00000199_1.tif,129.602845,129.603264,0.918885,-10.383721,-10.430638,-10.389762,2.713481,0.000000,0.000000,0.000000
200,C:/Users/VicUser/Documents/RobC/20260801/VF1_2_2\VF1_2_2-00000200_0.tif,C:/Users/VicUser/Documents/RobC/20260801/VF1_2_2\VF1_2_2-00000200_1.tif,130.102805,130.103064,0.923029,-10.383721,-10.430638,-10.389762,2.725657,0.000000,0.000000,0.000000
201,C:/Users/VicUser/Documents/RobC/20260801/VF1_2_2\VF1_2_2-00000201_0.tif,C:/Users/VicUser/Documents/RobC/20260801/VF1_2_2\VF1_2_2-00000201_1.tif,130.602780,130.603150,0.927493,-10.383721,-10.430638,-10.389762,2.738771,0.000000,0.000000,0.000000
202,C:/Users/VicUser/Documents/RobC/20260801/VF1_2_2\VF1_2_2-00000202_0.tif,C:/Users/VicUser/Documents/RobC/20260801/VF1_2_2\VF1_2_2-00000202_1.tif,131.102921,131.103028,0.932912,-10.383721,-10.430638,-10.389762,2.754694,0.000000,0.000000,0.000000
203,C:/Users/VicUser/Documents/RobC/20260801/VF1_2_2\VF1_2_2-00000203_0.tif,C:/Users/VicUser/Documents/RobC/20260801/VF1_2_2\VF1_2_2-00000203_1.tif,131.602845,131.603109,0.939607,-10.383721,-10.430638,-10.389762,2.774363,0.000000,0.000000,0.000000
204,C:/Users/VicUser/Documents/RobC/20260801/VF1_2_2\VF1_2_2-00000204_0.tif,C:/Users/VicUser/Documents/RobC/20260801/VF1_2_2\VF1_2_2-00000204_1.tif,132.102847,132.103166,0.946302,-10.383721,-10.430638,-10.389762,2.794033,0.000000,0.000000,0.000000
205,C:/Users/VicUser/Documents/RobC/20260801/VF1_2_2\VF1_2_2-00000205_0.tif,C:/Users/VicUser/Documents/RobC/20260801/VF1_2_2\VF1_2_2-00000205_1.tif,132.602810,132.603078,0.950766,-10.383721,-10.430638,-10.389762,2.807146,0.000000,0.000000,0.000000
206,C:/Users/VicUser/Documents/RobC/20260801/VF1_2_2\VF1_2_2-00000206_0.tif,C:/Users/VicUser/Documents/RobC/20260801/VF1_2_2\VF1_2_2-00000206_1.tif,133.102935,133.103256,0.955548,-10.383721,-10.430638,-10.389762,2.821196,0.000000,0.000000,0.000000
207,C:/Users/VicUser/Documents/RobC/20260801/VF1_2_2\VF1_2_2-00000207_0.tif,C:/Users/VicUser/Documents/RobC/20260801/VF1_2_2\VF1_2_2-00000207_1.tif,133.602945,133.603305,0.962880,-10.383721,-10.430638,-10.389762,2.842739,0.000000,0.000000,0.000000
208,C:/Users/VicUser/Documents/RobC/20260801/VF1_2_2\VF1_2_2-00000208_0.tif,C:/Users/VicUser/Documents/RobC/20260801/VF1_2_2\VF1_2_2-00000208_1.tif,134.102888,134.103199,0.967662,-10.383721,-10.430638,-10.389762,2.856789,0.000000,0.000000,0.000000
209,C:/Users/VicUser/Documents/RobC/20260801/VF1_2_2\VF1_2_2-00000209_0.tif,C:/Users/VicUser/Documents/RobC/20260801/VF1_2_2\VF1_2_2-00000209_1.tif,134.602881,134.603245,0.974357,-10.383721,-10.430638,-10.389762,2.876458,0.000000,0.000000,0.000000
210,C:/Users/VicUser/Documents/RobC/20260801/VF1_2_2\VF1_2_2-00000210_0.tif,C:/Users/VicUser/Documents/RobC/20260801/VF1_2_2\VF1_2_2-00000210_1.tif,135.102850,135.103229,0.979139,-10.383721,-10.430638,-10.389762,2.890508,0.000000,0.000000,0.000000
211,C:/Users/VicUser/Documents/RobC/20260801/VF1_2_2\VF1_2_2-00000211_0.tif,C:/Users/VicUser/Documents/RobC/20260801/VF1_2_2\VF1_2_2-00000211_1.tif,135.602873,135.603193,0.985197,-10.383721,-10.430638,-10.389762,2.908304,0.000000,0.000000,0.000000
212,C:/Users/VicUser/Documents/RobC/20260801/VF1_2_2\VF1_2_2-00000212_0.tif,C:/Users/VicUser/Documents/RobC/20260801/VF1_2_2\VF1_2_2-00000212_1.tif,136.102794,136.103111,0.990616,-10.383721,-10.430638,-10.389762,2.924228,0.000000,0.000000,0.000000
213,C:/Users/VicUser/Documents/RobC/20260801/VF1_2_2\VF1_2_2-00000213_0.tif,C:/Users/VicUser/Documents/RobC/20260801/VF1_2_2\VF1_2_2-00000213_1.tif,136.602826,136.603235,0.995398,-10.383721,-10.430638,-10.389762,2.938277,0.000000,0.000000,0.000000
214,C:/Users/VicUser/Documents/RobC/20260801/VF1_2_2\VF1_2_2-00000214_0.tif,C:/Users/VicUser/Documents/RobC/20260801/VF1_2_2\VF1_2_2-00000214_1.tif,137.102738,137.103091,1.001137,-10.383721,-10.430638,-10.389762,2.955137,0.000000,0.000000,0.000000
215,C:/Users/VicUser/Documents/RobC/20260801/VF1_2_2\VF1_2_2-00000215_0.tif,C:/Users/VicUser/Documents/RobC/20260801/VF1_2_2\VF1_2_2-00000215_1.tif,137.602811,137.603000,1.005919,-10.383721,-10.430638,-10.389762,2.969187,0.000000,0.000000,0.000000
216,C:/Users/VicUser/Documents/RobC/20260801/VF1_2_2\VF1_2_2-00000216_0.tif,C:/Users/VicUser/Documents/RobC/20260801/VF1_2_2\VF1_2_2-00000216_1.tif,138.102907,138.103351,1.012295,-10.383721,-10.430638,-10.389762,2.987920,0.000000,0.000000,0.000000
217,C:/Users/VicUser/Documents/RobC/20260801/VF1_2_2\VF1_2_2-00000217_0.tif,C:/Users/VicUser/Documents/RobC/20260801/VF1_2_2\VF1_2_2-00000217_1.tif,138.602758,138.603180,1.017396,-10.383721,-10.430638,-10.389762,3.002906,0.000000,0.000000,0.000000
218,C:/Users/VicUser/Documents/RobC/20260801/VF1_2_2\VF1_2_2-00000218_0.tif,C:/Users/VicUser/Documents/RobC/20260801/VF1_2_2\VF1_2_2-00000218_1.tif,139.102884,139.103101,1.022178,-10.383721,-10.430638,-10.389762,3.016956,0.000000,0.000000,0.000000
219,C:/Users/VicUser/Documents/RobC/20260801/VF1_2_2\VF1_2_2-00000219_0.tif,C:/Users/VicUser/Documents/RobC/20260801/VF1_2_2\VF1_2_2-00000219_1.tif,139.602799,139.603134,1.027279,-10.383721,-10.430638,-10.389762,3.031942,0.000000,0.000000,0.000000
220,C:/Users/VicUser/Documents/RobC/20260801/VF1_2_2\VF1_2_2-00000220_0.tif,C:/Users/VicUser/Documents/RobC/20260801/VF1_2_2\VF1_2_2-00000220_1.tif,140.102861,140.103264,1.033018,-10.383721,-10.430638,-10.389762,3.048802,0.000000,0.000000,0.000000
221,C:/Users/VicUser/Documents/RobC/20260801/VF1_2_2\VF1_2_2-00000221_0.tif,C:/Users/VicUser/Documents/RobC/20260801/VF1_2_2\VF1_2_2-00000221_1.tif,140.602806,140.603243,1.037800,-10.383721,-10.430638,-10.389762,3.062852,0.000000,0.000000,0.000000
222,C:/Users/VicUser/Documents/RobC/20260801/VF1_2_2\VF1_2_2-00000222_0.tif,C:/Users/VicUser/Documents/RobC/20260801/VF1_2_2\VF1_2_2-00000222_1.tif,141.102777,141.103114,1.040988,-10.383721,-10.430638,-10.389762,3.072219,0.000000,0.000000,0.000000
223,C:/Users/VicUser/Documents/RobC/20260801/VF1_2_2\VF1_2_2-00000223_0.tif,C:/Users/VicUser/Documents/RobC/20260801/VF1_2_2\VF1_2_2-00000223_1.tif,141.602837,141.603243,1.046407,-10.383721,-10.430638,-10.389762,3.088142,0.000000,0.000000,0.000000
224,C:/Users/VicUser/Documents/RobC/20260801/VF1_2_2\VF1_2_2-00000224_0.tif,C:/Users/VicUser/Documents/RobC/20260801/VF1_2_2\VF1_2_2-00000224_1.tif,142.102794,142.103152,1.051827,-10.383721,-10.430638,-10.389762,3.104065,0.000000,0.000000,0.000000
225,C:/Users/VicUser/Documents/RobC/20260801/VF1_2_2\VF1_2_2-00000225_0.tif,C:/Users/VicUser/Documents/RobC/20260801/VF1_2_2\VF1_2_2-00000225_1.tif,142.602824,142.603047,1.056928,-10.383721,-10.430638,-10.389762,3.119051,0.000000,0.000000,0.000000
226,C:/Users/VicUser/Documents/RobC/20260801/VF1_2_2\VF1_2_2-00000226_0.tif,C:/Users/VicUser/Documents/RobC/20260801/VF1_2_2\VF1_2_2-00000226_1.tif,143.102865,143.103141,1.059797,-10.383721,-10.430638,-10.389762,3.127481,0.000000,0.000000,0.000000
227,C:/Users/VicUser/Documents/RobC/20260801/VF1_2_2\VF1_2_2-00000227_0.tif,C:/Users/VicUser/Documents/RobC/20260801/VF1_2_2\VF1_2_2-00000227_1.tif,143.602808,143.603254,1.067130,-10.383721,-10.430638,-10.389762,3.149024,0.000000,0.000000,0.000000
228,C:/Users/VicUser/Documents/RobC/20260801/VF1_2_2\VF1_2_2-00000228_0.tif,C:/Users/VicUser/Documents/RobC/20260801/VF1_2_2\VF1_2_2-00000228_1.tif,144.102854,144.103188,1.071593,-10.383721,-10.430638,-10.389762,3.162137,0.000000,0.000000,0.000000
229,C:/Users/VicUser/Documents/RobC/20260801/VF1_2_2\VF1_2_2-00000229_0.tif,C:/Users/VicUser/Documents/RobC/20260801/VF1_2_2\VF1_2_2-00000229_1.tif,144.602920,144.603060,1.077650,-10.383721,-10.430638,-10.389762,3.179934,0.000000,0.000000,0.000000
230,C:/Users/VicUser/Documents/RobC/20260801/VF1_2_2\VF1_2_2-00000230_0.tif,C:/Users/VicUser/Documents/RobC/20260801/VF1_2_2\VF1_2_2-00000230_1.tif,145.102840,145.103134,1.083070,-10.383721,-10.430638,-10.389762,3.195857,0.000000,0.000000,0.000000
231,C:/Users/VicUser/Documents/RobC/20260801/VF1_2_2\VF1_2_2-00000231_0.tif,C:/Users/VicUser/Documents/RobC/20260801/VF1_2_2\VF1_2_2-00000231_1.tif,145.602853,145.603276,1.087533,-10.383721,-10.430638,-10.389762,3.208970,0.000000,0.000000,0.000000
232,C:/Users/VicUser/Documents/RobC/20260801/VF1_2_2\VF1_2_2-00000232_0.tif,C:/Users/VicUser/Documents/RobC/20260801/VF1_2_2\VF1_2_2-00000232_1.tif,146.102835,146.103058,1.092634,-10.383721,-10.430638,-10.389762,3.223956,0.000000,0.000000,0.000000
233,C:/Users/VicUser/Documents/RobC/20260801/VF1_2_2\VF1_2_2-00000233_0.tif,C:/Users/VicUser/Documents/RobC/20260801/VF1_2_2\VF1_2_2-00000233_1.tif,146.602764,146.603057,1.098692,-10.383721,-10.430638,-10.389762,3.241753,0.000000,0.000000,0.000000
234,C:/Users/VicUser/Documents/RobC/20260801/VF1_2_2\VF1_2_2-00000234_0.tif,C:/Users/VicUser/Documents/RobC/20260801/VF1_2_2\VF1_2_2-00000234_1.tif,147.102813,147.103175,1.104749,-10.383721,-10.430638,-10.389762,3.259549,0.000000,0.000000,0.000000
235,C:/Users/VicUser/Documents/RobC/20260801/VF1_2_2\VF1_2_2-00000235_0.tif,C:/Users/VicUser/Documents/RobC/20260801/VF1_2_2\VF1_2_2-00000235_1.tif,147.602831,147.603154,1.109212,-10.383721,-10.430638,-10.389762,3.272662,0.000000,0.000000,0.000000
236,C:/Users/VicUser/Documents/RobC/20260801/VF1_2_2\VF1_2_2-00000236_0.tif,C:/Users/VicUser/Documents/RobC/20260801/VF1_2_2\VF1_2_2-00000236_1.tif,148.102852,148.103172,1.114632,-10.383721,-10.430638,-10.389762,3.288585,0.000000,0.000000,0.000000
237,C:/Users/VicUser/Documents/RobC/20260801/VF1_2_2\VF1_2_2-00000237_0.tif,C:/Users/VicUser/Documents/RobC/20260801/VF1_2_2\VF1_2_2-00000237_1.tif,148.602849,148.603131,1.119733,-10.383721,-10.430638,-10.389762,3.303572,0.000000,0.000000,0.000000
238,C:/Users/VicUser/Documents/RobC/20260801/VF1_2_2\VF1_2_2-00000238_0.tif,C:/Users/VicUser/Documents/RobC/20260801/VF1_2_2\VF1_2_2-00000238_1.tif,149.102792,149.103130,1.125152,-10.383721,-10.430638,-10.389762,3.319495,0.000000,0.000000,0.000000
239,C:/Users/VicUser/Documents/RobC/20260801/VF1_2_2\VF1_2_2-00000239_0.tif,C:/Users/VicUser/Documents/RobC/20260801/VF1_2_2\VF1_2_2-00000239_1.tif,149.602959,149.603106,1.129935,-10.383721,-10.430638,-10.389762,3.333544,0.000000,0.000000,0.000000
240,C:/Users/VicUser/Documents/RobC/20260801/VF1_2_2\VF1_2_2-00000240_0.tif,C:/Users/VicUser/Documents/RobC/20260801/VF1_2_2\VF1_2_2-00000240_1.tif,150.102820,150.103123,1.135036,-10.383721,-10.430638,-10.389762,3.348531,0.000000,0.000000,0.000000
241,C:/Users/VicUser/Documents/RobC/20260801/VF1_2_2\VF1_2_2-00000241_0.tif,C:/Users/VicUser/Documents/RobC/20260801/VF1_2_2\VF1_2_2-00000241_1.tif,150.602828,150.603217,1.141730,-10.383721,-10.430638,-10.389762,3.368201,0.000000,0.000000,0.000000
242,C:/Users/VicUser/Documents/RobC/20260801/VF1_2_2\VF1_2_2-00000242_0.tif,C:/Users/VicUser/Documents/RobC/20260801/VF1_2_2\VF1_2_2-00000242_1.tif,151.102851,151.103100,1.149382,-10.383721,-10.430638,-10.389762,3.390680,0.000000,0.000000,0.000000
243,C:/Users/VicUser/Documents/RobC/20260801/VF1_2_2\VF1_2_2-00000243_0.tif,C:/Users/VicUser/Documents/RobC/20260801/VF1_2_2\VF1_2_2-00000243_1.tif,151.602820,151.603096,1.154483,-10.383721,-10.430638,-10.389762,3.405667,0.000000,0.000000,0.000000
244,C:/Users/VicUser/Documents/RobC/20260801/VF1_2_2\VF1_2_2-00000244_0.tif,C:/Users/VicUser/Documents/RobC/20260801/VF1_2_2\VF1_2_2-00000244_1.tif,152.102834,152.103109,1.158308,-10.383721,-10.430638,-10.389762,3.416907,0.000000,0.000000,0.000000
245,C:/Users/VicUser/Documents/RobC/20260801/VF1_2_2\VF1_2_2-00000245_0.tif,C:/Users/VicUser/Documents/RobC/20260801/VF1_2_2\VF1_2_2-00000245_1.tif,152.602850,152.603101,1.164684,-10.383721,-10.430638,-10.389762,3.435639,0.000000,0.000000,0.000000
246,C:/Users/VicUser/Documents/RobC/20260801/VF1_2_2\VF1_2_2-00000246_0.tif,C:/Users/VicUser/Documents/RobC/20260801/VF1_2_2\VF1_2_2-00000246_1.tif,153.102807,153.103194,1.170104,-10.383721,-10.430638,-10.389762,3.451563,0.000000,0.000000,0.000000
247,C:/Users/VicUser/Documents/RobC/20260801/VF1_2_2\VF1_2_2-00000247_0.tif,C:/Users/VicUser/Documents/RobC/20260801/VF1_2_2\VF1_2_2-00000247_1.tif,153.602846,153.603085,1.175205,-10.383721,-10.430638,-10.389762,3.466549,0.000000,0.000000,0.000000
248,C:/Users/VicUser/Documents/RobC/20260801/VF1_2_2\VF1_2_2-00000248_0.tif,C:/Users/VicUser/Documents/RobC/20260801/VF1_2_2\VF1_2_2-00000248_1.tif,154.102843,154.103130,1.181581,-10.383721,-10.430638,-10.389762,3.485282,0.000000,0.000000,0.000000
249,C:/Users/VicUser/Documents/RobC/20260801/VF1_2_2\VF1_2_2-00000249_0.tif,C:/Users/VicUser/Documents/RobC/20260801/VF1_2_2\VF1_2_2-00000249_1.tif,154.602778,154.603136,1.185726,-10.383721,-10.430638,-10.389762,3.497459,0.000000,0.000000,0.000000
250,C:/Users/VicUser/Documents/RobC/20260801/VF1_2_2\VF1_2_2-00000250_0.tif,C:/Users/VicUser/Documents/RobC/20260801/VF1_2_2\VF1_2_2-00000250_1.tif,155.102807,155.103176,1.193058,-10.383721,-10.430638,-10.389762,3.519001,0.000000,0.000000,0.000000
251,C:/Users/VicUser/Documents/RobC/20260801/VF1_2_2\VF1_2_2-00000251_0.tif,C:/Users/VicUser/Documents/RobC/20260801/VF1_2_2\VF1_2_2-00000251_1.tif,155.602829,155.603100,1.197203,-10.383721,-10.430638,-10.389762,3.531178,0.000000,0.000000,0.000000
252,C:/Users/VicUser/Documents/RobC/20260801/VF1_2_2\VF1_2_2-00000252_0.tif,C:/Users/VicUser/Documents/RobC/20260801/VF1_2_2\VF1_2_2-00000252_1.tif,156.102781,156.103212,1.203260,-10.383721,-10.430638,-10.389762,3.548974,0.000000,0.000000,0.000000
253,C:/Users/VicUser/Documents/RobC/20260801/VF1_2_2\VF1_2_2-00000253_0.tif,C:/Users/VicUser/Documents/RobC/20260801/VF1_2_2\VF1_2_2-00000253_1.tif,156.602846,156.603163,1.207723,-10.383721,-10.430638,-10.389762,3.562088,0.000000,0.000000,0.000000
254,C:/Users/VicUser/Documents/RobC/20260801/VF1_2_2\VF1_2_2-00000254_0.tif,C:/Users/VicUser/Documents/RobC/20260801/VF1_2_2\VF1_2_2-00000254_1.tif,157.102843,157.103098,1.212824,-10.383721,-10.430638,-10.389762,3.577074,0.000000,0.000000,0.000000
255,C:/Users/VicUser/Documents/RobC/20260801/VF1_2_2\VF1_2_2-00000255_0.tif,C:/Users/VicUser/Documents/RobC/20260801/VF1_2_2\VF1_2_2-00000255_1.tif,157.602979,157.603336,1.218881,-10.383721,-10.430638,-10.389762,3.594870,0.000000,0.000000,0.000000
256,C:/Users/VicUser/Documents/RobC/20260801/VF1_2_2\VF1_2_2-00000256_0.tif,C:/Users/VicUser/Documents/RobC/20260801/VF1_2_2\VF1_2_2-00000256_1.tif,158.102845,158.103142,1.223664,-10.383721,-10.430638,-10.389762,3.608920,0.000000,0.000000,0.000000
257,C:/Users/VicUser/Documents/RobC/20260801/VF1_2_2\VF1_2_2-00000257_0.tif,C:/Users/VicUser/Documents/RobC/20260801/VF1_2_2\VF1_2_2-00000257_1.tif,158.602906,158.603114,1.230358,-10.383721,-10.430638,-10.389762,3.628590,0.000000,0.000000,0.000000
258,C:/Users/VicUser/Documents/RobC/20260801/VF1_2_2\VF1_2_2-00000258_0.tif,C:/Users/VicUser/Documents/RobC/20260801/VF1_2_2\VF1_2_2-00000258_1.tif,159.102860,159.103019,1.235459,-10.383721,-10.430638,-10.389762,3.643576,0.000000,0.000000,0.000000
259,C:/Users/VicUser/Documents/RobC/20260801/VF1_2_2\VF1_2_2-00000259_0.tif,C:/Users/VicUser/Documents/RobC/20260801/VF1_2_2\VF1_2_2-00000259_1.tif,159.602833,159.603050,1.240879,-10.383721,-10.430638,-10.389762,3.659499,0.000000,0.000000,0.000000
260,C:/Users/VicUser/Documents/RobC/20260801/VF1_2_2\VF1_2_2-00000260_0.tif,C:/Users/VicUser/Documents/RobC/20260801/VF1_2_2\VF1_2_2-00000260_1.tif,160.102833,160.103127,1.245342,-10.383721,-10.430638,-10.389762,3.672613,0.000000,0.000000,0.000000
261,C:/Users/VicUser/Documents/RobC/20260801/VF1_2_2\VF1_2_2-00000261_0.tif,C:/Users/VicUser/Documents/RobC/20260801/VF1_2_2\VF1_2_2-00000261_1.tif,160.602811,160.603171,1.252675,-10.383721,-10.430638,-10.389762,3.694156,0.000000,0.000000,0.000000
262,C:/Users/VicUser/Documents/RobC/20260801/VF1_2_2\VF1_2_2-00000262_0.tif,C:/Users/VicUser/Documents/RobC/20260801/VF1_2_2\VF1_2_2-00000262_1.tif,161.102995,161.103253,1.259051,-10.383721,-10.430638,-10.389762,3.712888,0.000000,0.000000,0.000000
263,C:/Users/VicUser/Documents/RobC/20260801/VF1_2_2\VF1_2_2-00000263_0.tif,C:/Users/VicUser/Documents/RobC/20260801/VF1_2_2\VF1_2_2-00000263_1.tif,161.602829,161.603190,1.266065,-10.383721,-10.430638,-10.389762,3.733495,0.000000,0.000000,0.000000
264,C:/Users/VicUser/Documents/RobC/20260801/VF1_2_2\VF1_2_2-00000264_0.tif,C:/Users/VicUser/Documents/RobC/20260801/VF1_2_2\VF1_2_2-00000264_1.tif,162.102909,162.103219,1.272760,-10.383721,-10.430638,-10.389762,3.753165,0.000000,0.000000,0.000000
265,C:/Users/VicUser/Documents/RobC/20260801/VF1_2_2\VF1_2_2-00000265_0.tif,C:/Users/VicUser/Documents/RobC/20260801/VF1_2_2\VF1_2_2-00000265_1.tif,162.602947,162.603190,1.279773,-10.383721,-10.430638,-10.389762,3.773771,0.000000,0.000000,0.000000
266,C:/Users/VicUser/Documents/RobC/20260801/VF1_2_2\VF1_2_2-00000266_0.tif,C:/Users/VicUser/Documents/RobC/20260801/VF1_2_2\VF1_2_2-00000266_1.tif,163.102928,163.103194,1.286468,-10.383721,-10.430638,-10.389762,3.793441,0.000000,0.000000,0.000000
267,C:/Users/VicUser/Documents/RobC/20260801/VF1_2_2\VF1_2_2-00000267_0.tif,C:/Users/VicUser/Documents/RobC/20260801/VF1_2_2\VF1_2_2-00000267_1.tif,163.602957,163.603251,1.292526,-10.383721,-10.430638,-10.389762,3.811237,0.000000,0.000000,0.000000
268,C:/Users/VicUser/Documents/RobC/20260801/VF1_2_2\VF1_2_2-00000268_0.tif,C:/Users/VicUser/Documents/RobC/20260801/VF1_2_2\VF1_2_2-00000268_1.tif,164.102832,164.103107,1.300496,-10.383721,-10.430638,-10.389762,3.834653,0.000000,0.000000,0.000000
269,C:/Users/VicUser/Documents/RobC/20260801/VF1_2_2\VF1_2_2-00000269_0.tif,C:/Users/VicUser/Documents/RobC/20260801/VF1_2_2\VF1_2_2-00000269_1.tif,164.602861,164.603230,1.308147,-10.383721,-10.430638,-10.389762,3.857133,0.000000,0.000000,0.000000
270,C:/Users/VicUser/Documents/RobC/20260801/VF1_2_2\VF1_2_2-00000270_0.tif,C:/Users/VicUser/Documents/RobC/20260801/VF1_2_2\VF1_2_2-00000270_1.tif,165.102888,165.103184,1.315480,-10.383721,-10.430638,-10.389762,3.878676,0.000000,0.000000,0.000000
271,C:/Users/VicUser/Documents/RobC/20260801/VF1_2_2\VF1_2_2-00000271_0.tif,C:/Users/VicUser/Documents/RobC/20260801/VF1_2_2\VF1_2_2-00000271_1.tif,165.602895,165.603184,1.320581,-10.383721,-10.430638,-10.389762,3.893662,0.000000,0.000000,0.000000
272,C:/Users/VicUser/Documents/RobC/20260801/VF1_2_2\VF1_2_2-00000272_0.tif,C:/Users/VicUser/Documents/RobC/20260801/VF1_2_2\VF1_2_2-00000272_1.tif,166.102864,166.103184,1.329188,-10.383721,-10.430638,-10.389762,3.918952,0.000000,0.000000,0.000000
273,C:/Users/VicUser/Documents/RobC/20260801/VF1_2_2\VF1_2_2-00000273_0.tif,C:/Users/VicUser/Documents/RobC/20260801/VF1_2_2\VF1_2_2-00000273_1.tif,166.602826,166.603088,1.336521,-10.383721,-10.430638,-10.389762,3.940495,0.000000,0.000000,0.000000
274,C:/Users/VicUser/Documents/RobC/20260801/VF1_2_2\VF1_2_2-00000274_0.tif,C:/Users/VicUser/Documents/RobC/20260801/VF1_2_2\VF1_2_2-00000274_1.tif,167.102861,167.103109,1.345129,-10.383721,-10.430638,-10.389762,3.965785,0.000000,0.000000,0.000000
275,C:/Users/VicUser/Documents/RobC/20260801/VF1_2_2\VF1_2_2-00000275_0.tif,C:/Users/VicUser/Documents/RobC/20260801/VF1_2_2\VF1_2_2-00000275_1.tif,167.602877,167.603188,1.351505,-10.383721,-10.430638,-10.389762,3.984518,0.000000,0.000000,0.000000
276,C:/Users/VicUser/Documents/RobC/20260801/VF1_2_2\VF1_2_2-00000276_0.tif,C:/Users/VicUser/Documents/RobC/20260801/VF1_2_2\VF1_2_2-00000276_1.tif,168.102809,168.103211,1.360431,-10.383721,-10.430638,-10.389762,4.010744,0.000000,0.000000,0.000000
277,C:/Users/VicUser/Documents/RobC/20260801/VF1_2_2\VF1_2_2-00000277_0.tif,C:/Users/VicUser/Documents/RobC/20260801/VF1_2_2\VF1_2_2-00000277_1.tif,168.602865,168.603135,1.365213,-10.383721,-10.430638,-10.389762,4.024794,0.000000,0.000000,0.000000
278,C:/Users/VicUser/Documents/RobC/20260801/VF1_2_2\VF1_2_2-00000278_0.tif,C:/Users/VicUser/Documents/RobC/20260801/VF1_2_2\VF1_2_2-00000278_1.tif,169.102806,169.103128,1.373184,-10.383721,-10.430638,-10.389762,4.048210,0.000000,0.000000,0.000000
279,C:/Users/VicUser/Documents/RobC/20260801/VF1_2_2\VF1_2_2-00000279_0.tif,C:/Users/VicUser/Documents/RobC/20260801/VF1_2_2\VF1_2_2-00000279_1.tif,169.602826,169.603193,1.381791,-10.383721,-10.430638,-10.389762,4.073500,0.000000,0.000000,0.000000
280,C:/Users/VicUser/Documents/RobC/20260801/VF1_2_2\VF1_2_2-00000280_0.tif,C:/Users/VicUser/Documents/RobC/20260801/VF1_2_2\VF1_2_2-00000280_1.tif,170.102855,170.103193,1.389761,-10.383721,-10.430638,-10.389762,4.096916,0.000000,0.000000,0.000000
281,C:/Users/VicUser/Documents/RobC/20260801/VF1_2_2\VF1_2_2-00000281_0.tif,C:/Users/VicUser/Documents/RobC/20260801/VF1_2_2\VF1_2_2-00000281_1.tif,170.602789,170.603086,1.396775,-10.383721,-10.430638,-10.389762,4.117522,0.000000,0.000000,0.000000
282,C:/Users/VicUser/Documents/RobC/20260801/VF1_2_2\VF1_2_2-00000282_0.tif,C:/Users/VicUser/Documents/RobC/20260801/VF1_2_2\VF1_2_2-00000282_1.tif,171.102865,171.103179,1.405702,-10.383721,-10.430638,-10.389762,4.143748,0.000000,0.000000,0.000000
283,C:/Users/VicUser/Documents/RobC/20260801/VF1_2_2\VF1_2_2-00000283_0.tif,C:/Users/VicUser/Documents/RobC/20260801/VF1_2_2\VF1_2_2-00000283_1.tif,171.602873,171.603229,1.410803,-10.383721,-10.430638,-10.389762,4.158735,0.000000,0.000000,0.000000
284,C:/Users/VicUser/Documents/RobC/20260801/VF1_2_2\VF1_2_2-00000284_0.tif,C:/Users/VicUser/Documents/RobC/20260801/VF1_2_2\VF1_2_2-00000284_1.tif,172.102921,172.103239,1.420048,-10.383721,-10.430638,-10.389762,4.185898,0.000000,0.000000,0.000000
285,C:/Users/VicUser/Documents/RobC/20260801/VF1_2_2\VF1_2_2-00000285_0.tif,C:/Users/VicUser/Documents/RobC/20260801/VF1_2_2\VF1_2_2-00000285_1.tif,172.602879,172.603350,1.426743,-10.383721,-10.430638,-10.389762,4.205568,0.000000,0.000000,0.000000
286,C:/Users/VicUser/Documents/RobC/20260801/VF1_2_2\VF1_2_2-00000286_0.tif,C:/Users/VicUser/Documents/RobC/20260801/VF1_2_2\VF1_2_2-00000286_1.tif,173.102811,173.103196,1.434075,-10.383721,-10.430638,-10.389762,4.227110,0.000000,0.000000,0.000000
287,C:/Users/VicUser/Documents/RobC/20260801/VF1_2_2\VF1_2_2-00000287_0.tif,C:/Users/VicUser/Documents/RobC/20260801/VF1_2_2\VF1_2_2-00000287_1.tif,173.602799,173.603130,1.440133,-10.383721,-10.430638,-10.389762,4.244907,0.000000,0.000000,0.000000
288,C:/Users/VicUser/Documents/RobC/20260801/VF1_2_2\VF1_2_2-00000288_0.tif,C:/Users/VicUser/Documents/RobC/20260801/VF1_2_2\VF1_2_2-00000288_1.tif,174.102819,174.103157,1.448422,-10.383721,-10.430638,-10.389762,4.269260,0.000000,0.000000,0.000000
289,C:/Users/VicUser/Documents/RobC/20260801/VF1_2_2\VF1_2_2-00000289_0.tif,C:/Users/VicUser/Documents/RobC/20260801/VF1_2_2\VF1_2_2-00000289_1.tif,174.602829,174.603105,1.456392,-10.383721,-10.430638,-10.389762,4.292676,0.000000,0.000000,0.000000
290,C:/Users/VicUser/Documents/RobC/20260801/VF1_2_2\VF1_2_2-00000290_0.tif,C:/Users/VicUser/Documents/RobC/20260801/VF1_2_2\VF1_2_2-00000290_1.tif,175.102846,175.103081,1.464043,-10.383721,-10.430638,-10.389762,4.315156,0.000000,0.000000,0.000000
291,C:/Users/VicUser/Documents/RobC/20260801/VF1_2_2\VF1_2_2-00000291_0.tif,C:/Users/VicUser/Documents/RobC/20260801/VF1_2_2\VF1_2_2-00000291_1.tif,175.602786,175.603120,1.472332,-10.383721,-10.430638,-10.389762,4.339509,0.000000,0.000000,0.000000
292,C:/Users/VicUser/Documents/RobC/20260801/VF1_2_2\VF1_2_2-00000292_0.tif,C:/Users/VicUser/Documents/RobC/20260801/VF1_2_2\VF1_2_2-00000292_1.tif,176.102787,176.103055,1.479346,-10.383721,-10.430638,-10.389762,4.360115,0.000000,0.000000,0.000000
293,C:/Users/VicUser/Documents/RobC/20260801/VF1_2_2\VF1_2_2-00000293_0.tif,C:/Users/VicUser/Documents/RobC/20260801/VF1_2_2\VF1_2_2-00000293_1.tif,176.602845,176.603105,1.486041,-10.383721,-10.430638,-10.389762,4.379785,0.000000,0.000000,0.000000
294,C:/Users/VicUser/Documents/RobC/20260801/VF1_2_2\VF1_2_2-00000294_0.tif,C:/Users/VicUser/Documents/RobC/20260801/VF1_2_2\VF1_2_2-00000294_1.tif,177.102836,177.103096,1.492736,-10.383721,-10.430638,-10.389762,4.399455,0.000000,0.000000,0.000000
295,C:/Users/VicUser/Documents/RobC/20260801/VF1_2_2\VF1_2_2-00000295_0.tif,C:/Users/VicUser/Documents/RobC/20260801/VF1_2_2\VF1_2_2-00000295_1.tif,177.602973,177.603187,1.498793,-10.383721,-10.430638,-10.389762,4.417251,0.000000,0.000000,0.000000
296,C:/Users/VicUser/Documents/RobC/20260801/VF1_2_2\VF1_2_2-00000296_0.tif,C:/Users/VicUser/Documents/RobC/20260801/VF1_2_2\VF1_2_2-00000296_1.tif,178.102871,178.103162,1.506126,-10.383721,-10.430638,-10.389762,4.438794,0.000000,0.000000,0.000000
297,C:/Users/VicUser/Documents/RobC/20260801/VF1_2_2\VF1_2_2-00000297_0.tif,C:/Users/VicUser/Documents/RobC/20260801/VF1_2_2\VF1_2_2-00000297_1.tif,178.602845,178.603144,1.513139,-10.383721,-10.430638,-10.389762,4.459400,0.000000,0.000000,0.000000
298,C:/Users/VicUser/Documents/RobC/20260801/VF1_2_2\VF1_2_2-00000298_0.tif,C:/Users/VicUser/Documents/RobC/20260801/VF1_2_2\VF1_2_2-00000298_1.tif,179.102948,179.103196,1.521110,-10.383721,-10.430638,-10.389762,4.482817,0.000000,0.000000,0.000000
299,C:/Users/VicUser/Documents/RobC/20260801/VF1_2_2\VF1_2_2-00000299_0.tif,C:/Users/VicUser/Documents/RobC/20260801/VF1_2_2\VF1_2_2-00000299_1.tif,179.602834,179.603108,1.527804,-10.383721,-10.430638,-10.389762,4.502486,0.000000,0.000000,0.000000
300,C:/Users/VicUser/Documents/RobC/20260801/VF1_2_2\VF1_2_2-00000300_0.tif,C:/Users/VicUser/Documents/RobC/20260801/VF1_2_2\VF1_2_2-00000300_1.tif,180.102842,180.103154,1.533224,-10.383721,-10.430638,-10.389762,4.518409,0.000000,0.000000,0.000000
301,C:/Users/VicUser/Documents/RobC/20260801/VF1_2_2\VF1_2_2-00000301_0.tif,C:/Users/VicUser/Documents/RobC/20260801/VF1_2_2\VF1_2_2-00000301_1.tif,180.602777,180.603027,1.538325,-10.383721,-10.430638,-10.389762,4.533396,0.000000,0.000000,0.000000
302,C:/Users/VicUser/Documents/RobC/20260801/VF1_2_2\VF1_2_2-00000302_0.tif,C:/Users/VicUser/Documents/RobC/20260801/VF1_2_2\VF1_2_2-00000302_1.tif,181.102867,181.103132,1.545339,-10.383721,-10.430638,-10.389762,4.554002,0.000000,0.000000,0.000000
303,C:/Users/VicUser/Documents/RobC/20260801/VF1_2_2\VF1_2_2-00000303_0.tif,C:/Users/VicUser/Documents/RobC/20260801/VF1_2_2\VF1_2_2-00000303_1.tif,181.602797,181.603120,1.548846,-10.383721,-10.430638,-10.389762,4.564305,0.000000,0.000000,0.000000
304,C:/Users/VicUser/Documents/RobC/20260801/VF1_2_2\VF1_2_2-00000304_0.tif,C:/Users/VicUser/Documents/RobC/20260801/VF1_2_2\VF1_2_2-00000304_1.tif,182.102801,182.103110,1.554265,-10.383721,-10.430638,-10.389762,4.580228,0.000000,0.000000,0.000000
305,C:/Users/VicUser/Documents/RobC/20260801/VF1_2_2\VF1_2_2-00000305_0.tif,C:/Users/VicUser/Documents/RobC/20260801/VF1_2_2\VF1_2_2-00000305_1.tif,182.602926,182.603218,1.560642,-10.383721,-10.430638,-10.389762,4.598961,0.000000,0.000000,0.000000
306,C:/Users/VicUser/Documents/RobC/20260801/VF1_2_2\VF1_2_2-00000306_0.tif,C:/Users/VicUser/Documents/RobC/20260801/VF1_2_2\VF1_2_2-00000306_1.tif,183.102859,183.103185,1.567336,-10.383721,-10.430638,-10.389762,4.618631,0.000000,0.000000,0.000000
307,C:/Users/VicUser/Documents/RobC/20260801/VF1_2_2\VF1_2_2-00000307_0.tif,C:/Users/VicUser/Documents/RobC/20260801/VF1_2_2\VF1_2_2-00000307_1.tif,183.602845,183.603139,1.571800,-10.383721,-10.430638,-10.389762,4.631744,0.000000,0.000000,0.000000
308,C:/Users/VicUser/Documents/RobC/20260801/VF1_2_2\VF1_2_2-00000308_0.tif,C:/Users/VicUser/Documents/RobC/20260801/VF1_2_2\VF1_2_2-00000308_1.tif,184.102927,184.103025,1.580726,-10.383721,-10.430638,-10.389762,4.657970,0.000000,0.000000,0.000000
309,C:/Users/VicUser/Documents/RobC/20260801/VF1_2_2\VF1_2_2-00000309_0.tif,C:/Users/VicUser/Documents/RobC/20260801/VF1_2_2\VF1_2_2-00000309_1.tif,184.602863,184.603156,1.586146,-10.383721,-10.430638,-10.389762,4.673894,0.000000,0.000000,0.000000
310,C:/Users/VicUser/Documents/RobC/20260801/VF1_2_2\VF1_2_2-00000310_0.tif,C:/Users/VicUser/Documents/RobC/20260801/VF1_2_2\VF1_2_2-00000310_1.tif,185.102820,185.103114,1.593160,-10.383721,-10.430638,-10.389762,4.694500,0.000000,0.000000,0.000000
311,C:/Users/VicUser/Documents/RobC/20260801/VF1_2_2\VF1_2_2-00000311_0.tif,C:/Users/VicUser/Documents/RobC/20260801/VF1_2_2\VF1_2_2-00000311_1.tif,185.602872,185.603189,1.600811,-10.383721,-10.430638,-10.389762,4.716979,0.000000,0.000000,0.000000
312,C:/Users/VicUser/Documents/RobC/20260801/VF1_2_2\VF1_2_2-00000312_0.tif,C:/Users/VicUser/Documents/RobC/20260801/VF1_2_2\VF1_2_2-00000312_1.tif,186.102852,186.103169,1.606550,-10.383721,-10.430638,-10.389762,4.733839,0.000000,0.000000,0.000000
313,C:/Users/VicUser/Documents/RobC/20260801/VF1_2_2\VF1_2_2-00000313_0.tif,C:/Users/VicUser/Documents/RobC/20260801/VF1_2_2\VF1_2_2-00000313_1.tif,186.602821,186.603088,1.611969,-10.383721,-10.430638,-10.389762,4.749762,0.000000,0.000000,0.000000
314,C:/Users/VicUser/Documents/RobC/20260801/VF1_2_2\VF1_2_2-00000314_0.tif,C:/Users/VicUser/Documents/RobC/20260801/VF1_2_2\VF1_2_2-00000314_1.tif,187.102778,187.103007,1.618983,-10.383721,-10.430638,-10.389762,4.770369,0.000000,0.000000,0.000000
315,C:/Users/VicUser/Documents/RobC/20260801/VF1_2_2\VF1_2_2-00000315_0.tif,C:/Users/VicUser/Documents/RobC/20260801/VF1_2_2\VF1_2_2-00000315_1.tif,187.602834,187.603151,1.626634,-10.383721,-10.430638,-10.389762,4.792848,0.000000,0.000000,0.000000
316,C:/Users/VicUser/Documents/RobC/20260801/VF1_2_2\VF1_2_2-00000316_0.tif,C:/Users/VicUser/Documents/RobC/20260801/VF1_2_2\VF1_2_2-00000316_1.tif,188.102781,188.103155,1.633329,-10.383721,-10.430638,-10.389762,4.812518,0.000000,0.000000,0.000000
317,C:/Users/VicUser/Documents/RobC/20260801/VF1_2_2\VF1_2_2-00000317_0.tif,C:/Users/VicUser/Documents/RobC/20260801/VF1_2_2\VF1_2_2-00000317_1.tif,188.602896,188.603203,1.640024,-10.383721,-10.430638,-10.389762,4.832188,0.000000,0.000000,0.000000
318,C:/Users/VicUser/Documents/RobC/20260801/VF1_2_2\VF1_2_2-00000318_0.tif,C:/Users/VicUser/Documents/RobC/20260801/VF1_2_2\VF1_2_2-00000318_1.tif,189.102810,189.103087,1.647038,-10.383721,-10.430638,-10.389762,4.852794,0.000000,0.000000,0.000000
319,C:/Users/VicUser/Documents/RobC/20260801/VF1_2_2\VF1_2_2-00000319_0.tif,C:/Users/VicUser/Documents/RobC/20260801/VF1_2_2\VF1_2_2-00000319_1.tif,189.602788,189.603031,1.652776,-10.383721,-10.430638,-10.389762,4.869654,0.000000,0.000000,0.000000
320,C:/Users/VicUser/Documents/RobC/20260801/VF1_2_2\VF1_2_2-00000320_0.tif,C:/Users/VicUser/Documents/RobC/20260801/VF1_2_2\VF1_2_2-00000320_1.tif,190.102936,190.103318,1.660109,-10.383721,-10.430638,-10.389762,4.891197,0.000000,0.000000,0.000000
321,C:/Users/VicUser/Documents/RobC/20260801/VF1_2_2\VF1_2_2-00000321_0.tif,C:/Users/VicUser/Documents/RobC/20260801/VF1_2_2\VF1_2_2-00000321_1.tif,190.602917,190.603183,1.665529,-10.383721,-10.430638,-10.389762,4.907120,0.000000,0.000000,0.000000
322,C:/Users/VicUser/Documents/RobC/20260801/VF1_2_2\VF1_2_2-00000322_0.tif,C:/Users/VicUser/Documents/RobC/20260801/VF1_2_2\VF1_2_2-00000322_1.tif,191.102911,191.103256,1.673499,-10.383721,-10.430638,-10.389762,4.930536,0.000000,0.000000,0.000000
323,C:/Users/VicUser/Documents/RobC/20260801/VF1_2_2\VF1_2_2-00000323_0.tif,C:/Users/VicUser/Documents/RobC/20260801/VF1_2_2\VF1_2_2-00000323_1.tif,191.602949,191.603276,1.678281,-10.383721,-10.430638,-10.389762,4.944586,0.000000,0.000000,0.000000
324,C:/Users/VicUser/Documents/RobC/20260801/VF1_2_2\VF1_2_2-00000324_0.tif,C:/Users/VicUser/Documents/RobC/20260801/VF1_2_2\VF1_2_2-00000324_1.tif,192.102919,192.103298,1.685295,-10.383721,-10.430638,-10.389762,4.965192,0.000000,0.000000,0.000000
325,C:/Users/VicUser/Documents/RobC/20260801/VF1_2_2\VF1_2_2-00000325_0.tif,C:/Users/VicUser/Documents/RobC/20260801/VF1_2_2\VF1_2_2-00000325_1.tif,192.602849,192.603150,1.689439,-10.383721,-10.430638,-10.389762,4.977369,0.000000,0.000000,0.000000
326,C:/Users/VicUser/Documents/RobC/20260801/VF1_2_2\VF1_2_2-00000326_0.tif,C:/Users/VicUser/Documents/RobC/20260801/VF1_2_2\VF1_2_2-00000326_1.tif,193.102872,193.103137,1.698366,-10.383721,-10.430638,-10.389762,5.003595,0.000000,0.000000,0.000000
327,C:/Users/VicUser/Documents/RobC/20260801/VF1_2_2\VF1_2_2-00000327_0.tif,C:/Users/VicUser/Documents/RobC/20260801/VF1_2_2\VF1_2_2-00000327_1.tif,193.602814,193.603110,1.704423,-10.383721,-10.430638,-10.389762,5.021391,0.000000,0.000000,0.000000
328,C:/Users/VicUser/Documents/RobC/20260801/VF1_2_2\VF1_2_2-00000328_0.tif,C:/Users/VicUser/Documents/RobC/20260801/VF1_2_2\VF1_2_2-00000328_1.tif,194.102861,194.103148,1.711437,-10.383721,-10.430638,-10.389762,5.041998,0.000000,0.000000,0.000000
329,C:/Users/VicUser/Documents/RobC/20260801/VF1_2_2\VF1_2_2-00000329_0.tif,C:/Users/VicUser/Documents/RobC/20260801/VF1_2_2\VF1_2_2-00000329_1.tif,194.602824,194.603105,1.718132,-10.383721,-10.430638,-10.389762,5.061667,0.000000,0.000000,0.000000
330,C:/Users/VicUser/Documents/RobC/20260801/VF1_2_2\VF1_2_2-00000330_0.tif,C:/Users/VicUser/Documents/RobC/20260801/VF1_2_2\VF1_2_2-00000330_1.tif,195.102845,195.103085,1.723551,-10.383721,-10.430638,-10.389762,5.077591,0.000000,0.000000,0.000000
331,C:/Users/VicUser/Documents/RobC/20260801/VF1_2_2\VF1_2_2-00000331_0.tif,C:/Users/VicUser/Documents/RobC/20260801/VF1_2_2\VF1_2_2-00000331_1.tif,195.602832,195.603098,1.729928,-10.383721,-10.430638,-10.389762,5.096324,0.000000,0.000000,0.000000
332,C:/Users/VicUser/Documents/RobC/20260801/VF1_2_2\VF1_2_2-00000332_0.tif,C:/Users/VicUser/Documents/RobC/20260801/VF1_2_2\VF1_2_2-00000332_1.tif,196.102853,196.103147,1.736622,-10.383721,-10.430638,-10.389762,5.115993,0.000000,0.000000,0.000000
333,C:/Users/VicUser/Documents/RobC/20260801/VF1_2_2\VF1_2_2-00000333_0.tif,C:/Users/VicUser/Documents/RobC/20260801/VF1_2_2\VF1_2_2-00000333_1.tif,196.602852,196.603164,1.742680,-10.383721,-10.430638,-10.389762,5.133790,0.000000,0.000000,0.000000
334,C:/Users/VicUser/Documents/RobC/20260801/VF1_2_2\VF1_2_2-00000334_0.tif,C:/Users/VicUser/Documents/RobC/20260801/VF1_2_2\VF1_2_2-00000334_1.tif,197.102782,197.103063,1.748737,-10.383721,-10.430638,-10.389762,5.151586,0.000000,0.000000,0.000000
335,C:/Users/VicUser/Documents/RobC/20260801/VF1_2_2\VF1_2_2-00000335_0.tif,C:/Users/VicUser/Documents/RobC/20260801/VF1_2_2\VF1_2_2-00000335_1.tif,197.602885,197.603191,1.753838,-10.383721,-10.430638,-10.389762,5.166573,0.000000,0.000000,0.000000
336,C:/Users/VicUser/Documents/RobC/20260801/VF1_2_2\VF1_2_2-00000336_0.tif,C:/Users/VicUser/Documents/RobC/20260801/VF1_2_2\VF1_2_2-00000336_1.tif,198.102849,198.103117,1.761808,-10.383721,-10.430638,-10.389762,5.189989,0.000000,0.000000,0.000000
337,C:/Users/VicUser/Documents/RobC/20260801/VF1_2_2\VF1_2_2-00000337_0.tif,C:/Users/VicUser/Documents/RobC/20260801/VF1_2_2\VF1_2_2-00000337_1.tif,198.602830,198.603184,1.767228,-10.383721,-10.430638,-10.389762,5.205912,0.000000,0.000000,0.000000
338,C:/Users/VicUser/Documents/RobC/20260801/VF1_2_2\VF1_2_2-00000338_0.tif,C:/Users/VicUser/Documents/RobC/20260801/VF1_2_2\VF1_2_2-00000338_1.tif,199.102786,199.103246,1.775198,-10.383721,-10.430638,-10.389762,5.229328,0.000000,0.000000,0.000000
339,C:/Users/VicUser/Documents/RobC/20260801/VF1_2_2\VF1_2_2-00000339_0.tif,C:/Users/VicUser/Documents/RobC/20260801/VF1_2_2\VF1_2_2-00000339_1.tif,199.602817,199.603019,1.780618,-10.383721,-10.430638,-10.389762,5.245251,0.000000,0.000000,0.000000
340,C:/Users/VicUser/Documents/RobC/20260801/VF1_2_2\VF1_2_2-00000340_0.tif,C:/Users/VicUser/Documents/RobC/20260801/VF1_2_2\VF1_2_2-00000340_1.tif,200.102817,200.103147,1.787631,-10.383721,-10.430638,-10.389762,5.265858,0.000000,0.000000,0.000000
341,C:/Users/VicUser/Documents/RobC/20260801/VF1_2_2\VF1_2_2-00000341_0.tif,C:/Users/VicUser/Documents/RobC/20260801/VF1_2_2\VF1_2_2-00000341_1.tif,200.602801,200.603158,1.793370,-10.383721,-10.430638,-10.389762,5.282717,0.000000,0.000000,0.000000
342,C:/Users/VicUser/Documents/RobC/20260801/VF1_2_2\VF1_2_2-00000342_0.tif,C:/Users/VicUser/Documents/RobC/20260801/VF1_2_2\VF1_2_2-00000342_1.tif,201.102808,201.103087,1.801340,-10.383721,-10.430638,-10.389762,5.306134,0.000000,0.000000,0.000000
343,C:/Users/VicUser/Documents/RobC/20260801/VF1_2_2\VF1_2_2-00000343_0.tif,C:/Users/VicUser/Documents/RobC/20260801/VF1_2_2\VF1_2_2-00000343_1.tif,201.602854,201.603285,1.806760,-10.383721,-10.430638,-10.389762,5.322057,0.000000,0.000000,0.000000
344,C:/Users/VicUser/Documents/RobC/20260801/VF1_2_2\VF1_2_2-00000344_0.tif,C:/Users/VicUser/Documents/RobC/20260801/VF1_2_2\VF1_2_2-00000344_1.tif,202.102934,202.103166,1.812498,-10.383721,-10.430638,-10.389762,5.338916,0.000000,0.000000,0.000000
345,C:/Users/VicUser/Documents/RobC/20260801/VF1_2_2\VF1_2_2-00000345_0.tif,C:/Users/VicUser/Documents/RobC/20260801/VF1_2_2\VF1_2_2-00000345_1.tif,202.602832,202.603069,1.820787,-10.383721,-10.430638,-10.389762,5.363269,0.000000,0.000000,0.000000
346,C:/Users/VicUser/Documents/RobC/20260801/VF1_2_2\VF1_2_2-00000346_0.tif,C:/Users/VicUser/Documents/RobC/20260801/VF1_2_2\VF1_2_2-00000346_1.tif,203.102790,203.103210,1.826526,-10.383721,-10.430638,-10.389762,5.380129,0.000000,0.000000,0.000000
347,C:/Users/VicUser/Documents/RobC/20260801/VF1_2_2\VF1_2_2-00000347_0.tif,C:/Users/VicUser/Documents/RobC/20260801/VF1_2_2\VF1_2_2-00000347_1.tif,203.602822,203.603163,1.834177,-10.383721,-10.430638,-10.389762,5.402609,0.000000,0.000000,0.000000
348,C:/Users/VicUser/Documents/RobC/20260801/VF1_2_2\VF1_2_2-00000348_0.tif,C:/Users/VicUser/Documents/RobC/20260801/VF1_2_2\VF1_2_2-00000348_1.tif,204.102858,204.103171,1.840553,-10.383721,-10.430638,-10.389762,5.421342,0.000000,0.000000,0.000000
349,C:/Users/VicUser/Documents/RobC/20260801/VF1_2_2\VF1_2_2-00000349_0.tif,C:/Users/VicUser/Documents/RobC/20260801/VF1_2_2\VF1_2_2-00000349_1.tif,204.602764,204.603152,1.847567,-10.383721,-10.430638,-10.389762,5.441948,0.000000,0.000000,0.000000
350,C:/Users/VicUser/Documents/RobC/20260801/VF1_2_2\VF1_2_2-00000350_0.tif,C:/Users/VicUser/Documents/RobC/20260801/VF1_2_2\VF1_2_2-00000350_1.tif,205.102834,205.103208,1.853943,-10.383721,-10.430638,-10.389762,5.460681,0.000000,0.000000,0.000000
351,C:/Users/VicUser/Documents/RobC/20260801/VF1_2_2\VF1_2_2-00000351_0.tif,C:/Users/VicUser/Documents/RobC/20260801/VF1_2_2\VF1_2_2-00000351_1.tif,205.602886,205.603213,1.860957,-10.383721,-10.430638,-10.389762,5.481288,0.000000,0.000000,0.000000
352,C:/Users/VicUser/Documents/RobC/20260801/VF1_2_2\VF1_2_2-00000352_0.tif,C:/Users/VicUser/Documents/RobC/20260801/VF1_2_2\VF1_2_2-00000352_1.tif,206.102804,206.103092,1.866376,-10.383721,-10.430638,-10.389762,5.497210,0.000000,0.000000,0.000000
353,C:/Users/VicUser/Documents/RobC/20260801/VF1_2_2\VF1_2_2-00000353_0.tif,C:/Users/VicUser/Documents/RobC/20260801/VF1_2_2\VF1_2_2-00000353_1.tif,206.602817,206.603144,1.874984,-10.383721,-10.430638,-10.389762,5.522500,0.000000,0.000000,0.000000
354,C:/Users/VicUser/Documents/RobC/20260801/VF1_2_2\VF1_2_2-00000354_0.tif,C:/Users/VicUser/Documents/RobC/20260801/VF1_2_2\VF1_2_2-00000354_1.tif,207.102804,207.103091,1.881360,-10.383721,-10.430638,-10.389762,5.541233,0.000000,0.000000,0.000000
355,C:/Users/VicUser/Documents/RobC/20260801/VF1_2_2\VF1_2_2-00000355_0.tif,C:/Users/VicUser/Documents/RobC/20260801/VF1_2_2\VF1_2_2-00000355_1.tif,207.602818,207.603094,1.889968,-10.383721,-10.430638,-10.389762,5.566523,0.000000,0.000000,0.000000
356,C:/Users/VicUser/Documents/RobC/20260801/VF1_2_2\VF1_2_2-00000356_0.tif,C:/Users/VicUser/Documents/RobC/20260801/VF1_2_2\VF1_2_2-00000356_1.tif,208.102870,208.103111,1.896025,-10.383721,-10.430638,-10.389762,5.584319,0.000000,0.000000,0.000000
357,C:/Users/VicUser/Documents/RobC/20260801/VF1_2_2\VF1_2_2-00000357_0.tif,C:/Users/VicUser/Documents/RobC/20260801/VF1_2_2\VF1_2_2-00000357_1.tif,208.602882,208.603125,1.902083,-10.383721,-10.430638,-10.389762,5.602116,0.000000,0.000000,0.000000
358,C:/Users/VicUser/Documents/RobC/20260801/VF1_2_2\VF1_2_2-00000358_0.tif,C:/Users/VicUser/Documents/RobC/20260801/VF1_2_2\VF1_2_2-00000358_1.tif,209.102821,209.103111,1.907821,-10.383721,-10.430638,-10.389762,5.618975,0.000000,0.000000,0.000000
359,C:/Users/VicUser/Documents/RobC/20260801/VF1_2_2\VF1_2_2-00000359_0.tif,C:/Users/VicUser/Documents/RobC/20260801/VF1_2_2\VF1_2_2-00000359_1.tif,209.602860,209.603129,1.914197,-10.383721,-10.430638,-10.389762,5.637708,0.000000,0.000000,0.000000
360,C:/Users/VicUser/Documents/RobC/20260801/VF1_2_2\VF1_2_2-00000360_0.tif,C:/Users/VicUser/Documents/RobC/20260801/VF1_2_2\VF1_2_2-00000360_1.tif,210.102794,210.103063,1.921849,-10.383721,-10.430638,-10.389762,5.660188,0.000000,0.000000,0.000000
361,C:/Users/VicUser/Documents/RobC/20260801/VF1_2_2\VF1_2_2-00000361_0.tif,C:/Users/VicUser/Documents/RobC/20260801/VF1_2_2\VF1_2_2-00000361_1.tif,210.602864,210.603261,1.927268,-10.383721,-10.430638,-10.389762,5.676111,0.000000,0.000000,0.000000
362,C:/Users/VicUser/Documents/RobC/20260801/VF1_2_2\VF1_2_2-00000362_0.tif,C:/Users/VicUser/Documents/RobC/20260801/VF1_2_2\VF1_2_2-00000362_1.tif,211.102847,211.103137,1.936195,-10.383721,-10.430638,-10.389762,5.702338,0.000000,0.000000,0.000000
363,C:/Users/VicUser/Documents/RobC/20260801/VF1_2_2\VF1_2_2-00000363_0.tif,C:/Users/VicUser/Documents/RobC/20260801/VF1_2_2\VF1_2_2-00000363_1.tif,211.602875,211.603228,1.941934,-10.383721,-10.430638,-10.389762,5.719197,0.000000,0.000000,0.000000
364,C:/Users/VicUser/Documents/RobC/20260801/VF1_2_2\VF1_2_2-00000364_0.tif,C:/Users/VicUser/Documents/RobC/20260801/VF1_2_2\VF1_2_2-00000364_1.tif,212.102846,212.103149,1.948947,-10.383721,-10.430638,-10.389762,5.739803,0.000000,0.000000,0.000000
365,C:/Users/VicUser/Documents/RobC/20260801/VF1_2_2\VF1_2_2-00000365_0.tif,C:/Users/VicUser/Documents/RobC/20260801/VF1_2_2\VF1_2_2-00000365_1.tif,212.602781,212.603072,1.957236,-10.383721,-10.430638,-10.389762,5.764156,0.000000,0.000000,0.000000
366,C:/Users/VicUser/Documents/RobC/20260801/VF1_2_2\VF1_2_2-00000366_0.tif,C:/Users/VicUser/Documents/RobC/20260801/VF1_2_2\VF1_2_2-00000366_1.tif,213.102828,213.103251,1.962018,-10.383721,-10.430638,-10.389762,5.778206,0.000000,0.000000,0.000000
367,C:/Users/VicUser/Documents/RobC/20260801/VF1_2_2\VF1_2_2-00000367_0.tif,C:/Users/VicUser/Documents/RobC/20260801/VF1_2_2\VF1_2_2-00000367_1.tif,213.602819,213.603045,1.968713,-10.383721,-10.430638,-10.389762,5.797876,0.000000,0.000000,0.000000
368,C:/Users/VicUser/Documents/RobC/20260801/VF1_2_2\VF1_2_2-00000368_0.tif,C:/Users/VicUser/Documents/RobC/20260801/VF1_2_2\VF1_2_2-00000368_1.tif,214.102853,214.103115,1.975408,-10.383721,-10.430638,-10.389762,5.817546,0.000000,0.000000,0.000000
369,C:/Users/VicUser/Documents/RobC/20260801/VF1_2_2\VF1_2_2-00000369_0.tif,C:/Users/VicUser/Documents/RobC/20260801/VF1_2_2\VF1_2_2-00000369_1.tif,214.602851,214.603142,1.983059,-10.383721,-10.430638,-10.389762,5.840025,0.000000,0.000000,0.000000
370,C:/Users/VicUser/Documents/RobC/20260801/VF1_2_2\VF1_2_2-00000370_0.tif,C:/Users/VicUser/Documents/RobC/20260801/VF1_2_2\VF1_2_2-00000370_1.tif,215.102832,215.103099,1.988479,-10.383721,-10.430638,-10.389762,5.855948,0.000000,0.000000,0.000000
371,C:/Users/VicUser/Documents/RobC/20260801/VF1_2_2\VF1_2_2-00000371_0.tif,C:/Users/VicUser/Documents/RobC/20260801/VF1_2_2\VF1_2_2-00000371_1.tif,215.602842,215.603189,1.995174,-10.383721,-10.430638,-10.389762,5.875618,0.000000,0.000000,0.000000
372,C:/Users/VicUser/Documents/RobC/20260801/VF1_2_2\VF1_2_2-00000372_0.tif,C:/Users/VicUser/Documents/RobC/20260801/VF1_2_2\VF1_2_2-00000372_1.tif,216.102855,216.103184,2.001231,-10.383721,-10.430638,-10.389762,5.893415,0.000000,0.000000,0.000000
373,C:/Users/VicUser/Documents/RobC/20260801/VF1_2_2\VF1_2_2-00000373_0.tif,C:/Users/VicUser/Documents/RobC/20260801/VF1_2_2\VF1_2_2-00000373_1.tif,216.602962,216.603147,2.007289,-10.383721,-10.430638,-10.389762,5.911211,0.000000,0.000000,0.000000
374,C:/Users/VicUser/Documents/RobC/20260801/VF1_2_2\VF1_2_2-00000374_0.tif,C:/Users/VicUser/Documents/RobC/20260801/VF1_2_2\VF1_2_2-00000374_1.tif,217.102819,217.103108,2.015897,-10.383721,-10.430638,-10.389762,5.936501,0.000000,0.000000,0.000000
375,C:/Users/VicUser/Documents/RobC/20260801/VF1_2_2\VF1_2_2-00000375_0.tif,C:/Users/VicUser/Documents/RobC/20260801/VF1_2_2\VF1_2_2-00000375_1.tif,217.602842,217.603184,2.022591,-10.383721,-10.430638,-10.389762,5.956170,0.000000,0.000000,0.000000
376,C:/Users/VicUser/Documents/RobC/20260801/VF1_2_2\VF1_2_2-00000376_0.tif,C:/Users/VicUser/Documents/RobC/20260801/VF1_2_2\VF1_2_2-00000376_1.tif,218.102885,218.103110,2.028649,-10.383721,-10.430638,-10.389762,5.973966,0.000000,0.000000,0.000000
377,C:/Users/VicUser/Documents/RobC/20260801/VF1_2_2\VF1_2_2-00000377_0.tif,C:/Users/VicUser/Documents/RobC/20260801/VF1_2_2\VF1_2_2-00000377_1.tif,218.602855,218.603149,2.035025,-10.383721,-10.430638,-10.389762,5.992700,0.000000,0.000000,0.000000
378,C:/Users/VicUser/Documents/RobC/20260801/VF1_2_2\VF1_2_2-00000378_0.tif,C:/Users/VicUser/Documents/RobC/20260801/VF1_2_2\VF1_2_2-00000378_1.tif,219.102859,219.103156,2.042357,-10.383721,-10.430638,-10.389762,6.014243,0.000000,0.000000,0.000000
379,C:/Users/VicUser/Documents/RobC/20260801/VF1_2_2\VF1_2_2-00000379_0.tif,C:/Users/VicUser/Documents/RobC/20260801/VF1_2_2\VF1_2_2-00000379_1.tif,219.602915,219.603250,2.048733,-10.383721,-10.430638,-10.389762,6.032976,0.000000,0.000000,0.000000
380,C:/Users/VicUser/Documents/RobC/20260801/VF1_2_2\VF1_2_2-00000380_0.tif,C:/Users/VicUser/Documents/RobC/20260801/VF1_2_2\VF1_2_2-00000380_1.tif,220.102900,220.103289,2.056066,-10.383721,-10.430638,-10.389762,6.054519,0.000000,0.000000,0.000000
381,C:/Users/VicUser/Documents/RobC/20260801/VF1_2_2\VF1_2_2-00000381_0.tif,C:/Users/VicUser/Documents/RobC/20260801/VF1_2_2\VF1_2_2-00000381_1.tif,220.602915,220.603300,2.063399,-10.383721,-10.430638,-10.389762,6.076062,0.000000,0.000000,0.000000
382,C:/Users/VicUser/Documents/RobC/20260801/VF1_2_2\VF1_2_2-00000382_0.tif,C:/Users/VicUser/Documents/RobC/20260801/VF1_2_2\VF1_2_2-00000382_1.tif,221.102891,221.103370,2.069456,-10.383721,-10.430638,-10.389762,6.093858,0.000000,0.000000,0.000000
383,C:/Users/VicUser/Documents/RobC/20260801/VF1_2_2\VF1_2_2-00000383_0.tif,C:/Users/VicUser/Documents/RobC/20260801/VF1_2_2\VF1_2_2-00000383_1.tif,221.602989,221.603131,2.076788,-10.383721,-10.430638,-10.389762,6.115401,0.000000,0.000000,0.000000
384,C:/Users/VicUser/Documents/RobC/20260801/VF1_2_2\VF1_2_2-00000384_0.tif,C:/Users/VicUser/Documents/RobC/20260801/VF1_2_2\VF1_2_2-00000384_1.tif,222.102855,222.103068,2.084121,-10.383721,-10.430638,-10.389762,6.136944,0.000000,0.000000,0.000000
385,C:/Users/VicUser/Documents/RobC/20260801/VF1_2_2\VF1_2_2-00000385_0.tif,C:/Users/VicUser/Documents/RobC/20260801/VF1_2_2\VF1_2_2-00000385_1.tif,222.602845,222.603280,2.090497,-10.383721,-10.430638,-10.389762,6.155677,0.000000,0.000000,0.000000
386,C:/Users/VicUser/Documents/RobC/20260801/VF1_2_2\VF1_2_2-00000386_0.tif,C:/Users/VicUser/Documents/RobC/20260801/VF1_2_2\VF1_2_2-00000386_1.tif,223.102853,223.103130,2.095279,-10.383721,-10.430638,-10.389762,6.169727,0.000000,0.000000,0.000000
387,C:/Users/VicUser/Documents/RobC/20260801/VF1_2_2\VF1_2_2-00000387_0.tif,C:/Users/VicUser/Documents/RobC/20260801/VF1_2_2\VF1_2_2-00000387_1.tif,223.602817,223.603101,2.103887,-10.383721,-10.430638,-10.389762,6.195016,0.000000,0.000000,0.000000
388,C:/Users/VicUser/Documents/RobC/20260801/VF1_2_2\VF1_2_2-00000388_0.tif,C:/Users/VicUser/Documents/RobC/20260801/VF1_2_2\VF1_2_2-00000388_1.tif,224.102875,224.103144,2.110263,-10.383721,-10.430638,-10.389762,6.213750,0.000000,0.000000,0.000000
389,C:/Users/VicUser/Documents/RobC/20260801/VF1_2_2\VF1_2_2-00000389_0.tif,C:/Users/VicUser/Documents/RobC/20260801/VF1_2_2\VF1_2_2-00000389_1.tif,224.602822,224.603053,2.116958,-10.383721,-10.430638,-10.389762,6.233419,0.000000,0.000000,0.000000
390,C:/Users/VicUser/Documents/RobC/20260801/VF1_2_2\VF1_2_2-00000390_0.tif,C:/Users/VicUser/Documents/RobC/20260801/VF1_2_2\VF1_2_2-00000390_1.tif,225.102782,225.103167,2.123972,-10.383721,-10.430638,-10.389762,6.254025,0.000000,0.000000,0.000000
391,C:/Users/VicUser/Documents/RobC/20260801/VF1_2_2\VF1_2_2-00000391_0.tif,C:/Users/VicUser/Documents/RobC/20260801/VF1_2_2\VF1_2_2-00000391_1.tif,225.602877,225.603138,2.131623,-10.383721,-10.430638,-10.389762,6.276505,0.000000,0.000000,0.000000
392,C:/Users/VicUser/Documents/RobC/20260801/VF1_2_2\VF1_2_2-00000392_0.tif,C:/Users/VicUser/Documents/RobC/20260801/VF1_2_2\VF1_2_2-00000392_1.tif,226.102810,226.103033,2.138637,-10.383721,-10.430638,-10.389762,6.297112,0.000000,0.000000,0.000000
393,C:/Users/VicUser/Documents/RobC/20260801/VF1_2_2\VF1_2_2-00000393_0.tif,C:/Users/VicUser/Documents/RobC/20260801/VF1_2_2\VF1_2_2-00000393_1.tif,226.602732,226.602949,2.145013,-10.383721,-10.430638,-10.389762,6.315844,0.000000,0.000000,0.000000
394,C:/Users/VicUser/Documents/RobC/20260801/VF1_2_2\VF1_2_2-00000394_0.tif,C:/Users/VicUser/Documents/RobC/20260801/VF1_2_2\VF1_2_2-00000394_1.tif,227.102810,227.103215,2.151389,-10.383721,-10.430638,-10.389762,6.334578,0.000000,0.000000,0.000000
395,C:/Users/VicUser/Documents/RobC/20260801/VF1_2_2\VF1_2_2-00000395_0.tif,C:/Users/VicUser/Documents/RobC/20260801/VF1_2_2\VF1_2_2-00000395_1.tif,227.602824,227.603133,2.157446,-10.383721,-10.430638,-10.389762,6.352374,0.000000,0.000000,0.000000
396,C:/Users/VicUser/Documents/RobC/20260801/VF1_2_2\VF1_2_2-00000396_0.tif,C:/Users/VicUser/Documents/RobC/20260801/VF1_2_2\VF1_2_2-00000396_1.tif,228.102809,228.103184,2.167329,-10.383721,-10.430638,-10.389762,6.381410,0.000000,0.000000,0.000000
397,C:/Users/VicUser/Documents/RobC/20260801/VF1_2_2\VF1_2_2-00000397_0.tif,C:/Users/VicUser/Documents/RobC/20260801/VF1_2_2\VF1_2_2-00000397_1.tif,228.602818,228.603159,2.170517,-10.383721,-10.430638,-10.389762,6.390777,0.000000,0.000000,0.000000
398,C:/Users/VicUser/Documents/RobC/20260801/VF1_2_2\VF1_2_2-00000398_0.tif,C:/Users/VicUser/Documents/RobC/20260801/VF1_2_2\VF1_2_2-00000398_1.tif,229.102897,229.103135,2.179444,-10.383721,-10.430638,-10.389762,6.417003,0.000000,0.000000,0.000000
399,C:/Users/VicUser/Documents/RobC/20260801/VF1_2_2\VF1_2_2-00000399_0.tif,C:/Users/VicUser/Documents/RobC/20260801/VF1_2_2\VF1_2_2-00000399_1.tif,229.602870,229.603227,2.185820,-10.383721,-10.430638,-10.389762,6.435736,0.000000,0.000000,0.000000
400,C:/Users/VicUser/Documents/RobC/20260801/VF1_2_2\VF1_2_2-00000400_0.tif,C:/Users/VicUser/Documents/RobC/20260801/VF1_2_2\VF1_2_2-00000400_1.tif,230.102831,230.103170,2.193153,-10.383721,-10.430638,-10.389762,6.457279,0.000000,0.000000,0.000000
401,C:/Users/VicUser/Documents/RobC/20260801/VF1_2_2\VF1_2_2-00000401_0.tif,C:/Users/VicUser/Documents/RobC/20260801/VF1_2_2\VF1_2_2-00000401_1.tif,230.602841,230.603158,2.199529,-10.383721,-10.430638,-10.389762,6.476012,0.000000,0.000000,0.000000
402,C:/Users/VicUser/Documents/RobC/20260801/VF1_2_2\VF1_2_2-00000402_0.tif,C:/Users/VicUser/Documents/RobC/20260801/VF1_2_2\VF1_2_2-00000402_1.tif,231.102918,231.103142,2.205267,-10.383721,-10.430638,-10.389762,6.492872,0.000000,0.000000,0.000000
403,C:/Users/VicUser/Documents/RobC/20260801/VF1_2_2\VF1_2_2-00000403_0.tif,C:/Users/VicUser/Documents/RobC/20260801/VF1_2_2\VF1_2_2-00000403_1.tif,231.602873,231.603126,2.213237,-10.383721,-10.430638,-10.389762,6.516288,0.000000,0.000000,0.000000
404,C:/Users/VicUser/Documents/RobC/20260801/VF1_2_2\VF1_2_2-00000404_0.tif,C:/Users/VicUser/Documents/RobC/20260801/VF1_2_2\VF1_2_2-00000404_1.tif,232.102894,232.103488,2.221208,-10.383721,-10.430638,-10.389762,6.539705,0.000000,0.000000,0.000000
405,C:/Users/VicUser/Documents/RobC/20260801/VF1_2_2\VF1_2_2-00000405_0.tif,C:/Users/VicUser/Documents/RobC/20260801/VF1_2_2\VF1_2_2-00000405_1.tif,232.602828,232.603092,2.229178,-10.383721,-10.430638,-10.389762,6.563121,0.000000,0.000000,0.000000
406,C:/Users/VicUser/Documents/RobC/20260801/VF1_2_2\VF1_2_2-00000406_0.tif,C:/Users/VicUser/Documents/RobC/20260801/VF1_2_2\VF1_2_2-00000406_1.tif,233.102915,233.103070,2.235235,-10.383721,-10.430638,-10.389762,6.580917,0.000000,0.000000,0.000000
407,C:/Users/VicUser/Documents/RobC/20260801/VF1_2_2\VF1_2_2-00000407_0.tif,C:/Users/VicUser/Documents/RobC/20260801/VF1_2_2\VF1_2_2-00000407_1.tif,233.602899,233.603039,2.243524,-10.383721,-10.430638,-10.389762,6.605270,0.000000,0.000000,0.000000
408,C:/Users/VicUser/Documents/RobC/20260801/VF1_2_2\VF1_2_2-00000408_0.tif,C:/Users/VicUser/Documents/RobC/20260801/VF1_2_2\VF1_2_2-00000408_1.tif,234.102864,234.103217,2.249263,-10.383721,-10.430638,-10.389762,6.622130,0.000000,0.000000,0.000000
409,C:/Users/VicUser/Documents/RobC/20260801/VF1_2_2\VF1_2_2-00000409_0.tif,C:/Users/VicUser/Documents/RobC/20260801/VF1_2_2\VF1_2_2-00000409_1.tif,234.602810,234.603174,2.256595,-10.383721,-10.430638,-10.389762,6.643672,0.000000,0.000000,0.000000
410,C:/Users/VicUser/Documents/RobC/20260801/VF1_2_2\VF1_2_2-00000410_0.tif,C:/Users/VicUser/Documents/RobC/20260801/VF1_2_2\VF1_2_2-00000410_1.tif,235.102845,235.103151,2.264884,-10.383721,-10.430638,-10.389762,6.668026,0.000000,0.000000,0.000000
411,C:/Users/VicUser/Documents/RobC/20260801/VF1_2_2\VF1_2_2-00000411_0.tif,C:/Users/VicUser/Documents/RobC/20260801/VF1_2_2\VF1_2_2-00000411_1.tif,235.602854,235.603216,2.270941,-10.383721,-10.430638,-10.389762,6.685822,0.000000,0.000000,0.000000
412,C:/Users/VicUser/Documents/RobC/20260801/VF1_2_2\VF1_2_2-00000412_0.tif,C:/Users/VicUser/Documents/RobC/20260801/VF1_2_2\VF1_2_2-00000412_1.tif,236.102840,236.103244,2.276680,-10.383721,-10.430638,-10.389762,6.702682,0.000000,0.000000,0.000000
413,C:/Users/VicUser/Documents/RobC/20260801/VF1_2_2\VF1_2_2-00000413_0.tif,C:/Users/VicUser/Documents/RobC/20260801/VF1_2_2\VF1_2_2-00000413_1.tif,236.602858,236.603147,2.284012,-10.383721,-10.430638,-10.389762,6.724225,0.000000,0.000000,0.000000
414,C:/Users/VicUser/Documents/RobC/20260801/VF1_2_2\VF1_2_2-00000414_0.tif,C:/Users/VicUser/Documents/RobC/20260801/VF1_2_2\VF1_2_2-00000414_1.tif,237.102831,237.103200,2.292301,-10.383721,-10.430638,-10.389762,6.748577,0.000000,0.000000,0.000000
415,C:/Users/VicUser/Documents/RobC/20260801/VF1_2_2\VF1_2_2-00000415_0.tif,C:/Users/VicUser/Documents/RobC/20260801/VF1_2_2\VF1_2_2-00000415_1.tif,237.602784,237.603106,2.299315,-10.383721,-10.430638,-10.389762,6.769184,0.000000,0.000000,0.000000
416,C:/Users/VicUser/Documents/RobC/20260801/VF1_2_2\VF1_2_2-00000416_0.tif,C:/Users/VicUser/Documents/RobC/20260801/VF1_2_2\VF1_2_2-00000416_1.tif,238.102773,238.103019,2.307285,-10.383721,-10.430638,-10.389762,6.792600,0.000000,0.000000,0.000000
417,C:/Users/VicUser/Documents/RobC/20260801/VF1_2_2\VF1_2_2-00000417_0.tif,C:/Users/VicUser/Documents/RobC/20260801/VF1_2_2\VF1_2_2-00000417_1.tif,238.602898,238.603064,2.313024,-10.383721,-10.430638,-10.389762,6.809460,0.000000,0.000000,0.000000
418,C:/Users/VicUser/Documents/RobC/20260801/VF1_2_2\VF1_2_2-00000418_0.tif,C:/Users/VicUser/Documents/RobC/20260801/VF1_2_2\VF1_2_2-00000418_1.tif,239.102834,239.103171,2.320675,-10.383721,-10.430638,-10.389762,6.831939,0.000000,0.000000,0.000000
419,C:/Users/VicUser/Documents/RobC/20260801/VF1_2_2\VF1_2_2-00000419_0.tif,C:/Users/VicUser/Documents/RobC/20260801/VF1_2_2\VF1_2_2-00000419_1.tif,239.602843,239.603121,2.327689,-10.383721,-10.430638,-10.389762,6.852546,0.000000,0.000000,0.000000
420,C:/Users/VicUser/Documents/RobC/20260801/VF1_2_2\VF1_2_2-00000420_0.tif,C:/Users/VicUser/Documents/RobC/20260801/VF1_2_2\VF1_2_2-00000420_1.tif,240.102808,240.102981,2.332471,-10.383721,-10.430638,-10.389762,6.866596,0.000000,0.000000,0.000000
421,C:/Users/VicUser/Documents/RobC/20260801/VF1_2_2\VF1_2_2-00000421_0.tif,C:/Users/VicUser/Documents/RobC/20260801/VF1_2_2\VF1_2_2-00000421_1.tif,240.602825,240.603193,2.340441,-10.383721,-10.430638,-10.389762,6.890012,0.000000,0.000000,0.000000
422,C:/Users/VicUser/Documents/RobC/20260801/VF1_2_2\VF1_2_2-00000422_0.tif,C:/Users/VicUser/Documents/RobC/20260801/VF1_2_2\VF1_2_2-00000422_1.tif,241.102823,241.103081,2.346498,-10.383721,-10.430638,-10.389762,6.907808,0.000000,0.000000,0.000000
423,C:/Users/VicUser/Documents/RobC/20260801/VF1_2_2\VF1_2_2-00000423_0.tif,C:/Users/VicUser/Documents/RobC/20260801/VF1_2_2\VF1_2_2-00000423_1.tif,241.602815,241.603129,2.353512,-10.383721,-10.430638,-10.389762,6.928415,0.000000,0.000000,0.000000
424,C:/Users/VicUser/Documents/RobC/20260801/VF1_2_2\VF1_2_2-00000424_0.tif,C:/Users/VicUser/Documents/RobC/20260801/VF1_2_2\VF1_2_2-00000424_1.tif,242.102831,242.103221,2.359888,-10.383721,-10.430638,-10.389762,6.947148,0.000000,0.000000,0.000000
425,C:/Users/VicUser/Documents/RobC/20260801/VF1_2_2\VF1_2_2-00000425_0.tif,C:/Users/VicUser/Documents/RobC/20260801/VF1_2_2\VF1_2_2-00000425_1.tif,242.602941,242.603097,2.368177,-10.383721,-10.430638,-10.389762,6.971501,0.000000,0.000000,0.000000
426,C:/Users/VicUser/Documents/RobC/20260801/VF1_2_2\VF1_2_2-00000426_0.tif,C:/Users/VicUser/Documents/RobC/20260801/VF1_2_2\VF1_2_2-00000426_1.tif,243.102794,243.103107,2.375829,-10.383721,-10.430638,-10.389762,6.993981,0.000000,0.000000,0.000000
427,C:/Users/VicUser/Documents/RobC/20260801/VF1_2_2\VF1_2_2-00000427_0.tif,C:/Users/VicUser/Documents/RobC/20260801/VF1_2_2\VF1_2_2-00000427_1.tif,243.602832,243.603159,2.382842,-10.383721,-10.430638,-10.389762,7.014587,0.000000,0.000000,0.000000
428,C:/Users/VicUser/Documents/RobC/20260801/VF1_2_2\VF1_2_2-00000428_0.tif,C:/Users/VicUser/Documents/RobC/20260801/VF1_2_2\VF1_2_2-00000428_1.tif,244.102824,244.103081,2.389218,-10.383721,-10.430638,-10.389762,7.033320,0.000000,0.000000,0.000000
429,C:/Users/VicUser/Documents/RobC/20260801/VF1_2_2\VF1_2_2-00000429_0.tif,C:/Users/VicUser/Documents/RobC/20260801/VF1_2_2\VF1_2_2-00000429_1.tif,244.602791,244.602997,2.394319,-10.383721,-10.430638,-10.389762,7.048307,0.000000,0.000000,0.000000
430,C:/Users/VicUser/Documents/RobC/20260801/VF1_2_2\VF1_2_2-00000430_0.tif,C:/Users/VicUser/Documents/RobC/20260801/VF1_2_2\VF1_2_2-00000430_1.tif,245.102852,245.103159,2.402608,-10.383721,-10.430638,-10.389762,7.072659,0.000000,0.000000,0.000000
431,C:/Users/VicUser/Documents/RobC/20260801/VF1_2_2\VF1_2_2-00000431_0.tif,C:/Users/VicUser/Documents/RobC/20260801/VF1_2_2\VF1_2_2-00000431_1.tif,245.602855,245.603080,2.409303,-10.383721,-10.430638,-10.389762,7.092329,0.000000,0.000000,0.000000
432,C:/Users/VicUser/Documents/RobC/20260801/VF1_2_2\VF1_2_2-00000432_0.tif,C:/Users/VicUser/Documents/RobC/20260801/VF1_2_2\VF1_2_2-00000432_1.tif,246.102869,246.103152,2.416317,-10.383721,-10.430638,-10.389762,7.112935,0.000000,0.000000,0.000000
433,C:/Users/VicUser/Documents/RobC/20260801/VF1_2_2\VF1_2_2-00000433_0.tif,C:/Users/VicUser/Documents/RobC/20260801/VF1_2_2\VF1_2_2-00000433_1.tif,246.602822,246.603191,2.421736,-10.383721,-10.430638,-10.389762,7.128858,0.000000,0.000000,0.000000
434,C:/Users/VicUser/Documents/RobC/20260801/VF1_2_2\VF1_2_2-00000434_0.tif,C:/Users/VicUser/Documents/RobC/20260801/VF1_2_2\VF1_2_2-00000434_1.tif,247.102834,247.103104,2.430026,-10.383721,-10.430638,-10.389762,7.153212,0.000000,0.000000,0.000000
435,C:/Users/VicUser/Documents/RobC/20260801/VF1_2_2\VF1_2_2-00000435_0.tif,C:/Users/VicUser/Documents/RobC/20260801/VF1_2_2\VF1_2_2-00000435_1.tif,247.602866,247.603133,2.434808,-10.383721,-10.430638,-10.389762,7.167261,0.000000,0.000000,0.000000
436,C:/Users/VicUser/Documents/RobC/20260801/VF1_2_2\VF1_2_2-00000436_0.tif,C:/Users/VicUser/Documents/RobC/20260801/VF1_2_2\VF1_2_2-00000436_1.tif,248.102802,248.103098,2.443415,-10.383721,-10.430638,-10.389762,7.192551,0.000000,0.000000,0.000000
437,C:/Users/VicUser/Documents/RobC/20260801/VF1_2_2\VF1_2_2-00000437_0.tif,C:/Users/VicUser/Documents/RobC/20260801/VF1_2_2\VF1_2_2-00000437_1.tif,248.602939,248.603256,2.451704,-10.383721,-10.430638,-10.389762,7.216904,0.000000,0.000000,0.000000
438,C:/Users/VicUser/Documents/RobC/20260801/VF1_2_2\VF1_2_2-00000438_0.tif,C:/Users/VicUser/Documents/RobC/20260801/VF1_2_2\VF1_2_2-00000438_1.tif,249.102925,249.103238,2.455211,-10.383721,-10.430638,-10.389762,7.227207,0.000000,0.000000,0.000000
439,C:/Users/VicUser/Documents/RobC/20260801/VF1_2_2\VF1_2_2-00000439_0.tif,C:/Users/VicUser/Documents/RobC/20260801/VF1_2_2\VF1_2_2-00000439_1.tif,249.602889,249.603199,2.463819,-10.383721,-10.430638,-10.389762,7.252496,0.000000,0.000000,0.000000
440,C:/Users/VicUser/Documents/RobC/20260801/VF1_2_2\VF1_2_2-00000440_0.tif,C:/Users/VicUser/Documents/RobC/20260801/VF1_2_2\VF1_2_2-00000440_1.tif,250.102901,250.103265,2.469239,-10.383721,-10.430638,-10.389762,7.268419,0.000000,0.000000,0.000000
441,C:/Users/VicUser/Documents/RobC/20260801/VF1_2_2\VF1_2_2-00000441_0.tif,C:/Users/VicUser/Documents/RobC/20260801/VF1_2_2\VF1_2_2-00000441_1.tif,250.602907,250.603148,2.475934,-10.383721,-10.430638,-10.389762,7.288089,0.000000,0.000000,0.000000
442,C:/Users/VicUser/Documents/RobC/20260801/VF1_2_2\VF1_2_2-00000442_0.tif,C:/Users/VicUser/Documents/RobC/20260801/VF1_2_2\VF1_2_2-00000442_1.tif,251.102850,251.103182,2.483585,-10.383721,-10.430638,-10.389762,7.310569,0.000000,0.000000,0.000000
443,C:/Users/VicUser/Documents/RobC/20260801/VF1_2_2\VF1_2_2-00000443_0.tif,C:/Users/VicUser/Documents/RobC/20260801/VF1_2_2\VF1_2_2-00000443_1.tif,251.602849,251.603034,2.489961,-10.383721,-10.430638,-10.389762,7.329302,0.000000,0.000000,0.000000
444,C:/Users/VicUser/Documents/RobC/20260801/VF1_2_2\VF1_2_2-00000444_0.tif,C:/Users/VicUser/Documents/RobC/20260801/VF1_2_2\VF1_2_2-00000444_1.tif,252.102885,252.103200,2.496656,-10.383721,-10.430638,-10.389762,7.348972,0.000000,0.000000,0.000000
445,C:/Users/VicUser/Documents/RobC/20260801/VF1_2_2\VF1_2_2-00000445_0.tif,C:/Users/VicUser/Documents/RobC/20260801/VF1_2_2\VF1_2_2-00000445_1.tif,252.602832,252.603084,2.503670,-10.383721,-10.430638,-10.389762,7.369578,0.000000,0.000000,0.000000
446,C:/Users/VicUser/Documents/RobC/20260801/VF1_2_2\VF1_2_2-00000446_0.tif,C:/Users/VicUser/Documents/RobC/20260801/VF1_2_2\VF1_2_2-00000446_1.tif,253.102840,253.103109,2.509089,-10.383721,-10.430638,-10.389762,7.385501,0.000000,0.000000,0.000000
447,C:/Users/VicUser/Documents/RobC/20260801/VF1_2_2\VF1_2_2-00000447_0.tif,C:/Users/VicUser/Documents/RobC/20260801/VF1_2_2\VF1_2_2-00000447_1.tif,253.602863,253.603177,2.515465,-10.383721,-10.430638,-10.389762,7.404234,0.000000,0.000000,0.000000
448,C:/Users/VicUser/Documents/RobC/20260801/VF1_2_2\VF1_2_2-00000448_0.tif,C:/Users/VicUser/Documents/RobC/20260801/VF1_2_2\VF1_2_2-00000448_1.tif,254.102850,254.103188,2.523436,-10.383721,-10.430638,-10.389762,7.427650,0.000000,0.000000,0.000000
449,C:/Users/VicUser/Documents/RobC/20260801/VF1_2_2\VF1_2_2-00000449_0.tif,C:/Users/VicUser/Documents/RobC/20260801/VF1_2_2\VF1_2_2-00000449_1.tif,254.602865,254.603155,2.529812,-10.383721,-10.430638,-10.389762,7.446384,0.000000,0.000000,0.000000
450,C:/Users/VicUser/Documents/RobC/20260801/VF1_2_2\VF1_2_2-00000450_0.tif,C:/Users/VicUser/Documents/RobC/20260801/VF1_2_2\VF1_2_2-00000450_1.tif,255.102837,255.103133,2.535869,-10.383721,-10.430638,-10.389762,7.464180,0.000000,0.000000,0.000000
451,C:/Users/VicUser/Documents/RobC/20260801/VF1_2_2\VF1_2_2-00000451_0.tif,C:/Users/VicUser/Documents/RobC/20260801/VF1_2_2\VF1_2_2-00000451_1.tif,255.602918,255.603111,2.541608,-10.383721,-10.430638,-10.389762,7.481040,0.000000,0.000000,0.000000
452,C:/Users/VicUser/Documents/RobC/20260801/VF1_2_2\VF1_2_2-00000452_0.tif,C:/Users/VicUser/Documents/RobC/20260801/VF1_2_2\VF1_2_2-00000452_1.tif,256.102796,256.103120,2.548621,-10.383721,-10.430638,-10.389762,7.501646,0.000000,0.000000,0.000000
453,C:/Users/VicUser/Documents/RobC/20260801/VF1_2_2\VF1_2_2-00000453_0.tif,C:/Users/VicUser/Documents/RobC/20260801/VF1_2_2\VF1_2_2-00000453_1.tif,256.602855,256.603102,2.553722,-10.383721,-10.430638,-10.389762,7.516632,0.000000,0.000000,0.000000
454,C:/Users/VicUser/Documents/RobC/20260801/VF1_2_2\VF1_2_2-00000454_0.tif,C:/Users/VicUser/Documents/RobC/20260801/VF1_2_2\VF1_2_2-00000454_1.tif,257.102838,257.103096,2.560417,-10.383721,-10.430638,-10.389762,7.536302,0.000000,0.000000,0.000000
455,C:/Users/VicUser/Documents/RobC/20260801/VF1_2_2\VF1_2_2-00000455_0.tif,C:/Users/VicUser/Documents/RobC/20260801/VF1_2_2\VF1_2_2-00000455_1.tif,257.602857,257.603068,2.565837,-10.383721,-10.430638,-10.389762,7.552225,0.000000,0.000000,0.000000
456,C:/Users/VicUser/Documents/RobC/20260801/VF1_2_2\VF1_2_2-00000456_0.tif,C:/Users/VicUser/Documents/RobC/20260801/VF1_2_2\VF1_2_2-00000456_1.tif,258.102799,258.103176,2.571894,-10.383721,-10.430638,-10.389762,7.570022,0.000000,0.000000,0.000000
457,C:/Users/VicUser/Documents/RobC/20260801/VF1_2_2\VF1_2_2-00000457_0.tif,C:/Users/VicUser/Documents/RobC/20260801/VF1_2_2\VF1_2_2-00000457_1.tif,258.602850,258.603152,2.577951,-10.383721,-10.430638,-10.389762,7.587818,0.000000,0.000000,0.000000
458,C:/Users/VicUser/Documents/RobC/20260801/VF1_2_2\VF1_2_2-00000458_0.tif,C:/Users/VicUser/Documents/RobC/20260801/VF1_2_2\VF1_2_2-00000458_1.tif,259.102833,259.103106,2.584327,-10.383721,-10.430638,-10.389762,7.606551,0.000000,0.000000,0.000000
459,C:/Users/VicUser/Documents/RobC/20260801/VF1_2_2\VF1_2_2-00000459_0.tif,C:/Users/VicUser/Documents/RobC/20260801/VF1_2_2\VF1_2_2-00000459_1.tif,259.602857,259.603155,2.592935,-10.383721,-10.430638,-10.389762,7.631841,0.000000,0.000000,0.000000
460,C:/Users/VicUser/Documents/RobC/20260801/VF1_2_2\VF1_2_2-00000460_0.tif,C:/Users/VicUser/Documents/RobC/20260801/VF1_2_2\VF1_2_2-00000460_1.tif,260.102850,260.103429,2.596442,-10.383721,-10.430638,-10.389762,7.642144,0.000000,0.000000,0.000000
461,C:/Users/VicUser/Documents/RobC/20260801/VF1_2_2\VF1_2_2-00000461_0.tif,C:/Users/VicUser/Documents/RobC/20260801/VF1_2_2\VF1_2_2-00000461_1.tif,260.602883,260.603186,2.603137,-10.383721,-10.430638,-10.389762,7.661813,0.000000,0.000000,0.000000
462,C:/Users/VicUser/Documents/RobC/20260801/VF1_2_2\VF1_2_2-00000462_0.tif,C:/Users/VicUser/Documents/RobC/20260801/VF1_2_2\VF1_2_2-00000462_1.tif,261.102855,261.103135,2.611426,-10.383721,-10.430638,-10.389762,7.686167,0.000000,0.000000,0.000000
463,C:/Users/VicUser/Documents/RobC/20260801/VF1_2_2\VF1_2_2-00000463_0.tif,C:/Users/VicUser/Documents/RobC/20260801/VF1_2_2\VF1_2_2-00000463_1.tif,261.602869,261.603168,2.619715,-10.383721,-10.430638,-10.389762,7.710519,0.000000,0.000000,0.000000
464,C:/Users/VicUser/Documents/RobC/20260801/VF1_2_2\VF1_2_2-00000464_0.tif,C:/Users/VicUser/Documents/RobC/20260801/VF1_2_2\VF1_2_2-00000464_1.tif,262.102852,262.103158,2.624816,-10.383721,-10.430638,-10.389762,7.725506,0.000000,0.000000,0.000000
465,C:/Users/VicUser/Documents/RobC/20260801/VF1_2_2\VF1_2_2-00000465_0.tif,C:/Users/VicUser/Documents/RobC/20260801/VF1_2_2\VF1_2_2-00000465_1.tif,262.602847,262.603204,2.632149,-10.383721,-10.430638,-10.389762,7.747049,0.000000,0.000000,0.000000
466,C:/Users/VicUser/Documents/RobC/20260801/VF1_2_2\VF1_2_2-00000466_0.tif,C:/Users/VicUser/Documents/RobC/20260801/VF1_2_2\VF1_2_2-00000466_1.tif,263.102872,263.103032,2.638525,-10.383721,-10.430638,-10.389762,7.765782,0.000000,0.000000,0.000000
467,C:/Users/VicUser/Documents/RobC/20260801/VF1_2_2\VF1_2_2-00000467_0.tif,C:/Users/VicUser/Documents/RobC/20260801/VF1_2_2\VF1_2_2-00000467_1.tif,263.602851,263.603265,2.645538,-10.383721,-10.430638,-10.389762,7.786388,0.000000,0.000000,0.000000
468,C:/Users/VicUser/Documents/RobC/20260801/VF1_2_2\VF1_2_2-00000468_0.tif,C:/Users/VicUser/Documents/RobC/20260801/VF1_2_2\VF1_2_2-00000468_1.tif,264.102925,264.103175,2.653508,-10.383721,-10.430638,-10.389762,7.809804,0.000000,0.000000,0.000000
469,C:/Users/VicUser/Documents/RobC/20260801/VF1_2_2\VF1_2_2-00000469_0.tif,C:/Users/VicUser/Documents/RobC/20260801/VF1_2_2\VF1_2_2-00000469_1.tif,264.602789,264.603230,2.658609,-10.383721,-10.430638,-10.389762,7.824791,0.000000,0.000000,0.000000
470,C:/Users/VicUser/Documents/RobC/20260801/VF1_2_2\VF1_2_2-00000470_0.tif,C:/Users/VicUser/Documents/RobC/20260801/VF1_2_2\VF1_2_2-00000470_1.tif,265.102777,265.103351,2.667217,-10.383721,-10.430638,-10.389762,7.850080,0.000000,0.000000,0.000000
471,C:/Users/VicUser/Documents/RobC/20260801/VF1_2_2\VF1_2_2-00000471_0.tif,C:/Users/VicUser/Documents/RobC/20260801/VF1_2_2\VF1_2_2-00000471_1.tif,265.602770,265.603197,2.674231,-10.383721,-10.430638,-10.389762,7.870687,0.000000,0.000000,0.000000
472,C:/Users/VicUser/Documents/RobC/20260801/VF1_2_2\VF1_2_2-00000472_0.tif,C:/Users/VicUser/Documents/RobC/20260801/VF1_2_2\VF1_2_2-00000472_1.tif,266.102911,266.103192,2.681245,-10.383721,-10.430638,-10.389762,7.891293,0.000000,0.000000,0.000000
473,C:/Users/VicUser/Documents/RobC/20260801/VF1_2_2\VF1_2_2-00000473_0.tif,C:/Users/VicUser/Documents/RobC/20260801/VF1_2_2\VF1_2_2-00000473_1.tif,266.602937,266.603259,2.687302,-10.383721,-10.430638,-10.389762,7.909090,0.000000,0.000000,0.000000
474,C:/Users/VicUser/Documents/RobC/20260801/VF1_2_2\VF1_2_2-00000474_0.tif,C:/Users/VicUser/Documents/RobC/20260801/VF1_2_2\VF1_2_2-00000474_1.tif,267.102863,267.103153,2.694634,-10.383721,-10.430638,-10.389762,7.930633,0.000000,0.000000,0.000000
475,C:/Users/VicUser/Documents/RobC/20260801/VF1_2_2\VF1_2_2-00000475_0.tif,C:/Users/VicUser/Documents/RobC/20260801/VF1_2_2\VF1_2_2-00000475_1.tif,267.602795,267.603113,2.700054,-10.383721,-10.430638,-10.389762,7.946556,0.000000,0.000000,0.000000
476,C:/Users/VicUser/Documents/RobC/20260801/VF1_2_2\VF1_2_2-00000476_0.tif,C:/Users/VicUser/Documents/RobC/20260801/VF1_2_2\VF1_2_2-00000476_1.tif,268.102828,268.103200,2.707705,-10.383721,-10.430638,-10.389762,7.969035,0.000000,0.000000,0.000000
477,C:/Users/VicUser/Documents/RobC/20260801/VF1_2_2\VF1_2_2-00000477_0.tif,C:/Users/VicUser/Documents/RobC/20260801/VF1_2_2\VF1_2_2-00000477_1.tif,268.602826,268.603209,2.715038,-10.383721,-10.430638,-10.389762,7.990578,0.000000,0.000000,0.000000
478,C:/Users/VicUser/Documents/RobC/20260801/VF1_2_2\VF1_2_2-00000478_0.tif,C:/Users/VicUser/Documents/RobC/20260801/VF1_2_2\VF1_2_2-00000478_1.tif,269.102880,269.103153,2.726196,-10.383721,-10.430638,-10.389762,8.023361,0.000000,0.000000,0.000000
479,C:/Users/VicUser/Documents/RobC/20260801/VF1_2_2\VF1_2_2-00000479_0.tif,C:/Users/VicUser/Documents/RobC/20260801/VF1_2_2\VF1_2_2-00000479_1.tif,269.602814,269.603082,2.729384,-10.383721,-10.430638,-10.389762,8.032727,0.000000,0.000000,0.000000
480,C:/Users/VicUser/Documents/RobC/20260801/VF1_2_2\VF1_2_2-00000480_0.tif,C:/Users/VicUser/Documents/RobC/20260801/VF1_2_2\VF1_2_2-00000480_1.tif,270.102860,270.103152,2.738311,-10.383721,-10.430638,-10.389762,8.058954,0.000000,0.000000,0.000000
481,C:/Users/VicUser/Documents/RobC/20260801/VF1_2_2\VF1_2_2-00000481_0.tif,C:/Users/VicUser/Documents/RobC/20260801/VF1_2_2\VF1_2_2-00000481_1.tif,270.602989,270.603124,2.743731,-10.383721,-10.430638,-10.389762,8.074877,0.000000,0.000000,0.000000
482,C:/Users/VicUser/Documents/RobC/20260801/VF1_2_2\VF1_2_2-00000482_0.tif,C:/Users/VicUser/Documents/RobC/20260801/VF1_2_2\VF1_2_2-00000482_1.tif,271.102829,271.103131,2.750744,-10.383721,-10.430638,-10.389762,8.095483,0.000000,0.000000,0.000000
483,C:/Users/VicUser/Documents/RobC/20260801/VF1_2_2\VF1_2_2-00000483_0.tif,C:/Users/VicUser/Documents/RobC/20260801/VF1_2_2\VF1_2_2-00000483_1.tif,271.602832,271.603112,2.757120,-10.383721,-10.430638,-10.389762,8.114216,0.000000,0.000000,0.000000
484,C:/Users/VicUser/Documents/RobC/20260801/VF1_2_2\VF1_2_2-00000484_0.tif,C:/Users/VicUser/Documents/RobC/20260801/VF1_2_2\VF1_2_2-00000484_1.tif,272.102810,272.103138,2.764134,-10.383721,-10.430638,-10.389762,8.134823,0.000000,0.000000,0.000000
485,C:/Users/VicUser/Documents/RobC/20260801/VF1_2_2\VF1_2_2-00000485_0.tif,C:/Users/VicUser/Documents/RobC/20260801/VF1_2_2\VF1_2_2-00000485_1.tif,272.602940,272.603202,2.768916,-10.383721,-10.430638,-10.389762,8.148872,0.000000,0.000000,0.000000
486,C:/Users/VicUser/Documents/RobC/20260801/VF1_2_2\VF1_2_2-00000486_0.tif,C:/Users/VicUser/Documents/RobC/20260801/VF1_2_2\VF1_2_2-00000486_1.tif,273.102884,273.103168,2.778799,-10.383721,-10.430638,-10.389762,8.177909,0.000000,0.000000,0.000000
487,C:/Users/VicUser/Documents/RobC/20260801/VF1_2_2\VF1_2_2-00000487_0.tif,C:/Users/VicUser/Documents/RobC/20260801/VF1_2_2\VF1_2_2-00000487_1.tif,273.602888,273.603127,2.784219,-10.383721,-10.430638,-10.389762,8.193832,0.000000,0.000000,0.000000
488,C:/Users/VicUser/Documents/RobC/20260801/VF1_2_2\VF1_2_2-00000488_0.tif,C:/Users/VicUser/Documents/RobC/20260801/VF1_2_2\VF1_2_2-00000488_1.tif,274.102816,274.103121,2.790595,-10.383721,-10.430638,-10.389762,8.212565,0.000000,0.000000,0.000000
489,C:/Users/VicUser/Documents/RobC/20260801/VF1_2_2\VF1_2_2-00000489_0.tif,C:/Users/VicUser/Documents/RobC/20260801/VF1_2_2\VF1_2_2-00000489_1.tif,274.602864,274.603204,2.799522,-10.383721,-10.430638,-10.389762,8.238791,0.000000,0.000000,0.000000
490,C:/Users/VicUser/Documents/RobC/20260801/VF1_2_2\VF1_2_2-00000490_0.tif,C:/Users/VicUser/Documents/RobC/20260801/VF1_2_2\VF1_2_2-00000490_1.tif,275.102863,275.103189,2.805579,-10.383721,-10.430638,-10.389762,8.256588,0.000000,0.000000,0.000000
491,C:/Users/VicUser/Documents/RobC/20260801/VF1_2_2\VF1_2_2-00000491_0.tif,C:/Users/VicUser/Documents/RobC/20260801/VF1_2_2\VF1_2_2-00000491_1.tif,275.602792,275.603151,2.811955,-10.383721,-10.430638,-10.389762,8.275320,0.000000,0.000000,0.000000
492,C:/Users/VicUser/Documents/RobC/20260801/VF1_2_2\VF1_2_2-00000492_0.tif,C:/Users/VicUser/Documents/RobC/20260801/VF1_2_2\VF1_2_2-00000492_1.tif,276.102819,276.103055,2.818650,-10.383721,-10.430638,-10.389762,8.294990,0.000000,0.000000,0.000000
493,C:/Users/VicUser/Documents/RobC/20260801/VF1_2_2\VF1_2_2-00000493_0.tif,C:/Users/VicUser/Documents/RobC/20260801/VF1_2_2\VF1_2_2-00000493_1.tif,276.602948,276.603310,2.824389,-10.383721,-10.430638,-10.389762,8.311850,0.000000,0.000000,0.000000
494,C:/Users/VicUser/Documents/RobC/20260801/VF1_2_2\VF1_2_2-00000494_0.tif,C:/Users/VicUser/Documents/RobC/20260801/VF1_2_2\VF1_2_2-00000494_1.tif,277.102946,277.103335,2.832677,-10.383721,-10.430638,-10.389762,8.336203,0.000000,0.000000,0.000000
495,C:/Users/VicUser/Documents/RobC/20260801/VF1_2_2\VF1_2_2-00000495_0.tif,C:/Users/VicUser/Documents/RobC/20260801/VF1_2_2\VF1_2_2-00000495_1.tif,277.602943,277.603159,2.838735,-10.383721,-10.430638,-10.389762,8.354000,0.000000,0.000000,0.000000
496,C:/Users/VicUser/Documents/RobC/20260801/VF1_2_2\VF1_2_2-00000496_0.tif,C:/Users/VicUser/Documents/RobC/20260801/VF1_2_2\VF1_2_2-00000496_1.tif,278.102966,278.103230,2.844792,-10.383721,-10.430638,-10.389762,8.371796,0.000000,0.000000,0.000000
497,C:/Users/VicUser/Documents/RobC/20260801/VF1_2_2\VF1_2_2-00000497_0.tif,C:/Users/VicUser/Documents/RobC/20260801/VF1_2_2\VF1_2_2-00000497_1.tif,278.602920,278.603186,2.852762,-10.383721,-10.430638,-10.389762,8.395212,0.000000,0.000000,0.000000
498,C:/Users/VicUser/Documents/RobC/20260801/VF1_2_2\VF1_2_2-00000498_0.tif,C:/Users/VicUser/Documents/RobC/20260801/VF1_2_2\VF1_2_2-00000498_1.tif,279.102885,279.103293,2.861370,-10.383721,-10.430638,-10.389762,8.420502,0.000000,0.000000,0.000000
499,C:/Users/VicUser/Documents/RobC/20260801/VF1_2_2\VF1_2_2-00000499_0.tif,C:/Users/VicUser/Documents/RobC/20260801/VF1_2_2\VF1_2_2-00000499_1.tif,279.602856,279.603192,2.869021,-10.383721,-10.430638,-10.389762,8.442982,0.000000,0.000000,0.000000
500,C:/Users/VicUser/Documents/RobC/20260801/VF1_2_2\VF1_2_2-00000500_0.tif,C:/Users/VicUser/Documents/RobC/20260801/VF1_2_2\VF1_2_2-00000500_1.tif,280.102838,280.103156,2.876354,-10.383721,-10.430638,-10.389762,8.464525,0.000000,0.000000,0.000000
501,C:/Users/VicUser/Documents/RobC/20260801/VF1_2_2\VF1_2_2-00000501_0.tif,C:/Users/VicUser/Documents/RobC/20260801/VF1_2_2\VF1_2_2-00000501_1.tif,280.602798,280.603146,2.881773,-10.383721,-10.430638,-10.389762,8.480447,0.000000,0.000000,0.000000
502,C:/Users/VicUser/Documents/RobC/20260801/VF1_2_2\VF1_2_2-00000502_0.tif,C:/Users/VicUser/Documents/RobC/20260801/VF1_2_2\VF1_2_2-00000502_1.tif,281.103049,281.103195,2.890381,-10.383721,-10.430638,-10.389762,8.505737,0.000000,0.000000,0.000000
503,C:/Users/VicUser/Documents/RobC/20260801/VF1_2_2\VF1_2_2-00000503_0.tif,C:/Users/VicUser/Documents/RobC/20260801/VF1_2_2\VF1_2_2-00000503_1.tif,281.602724,281.603110,2.895482,-10.383721,-10.430638,-10.389762,8.520724,0.000000,0.000000,0.000000
504,C:/Users/VicUser/Documents/RobC/20260801/VF1_2_2\VF1_2_2-00000504_0.tif,C:/Users/VicUser/Documents/RobC/20260801/VF1_2_2\VF1_2_2-00000504_1.tif,282.102768,282.103003,2.904090,-10.383721,-10.430638,-10.389762,8.546013,0.000000,0.000000,0.000000
505,C:/Users/VicUser/Documents/RobC/20260801/VF1_2_2\VF1_2_2-00000505_0.tif,C:/Users/VicUser/Documents/RobC/20260801/VF1_2_2\VF1_2_2-00000505_1.tif,282.602832,282.603213,2.911104,-10.383721,-10.430638,-10.389762,8.566619,0.000000,0.000000,0.000000
506,C:/Users/VicUser/Documents/RobC/20260801/VF1_2_2\VF1_2_2-00000506_0.tif,C:/Users/VicUser/Documents/RobC/20260801/VF1_2_2\VF1_2_2-00000506_1.tif,283.102875,283.103099,2.916842,-10.383721,-10.430638,-10.389762,8.583479,0.000000,0.000000,0.000000
507,C:/Users/VicUser/Documents/RobC/20260801/VF1_2_2\VF1_2_2-00000507_0.tif,C:/Users/VicUser/Documents/RobC/20260801/VF1_2_2\VF1_2_2-00000507_1.tif,283.602877,283.603182,2.924812,-10.383721,-10.430638,-10.389762,8.606895,0.000000,0.000000,0.000000
508,C:/Users/VicUser/Documents/RobC/20260801/VF1_2_2\VF1_2_2-00000508_0.tif,C:/Users/VicUser/Documents/RobC/20260801/VF1_2_2\VF1_2_2-00000508_1.tif,284.102826,284.103132,2.930232,-10.383721,-10.430638,-10.389762,8.622818,0.000000,0.000000,0.000000
509,C:/Users/VicUser/Documents/RobC/20260801/VF1_2_2\VF1_2_2-00000509_0.tif,C:/Users/VicUser/Documents/RobC/20260801/VF1_2_2\VF1_2_2-00000509_1.tif,284.602916,284.603138,2.938202,-10.383721,-10.430638,-10.389762,8.646234,0.000000,0.000000,0.000000
510,C:/Users/VicUser/Documents/RobC/20260801/VF1_2_2\VF1_2_2-00000510_0.tif,C:/Users/VicUser/Documents/RobC/20260801/VF1_2_2\VF1_2_2-00000510_1.tif,285.102875,285.103194,2.944260,-10.383721,-10.430638,-10.389762,8.664031,0.000000,0.000000,0.000000
511,C:/Users/VicUser/Documents/RobC/20260801/VF1_2_2\VF1_2_2-00000511_0.tif,C:/Users/VicUser/Documents/RobC/20260801/VF1_2_2\VF1_2_2-00000511_1.tif,285.602811,285.603194,2.954143,-10.383721,-10.430638,-10.389762,8.693067,0.000000,0.000000,0.000000
512,C:/Users/VicUser/Documents/RobC/20260801/VF1_2_2\VF1_2_2-00000512_0.tif,C:/Users/VicUser/Documents/RobC/20260801/VF1_2_2\VF1_2_2-00000512_1.tif,286.102873,286.103180,2.958925,-10.383721,-10.430638,-10.389762,8.707117,0.000000,0.000000,0.000000
513,C:/Users/VicUser/Documents/RobC/20260801/VF1_2_2\VF1_2_2-00000513_0.tif,C:/Users/VicUser/Documents/RobC/20260801/VF1_2_2\VF1_2_2-00000513_1.tif,286.602816,286.603103,2.965938,-10.383721,-10.430638,-10.389762,8.727723,0.000000,0.000000,0.000000
514,C:/Users/VicUser/Documents/RobC/20260801/VF1_2_2\VF1_2_2-00000514_0.tif,C:/Users/VicUser/Documents/RobC/20260801/VF1_2_2\VF1_2_2-00000514_1.tif,287.102786,287.103064,2.972314,-10.383721,-10.430638,-10.389762,8.746456,0.000000,0.000000,0.000000
515,C:/Users/VicUser/Documents/RobC/20260801/VF1_2_2\VF1_2_2-00000515_0.tif,C:/Users/VicUser/Documents/RobC/20260801/VF1_2_2\VF1_2_2-00000515_1.tif,287.602866,287.603194,2.979328,-10.383721,-10.430638,-10.389762,8.767063,0.000000,0.000000,0.000000
516,C:/Users/VicUser/Documents/RobC/20260801/VF1_2_2\VF1_2_2-00000516_0.tif,C:/Users/VicUser/Documents/RobC/20260801/VF1_2_2\VF1_2_2-00000516_1.tif,288.102831,288.103099,2.987617,-10.383721,-10.430638,-10.389762,8.791416,0.000000,0.000000,0.000000
517,C:/Users/VicUser/Documents/RobC/20260801/VF1_2_2\VF1_2_2-00000517_0.tif,C:/Users/VicUser/Documents/RobC/20260801/VF1_2_2\VF1_2_2-00000517_1.tif,288.602866,288.603141,2.993356,-10.383721,-10.430638,-10.389762,8.808276,0.000000,0.000000,0.000000
518,C:/Users/VicUser/Documents/RobC/20260801/VF1_2_2\VF1_2_2-00000518_0.tif,C:/Users/VicUser/Documents/RobC/20260801/VF1_2_2\VF1_2_2-00000518_1.tif,289.102868,289.103222,3.001326,-10.383721,-10.430638,-10.389762,8.831692,0.000000,0.000000,0.000000
519,C:/Users/VicUser/Documents/RobC/20260801/VF1_2_2\VF1_2_2-00000519_0.tif,C:/Users/VicUser/Documents/RobC/20260801/VF1_2_2\VF1_2_2-00000519_1.tif,289.602957,289.603244,3.006746,-10.383721,-10.430638,-10.389762,8.847615,0.000000,0.000000,0.000000
520,C:/Users/VicUser/Documents/RobC/20260801/VF1_2_2\VF1_2_2-00000520_0.tif,C:/Users/VicUser/Documents/RobC/20260801/VF1_2_2\VF1_2_2-00000520_1.tif,290.102857,290.103003,3.013122,-10.383721,-10.430638,-10.389762,8.866348,0.000000,0.000000,0.000000
521,C:/Users/VicUser/Documents/RobC/20260801/VF1_2_2\VF1_2_2-00000521_0.tif,C:/Users/VicUser/Documents/RobC/20260801/VF1_2_2\VF1_2_2-00000521_1.tif,290.602809,290.603168,3.021411,-10.383721,-10.430638,-10.389762,8.890701,0.000000,0.000000,0.000000
522,C:/Users/VicUser/Documents/RobC/20260801/VF1_2_2\VF1_2_2-00000522_0.tif,C:/Users/VicUser/Documents/RobC/20260801/VF1_2_2\VF1_2_2-00000522_1.tif,291.102815,291.103104,3.028424,-10.383721,-10.430638,-10.389762,8.911307,0.000000,0.000000,0.000000
523,C:/Users/VicUser/Documents/RobC/20260801/VF1_2_2\VF1_2_2-00000523_0.tif,C:/Users/VicUser/Documents/RobC/20260801/VF1_2_2\VF1_2_2-00000523_1.tif,291.602945,291.603175,3.034482,-10.383721,-10.430638,-10.389762,8.929103,0.000000,0.000000,0.000000
524,C:/Users/VicUser/Documents/RobC/20260801/VF1_2_2\VF1_2_2-00000524_0.tif,C:/Users/VicUser/Documents/RobC/20260801/VF1_2_2\VF1_2_2-00000524_1.tif,292.102800,292.103049,3.043408,-10.383721,-10.430638,-10.389762,8.955330,0.000000,0.000000,0.000000
525,C:/Users/VicUser/Documents/RobC/20260801/VF1_2_2\VF1_2_2-00000525_0.tif,C:/Users/VicUser/Documents/RobC/20260801/VF1_2_2\VF1_2_2-00000525_1.tif,292.602792,292.603152,3.048828,-10.383721,-10.430638,-10.389762,8.971253,0.000000,0.000000,0.000000
526,C:/Users/VicUser/Documents/RobC/20260801/VF1_2_2\VF1_2_2-00000526_0.tif,C:/Users/VicUser/Documents/RobC/20260801/VF1_2_2\VF1_2_2-00000526_1.tif,293.102819,293.103112,3.055204,-10.383721,-10.430638,-10.389762,8.989986,0.000000,0.000000,0.000000
527,C:/Users/VicUser/Documents/RobC/20260801/VF1_2_2\VF1_2_2-00000527_0.tif,C:/Users/VicUser/Documents/RobC/20260801/VF1_2_2\VF1_2_2-00000527_1.tif,293.602852,293.603138,3.061261,-10.383721,-10.430638,-10.389762,9.007783,0.000000,0.000000,0.000000
528,C:/Users/VicUser/Documents/RobC/20260801/VF1_2_2\VF1_2_2-00000528_0.tif,C:/Users/VicUser/Documents/RobC/20260801/VF1_2_2\VF1_2_2-00000528_1.tif,294.102859,294.103233,3.068594,-10.383721,-10.430638,-10.389762,9.029326,0.000000,0.000000,0.000000
529,C:/Users/VicUser/Documents/RobC/20260801/VF1_2_2\VF1_2_2-00000529_0.tif,C:/Users/VicUser/Documents/RobC/20260801/VF1_2_2\VF1_2_2-00000529_1.tif,294.602867,294.603181,3.075926,-10.383721,-10.430638,-10.389762,9.050868,0.000000,0.000000,0.000000
530,C:/Users/VicUser/Documents/RobC/20260801/VF1_2_2\VF1_2_2-00000530_0.tif,C:/Users/VicUser/Documents/RobC/20260801/VF1_2_2\VF1_2_2-00000530_1.tif,295.102860,295.103187,3.081984,-10.383721,-10.430638,-10.389762,9.068665,0.000000,0.000000,0.000000
531,C:/Users/VicUser/Documents/RobC/20260801/VF1_2_2\VF1_2_2-00000531_0.tif,C:/Users/VicUser/Documents/RobC/20260801/VF1_2_2\VF1_2_2-00000531_1.tif,295.602898,295.603043,3.087722,-10.383721,-10.430638,-10.389762,9.085525,0.000000,0.000000,0.000000
532,C:/Users/VicUser/Documents/RobC/20260801/VF1_2_2\VF1_2_2-00000532_0.tif,C:/Users/VicUser/Documents/RobC/20260801/VF1_2_2\VF1_2_2-00000532_1.tif,296.102821,296.103146,3.093780,-10.383721,-10.430638,-10.389762,9.103321,0.000000,0.000000,0.000000
533,C:/Users/VicUser/Documents/RobC/20260801/VF1_2_2\VF1_2_2-00000533_0.tif,C:/Users/VicUser/Documents/RobC/20260801/VF1_2_2\VF1_2_2-00000533_1.tif,296.602824,296.603163,3.101431,-10.383721,-10.430638,-10.389762,9.125801,0.000000,0.000000,0.000000
534,C:/Users/VicUser/Documents/RobC/20260801/VF1_2_2\VF1_2_2-00000534_0.tif,C:/Users/VicUser/Documents/RobC/20260801/VF1_2_2\VF1_2_2-00000534_1.tif,297.102853,297.103149,3.107488,-10.383721,-10.430638,-10.389762,9.143597,0.000000,0.000000,0.000000
535,C:/Users/VicUser/Documents/RobC/20260801/VF1_2_2\VF1_2_2-00000535_0.tif,C:/Users/VicUser/Documents/RobC/20260801/VF1_2_2\VF1_2_2-00000535_1.tif,297.602877,297.603168,3.114821,-10.383721,-10.430638,-10.389762,9.165140,0.000000,0.000000,0.000000
536,C:/Users/VicUser/Documents/RobC/20260801/VF1_2_2\VF1_2_2-00000536_0.tif,C:/Users/VicUser/Documents/RobC/20260801/VF1_2_2\VF1_2_2-00000536_1.tif,298.102822,298.103128,3.120878,-10.383721,-10.430638,-10.389762,9.182936,0.000000,0.000000,0.000000
537,C:/Users/VicUser/Documents/RobC/20260801/VF1_2_2\VF1_2_2-00000537_0.tif,C:/Users/VicUser/Documents/RobC/20260801/VF1_2_2\VF1_2_2-00000537_1.tif,298.602980,298.603209,3.125341,-10.383721,-10.430638,-10.389762,9.196050,0.000000,0.000000,0.000000
538,C:/Users/VicUser/Documents/RobC/20260801/VF1_2_2\VF1_2_2-00000538_0.tif,C:/Users/VicUser/Documents/RobC/20260801/VF1_2_2\VF1_2_2-00000538_1.tif,299.102785,299.103141,3.132674,-10.383721,-10.430638,-10.389762,9.217593,0.000000,0.000000,0.000000
539,C:/Users/VicUser/Documents/RobC/20260801/VF1_2_2\VF1_2_2-00000539_0.tif,C:/Users/VicUser/Documents/RobC/20260801/VF1_2_2\VF1_2_2-00000539_1.tif,299.602811,299.603134,3.137775,-10.383721,-10.430638,-10.389762,9.232579,0.000000,0.000000,0.000000
540,C:/Users/VicUser/Documents/RobC/20260801/VF1_2_2\VF1_2_2-00000540_0.tif,C:/Users/VicUser/Documents/RobC/20260801/VF1_2_2\VF1_2_2-00000540_1.tif,300.102813,300.103074,3.145107,-10.383721,-10.430638,-10.389762,9.254122,0.000000,0.000000,0.000000
541,C:/Users/VicUser/Documents/RobC/20260801/VF1_2_2\VF1_2_2-00000541_0.tif,C:/Users/VicUser/Documents/RobC/20260801/VF1_2_2\VF1_2_2-00000541_1.tif,300.602851,300.603115,3.148614,-10.383721,-10.430638,-10.389762,9.264425,0.000000,0.000000,0.000000
542,C:/Users/VicUser/Documents/RobC/20260801/VF1_2_2\VF1_2_2-00000542_0.tif,C:/Users/VicUser/Documents/RobC/20260801/VF1_2_2\VF1_2_2-00000542_1.tif,301.102835,301.103218,3.155947,-10.383721,-10.430638,-10.389762,9.285968,0.000000,0.000000,0.000000
543,C:/Users/VicUser/Documents/RobC/20260801/VF1_2_2\VF1_2_2-00000543_0.tif,C:/Users/VicUser/Documents/RobC/20260801/VF1_2_2\VF1_2_2-00000543_1.tif,301.602804,301.603264,3.162642,-10.383721,-10.430638,-10.389762,9.305638,0.000000,0.000000,0.000000
544,C:/Users/VicUser/Documents/RobC/20260801/VF1_2_2\VF1_2_2-00000544_0.tif,C:/Users/VicUser/Documents/RobC/20260801/VF1_2_2\VF1_2_2-00000544_1.tif,302.102844,302.103177,3.169337,-10.383721,-10.430638,-10.389762,9.325307,0.000000,0.000000,0.000000
545,C:/Users/VicUser/Documents/RobC/20260801/VF1_2_2\VF1_2_2-00000545_0.tif,C:/Users/VicUser/Documents/RobC/20260801/VF1_2_2\VF1_2_2-00000545_1.tif,302.602833,302.603090,3.172525,-10.383721,-10.430638,-10.389762,9.334674,0.000000,0.000000,0.000000
546,C:/Users/VicUser/Documents/RobC/20260801/VF1_2_2\VF1_2_2-00000546_0.tif,C:/Users/VicUser/Documents/RobC/20260801/VF1_2_2\VF1_2_2-00000546_1.tif,303.102813,303.103126,3.177307,-10.383721,-10.430638,-10.389762,9.348724,0.000000,0.000000,0.000000
547,C:/Users/VicUser/Documents/RobC/20260801/VF1_2_2\VF1_2_2-00000547_0.tif,C:/Users/VicUser/Documents/RobC/20260801/VF1_2_2\VF1_2_2-00000547_1.tif,303.602845,303.603089,3.182408,-10.383721,-10.430638,-10.389762,9.363710,0.000000,0.000000,0.000000
548,C:/Users/VicUser/Documents/RobC/20260801/VF1_2_2\VF1_2_2-00000548_0.tif,C:/Users/VicUser/Documents/RobC/20260801/VF1_2_2\VF1_2_2-00000548_1.tif,304.102815,304.103083,3.187827,-10.383721,-10.430638,-10.389762,9.379633,0.000000,0.000000,0.000000
549,C:/Users/VicUser/Documents/RobC/20260801/VF1_2_2\VF1_2_2-00000549_0.tif,C:/Users/VicUser/Documents/RobC/20260801/VF1_2_2\VF1_2_2-00000549_1.tif,304.602805,304.603074,3.192291,-10.383721,-10.430638,-10.389762,9.392746,0.000000,0.000000,0.000000
550,C:/Users/VicUser/Documents/RobC/20260801/VF1_2_2\VF1_2_2-00000550_0.tif,C:/Users/VicUser/Documents/RobC/20260801/VF1_2_2\VF1_2_2-00000550_1.tif,305.102852,305.103172,3.199304,-10.383721,-10.430638,-10.389762,9.413353,0.000000,0.000000,0.000000
551,C:/Users/VicUser/Documents/RobC/20260801/VF1_2_2\VF1_2_2-00000551_0.tif,C:/Users/VicUser/Documents/RobC/20260801/VF1_2_2\VF1_2_2-00000551_1.tif,305.602908,305.603081,3.204405,-10.383721,-10.430638,-10.389762,9.428339,0.000000,0.000000,0.000000
552,C:/Users/VicUser/Documents/RobC/20260801/VF1_2_2\VF1_2_2-00000552_0.tif,C:/Users/VicUser/Documents/RobC/20260801/VF1_2_2\VF1_2_2-00000552_1.tif,306.102776,306.103079,3.209187,-10.383721,-10.430638,-10.389762,9.442389,0.000000,0.000000,0.000000
553,C:/Users/VicUser/Documents/RobC/20260801/VF1_2_2\VF1_2_2-00000553_0.tif,C:/Users/VicUser/Documents/RobC/20260801/VF1_2_2\VF1_2_2-00000553_1.tif,306.602900,306.603240,3.213651,-10.383721,-10.430638,-10.389762,9.455502,0.000000,0.000000,0.000000
554,C:/Users/VicUser/Documents/RobC/20260801/VF1_2_2\VF1_2_2-00000554_0.tif,C:/Users/VicUser/Documents/RobC/20260801/VF1_2_2\VF1_2_2-00000554_1.tif,307.102785,307.103222,3.217795,-10.383721,-10.430638,-10.389762,9.467679,0.000000,0.000000,0.000000
555,C:/Users/VicUser/Documents/RobC/20260801/VF1_2_2\VF1_2_2-00000555_0.tif,C:/Users/VicUser/Documents/RobC/20260801/VF1_2_2\VF1_2_2-00000555_1.tif,307.602871,307.603191,3.221940,-10.383721,-10.430638,-10.389762,9.479855,0.000000,0.000000,0.000000
556,C:/Users/VicUser/Documents/RobC/20260801/VF1_2_2\VF1_2_2-00000556_0.tif,C:/Users/VicUser/Documents/RobC/20260801/VF1_2_2\VF1_2_2-00000556_1.tif,308.102897,308.103192,3.227359,-10.383721,-10.430638,-10.389762,9.495778,0.000000,0.000000,0.000000
557,C:/Users/VicUser/Documents/RobC/20260801/VF1_2_2\VF1_2_2-00000557_0.tif,C:/Users/VicUser/Documents/RobC/20260801/VF1_2_2\VF1_2_2-00000557_1.tif,308.602880,308.603124,3.230866,-10.383721,-10.430638,-10.389762,9.506081,0.000000,0.000000,0.000000
558,C:/Users/VicUser/Documents/RobC/20260801/VF1_2_2\VF1_2_2-00000558_0.tif,C:/Users/VicUser/Documents/RobC/20260801/VF1_2_2\VF1_2_2-00000558_1.tif,309.102934,309.103173,3.234373,-10.383721,-10.430638,-10.389762,9.516385,0.000000,0.000000,0.000000
559,C:/Users/VicUser/Documents/RobC/20260801/VF1_2_2\VF1_2_2-00000559_0.tif,C:/Users/VicUser/Documents/RobC/20260801/VF1_2_2\VF1_2_2-00000559_1.tif,309.602912,309.603137,3.238199,-10.383721,-10.430638,-10.389762,9.527625,0.000000,0.000000,0.000000
560,C:/Users/VicUser/Documents/RobC/20260801/VF1_2_2\VF1_2_2-00000560_0.tif,C:/Users/VicUser/Documents/RobC/20260801/VF1_2_2\VF1_2_2-00000560_1.tif,310.102828,310.103242,3.241706,-10.383721,-10.430638,-10.389762,9.537928,0.000000,0.000000,0.000000
561,C:/Users/VicUser/Documents/RobC/20260801/VF1_2_2\VF1_2_2-00000561_0.tif,C:/Users/VicUser/Documents/RobC/20260801/VF1_2_2\VF1_2_2-00000561_1.tif,310.602968,310.603204,3.246806,-10.383721,-10.430638,-10.389762,9.552914,0.000000,0.000000,0.000000
562,C:/Users/VicUser/Documents/RobC/20260801/VF1_2_2\VF1_2_2-00000562_0.tif,C:/Users/VicUser/Documents/RobC/20260801/VF1_2_2\VF1_2_2-00000562_1.tif,311.102823,311.103134,3.250951,-10.383721,-10.430638,-10.389762,9.565090,0.000000,0.000000,0.000000
563,C:/Users/VicUser/Documents/RobC/20260801/VF1_2_2\VF1_2_2-00000563_0.tif,C:/Users/VicUser/Documents/RobC/20260801/VF1_2_2\VF1_2_2-00000563_1.tif,311.602926,311.603035,3.254458,-10.383721,-10.430638,-10.389762,9.575393,0.000000,0.000000,0.000000
564,C:/Users/VicUser/Documents/RobC/20260801/VF1_2_2\VF1_2_2-00000564_0.tif,C:/Users/VicUser/Documents/RobC/20260801/VF1_2_2\VF1_2_2-00000564_1.tif,312.102944,312.103188,3.256689,-10.383721,-10.430638,-10.389762,9.581950,0.000000,0.000000,0.000000
565,C:/Users/VicUser/Documents/RobC/20260801/VF1_2_2\VF1_2_2-00000565_0.tif,C:/Users/VicUser/Documents/RobC/20260801/VF1_2_2\VF1_2_2-00000565_1.tif,312.602797,312.603099,3.261790,-10.383721,-10.430638,-10.389762,9.596936,0.000000,0.000000,0.000000
566,C:/Users/VicUser/Documents/RobC/20260801/VF1_2_2\VF1_2_2-00000566_0.tif,C:/Users/VicUser/Documents/RobC/20260801/VF1_2_2\VF1_2_2-00000566_1.tif,313.102826,313.103159,3.264341,-10.383721,-10.430638,-10.389762,9.604430,0.000000,0.000000,0.000000
567,C:/Users/VicUser/Documents/RobC/20260801/VF1_2_2\VF1_2_2-00000567_0.tif,C:/Users/VicUser/Documents/RobC/20260801/VF1_2_2\VF1_2_2-00000567_1.tif,313.602830,313.603131,3.266891,-10.383721,-10.430638,-10.389762,9.611923,0.000000,0.000000,0.000000
568,C:/Users/VicUser/Documents/RobC/20260801/VF1_2_2\VF1_2_2-00000568_0.tif,C:/Users/VicUser/Documents/RobC/20260801/VF1_2_2\VF1_2_2-00000568_1.tif,314.102842,314.103099,3.269442,-10.383721,-10.430638,-10.389762,9.619416,0.000000,0.000000,0.000000
569,C:/Users/VicUser/Documents/RobC/20260801/VF1_2_2\VF1_2_2-00000569_0.tif,C:/Users/VicUser/Documents/RobC/20260801/VF1_2_2\VF1_2_2-00000569_1.tif,314.602848,314.603112,3.272630,-10.383721,-10.430638,-10.389762,9.628783,0.000000,0.000000,0.000000
570,C:/Users/VicUser/Documents/RobC/20260801/VF1_2_2\VF1_2_2-00000570_0.tif,C:/Users/VicUser/Documents/RobC/20260801/VF1_2_2\VF1_2_2-00000570_1.tif,315.102886,315.103192,3.276455,-10.383721,-10.430638,-10.389762,9.640023,0.000000,0.000000,0.000000
571,C:/Users/VicUser/Documents/RobC/20260801/VF1_2_2\VF1_2_2-00000571_0.tif,C:/Users/VicUser/Documents/RobC/20260801/VF1_2_2\VF1_2_2-00000571_1.tif,315.602844,315.603093,3.279006,-10.383721,-10.430638,-10.389762,9.647516,0.000000,0.000000,0.000000
572,C:/Users/VicUser/Documents/RobC/20260801/VF1_2_2\VF1_2_2-00000572_0.tif,C:/Users/VicUser/Documents/RobC/20260801/VF1_2_2\VF1_2_2-00000572_1.tif,316.102915,316.103056,3.282513,-10.383721,-10.430638,-10.389762,9.657819,0.000000,0.000000,0.000000
573,C:/Users/VicUser/Documents/RobC/20260801/VF1_2_2\VF1_2_2-00000573_0.tif,C:/Users/VicUser/Documents/RobC/20260801/VF1_2_2\VF1_2_2-00000573_1.tif,316.602956,316.603261,3.283469,-10.383721,-10.430638,-10.389762,9.660629,0.000000,0.000000,0.000000
574,C:/Users/VicUser/Documents/RobC/20260801/VF1_2_2\VF1_2_2-00000574_0.tif,C:/Users/VicUser/Documents/RobC/20260801/VF1_2_2\VF1_2_2-00000574_1.tif,317.102919,317.103214,3.288570,-10.383721,-10.430638,-10.389762,9.675615,0.000000,0.000000,0.000000
575,C:/Users/VicUser/Documents/RobC/20260801/VF1_2_2\VF1_2_2-00000575_0.tif,C:/Users/VicUser/Documents/RobC/20260801/VF1_2_2\VF1_2_2-00000575_1.tif,317.602856,317.603202,3.287614,-10.383721,-10.430638,-10.389762,9.672805,0.000000,0.000000,0.000000
576,C:/Users/VicUser/Documents/RobC/20260801/VF1_2_2\VF1_2_2-00000576_0.tif,C:/Users/VicUser/Documents/RobC/20260801/VF1_2_2\VF1_2_2-00000576_1.tif,318.102993,318.103085,3.291121,-10.383721,-10.430638,-10.389762,9.683109,0.000000,0.000000,0.000000
577,C:/Users/VicUser/Documents/RobC/20260801/VF1_2_2\VF1_2_2-00000577_0.tif,C:/Users/VicUser/Documents/RobC/20260801/VF1_2_2\VF1_2_2-00000577_1.tif,318.602875,318.603102,3.292715,-10.383721,-10.430638,-10.389762,9.687792,0.000000,0.000000,0.000000
578,C:/Users/VicUser/Documents/RobC/20260801/VF1_2_2\VF1_2_2-00000578_0.tif,C:/Users/VicUser/Documents/RobC/20260801/VF1_2_2\VF1_2_2-00000578_1.tif,319.102989,319.103220,3.296221,-10.383721,-10.430638,-10.389762,9.698095,0.000000,0.000000,0.000000
579,C:/Users/VicUser/Documents/RobC/20260801/VF1_2_2\VF1_2_2-00000579_0.tif,C:/Users/VicUser/Documents/RobC/20260801/VF1_2_2\VF1_2_2-00000579_1.tif,319.602787,319.603248,3.296859,-10.383721,-10.430638,-10.389762,9.699968,0.000000,0.000000,0.000000
580,C:/Users/VicUser/Documents/RobC/20260801/VF1_2_2\VF1_2_2-00000580_0.tif,C:/Users/VicUser/Documents/RobC/20260801/VF1_2_2\VF1_2_2-00000580_1.tif,320.102780,320.103147,3.298134,-10.383721,-10.430638,-10.389762,9.703715,0.000000,0.000000,0.000000
581,C:/Users/VicUser/Documents/RobC/20260801/VF1_2_2\VF1_2_2-00000581_0.tif,C:/Users/VicUser/Documents/RobC/20260801/VF1_2_2\VF1_2_2-00000581_1.tif,320.602775,320.603064,3.301322,-10.383721,-10.430638,-10.389762,9.713081,0.000000,0.000000,0.000000
582,C:/Users/VicUser/Documents/RobC/20260801/VF1_2_2\VF1_2_2-00000582_0.tif,C:/Users/VicUser/Documents/RobC/20260801/VF1_2_2\VF1_2_2-00000582_1.tif,321.102895,321.103121,3.301960,-10.383721,-10.430638,-10.389762,9.714954,0.000000,0.000000,0.000000
583,C:/Users/VicUser/Documents/RobC/20260801/VF1_2_2\VF1_2_2-00000583_0.tif,C:/Users/VicUser/Documents/RobC/20260801/VF1_2_2\VF1_2_2-00000583_1.tif,321.602841,321.603198,3.304510,-10.383721,-10.430638,-10.389762,9.722448,0.000000,0.000000,0.000000
584,C:/Users/VicUser/Documents/RobC/20260801/VF1_2_2\VF1_2_2-00000584_0.tif,C:/Users/VicUser/Documents/RobC/20260801/VF1_2_2\VF1_2_2-00000584_1.tif,322.102866,322.103116,3.304829,-10.383721,-10.430638,-10.389762,9.723385,0.000000,0.000000,0.000000
585,C:/Users/VicUser/Documents/RobC/20260801/VF1_2_2\VF1_2_2-00000585_0.tif,C:/Users/VicUser/Documents/RobC/20260801/VF1_2_2\VF1_2_2-00000585_1.tif,322.602855,322.603102,3.306742,-10.383721,-10.430638,-10.389762,9.729004,0.000000,0.000000,0.000000
586,C:/Users/VicUser/Documents/RobC/20260801/VF1_2_2\VF1_2_2-00000586_0.tif,C:/Users/VicUser/Documents/RobC/20260801/VF1_2_2\VF1_2_2-00000586_1.tif,323.102899,323.103198,3.308336,-10.383721,-10.430638,-10.389762,9.733688,0.000000,0.000000,0.000000
587,C:/Users/VicUser/Documents/RobC/20260801/VF1_2_2\VF1_2_2-00000587_0.tif,C:/Users/VicUser/Documents/RobC/20260801/VF1_2_2\VF1_2_2-00000587_1.tif,323.602839,323.603158,3.308336,-10.383721,-10.430638,-10.389762,9.733688,0.000000,0.000000,0.000000
588,C:/Users/VicUser/Documents/RobC/20260801/VF1_2_2\VF1_2_2-00000588_0.tif,C:/Users/VicUser/Documents/RobC/20260801/VF1_2_2\VF1_2_2-00000588_1.tif,324.102863,324.103229,3.309930,-10.383721,-10.430638,-10.389762,9.738371,0.000000,0.000000,0.000000
589,C:/Users/VicUser/Documents/RobC/20260801/VF1_2_2\VF1_2_2-00000589_0.tif,C:/Users/VicUser/Documents/RobC/20260801/VF1_2_2\VF1_2_2-00000589_1.tif,324.602898,324.603084,3.310886,-10.383721,-10.430638,-10.389762,9.741181,0.000000,0.000000,0.000000
590,C:/Users/VicUser/Documents/RobC/20260801/VF1_2_2\VF1_2_2-00000590_0.tif,C:/Users/VicUser/Documents/RobC/20260801/VF1_2_2\VF1_2_2-00000590_1.tif,325.102920,325.103061,3.311524,-10.383721,-10.430638,-10.389762,9.743055,0.000000,0.000000,0.000000
591,C:/Users/VicUser/Documents/RobC/20260801/VF1_2_2\VF1_2_2-00000591_0.tif,C:/Users/VicUser/Documents/RobC/20260801/VF1_2_2\VF1_2_2-00000591_1.tif,325.602770,325.603008,3.312162,-10.383721,-10.430638,-10.389762,9.744928,0.000000,0.000000,0.000000
592,C:/Users/VicUser/Documents/RobC/20260801/VF1_2_2\VF1_2_2-00000592_0.tif,C:/Users/VicUser/Documents/RobC/20260801/VF1_2_2\VF1_2_2-00000592_1.tif,326.102849,326.103143,3.313437,-10.383721,-10.430638,-10.389762,9.748674,0.000000,0.000000,0.000000
593,C:/Users/VicUser/Documents/RobC/20260801/VF1_2_2\VF1_2_2-00000593_0.tif,C:/Users/VicUser/Documents/RobC/20260801/VF1_2_2\VF1_2_2-00000593_1.tif,326.602814,326.603078,3.314075,-10.383721,-10.430638,-10.389762,9.750548,0.000000,0.000000,0.000000
594,C:/Users/VicUser/Documents/RobC/20260801/VF1_2_2\VF1_2_2-00000594_0.tif,C:/Users/VicUser/Documents/RobC/20260801/VF1_2_2\VF1_2_2-00000594_1.tif,327.102824,327.103044,3.315031,-10.383721,-10.430638,-10.389762,9.753357,0.000000,0.000000,0.000000
595,C:/Users/VicUser/Documents/RobC/20260801/VF1_2_2\VF1_2_2-00000595_0.tif,C:/Users/VicUser/Documents/RobC/20260801/VF1_2_2\VF1_2_2-00000595_1.tif,327.602783,327.603170,3.315987,-10.383721,-10.430638,-10.389762,9.756167,0.000000,0.000000,0.000000
596,C:/Users/VicUser/Documents/RobC/20260801/VF1_2_2\VF1_2_2-00000596_0.tif,C:/Users/VicUser/Documents/RobC/20260801/VF1_2_2\VF1_2_2-00000596_1.tif,328.102853,328.103188,3.315987,-10.383721,-10.430638,-10.389762,9.756167,0.000000,0.000000,0.000000
597,C:/Users/VicUser/Documents/RobC/20260801/VF1_2_2\VF1_2_2-00000597_0.tif,C:/Users/VicUser/Documents/RobC/20260801/VF1_2_2\VF1_2_2-00000597_1.tif,328.602831,328.603140,3.315669,-10.383721,-10.430638,-10.389762,9.755231,0.000000,0.000000,0.000000
598,C:/Users/VicUser/Documents/RobC/20260801/VF1_2_2\VF1_2_2-00000598_0.tif,C:/Users/VicUser/Documents/RobC/20260801/VF1_2_2\VF1_2_2-00000598_1.tif,329.102750,329.103186,3.316944,-10.383721,-10.430638,-10.389762,9.758977,0.000000,0.000000,0.000000
599,C:/Users/VicUser/Documents/RobC/20260801/VF1_2_2\VF1_2_2-00000599_0.tif,C:/Users/VicUser/Documents/RobC/20260801/VF1_2_2\VF1_2_2-00000599_1.tif,329.602815,329.603174,3.316944,-10.383721,-10.430638,-10.389762,9.758977,0.000000,0.000000,0.000000
600,C:/Users/VicUser/Documents/RobC/20260801/VF1_2_2\VF1_2_2-00000600_0.tif,C:/Users/VicUser/Documents/RobC/20260801/VF1_2_2\VF1_2_2-00000600_1.tif,330.102866,330.103128,3.315987,-10.383721,-10.430638,-10.389762,9.756167,0.000000,0.000000,0.000000
601,C:/Users/VicUser/Documents/RobC/20260801/VF1_2_2\VF1_2_2-00000601_0.tif,C:/Users/VicUser/Documents/RobC/20260801/VF1_2_2\VF1_2_2-00000601_1.tif,330.602796,330.603139,3.315987,-10.383721,-10.430638,-10.389762,9.756167,0.000000,0.000000,0.000000
602,C:/Users/VicUser/Documents/RobC/20260801/VF1_2_2\VF1_2_2-00000602_0.tif,C:/Users/VicUser/Documents/RobC/20260801/VF1_2_2\VF1_2_2-00000602_1.tif,331.102869,331.103238,3.315987,-10.383721,-10.430638,-10.389762,9.756167,0.000000,0.000000,0.000000
603,C:/Users/VicUser/Documents/RobC/20260801/VF1_2_2\VF1_2_2-00000603_0.tif,C:/Users/VicUser/Documents/RobC/20260801/VF1_2_2\VF1_2_2-00000603_1.tif,331.602905,331.603150,3.317581,-10.383721,-10.430638,-10.389762,9.760851,0.000000,0.000000,0.000000
604,C:/Users/VicUser/Documents/RobC/20260801/VF1_2_2\VF1_2_2-00000604_0.tif,C:/Users/VicUser/Documents/RobC/20260801/VF1_2_2\VF1_2_2-00000604_1.tif,332.102854,332.103276,3.319175,-10.383721,-10.430638,-10.389762,9.765534,0.000000,0.000000,0.000000
605,C:/Users/VicUser/Documents/RobC/20260801/VF1_2_2\VF1_2_2-00000605_0.tif,C:/Users/VicUser/Documents/RobC/20260801/VF1_2_2\VF1_2_2-00000605_1.tif,332.602845,332.603054,3.319494,-10.383721,-10.430638,-10.389762,9.766471,0.000000,0.000000,0.000000
606,C:/Users/VicUser/Documents/RobC/20260801/VF1_2_2\VF1_2_2-00000606_0.tif,C:/Users/VicUser/Documents/RobC/20260801/VF1_2_2\VF1_2_2-00000606_1.tif,333.102846,333.103169,3.319813,-10.383721,-10.430638,-10.389762,9.767407,0.000000,0.000000,0.000000
607,C:/Users/VicUser/Documents/RobC/20260801/VF1_2_2\VF1_2_2-00000607_0.tif,C:/Users/VicUser/Documents/RobC/20260801/VF1_2_2\VF1_2_2-00000607_1.tif,333.602807,333.603257,3.320769,-10.383721,-10.430638,-10.389762,9.770217,0.000000,0.000000,0.000000
608,C:/Users/VicUser/Documents/RobC/20260801/VF1_2_2\VF1_2_2-00000608_0.tif,C:/Users/VicUser/Documents/RobC/20260801/VF1_2_2\VF1_2_2-00000608_1.tif,334.102827,334.103123,3.318219,-10.383721,-10.430638,-10.389762,9.762724,0.000000,0.000000,0.000000
609,C:/Users/VicUser/Documents/RobC/20260801/VF1_2_2\VF1_2_2-00000609_0.tif,C:/Users/VicUser/Documents/RobC/20260801/VF1_2_2\VF1_2_2-00000609_1.tif,334.602847,334.603124,3.317581,-10.383721,-10.430638,-10.389762,9.760851,0.000000,0.000000,0.000000
610,C:/Users/VicUser/Documents/RobC/20260801/VF1_2_2\VF1_2_2-00000610_0.tif,C:/Users/VicUser/Documents/RobC/20260801/VF1_2_2\VF1_2_2-00000610_1.tif,335.102890,335.103196,3.319175,-10.383721,-10.430638,-10.389762,9.765534,0.000000,0.000000,0.000000
611,C:/Users/VicUser/Documents/RobC/20260801/VF1_2_2\VF1_2_2-00000611_0.tif,C:/Users/VicUser/Documents/RobC/20260801/VF1_2_2\VF1_2_2-00000611_1.tif,335.602910,335.603293,3.318538,-10.383721,-10.430638,-10.389762,9.763660,0.000000,0.000000,0.000000
612,C:/Users/VicUser/Documents/RobC/20260801/VF1_2_2\VF1_2_2-00000612_0.tif,C:/Users/VicUser/Documents/RobC/20260801/VF1_2_2\VF1_2_2-00000612_1.tif,336.102885,336.103240,3.317900,-10.383721,-10.430638,-10.389762,9.761787,0.000000,0.000000,0.000000
613,C:/Users/VicUser/Documents/RobC/20260801/VF1_2_2\VF1_2_2-00000613_0.tif,C:/Users/VicUser/Documents/RobC/20260801/VF1_2_2\VF1_2_2-00000613_1.tif,336.602836,336.603177,3.318219,-10.383721,-10.430638,-10.389762,9.762724,0.000000,0.000000,0.000000
614,C:/Users/VicUser/Documents/RobC/20260801/VF1_2_2\VF1_2_2-00000614_0.tif,C:/Users/VicUser/Documents/RobC/20260801/VF1_2_2\VF1_2_2-00000614_1.tif,337.102808,337.103264,3.319813,-10.383721,-10.430638,-10.389762,9.767407,0.000000,0.000000,0.000000
615,C:/Users/VicUser/Documents/RobC/20260801/VF1_2_2\VF1_2_2-00000615_0.tif,C:/Users/VicUser/Documents/RobC/20260801/VF1_2_2\VF1_2_2-00000615_1.tif,337.602816,337.603128,3.320769,-10.383721,-10.430638,-10.389762,9.770217,0.000000,0.000000,0.000000
616,C:/Users/VicUser/Documents/RobC/20260801/VF1_2_2\VF1_2_2-00000616_0.tif,C:/Users/VicUser/Documents/RobC/20260801/VF1_2_2\VF1_2_2-00000616_1.tif,338.102789,338.103018,3.319494,-10.383721,-10.430638,-10.389762,9.766471,0.000000,0.000000,0.000000
617,C:/Users/VicUser/Documents/RobC/20260801/VF1_2_2\VF1_2_2-00000617_0.tif,C:/Users/VicUser/Documents/RobC/20260801/VF1_2_2\VF1_2_2-00000617_1.tif,338.602813,338.603021,3.318219,-10.383721,-10.430638,-10.389762,9.762724,0.000000,0.000000,0.000000
618,C:/Users/VicUser/Documents/RobC/20260801/VF1_2_2\VF1_2_2-00000618_0.tif,C:/Users/VicUser/Documents/RobC/20260801/VF1_2_2\VF1_2_2-00000618_1.tif,339.102815,339.103125,3.318219,-10.383721,-10.430638,-10.389762,9.762724,0.000000,0.000000,0.000000
619,C:/Users/VicUser/Documents/RobC/20260801/VF1_2_2\VF1_2_2-00000619_0.tif,C:/Users/VicUser/Documents/RobC/20260801/VF1_2_2\VF1_2_2-00000619_1.tif,339.602824,339.603144,3.319813,-10.383721,-10.430638,-10.389762,9.767407,0.000000,0.000000,0.000000
620,C:/Users/VicUser/Documents/RobC/20260801/VF1_2_2\VF1_2_2-00000620_0.tif,C:/Users/VicUser/Documents/RobC/20260801/VF1_2_2\VF1_2_2-00000620_1.tif,340.102771,340.103157,3.317263,-10.383721,-10.430638,-10.389762,9.759914,0.000000,0.000000,0.000000
621,C:/Users/VicUser/Documents/RobC/20260801/VF1_2_2\VF1_2_2-00000621_0.tif,C:/Users/VicUser/Documents/RobC/20260801/VF1_2_2\VF1_2_2-00000621_1.tif,340.602835,340.603147,3.316944,-10.383721,-10.430638,-10.389762,9.758977,0.000000,0.000000,0.000000
622,C:/Users/VicUser/Documents/RobC/20260801/VF1_2_2\VF1_2_2-00000622_0.tif,C:/Users/VicUser/Documents/RobC/20260801/VF1_2_2\VF1_2_2-00000622_1.tif,341.102828,341.103096,3.318538,-10.383721,-10.430638,-10.389762,9.763660,0.000000,0.000000,0.000000
623,C:/Users/VicUser/Documents/RobC/20260801/VF1_2_2\VF1_2_2-00000623_0.tif,C:/Users/VicUser/Documents/RobC/20260801/VF1_2_2\VF1_2_2-00000623_1.tif,341.602798,341.603072,3.319813,-10.383721,-10.430638,-10.389762,9.767407,0.000000,0.000000,0.000000
624,C:/Users/VicUser/Documents/RobC/20260801/VF1_2_2\VF1_2_2-00000624_0.tif,C:/Users/VicUser/Documents/RobC/20260801/VF1_2_2\VF1_2_2-00000624_1.tif,342.102823,342.103134,3.318856,-10.383721,-10.430638,-10.389762,9.764597,0.000000,0.000000,0.000000
625,C:/Users/VicUser/Documents/RobC/20260801/VF1_2_2\VF1_2_2-00000625_0.tif,C:/Users/VicUser/Documents/RobC/20260801/VF1_2_2\VF1_2_2-00000625_1.tif,342.602779,342.603060,3.318219,-10.383721,-10.430638,-10.389762,9.762724,0.000000,0.000000,0.000000
626,C:/Users/VicUser/Documents/RobC/20260801/VF1_2_2\VF1_2_2-00000626_0.tif,C:/Users/VicUser/Documents/RobC/20260801/VF1_2_2\VF1_2_2-00000626_1.tif,343.102785,343.103117,3.317581,-10.383721,-10.430638,-10.389762,9.760851,0.000000,0.000000,0.000000
627,C:/Users/VicUser/Documents/RobC/20260801/VF1_2_2\VF1_2_2-00000627_0.tif,C:/Users/VicUser/Documents/RobC/20260801/VF1_2_2\VF1_2_2-00000627_1.tif,343.602795,343.603233,3.316944,-10.383721,-10.430638,-10.389762,9.758977,0.000000,0.000000,0.000000
628,C:/Users/VicUser/Documents/RobC/20260801/VF1_2_2\VF1_2_2-00000628_0.tif,C:/Users/VicUser/Documents/RobC/20260801/VF1_2_2\VF1_2_2-00000628_1.tif,344.102812,344.103131,3.317900,-10.383721,-10.430638,-10.389762,9.761787,0.000000,0.000000,0.000000
629,C:/Users/VicUser/Documents/RobC/20260801/VF1_2_2\VF1_2_2-00000629_0.tif,C:/Users/VicUser/Documents/RobC/20260801/VF1_2_2\VF1_2_2-00000629_1.tif,344.602824,344.603109,3.315987,-10.383721,-10.430638,-10.389762,9.756167,0.000000,0.000000,0.000000
630,C:/Users/VicUser/Documents/RobC/20260801/VF1_2_2\VF1_2_2-00000630_0.tif,C:/Users/VicUser/Documents/RobC/20260801/VF1_2_2\VF1_2_2-00000630_1.tif,345.102748,345.103075,3.316944,-10.383721,-10.430638,-10.389762,9.758977,0.000000,0.000000,0.000000
631,C:/Users/VicUser/Documents/RobC/20260801/VF1_2_2\VF1_2_2-00000631_0.tif,C:/Users/VicUser/Documents/RobC/20260801/VF1_2_2\VF1_2_2-00000631_1.tif,345.602811,345.603097,3.314075,-10.383721,-10.430638,-10.389762,9.750548,0.000000,0.000000,0.000000
632,C:/Users/VicUser/Documents/RobC/20260801/VF1_2_2\VF1_2_2-00000632_0.tif,C:/Users/VicUser/Documents/RobC/20260801/VF1_2_2\VF1_2_2-00000632_1.tif,346.102802,346.103062,3.314712,-10.383721,-10.430638,-10.389762,9.752421,0.000000,0.000000,0.000000
633,C:/Users/VicUser/Documents/RobC/20260801/VF1_2_2\VF1_2_2-00000633_0.tif,C:/Users/VicUser/Documents/RobC/20260801/VF1_2_2\VF1_2_2-00000633_1.tif,346.602824,346.603121,3.316306,-10.383721,-10.430638,-10.389762,9.757104,0.000000,0.000000,0.000000
634,C:/Users/VicUser/Documents/RobC/20260801/VF1_2_2\VF1_2_2-00000634_0.tif,C:/Users/VicUser/Documents/RobC/20260801/VF1_2_2\VF1_2_2-00000634_1.tif,347.102824,347.103141,3.315031,-10.383721,-10.430638,-10.389762,9.753357,0.000000,0.000000,0.000000
635,C:/Users/VicUser/Documents/RobC/20260801/VF1_2_2\VF1_2_2-00000635_0.tif,C:/Users/VicUser/Documents/RobC/20260801/VF1_2_2\VF1_2_2-00000635_1.tif,347.602799,347.603100,3.313756,-10.383721,-10.430638,-10.389762,9.749611,0.000000,0.000000,0.000000
636,C:/Users/VicUser/Documents/RobC/20260801/VF1_2_2\VF1_2_2-00000636_0.tif,C:/Users/VicUser/Documents/RobC/20260801/VF1_2_2\VF1_2_2-00000636_1.tif,348.102818,348.103139,3.314393,-10.383721,-10.430638,-10.389762,9.751484,0.000000,0.000000,0.000000
637,C:/Users/VicUser/Documents/RobC/20260801/VF1_2_2\VF1_2_2-00000637_0.tif,C:/Users/VicUser/Documents/RobC/20260801/VF1_2_2\VF1_2_2-00000637_1.tif,348.602780,348.603003,3.315031,-10.383721,-10.430638,-10.389762,9.753357,0.000000,0.000000,0.000000
638,C:/Users/VicUser/Documents/RobC/20260801/VF1_2_2\VF1_2_2-00000638_0.tif,C:/Users/VicUser/Documents/RobC/20260801/VF1_2_2\VF1_2_2-00000638_1.tif,349.102833,349.103164,3.313756,-10.383721,-10.430638,-10.389762,9.749611,0.000000,0.000000,0.000000
639,C:/Users/VicUser/Documents/RobC/20260801/VF1_2_2\VF1_2_2-00000639_0.tif,C:/Users/VicUser/Documents/RobC/20260801/VF1_2_2\VF1_2_2-00000639_1.tif,349.602812,349.603151,3.314075,-10.383721,-10.430638,-10.389762,9.750548,0.000000,0.000000,0.000000
640,C:/Users/VicUser/Documents/RobC/20260801/VF1_2_2\VF1_2_2-00000640_0.tif,C:/Users/VicUser/Documents/RobC/20260801/VF1_2_2\VF1_2_2-00000640_1.tif,350.102808,350.103054,3.312799,-10.383721,-10.430638,-10.389762,9.746801,0.000000,0.000000,0.000000
641,C:/Users/VicUser/Documents/RobC/20260801/VF1_2_2\VF1_2_2-00000641_0.tif,C:/Users/VicUser/Documents/RobC/20260801/VF1_2_2\VF1_2_2-00000641_1.tif,350.602795,350.603053,3.312162,-10.383721,-10.430638,-10.389762,9.744928,0.000000,0.000000,0.000000
642,C:/Users/VicUser/Documents/RobC/20260801/VF1_2_2\VF1_2_2-00000642_0.tif,C:/Users/VicUser/Documents/RobC/20260801/VF1_2_2\VF1_2_2-00000642_1.tif,351.102804,351.103179,3.312162,-10.383721,-10.430638,-10.389762,9.744928,0.000000,0.000000,0.000000
643,C:/Users/VicUser/Documents/RobC/20260801/VF1_2_2\VF1_2_2-00000643_0.tif,C:/Users/VicUser/Documents/RobC/20260801/VF1_2_2\VF1_2_2-00000643_1.tif,351.602840,351.603184,3.310886,-10.383721,-10.430638,-10.389762,9.741181,0.000000,0.000000,0.000000
644,C:/Users/VicUser/Documents/RobC/20260801/VF1_2_2\VF1_2_2-00000644_0.tif,C:/Users/VicUser/Documents/RobC/20260801/VF1_2_2\VF1_2_2-00000644_1.tif,352.102830,352.103129,3.311524,-10.383721,-10.430638,-10.389762,9.743055,0.000000,0.000000,0.000000
645,C:/Users/VicUser/Documents/RobC/20260801/VF1_2_2\VF1_2_2-00000645_0.tif,C:/Users/VicUser/Documents/RobC/20260801/VF1_2_2\VF1_2_2-00000645_1.tif,352.602780,352.603045,3.310886,-10.383721,-10.430638,-10.389762,9.741181,0.000000,0.000000,0.000000
646,C:/Users/VicUser/Documents/RobC/20260801/VF1_2_2\VF1_2_2-00000646_0.tif,C:/Users/VicUser/Documents/RobC/20260801/VF1_2_2\VF1_2_2-00000646_1.tif,353.102817,353.103092,3.310249,-10.383721,-10.430638,-10.389762,9.739308,0.000000,0.000000,0.000000
647,C:/Users/VicUser/Documents/RobC/20260801/VF1_2_2\VF1_2_2-00000647_0.tif,C:/Users/VicUser/Documents/RobC/20260801/VF1_2_2\VF1_2_2-00000647_1.tif,353.602833,353.603125,3.308655,-10.383721,-10.430638,-10.389762,9.734624,0.000000,0.000000,0.000000
648,C:/Users/VicUser/Documents/RobC/20260801/VF1_2_2\VF1_2_2-00000648_0.tif,C:/Users/VicUser/Documents/RobC/20260801/VF1_2_2\VF1_2_2-00000648_1.tif,354.102802,354.103082,3.308974,-10.383721,-10.430638,-10.389762,9.735561,0.000000,0.000000,0.000000
649,C:/Users/VicUser/Documents/RobC/20260801/VF1_2_2\VF1_2_2-00000649_0.tif,C:/Users/VicUser/Documents/RobC/20260801/VF1_2_2\VF1_2_2-00000649_1.tif,354.602820,354.603138,3.310249,-10.383721,-10.430638,-10.389762,9.739308,0.000000,0.000000,0.000000
650,C:/Users/VicUser/Documents/RobC/20260801/VF1_2_2\VF1_2_2-00000650_0.tif,C:/Users/VicUser/Documents/RobC/20260801/VF1_2_2\VF1_2_2-00000650_1.tif,355.102827,355.103157,3.308974,-10.383721,-10.430638,-10.389762,9.735561,0.000000,0.000000,0.000000
651,C:/Users/VicUser/Documents/RobC/20260801/VF1_2_2\VF1_2_2-00000651_0.tif,C:/Users/VicUser/Documents/RobC/20260801/VF1_2_2\VF1_2_2-00000651_1.tif,355.602781,355.602961,3.308336,-10.383721,-10.430638,-10.389762,9.733688,0.000000,0.000000,0.000000
652,C:/Users/VicUser/Documents/RobC/20260801/VF1_2_2\VF1_2_2-00000652_0.tif,C:/Users/VicUser/Documents/RobC/20260801/VF1_2_2\VF1_2_2-00000652_1.tif,356.102856,356.103108,3.307061,-10.383721,-10.430638,-10.389762,9.729941,0.000000,0.000000,0.000000
653,C:/Users/VicUser/Documents/RobC/20260801/VF1_2_2\VF1_2_2-00000653_0.tif,C:/Users/VicUser/Documents/RobC/20260801/VF1_2_2\VF1_2_2-00000653_1.tif,356.602888,356.603092,3.306742,-10.383721,-10.430638,-10.389762,9.729004,0.000000,0.000000,0.000000
654,C:/Users/VicUser/Documents/RobC/20260801/VF1_2_2\VF1_2_2-00000654_0.tif,C:/Users/VicUser/Documents/RobC/20260801/VF1_2_2\VF1_2_2-00000654_1.tif,357.102806,357.103281,3.307061,-10.383721,-10.430638,-10.389762,9.729941,0.000000,0.000000,0.000000
655,C:/Users/VicUser/Documents/RobC/20260801/VF1_2_2\VF1_2_2-00000655_0.tif,C:/Users/VicUser/Documents/RobC/20260801/VF1_2_2\VF1_2_2-00000655_1.tif,357.602782,357.603057,3.307061,-10.383721,-10.430638,-10.389762,9.729941,0.000000,0.000000,0.000000
656,C:/Users/VicUser/Documents/RobC/20260801/VF1_2_2\VF1_2_2-00000656_0.tif,C:/Users/VicUser/Documents/RobC/20260801/VF1_2_2\VF1_2_2-00000656_1.tif,358.102754,358.103058,3.306104,-10.383721,-10.430638,-10.389762,9.727131,0.000000,0.000000,0.000000
657,C:/Users/VicUser/Documents/RobC/20260801/VF1_2_2\VF1_2_2-00000657_0.tif,C:/Users/VicUser/Documents/RobC/20260801/VF1_2_2\VF1_2_2-00000657_1.tif,358.602834,358.603173,3.306104,-10.383721,-10.430638,-10.389762,9.727131,0.000000,0.000000,0.000000
658,C:/Users/VicUser/Documents/RobC/20260801/VF1_2_2\VF1_2_2-00000658_0.tif,C:/Users/VicUser/Documents/RobC/20260801/VF1_2_2\VF1_2_2-00000658_1.tif,359.102853,359.103220,3.305467,-10.383721,-10.430638,-10.389762,9.725258,0.000000,0.000000,0.000000
659,C:/Users/VicUser/Documents/RobC/20260801/VF1_2_2\VF1_2_2-00000659_0.tif,C:/Users/VicUser/Documents/RobC/20260801/VF1_2_2\VF1_2_2-00000659_1.tif,359.602815,359.603144,3.303873,-10.383721,-10.430638,-10.389762,9.720575,0.000000,0.000000,0.000000
660,C:/Users/VicUser/Documents/RobC/20260801/VF1_2_2\VF1_2_2-00000660_0.tif,C:/Users/VicUser/Documents/RobC/20260801/VF1_2_2\VF1_2_2-00000660_1.tif,360.102793,360.103129,3.303554,-10.383721,-10.430638,-10.389762,9.719638,0.000000,0.000000,0.000000
661,C:/Users/VicUser/Documents/RobC/20260801/VF1_2_2\VF1_2_2-00000661_0.tif,C:/Users/VicUser/Documents/RobC/20260801/VF1_2_2\VF1_2_2-00000661_1.tif,360.602792,360.603143,3.301641,-10.383721,-10.430638,-10.389762,9.714018,0.000000,0.000000,0.000000
662,C:/Users/VicUser/Documents/RobC/20260801/VF1_2_2\VF1_2_2-00000662_0.tif,C:/Users/VicUser/Documents/RobC/20260801/VF1_2_2\VF1_2_2-00000662_1.tif,361.102834,361.103091,3.301003,-10.383721,-10.430638,-10.389762,9.712145,0.000000,0.000000,0.000000
663,C:/Users/VicUser/Documents/RobC/20260801/VF1_2_2\VF1_2_2-00000663_0.tif,C:/Users/VicUser/Documents/RobC/20260801/VF1_2_2\VF1_2_2-00000663_1.tif,361.602885,361.603210,3.299728,-10.383721,-10.430638,-10.389762,9.708398,0.000000,0.000000,0.000000
664,C:/Users/VicUser/Documents/RobC/20260801/VF1_2_2\VF1_2_2-00000664_0.tif,C:/Users/VicUser/Documents/RobC/20260801/VF1_2_2\VF1_2_2-00000664_1.tif,362.102790,362.103198,3.299409,-10.383721,-10.430638,-10.389762,9.707461,0.000000,0.000000,0.000000
665,C:/Users/VicUser/Documents/RobC/20260801/VF1_2_2\VF1_2_2-00000665_0.tif,C:/Users/VicUser/Documents/RobC/20260801/VF1_2_2\VF1_2_2-00000665_1.tif,362.602846,362.603111,3.298772,-10.383721,-10.430638,-10.389762,9.705588,0.000000,0.000000,0.000000
666,C:/Users/VicUser/Documents/RobC/20260801/VF1_2_2\VF1_2_2-00000666_0.tif,C:/Users/VicUser/Documents/RobC/20260801/VF1_2_2\VF1_2_2-00000666_1.tif,363.102780,363.103063,3.298134,-10.383721,-10.430638,-10.389762,9.703715,0.000000,0.000000,0.000000
667,C:/Users/VicUser/Documents/RobC/20260801/VF1_2_2\VF1_2_2-00000667_0.tif,C:/Users/VicUser/Documents/RobC/20260801/VF1_2_2\VF1_2_2-00000667_1.tif,363.602941,363.603210,3.300366,-10.383721,-10.430638,-10.389762,9.710272,0.000000,0.000000,0.000000
668,C:/Users/VicUser/Documents/RobC/20260801/VF1_2_2\VF1_2_2-00000668_0.tif,C:/Users/VicUser/Documents/RobC/20260801/VF1_2_2\VF1_2_2-00000668_1.tif,364.102794,364.103114,3.297497,-10.383721,-10.430638,-10.389762,9.701841,0.000000,0.000000,0.000000
669,C:/Users/VicUser/Documents/RobC/20260801/VF1_2_2\VF1_2_2-00000669_0.tif,C:/Users/VicUser/Documents/RobC/20260801/VF1_2_2\VF1_2_2-00000669_1.tif,364.602865,364.603151,3.294946,-10.383721,-10.430638,-10.389762,9.694348,0.000000,0.000000,0.000000
670,C:/Users/VicUser/Documents/RobC/20260801/VF1_2_2\VF1_2_2-00000670_0.tif,C:/Users/VicUser/Documents/RobC/20260801/VF1_2_2\VF1_2_2-00000670_1.tif,365.102936,365.103208,3.295584,-10.383721,-10.430638,-10.389762,9.696222,0.000000,0.000000,0.000000
671,C:/Users/VicUser/Documents/RobC/20260801/VF1_2_2\VF1_2_2-00000671_0.tif,C:/Users/VicUser/Documents/RobC/20260801/VF1_2_2\VF1_2_2-00000671_1.tif,365.602911,365.603095,3.294627,-10.383721,-10.430638,-10.389762,9.693412,0.000000,0.000000,0.000000
672,C:/Users/VicUser/Documents/RobC/20260801/VF1_2_2\VF1_2_2-00000672_0.tif,C:/Users/VicUser/Documents/RobC/20260801/VF1_2_2\VF1_2_2-00000672_1.tif,366.102831,366.103280,3.293033,-10.383721,-10.430638,-10.389762,9.688729,0.000000,0.000000,0.000000
673,C:/Users/VicUser/Documents/RobC/20260801/VF1_2_2\VF1_2_2-00000673_0.tif,C:/Users/VicUser/Documents/RobC/20260801/VF1_2_2\VF1_2_2-00000673_1.tif,366.602847,366.603144,3.291758,-10.383721,-10.430638,-10.389762,9.684982,0.000000,0.000000,0.000000
674,C:/Users/VicUser/Documents/RobC/20260801/VF1_2_2\VF1_2_2-00000674_0.tif,C:/Users/VicUser/Documents/RobC/20260801/VF1_2_2\VF1_2_2-00000674_1.tif,367.102867,367.103139,3.291121,-10.383721,-10.430638,-10.389762,9.683109,0.000000,0.000000,0.000000
675,C:/Users/VicUser/Documents/RobC/20260801/VF1_2_2\VF1_2_2-00000675_0.tif,C:/Users/VicUser/Documents/RobC/20260801/VF1_2_2\VF1_2_2-00000675_1.tif,367.602846,367.603092,3.290483,-10.383721,-10.430638,-10.389762,9.681235,0.000000,0.000000,0.000000
676,C:/Users/VicUser/Documents/RobC/20260801/VF1_2_2\VF1_2_2-00000676_0.tif,C:/Users/VicUser/Documents/RobC/20260801/VF1_2_2\VF1_2_2-00000676_1.tif,368.102967,368.103094,3.290164,-10.383721,-10.430638,-10.389762,9.680298,0.000000,0.000000,0.000000
677,C:/Users/VicUser/Documents/RobC/20260801/VF1_2_2\VF1_2_2-00000677_0.tif,C:/Users/VicUser/Documents/RobC/20260801/VF1_2_2\VF1_2_2-00000677_1.tif,368.602963,368.603178,3.288251,-10.383721,-10.430638,-10.389762,9.674678,0.000000,0.000000,0.000000
678,C:/Users/VicUser/Documents/RobC/20260801/VF1_2_2\VF1_2_2-00000678_0.tif,C:/Users/VicUser/Documents/RobC/20260801/VF1_2_2\VF1_2_2-00000678_1.tif,369.102876,369.103139,3.287295,-10.383721,-10.430638,-10.389762,9.671869,0.000000,0.000000,0.000000
679,C:/Users/VicUser/Documents/RobC/20260801/VF1_2_2\VF1_2_2-00000679_0.tif,C:/Users/VicUser/Documents/RobC/20260801/VF1_2_2\VF1_2_2-00000679_1.tif,369.602793,369.603060,3.286020,-10.383721,-10.430638,-10.389762,9.668122,0.000000,0.000000,0.000000
680,C:/Users/VicUser/Documents/RobC/20260801/VF1_2_2\VF1_2_2-00000680_0.tif,C:/Users/VicUser/Documents/RobC/20260801/VF1_2_2\VF1_2_2-00000680_1.tif,370.102834,370.103191,3.283788,-10.383721,-10.430638,-10.389762,9.661566,0.000000,0.000000,0.000000
681,C:/Users/VicUser/Documents/RobC/20260801/VF1_2_2\VF1_2_2-00000681_0.tif,C:/Users/VicUser/Documents/RobC/20260801/VF1_2_2\VF1_2_2-00000681_1.tif,370.602788,370.603104,3.283150,-10.383721,-10.430638,-10.389762,9.659693,0.000000,0.000000,0.000000
682,C:/Users/VicUser/Documents/RobC/20260801/VF1_2_2\VF1_2_2-00000682_0.tif,C:/Users/VicUser/Documents/RobC/20260801/VF1_2_2\VF1_2_2-00000682_1.tif,371.102846,371.103168,3.278687,-10.383721,-10.430638,-10.389762,9.646579,0.000000,0.000000,0.000000
683,C:/Users/VicUser/Documents/RobC/20260801/VF1_2_2\VF1_2_2-00000683_0.tif,C:/Users/VicUser/Documents/RobC/20260801/VF1_2_2\VF1_2_2-00000683_1.tif,371.602852,371.603252,0.000086,-10.383721,-10.430638,-10.389762,0.014050,0.000000,0.000000,0.000000
684,C:/Users/VicUser/Documents/RobC/20260801/VF1_2_2\VF1_2_2-00000684_0.tif,C:/Users/VicUser/Documents/RobC/20260801/VF1_2_2\VF1_2_2-00000684_1.tif,372.102934,372.103078,-0.000870,-10.383721,-10.430638,-10.389762,0.011240,0.000000,0.000000,0.000000
685,C:/Users/VicUser/Documents/RobC/20260801/VF1_2_2\VF1_2_2-00000685_0.tif,C:/Users/VicUser/Documents/RobC/20260801/VF1_2_2\VF1_2_2-00000685_1.tif,372.602858,372.603144,-0.000870,-10.383721,-10.430638,-10.389762,0.011240,0.000000,0.000000,0.000000
686,C:/Users/VicUser/Documents/RobC/20260801/VF1_2_2\VF1_2_2-00000686_0.tif,C:/Users/VicUser/Documents/RobC/20260801/VF1_2_2\VF1_2_2-00000686_1.tif,373.102845,373.103108,-0.002464,-10.383721,-10.430638,-10.389762,0.006557,0.000000,0.000000,0.000000
687,C:/Users/VicUser/Documents/RobC/20260801/VF1_2_2\VF1_2_2-00000687_0.tif,C:/Users/VicUser/Documents/RobC/20260801/VF1_2_2\VF1_2_2-00000687_1.tif,373.602908,373.603178,-0.001508,-10.383721,-10.430638,-10.389762,0.009366,0.000000,0.000000,0.000000
688,C:/Users/VicUser/Documents/RobC/20260801/VF1_2_2\VF1_2_2-00000688_0.tif,C:/Users/VicUser/Documents/RobC/20260801/VF1_2_2\VF1_2_2-00000688_1.tif,374.103060,374.103187,-0.001827,-10.383721,-10.430638,-10.389762,0.008430,0.000000,0.000000,0.000000
