"Average",,,,,,,,,,,,,"E0",,,
"Index [1]","X [mm]","Y [mm]","Z [mm]","U [mm]","V [mm]","W [mm]","exx [1] - engr.","eyy [1] - engr.","exy [1] - engr.","e1 [1] - engr.","e2 [1] - engr.","gamma [1] - engr.","ΔL/L0 [1]","ΔL [mm]","L1 [mm]","L0 [mm]"
0,-6.1597e-11,-6.61092e-09,3.90392e-12,0,0,0,0,0,-1.18472e-18,2.84834e-18,-2.84834e-18,-0.0874874,0,0,10.0066,10.0066
1,-6.1597e-11,-6.61092e-09,3.90392e-12,-0.00665488,-9.36566e-05,-0.00266613,3.32372e-05,1.49128e-05,-7.27003e-06,9.75499e-05,-4.93998e-05,0.10836,-1.40938e-05,-0.000141031,10.0065,10.0066
2,-6.1597e-11,-6.61092e-09,3.90392e-12,6.37477e-05,0.000324819,-0.00598818,2.67334e-05,1.24729e-05,-8.13726e-06,9.14944e-05,-5.22881e-05,0.230392,2.15068e-05,0.00021521,10.0068,10.0066
3,-6.1597e-11,-6.61092e-09,3.90392e-12,-0.000351334,-0.000122732,-0.00560678,3.71338e-05,2.74249e-05,-1.23903e-05,9.50141e-05,-3.04555e-05,0.0955343,-2.2817e-06,-2.28321e-05,10.0066,10.0066
4,-6.1597e-11,-6.61092e-09,3.90392e-12,-0.00271223,0.000743683,-0.00399276,1.02833e-05,1.79797e-05,7.77285e-07,7.88821e-05,-5.0619e-05,0.117967,2.05355e-05,0.000205491,10.0068,10.0066
5,-6.1597e-11,-6.61092e-09,3.90392e-12,-0.00383407,-0.000393374,-0.00446103,4.50951e-06,3.30521e-05,2.97123e-05,8.26644e-05,-4.51027e-05,0.470102,2.64451e-05,0.000264626,10.0069,10.0066
6,-6.1597e-11,-6.61092e-09,3.90392e-12,-0.0133732,-0.00249528,-0.0357978,2.07948e-05,2.84322e-06,1.91624e-05,8.59171e-05,-6.22791e-05,0.164479,-5.9582e-05,-0.000596214,10.006,10.0066
7,-6.1597e-11,-6.61092e-09,3.90392e-12,0.00827904,-0.00106299,0.00156145,1.51518e-05,1.29709e-05,1.68863e-05,8.4241e-05,-5.61183e-05,0.225307,1.77522e-05,0.00017764,10.0068,10.0066
8,-6.1597e-11,-6.61092e-09,3.90392e-12,-0.0110786,0.00327908,-0.0279781,6.04212e-07,9.90682e-06,2.94969e-05,9.01096e-05,-7.95985e-05,0.393797,-7.48388e-06,-7.48883e-05,10.0065,10.0066
9,-6.1597e-11,-6.61092e-09,3.90392e-12,-0.0199327,0.00725688,0.0117295,1.86548e-05,1.24419e-05,1.75027e-06,9.77941e-05,-6.66975e-05,0.17744,1.11029e-05,0.000111102,10.0067,10.0066
10,-6.1597e-11,-6.61092e-09,3.90392e-12,-0.0144177,0.0163516,-0.0108667,-6.8322e-06,-2.46126e-06,-1.84187e-05,7.47182e-05,-8.40116e-05,-0.0540645,-2.68963e-05,-0.000269141,10.0063,10.0066
11,-6.1597e-11,-6.61092e-09,3.90392e-12,0.00925535,0.0236587,0.023383,-1.06629e-05,2.85779e-05,-9.61968e-06,9.2601e-05,-7.46861e-05,0.0892982,1.68255e-05,0.000168366,10.0068,10.0066
12,-6.1597e-11,-6.61092e-09,3.90392e-12,-0.011875,0.0272186,0.0150291,9.12136e-06,1.30289e-05,-3.22986e-05,8.50377e-05,-6.28874e-05,-0.111189,9.05534e-06,9.06134e-05,10.0067,10.0066
13,-6.1597e-11,-6.61092e-09,3.90392e-12,-0.0258445,0.0343039,0.0130482,2.78712e-05,2.17349e-05,-3.02558e-05,9.4994e-05,-4.53879e-05,-0.00263155,3.16827e-06,3.17037e-05,10.0066,10.0066
14,-6.1597e-11,-6.61092e-09,3.90392e-12,-0.00393279,0.0412228,0.0270885,-2.16272e-05,1.1544e-05,2.15059e-05,6.26025e-05,-7.26857e-05,0.183609,3.91499e-06,3.91758e-05,10.0067,10.0066
15,-6.1597e-11,-6.61092e-09,3.90392e-12,-0.0131829,0.0496316,0.0308107,3.49665e-05,1.27328e-05,6.74701e-06,0.00010804,-6.03403e-05,0.265931,1.89887e-06,1.90012e-05,10.0066,10.0066
16,-6.1597e-11,-6.61092e-09,3.90392e-12,-0.0237107,0.0506837,0.0224252,5.13552e-06,2.05134e-05,1.69064e-05,9.14699e-05,-6.5821e-05,0.355559,2.52929e-05,0.000253096,10.0069,10.0066
17,-6.1597e-11,-6.61092e-09,3.90392e-12,-0.0126565,0.0587595,0.029976,2.00098e-05,1.70999e-05,1.04169e-05,0.000100051,-6.29412e-05,0.273536,5.67036e-06,5.67411e-05,10.0067,10.0066
18,-6.1597e-11,-6.61092e-09,3.90392e-12,-0.0132118,0.06347,0.0258861,-2.41253e-05,-9.55604e-06,-2.09296e-05,6.3283e-05,-9.69643e-05,-0.0316365,-1.84065e-05,-0.000184187,10.0064,10.0066
19,-6.1597e-11,-6.61092e-09,3.90392e-12,-0.0236757,0.0711648,0.0265855,-1.84652e-05,4.38963e-05,3.32166e-05,0.000103125,-7.76941e-05,0.306367,4.53806e-05,0.000454107,10.0071,10.0066
20,-6.1597e-11,-6.61092e-09,3.90392e-12,-0.0164714,0.0771098,0.028241,-5.50977e-05,4.0867e-07,2.70475e-05,6.0899e-05,-0.000115588,0.505147,1.26248e-05,0.000126331,10.0067,10.0066
21,-6.1597e-11,-6.61092e-09,3.90392e-12,-0.0151335,0.0814914,0.0216199,-0.000127521,-3.55196e-05,0.000146212,4.2403e-05,-0.000205444,0.911417,-2.84833e-05,-0.000285021,10.0063,10.0066
22,-6.1597e-11,-6.61092e-09,3.90392e-12,-0.0201508,0.087631,0.0164969,-1.51104e-05,2.63256e-05,-9.35018e-06,8.56221e-05,-7.44069e-05,0.0637042,2.82451e-05,0.000282638,10.0069,10.0066
23,-6.1597e-11,-6.61092e-09,3.90392e-12,-0.0172184,0.0958426,0.014635,1.48349e-05,2.44274e-05,3.43808e-06,0.000106523,-6.72609e-05,0.092244,2.80785e-05,0.000280971,10.0069,10.0066
24,-6.1597e-11,-6.61092e-09,3.90392e-12,-0.0204087,0.0988941,0.0197719,-2.21869e-05,-2.87301e-06,1.92406e-05,7.51983e-05,-0.000100258,0.302217,9.91278e-06,9.91934e-05,10.0067,10.0066
25,-6.1597e-11,-6.61092e-09,3.90392e-12,-0.0175459,0.104972,0.00890661,-9.85081e-06,3.74717e-05,-1.65566e-05,0.000105485,-7.78645e-05,0.101706,2.54873e-05,0.000255041,10.0069,10.0066
26,-6.1597e-11,-6.61092e-09,3.90392e-12,-0.0121388,0.114275,0.00457618,-4.36708e-05,2.77528e-05,5.50812e-05,7.69328e-05,-9.28508e-05,0.587873,1.06658e-05,0.000106728,10.0067,10.0066
27,-6.1597e-11,-6.61092e-09,3.90392e-12,-0.0195209,0.114357,0.00979164,-3.07081e-06,2.40831e-05,3.00386e-05,8.59583e-05,-6.49461e-05,0.459419,-3.86102e-06,-3.86357e-05,10.0066,10.0066
28,-6.1597e-11,-6.61092e-09,3.90392e-12,-0.0135813,0.12376,0.00437446,2.82541e-07,2.35743e-05,1.70615e-05,8.78623e-05,-6.40054e-05,0.103909,9.42114e-06,9.42737e-05,10.0067,10.0066
29,-6.1597e-11,-6.61092e-09,3.90392e-12,-0.0122959,0.129993,0.0140237,6.63469e-06,2.01162e-05,-1.06141e-06,9.49429e-05,-6.8192e-05,0.0521366,2.84585e-05,0.000284773,10.0069,10.0066
30,-6.1597e-11,-6.61092e-09,3.90392e-12,-0.0114828,0.13359,0.0159837,3.52593e-06,2.13946e-05,-1.09643e-05,9.37346e-05,-6.8814e-05,-0.00274494,-1.16103e-05,-0.00011618,10.0065,10.0066
31,-6.1597e-11,-6.61092e-09,3.90392e-12,-0.0136753,0.141731,0.0214192,-4.07335e-06,6.01302e-05,4.09277e-06,0.000113987,-5.79299e-05,0.136471,2.48467e-05,0.000248631,10.0069,10.0066
32,-6.1597e-11,-6.61092e-09,3.90392e-12,-0.0148617,0.146479,0.0135127,-1.19895e-05,3.74058e-05,2.81257e-05,8.69448e-05,-6.15285e-05,0.327127,2.28072e-05,0.000228223,10.0068,10.0066
33,-6.1597e-11,-6.61092e-09,3.90392e-12,-0.0170659,0.154095,0.0151878,-1.94761e-05,1.06813e-05,3.78839e-05,7.8307e-05,-8.71018e-05,0.366911,2.04513e-05,0.000204649,10.0068,10.0066
34,-6.1597e-11,-6.61092e-09,3.90392e-12,-0.0173928,0.158339,0.0198032,-1.51995e-05,2.8226e-05,1.60486e-05,9.15989e-05,-7.85725e-05,0.264786,1.91745e-05,0.000191872,10.0068,10.0066
35,-6.1597e-11,-6.61092e-09,3.90392e-12,-0.0177766,0.164896,0.0178254,-1.07179e-05,3.99233e-05,6.67776e-06,0.000100389,-7.11833e-05,0.301344,2.20931e-05,0.000221077,10.0068,10.0066
36,-6.1597e-11,-6.61092e-09,3.90392e-12,-0.0171709,0.169533,0.0163836,-2.77244e-05,3.25323e-05,1.26752e-05,9.31784e-05,-8.83705e-05,0.10524,2.86715e-05,0.000286905,10.0069,10.0066
37,-6.1597e-11,-6.61092e-09,3.90392e-12,-0.0179957,0.176682,0.0201167,-1.37365e-05,1.60884e-05,-5.77938e-06,7.4774e-05,-7.24221e-05,0.066729,-2.96426e-06,-2.96622e-05,10.0066,10.0066
38,-6.1597e-11,-6.61092e-09,3.90392e-12,-0.0170466,0.181412,0.0196205,-6.93401e-06,-3.95991e-06,1.42521e-06,7.56535e-05,-8.65474e-05,0.154219,-4.49243e-06,-4.4954e-05,10.0066,10.0066
39,-6.1597e-11,-6.61092e-09,3.90392e-12,-0.0174281,0.188337,0.0206822,7.95454e-06,2.3008e-05,1.17471e-05,9.80748e-05,-6.71123e-05,0.329928,-2.70513e-06,-2.70692e-05,10.0066,10.0066
40,-6.1597e-11,-6.61092e-09,3.90392e-12,-0.0201262,0.194285,0.0228438,-3.12617e-06,1.00277e-05,3.59923e-05,8.83792e-05,-8.14776e-05,0.317025,-1.79174e-06,-1.79293e-05,10.0066,10.0066
41,-6.1597e-11,-6.61092e-09,3.90392e-12,-0.0191325,0.203761,0.0232787,-3.35922e-05,1.57731e-05,-1.06147e-05,8.44109e-05,-0.00010223,0.197931,-9.24671e-06,-9.25283e-05,10.0065,10.0066
42,-6.1597e-11,-6.61092e-09,3.90392e-12,-0.0175677,0.20489,0.0186338,-1.75083e-05,2.11951e-05,1.36864e-05,8.09453e-05,-7.72585e-05,0.153712,-5.39606e-06,-5.39963e-05,10.0066,10.0066
43,-6.1597e-11,-6.61092e-09,3.90392e-12,-0.014124,0.213559,0.0189551,1.61093e-05,2.59257e-05,1.47848e-06,0.000103819,-6.17842e-05,0.170539,1.99148e-05,0.000199279,10.0068,10.0066
44,-6.1597e-11,-6.61092e-09,3.90392e-12,-0.0150537,0.219608,0.0188171,-2.22888e-05,7.10869e-06,4.34667e-05,7.17892e-05,-8.69693e-05,0.255218,2.89858e-06,2.9005e-05,10.0066,10.0066
45,-6.1597e-11,-6.61092e-09,3.90392e-12,-0.0163046,0.224311,0.0190888,-7.25305e-06,3.65975e-05,1.15166e-05,9.12413e-05,-6.18968e-05,0.0654934,7.28864e-06,7.29346e-05,10.0067,10.0066
46,-6.1597e-11,-6.61092e-09,3.90392e-12,-0.0176789,0.229888,0.0132915,1.99227e-05,3.28266e-05,5.18682e-05,0.000105473,-5.27235e-05,0.439883,1.90957e-05,0.000191084,10.0068,10.0066
47,-6.1597e-11,-6.61092e-09,3.90392e-12,0.00579822,0.235563,0.0109037,1.26425e-05,1.19002e-05,6.42676e-06,8.86372e-05,-6.40945e-05,-0.0178092,-4.51563e-06,-4.51862e-05,10.0066,10.0066
48,-6.1597e-11,-6.61092e-09,3.90392e-12,0.0280551,0.241405,-0.00997243,1.1492e-05,2.49148e-05,-3.44275e-05,9.39069e-05,-5.75001e-05,-0.388788,1.70234e-05,0.000170346,10.0068,10.0066
49,-6.1597e-11,-6.61092e-09,3.90392e-12,0.0429075,0.24505,-0.127237,3.66858e-05,2.76151e-05,-8.14578e-05,0.000111244,-4.69427e-05,-0.509654,1.03402e-05,0.00010347,10.0067,10.0066
50,-6.1597e-11,-6.61092e-09,3.90392e-12,0.0527908,0.246558,-0.221773,1.25043e-05,3.64559e-05,6.44427e-06,0.000100934,-5.19734e-05,-0.0947271,1.87202e-05,0.000187326,10.0068,10.0066
51,-6.1597e-11,-6.61092e-09,3.90392e-12,0.0578615,0.24664,-0.300577,3.26922e-05,3.93545e-05,-4.48994e-05,0.000128807,-5.67607e-05,-0.372509,2.83358e-05,0.000283546,10.0069,10.0066
52,-6.1597e-11,-6.61092e-09,3.90392e-12,0.0645269,0.249915,-0.367807,2.47631e-05,6.93569e-05,-2.6883e-05,0.00015287,-5.87505e-05,-0.326456,4.16027e-05,0.000416302,10.007,10.0066
53,-6.1597e-11,-6.61092e-09,3.90392e-12,0.067812,0.249746,-0.412683,-5.17549e-06,7.74599e-05,-3.89281e-05,0.000144528,-7.22434e-05,-0.248866,7.41378e-05,0.000741868,10.0074,10.0066
54,-6.1597e-11,-6.61092e-09,3.90392e-12,0.0698193,0.252476,-0.445474,-6.51062e-06,0.000114623,-6.94994e-05,0.000181009,-7.28968e-05,-0.608522,0.000128696,0.00128781,10.0079,10.0066
55,-6.1597e-11,-6.61092e-09,3.90392e-12,0.0686295,0.256394,-0.470994,-7.55679e-06,0.000141698,-8.12224e-05,0.000203325,-6.91837e-05,-0.544134,0.000158147,0.00158252,10.0082,10.0066
56,-6.1597e-11,-6.61092e-09,3.90392e-12,0.0718109,0.256021,-0.491718,-5.50884e-05,0.000166561,-9.90897e-05,0.000222672,-0.000111199,-0.610155,0.000160933,0.0016104,10.0082,10.0066
57,-6.1597e-11,-6.61092e-09,3.90392e-12,0.0752919,0.254918,-0.513568,-2.76293e-05,0.000204743,-8.64595e-05,0.000273986,-9.68723e-05,-0.642113,0.000214139,0.00214281,10.0088,10.0066
58,-6.1597e-11,-6.61092e-09,3.90392e-12,0.0747668,0.259378,-0.523113,-4.2478e-05,0.000233016,-8.51368e-05,0.000284704,-9.41663e-05,-0.638442,0.00023725,0.00237407,10.009,10.0066
59,-6.1597e-11,-6.61092e-09,3.90392e-12,0.0748273,0.261608,-0.534842,-5.29573e-05,0.00024582,-7.13834e-05,0.000287355,-9.44924e-05,-0.700628,0.000288157,0.00288348,10.0095,10.0066
60,-6.1597e-11,-6.61092e-09,3.90392e-12,0.0775039,0.259372,-0.545905,-6.98815e-05,0.000286174,-9.98079e-05,0.000328217,-0.000111924,-0.657733,0.000317834,0.00318044,10.0098,10.0066
61,-6.1597e-11,-6.61092e-09,3.90392e-12,0.0765601,0.263313,-0.549446,-5.77923e-05,0.000317716,-9.6706e-05,0.00035528,-9.53556e-05,-0.811771,0.000360359,0.00360598,10.0102,10.0066
62,-6.1597e-11,-6.61092e-09,3.90392e-12,0.074241,0.262965,-0.554971,-5.98538e-05,0.000330104,-6.1738e-05,0.000368882,-9.86322e-05,-0.623167,0.000348478,0.00348708,10.0101,10.0066
63,-6.1597e-11,-6.61092e-09,3.90392e-12,0.0752853,0.2649,-0.560664,-0.000104791,0.000353525,-9.07702e-05,0.000393266,-0.000144531,-0.639351,0.000377205,0.00377454,10.0104,10.0066
64,-6.1597e-11,-6.61092e-09,3.90392e-12,0.073474,0.265753,-0.56637,-4.6366e-05,0.000388038,-9.01565e-05,0.000423656,-8.19843e-05,-0.813787,0.000391629,0.00391888,10.0105,10.0066
65,-6.1597e-11,-6.61092e-09,3.90392e-12,0.0728177,0.265263,-0.566126,-8.16363e-05,0.000392439,-8.55198e-05,0.000425648,-0.000114846,-0.689791,0.000418741,0.00419018,10.0108,10.0066
66,-6.1597e-11,-6.61092e-09,3.90392e-12,0.0728898,0.267072,-0.570078,-0.000108932,0.000402988,-6.22173e-05,0.000431796,-0.00013774,-0.642801,0.000440718,0.00441009,10.011,10.0066
67,-6.1597e-11,-6.61092e-09,3.90392e-12,0.0717277,0.268966,-0.571441,-0.000102037,0.000419198,-9.29421e-05,0.000447227,-0.000130067,-0.844168,0.000450626,0.00450924,10.0111,10.0066
68,-6.1597e-11,-6.61092e-09,3.90392e-12,0.0715718,0.267172,-0.574515,-0.000131178,0.00044619,-8.23298e-05,0.000469146,-0.000154134,-0.84644,0.00050239,0.00502723,10.0116,10.0066
69,-6.1597e-11,-6.61092e-09,3.90392e-12,0.0706674,0.269143,-0.576183,-8.79198e-05,0.000460401,-0.000110315,0.000498364,-0.000125883,-0.776384,0.000496413,0.00496741,10.0116,10.0066
70,-6.1597e-11,-6.61092e-09,3.90392e-12,0.0694794,0.269676,-0.582603,-0.000116169,0.000455042,-9.29845e-05,0.000488992,-0.000150119,-0.66558,0.000516046,0.00516387,10.0118,10.0066
71,-6.1597e-11,-6.61092e-09,3.90392e-12,0.0675731,0.272985,-0.581091,-0.000165889,0.00047242,-8.55868e-05,0.000492686,-0.000186155,-0.787685,0.000526385,0.00526733,10.0119,10.0066
72,-6.1597e-11,-6.61092e-09,3.90392e-12,0.0668247,0.271035,-0.58241,-9.15473e-05,0.000489209,-9.96671e-05,0.000519383,-0.000121722,-0.827658,0.0005504,0.00550764,10.0121,10.0066
73,-6.1597e-11,-6.61092e-09,3.90392e-12,0.0689211,0.273472,-0.589329,-0.000133555,0.000554184,-7.81292e-05,0.000576038,-0.000155409,-0.693282,0.000596399,0.00596793,10.0126,10.0066
74,-6.1597e-11,-6.61092e-09,3.90392e-12,0.0677009,0.272144,-0.591896,-0.000167104,0.00052052,-7.53114e-05,0.000537145,-0.000183729,-0.799457,0.000586969,0.00587357,10.0125,10.0066
75,-6.1597e-11,-6.61092e-09,3.90392e-12,0.0654441,0.275171,-0.591458,-0.000146804,0.000518795,-8.99101e-05,0.000548283,-0.000176291,-0.742607,0.000591406,0.00591797,10.0125,10.0066
76,-6.1597e-11,-6.61092e-09,3.90392e-12,0.0658809,0.274459,-0.591745,-0.00017083,0.000534399,-0.000106604,0.000564937,-0.000201367,-0.795388,0.000598291,0.00598687,10.0126,10.0066
77,-6.1597e-11,-6.61092e-09,3.90392e-12,0.0660893,0.274803,-0.593726,-0.00019262,0.000551223,-0.000111503,0.000584228,-0.000225626,-0.902349,0.000623052,0.00623464,10.0129,10.0066
78,-6.1597e-11,-6.61092e-09,3.90392e-12,0.066306,0.274526,-0.599254,-0.000140807,0.000609227,-0.000188324,0.000646916,-0.000178496,-1.07217,0.000697486,0.00697948,10.0136,10.0066
79,-6.1597e-11,-6.61092e-09,3.90392e-12,0.0659104,0.278808,-0.602738,-0.000223748,0.000574258,-0.000125942,0.000601873,-0.000251364,-1.04779,0.000683465,0.00683917,10.0135,10.0066
80,-6.1597e-11,-6.61092e-09,3.90392e-12,0.0668876,0.278201,-0.597008,-0.000192441,0.000586954,-0.000106892,0.000622544,-0.000228031,-0.87712,0.000718472,0.00718947,10.0138,10.0066
81,-6.1597e-11,-6.61092e-09,3.90392e-12,0.0649906,0.278809,-0.599804,-0.000216142,0.000612574,-0.000122662,0.000651209,-0.000254776,-0.886274,0.000731969,0.00732453,10.0139,10.0066
82,-6.1597e-11,-6.61092e-09,3.90392e-12,0.0662625,0.277512,-0.60187,-0.000192839,0.000644884,-0.000141394,0.000691643,-0.000239598,-1.00108,0.000751553,0.0075205,10.0141,10.0066
83,-6.1597e-11,-6.61092e-09,3.90392e-12,0.0644273,0.281487,-0.602702,-0.000162502,0.000628925,-0.000109882,0.000685597,-0.000219175,-0.812185,0.000818589,0.00819131,10.0148,10.0066
84,-6.1597e-11,-6.61092e-09,3.90392e-12,0.0636313,0.281263,-0.602826,-0.000273674,0.000610878,-8.86936e-05,0.000655263,-0.000318059,-0.767399,0.000770956,0.00771467,10.0143,10.0066
85,-6.1597e-11,-6.61092e-09,3.90392e-12,0.0636538,0.284432,-0.604284,-0.000217507,0.000636779,-0.000167248,0.000696341,-0.00027707,-1.03965,0.000811629,0.00812166,10.0147,10.0066
86,-6.1597e-11,-6.61092e-09,3.90392e-12,0.0630905,0.285445,-0.60664,-0.000228157,0.000627292,-0.000140697,0.000695713,-0.000296578,-1.03877,0.000786406,0.00786927,10.0145,10.0066
87,-6.1597e-11,-6.61092e-09,3.90392e-12,0.0641577,0.283646,-0.610021,-0.00029283,0.000613049,-0.00017389,0.000678748,-0.000358529,-1.06493,0.000779671,0.00780187,10.0144,10.0066
88,-6.1597e-11,-6.61092e-09,3.90392e-12,0.0623269,0.285884,-0.611049,-0.00023175,0.000671469,-0.000182331,0.000752688,-0.000312969,-1.07841,0.000850234,0.00850797,10.0151,10.0066
89,-6.1597e-11,-6.61092e-09,3.90392e-12,0.0638178,0.287069,-0.610799,-0.000257361,0.000692509,-0.000175081,0.000767917,-0.000332768,-1.05094,0.000874447,0.00875026,10.0154,10.0066
90,-6.1597e-11,-6.61092e-09,3.90392e-12,0.0629174,0.288914,-0.614498,-0.000248472,0.000684008,-0.000170435,0.000784578,-0.000349042,-0.962495,0.000885826,0.00886412,10.0155,10.0066
91,-6.1597e-11,-6.61092e-09,3.90392e-12,0.0632632,0.289482,-0.616539,-0.000241835,0.00069403,-0.000213643,0.000803003,-0.000350807,-1.07738,0.000924888,0.009255,10.0159,10.0066
92,-6.1597e-11,-6.61092e-09,3.90392e-12,0.0634717,0.291038,-0.614307,-0.00024223,0.000726936,-0.000184276,0.000832679,-0.000347974,-1.06413,0.000941793,0.00942417,10.016,10.0066
93,-6.1597e-11,-6.61092e-09,3.90392e-12,0.0628223,0.292804,-0.614646,-0.000313291,0.000724834,-0.000158524,0.000819901,-0.000408359,-1.00821,0.000943329,0.00943953,10.0161,10.0066
94,-6.1597e-11,-6.61092e-09,3.90392e-12,0.0622776,0.293116,-0.610833,-0.000310827,0.000694583,-0.000210973,0.000805465,-0.000421709,-1.1253,0.000950695,0.00951324,10.0161,10.0066
95,-6.1597e-11,-6.61092e-09,3.90392e-12,0.0633895,0.294378,-0.61678,-0.000251019,0.000723026,-0.00017295,0.000831099,-0.000359092,-0.980173,0.000972306,0.0097295,10.0163,10.0066
96,-6.1597e-11,-6.61092e-09,3.90392e-12,0.064478,0.294477,-0.618119,-0.000272501,0.000730759,-0.000183315,0.000850988,-0.00039273,-1.06964,0.0010137,0.0101437,10.0168,10.0066
97,-6.1597e-11,-6.61092e-09,3.90392e-12,0.0663666,0.29689,-0.621872,-0.000279367,0.000748685,-0.000207756,0.000891536,-0.000422219,-1.09312,0.00100848,0.0100915,10.0167,10.0066
98,-6.1597e-11,-6.61092e-09,3.90392e-12,0.06568,0.297454,-0.622457,-0.000200341,0.000777575,-0.000194404,0.000918306,-0.000341073,-1.10319,0.00108162,0.0108234,10.0174,10.0066
99,-6.1597e-11,-6.61092e-09,3.90392e-12,0.0639327,0.300811,-0.624982,-0.000305104,0.000774492,-0.000185516,0.000909697,-0.00044031,-1.10401,0.00103076,0.0103145,10.0169,10.0066
100,-6.1597e-11,-6.61092e-09,3.90392e-12,0.0654917,0.297278,-0.625732,-0.000310229,0.000819956,-0.000114424,0.000957524,-0.000447797,-0.810071,0.00113796,0.0113871,10.018,10.0066
101,-6.1597e-11,-6.61092e-09,3.90392e-12,0.064326,0.301376,-0.626158,-0.000295535,0.000794972,-0.000149814,0.000954843,-0.000455406,-0.936401,0.00113591,0.0113666,10.018,10.0066
102,-6.1597e-11,-6.61092e-09,3.90392e-12,0.0654687,0.300488,-0.627619,-0.000329681,0.000795206,-0.000210398,0.000955522,-0.000489997,-1.04568,0.00113422,0.0113497,10.018,10.0066
103,-6.1597e-11,-6.61092e-09,3.90392e-12,0.0653004,0.301047,-0.628706,-0.000329175,0.000804047,-0.000184358,0.000966073,-0.000491201,-1.05376,0.00114846,0.0114922,10.0181,10.0066
104,-6.1597e-11,-6.61092e-09,3.90392e-12,0.0683321,0.301067,-0.632088,-0.000327122,0.000816842,-0.000202377,0.000994146,-0.000504426,-1.1861,0.00117368,0.0117446,10.0184,10.0066
105,-6.1597e-11,-6.61092e-09,3.90392e-12,0.0667805,0.307187,-0.631817,-0.000326649,0.000810999,-0.000148777,0.00100147,-0.000517123,-0.94744,0.00118612,0.011869,10.0185,10.0066
106,-6.1597e-11,-6.61092e-09,3.90392e-12,0.0638585,0.308041,-0.633708,-0.000326516,0.000832184,-0.000146826,0.00102762,-0.000521954,-0.916352,0.00119541,0.011962,10.0186,10.0066
107,-6.1597e-11,-6.61092e-09,3.90392e-12,0.0651252,0.308835,-0.632424,-0.000344969,0.000843319,-0.000165648,0.00103808,-0.000539727,-0.902993,0.00123366,0.0123447,10.019,10.0066
108,-6.1597e-11,-6.61092e-09,3.90392e-12,0.0645981,0.308819,-0.631912,-0.00031294,0.000864089,-0.000162811,0.00105393,-0.000502778,-1.03541,0.00123947,0.0124029,10.019,10.0066
109,-6.1597e-11,-6.61092e-09,3.90392e-12,0.0672418,0.310851,-0.635487,-0.000341967,0.000854399,-0.000149944,0.00105832,-0.000545886,-0.997062,0.00127393,0.0127477,10.0194,10.0066
110,-6.1597e-11,-6.61092e-09,3.90392e-12,0.0668703,0.316528,-0.632643,-0.000360578,0.000867877,-0.000175871,0.00109038,-0.000583077,-0.989177,0.00129831,0.0129917,10.0196,10.0066
111,-6.1597e-11,-6.61092e-09,3.90392e-12,0.0703968,0.317269,-0.637911,-0.000349893,0.000876687,-0.000182554,0.00111004,-0.000583245,-0.928813,0.00131042,0.0131129,10.0197,10.0066
112,-6.1597e-11,-6.61092e-09,3.90392e-12,0.0640758,0.320682,-0.630938,-0.00037395,0.000879918,-0.000165983,0.00111132,-0.00060535,-1.03932,0.00131768,0.0131855,10.0198,10.0066
113,-6.1597e-11,-6.61092e-09,3.90392e-12,0.0671312,0.32111,-0.635511,-0.000415438,0.000882909,-0.000234624,0.00111095,-0.000643475,-1.13495,0.00133263,0.0133351,10.02,10.0066
114,-6.1597e-11,-6.61092e-09,3.90392e-12,0.0661873,0.321756,-0.638038,-0.000395636,0.000900004,-0.000165312,0.0011386,-0.000634232,-0.947152,0.00136089,0.0136179,10.0202,10.0066
115,-6.1597e-11,-6.61092e-09,3.90392e-12,0.0663516,0.321954,-0.637514,-0.000390322,0.00093176,-0.000197536,0.00118334,-0.000641907,-1.07245,0.00139964,0.0140056,10.0206,10.0066
116,-6.1597e-11,-6.61092e-09,3.90392e-12,0.0681395,0.323428,-0.643328,-0.000397787,0.000925673,-0.000240814,0.00117989,-0.000652,-1.08346,0.00139275,0.0139367,10.0206,10.0066
117,-6.1597e-11,-6.61092e-09,3.90392e-12,0.0652532,0.327177,-0.637696,-0.00039067,0.000954499,-0.000213396,0.00120357,-0.00063974,-1.04398,0.0014247,0.0142564,10.0209,10.0066
118,-6.1597e-11,-6.61092e-09,3.90392e-12,0.0666086,0.327299,-0.637079,-0.000380271,0.000941288,-0.000240552,0.00120731,-0.000646289,-1.10116,0.00144079,0.0144175,10.021,10.0066
119,-6.1597e-11,-6.61092e-09,3.90392e-12,0.0660986,0.329701,-0.639872,-0.000395692,0.000970932,-0.000232256,0.00124353,-0.000668295,-1.16173,0.00147422,0.014752,10.0214,10.0066
120,-6.1597e-11,-6.61092e-09,3.90392e-12,0.0667537,0.331945,-0.642101,-0.000385759,0.000969875,-0.000205105,0.00125922,-0.000675108,-1.00612,0.00148647,0.0148745,10.0215,10.0066
121,-6.1597e-11,-6.61092e-09,3.90392e-12,0.0664093,0.330292,-0.636613,-0.000457519,0.000992983,-0.000214812,0.00126731,-0.000731851,-1.11993,0.00151226,0.0151326,10.0217,10.0066
122,-6.1597e-11,-6.61092e-09,3.90392e-12,0.0670145,0.333979,-0.639267,-0.000451687,0.000969532,-0.000203191,0.00126838,-0.00075054,-1.01303,0.00150875,0.0150975,10.0217,10.0066
123,-6.1597e-11,-6.61092e-09,3.90392e-12,0.0682232,0.335633,-0.643448,-0.000408967,0.000991603,-0.000170437,0.00130057,-0.000717932,-0.93099,0.00154566,0.0154669,10.0221,10.0066
124,-6.1597e-11,-6.61092e-09,3.90392e-12,0.0686505,0.33703,-0.64708,-0.000434956,0.00099919,-0.000155063,0.00130535,-0.000741118,-0.961472,0.00155038,0.0155141,10.0221,10.0066
125,-6.1597e-11,-6.61092e-09,3.90392e-12,0.0694294,0.33829,-0.646337,-0.000429774,0.00100181,-0.000162713,0.0013296,-0.000757572,-0.894303,0.0015634,0.0156444,10.0223,10.0066
126,-6.1597e-11,-6.61092e-09,3.90392e-12,0.0698057,0.338606,-0.645879,-0.000483164,0.00103006,-0.000143501,0.00133517,-0.000788276,-0.947252,0.00160809,0.0160916,10.0227,10.0066
127,-6.1597e-11,-6.61092e-09,3.90392e-12,0.0692478,0.339914,-0.646025,-0.000436404,0.00104514,-0.000154177,0.00136252,-0.000753784,-0.882041,0.00160713,0.0160819,10.0227,10.0066
128,-6.1597e-11,-6.61092e-09,3.90392e-12,0.0690393,0.341007,-0.64929,-0.00044829,0.00106641,-0.000194028,0.00138584,-0.000767725,-0.91109,0.00162876,0.0162984,10.0229,10.0066
129,-6.1597e-11,-6.61092e-09,3.90392e-12,0.0682889,0.346056,-0.648396,-0.000445392,0.0010502,-0.00018008,0.00139689,-0.000792079,-0.885271,0.00162602,0.016271,10.0229,10.0066
130,-6.1597e-11,-6.61092e-09,3.90392e-12,0.0695621,0.346163,-0.64766,-0.000476265,0.00106656,-0.000173298,0.00140923,-0.000818941,-0.934749,0.00168783,0.0168895,10.0235,10.0066
131,-6.1597e-11,-6.61092e-09,3.90392e-12,0.0703922,0.347643,-0.651495,-0.0004789,0.00109049,-0.000208714,0.00143343,-0.000821835,-1.05666,0.00171935,0.0172049,10.0238,10.0066
132,-6.1597e-11,-6.61092e-09,3.90392e-12,0.0694074,0.349861,-0.649395,-0.000492298,0.00110401,-0.000199543,0.00144655,-0.00083483,-0.975286,0.00172538,0.0172652,10.0239,10.0066
133,-6.1597e-11,-6.61092e-09,3.90392e-12,0.0684662,0.355114,-0.646919,-0.000524322,0.00109332,-0.000186866,0.00146022,-0.000891219,-1.02197,0.00172676,0.017279,10.0239,10.0066
134,-6.1597e-11,-6.61092e-09,3.90392e-12,0.0702322,0.354708,-0.647801,-0.000490113,0.00111667,-0.000199158,0.0014819,-0.000855334,-0.904896,0.00176844,0.0176961,10.0243,10.0066
135,-6.1597e-11,-6.61092e-09,3.90392e-12,0.0702989,0.358279,-0.648531,-0.000499521,0.00110281,-0.000201314,0.00148536,-0.000882068,-1.00992,0.00177378,0.0177496,10.0244,10.0066
136,-6.1597e-11,-6.61092e-09,3.90392e-12,0.07316,0.356626,-0.650608,-0.000476013,0.00116518,-0.000219259,0.0015313,-0.000842142,-0.95697,0.00179786,0.0179904,10.0246,10.0066
137,-6.1597e-11,-6.61092e-09,3.90392e-12,0.0719193,0.358575,-0.64781,-0.000513149,0.00114501,-0.000218466,0.00153261,-0.000900741,-0.921931,0.00181757,0.0181877,10.0248,10.0066
138,-6.1597e-11,-6.61092e-09,3.90392e-12,0.0718988,0.361888,-0.647789,-0.000472154,0.00116073,-0.000261527,0.00156498,-0.000876409,-1.09474,0.00185315,0.0185438,10.0252,10.0066
139,-6.1597e-11,-6.61092e-09,3.90392e-12,0.0731291,0.36314,-0.650342,-0.000507502,0.00118104,-0.000238891,0.00157458,-0.000901048,-1.00283,0.00187935,0.0188059,10.0254,10.0066
140,-6.1597e-11,-6.61092e-09,3.90392e-12,0.0722266,0.365451,-0.650573,-0.000523624,0.00117861,-0.000234676,0.00159282,-0.000937827,-1.06066,0.00188768,0.0188893,10.0255,10.0066
141,-6.1597e-11,-6.61092e-09,3.90392e-12,0.0732591,0.364804,-0.649355,-0.000539087,0.00117573,-0.000224671,0.00159768,-0.000961031,-0.969284,0.00190567,0.0190693,10.0257,10.0066
142,-6.1597e-11,-6.61092e-09,3.90392e-12,0.0724153,0.368452,-0.647703,-0.000516318,0.00118064,-0.000246653,0.00161157,-0.000947253,-1.07394,0.00188712,0.0188836,10.0255,10.0066
143,-6.1597e-11,-6.61092e-09,3.90392e-12,0.0720643,0.372123,-0.648249,-0.000540521,0.00120728,-0.000201569,0.00163291,-0.000966153,-0.937089,0.00194967,0.0195096,10.0261,10.0066
144,-6.1597e-11,-6.61092e-09,3.90392e-12,0.0729556,0.37154,-0.648603,-0.000550956,0.00121414,-0.000214453,0.00166298,-0.000999802,-0.985078,0.00197362,0.0197493,10.0264,10.0066
145,-6.1597e-11,-6.61092e-09,3.90392e-12,0.0719599,0.373212,-0.653455,-0.000536949,0.00123026,-0.000201951,0.00165311,-0.000959808,-0.967277,0.00196401,0.0196531,10.0263,10.0066
146,-6.1597e-11,-6.61092e-09,3.90392e-12,0.0728589,0.376501,-0.649999,-0.000567075,0.00121513,-0.000239955,0.00166699,-0.00101894,-1.00034,0.00198211,0.0198342,10.0265,10.0066
147,-6.1597e-11,-6.61092e-09,3.90392e-12,0.0737676,0.376347,-0.648327,-0.000533408,0.00123022,-0.000233648,0.00168009,-0.000983276,-1.07359,0.00200565,0.0200697,10.0267,10.0066
148,-6.1597e-11,-6.61092e-09,3.90392e-12,0.0730321,0.381787,-0.656827,-0.000541921,0.00124883,-0.000199754,0.00171217,-0.00100527,-0.965442,0.00205068,0.0205204,10.0271,10.0066
149,-6.1597e-11,-6.61092e-09,3.90392e-12,0.0747957,0.383502,-0.657168,-0.000535496,0.00124373,-0.000239677,0.00174142,-0.00103319,-1.09552,0.00206479,0.0206615,10.0273,10.0066
150,-6.1597e-11,-6.61092e-09,3.90392e-12,0.07468,0.384125,-0.653834,-0.000554966,0.00128383,-0.000205559,0.00175123,-0.00102236,-0.994241,0.00207041,0.0207178,10.0273,10.0066
151,-6.1597e-11,-6.61092e-09,3.90392e-12,0.076951,0.386543,-0.653105,-0.00054586,0.00130157,-0.000246007,0.00178942,-0.0010337,-0.95845,0.00211192,0.0211332,10.0278,10.0066
152,-6.1597e-11,-6.61092e-09,3.90392e-12,0.0760621,0.388408,-0.654839,-0.000578008,0.00128858,-0.000247072,0.00178379,-0.00107322,-1.00212,0.00212678,0.0212819,10.0279,10.0066
153,-6.1597e-11,-6.61092e-09,3.90392e-12,0.0750881,0.390379,-0.652822,-0.000580304,0.00128634,-0.000257732,0.00179104,-0.001085,-1.05264,0.00212702,0.0212843,10.0279,10.0066
154,-6.1597e-11,-6.61092e-09,3.90392e-12,0.0762222,0.394712,-0.654606,-0.000569133,0.00129945,-0.000201196,0.00180929,-0.00107897,-0.959604,0.00213926,0.0214068,10.028,10.0066
155,-6.1597e-11,-6.61092e-09,3.90392e-12,0.076107,0.39607,-0.657014,-0.000569792,0.0013069,-0.000220188,0.0018277,-0.00109059,-1.03672,0.00217091,0.0217235,10.0283,10.0066
156,-6.1597e-11,-6.61092e-09,3.90392e-12,0.0772445,0.398496,-0.652518,-0.000602448,0.00132848,-0.000234416,0.00184603,-0.00111999,-0.973076,0.00218635,0.021878,10.0285,10.0066
157,-6.1597e-11,-6.61092e-09,3.90392e-12,0.0773623,0.400551,-0.656773,-0.00062045,0.00129337,-0.000275247,0.00182098,-0.00114807,-1.06559,0.00217362,0.0217506,10.0284,10.0066
158,-6.1597e-11,-6.61092e-09,3.90392e-12,0.077222,0.404064,-0.650621,-0.000583978,0.0013184,-0.000227797,0.00186741,-0.00113298,-1.02113,0.00222095,0.0222242,10.0288,10.0066
159,-6.1597e-11,-6.61092e-09,3.90392e-12,0.0779961,0.404847,-0.654695,-0.000604501,0.00135538,-0.000213514,0.00189699,-0.0011461,-1.04942,0.0022438,0.0224529,10.0291,10.0066
160,-6.1597e-11,-6.61092e-09,3.90392e-12,0.0792662,0.408752,-0.656594,-0.000581403,0.00134931,-0.000206682,0.00191098,-0.00114307,-0.987272,0.00225998,0.0226148,10.0292,10.0066
161,-6.1597e-11,-6.61092e-09,3.90392e-12,0.0789539,0.41027,-0.651445,-0.000624829,0.00134858,-0.000261322,0.00191298,-0.00118923,-1.05789,0.00225157,0.0225306,10.0291,10.0066
162,-6.1597e-11,-6.61092e-09,3.90392e-12,0.0793873,0.412682,-0.651737,-0.000606873,0.00140035,-0.000197788,0.0019574,-0.00116392,-0.965175,0.00233743,0.0233898,10.03,10.0066
163,-6.1597e-11,-6.61092e-09,3.90392e-12,0.0792475,0.414413,-0.65124,-0.000621571,0.00136562,-0.000197461,0.00194656,-0.00120252,-0.99694,0.00232273,0.0232427,10.0299,10.0066
164,-6.1597e-11,-6.61092e-09,3.90392e-12,0.0808936,0.417246,-0.654909,-0.000639351,0.00138335,-0.000213477,0.00195957,-0.00121557,-0.99053,0.00231949,0.0232103,10.0298,10.0066
165,-6.1597e-11,-6.61092e-09,3.90392e-12,0.0823555,0.420298,-0.65212,-0.000621372,0.00140078,-0.000234689,0.00197842,-0.00119901,-0.990943,0.00235423,0.0235578,10.0302,10.0066
166,-6.1597e-11,-6.61092e-09,3.90392e-12,0.0828043,0.42024,-0.648197,-0.000632675,0.0014101,-0.000242392,0.00199439,-0.00121697,-0.967043,0.00237852,0.023801,10.0304,10.0066
167,-6.1597e-11,-6.61092e-09,3.90392e-12,0.0817118,0.424888,-0.650202,-0.000661761,0.00138621,-0.000218978,0.00200208,-0.00127763,-0.941242,0.00239098,0.0239256,10.0305,10.0066
168,-6.1597e-11,-6.61092e-09,3.90392e-12,0.0810118,0.425663,-0.652126,-0.000667677,0.00140403,-0.000231201,0.00202209,-0.00128573,-0.961528,0.0023984,0.0239999,10.0306,10.0066
169,-6.1597e-11,-6.61092e-09,3.90392e-12,0.0825271,0.42836,-0.65415,-0.000631136,0.00143718,-0.000257871,0.0020414,-0.00123535,-0.971808,0.00242454,0.0242614,10.0309,10.0066
170,-6.1597e-11,-6.61092e-09,3.90392e-12,0.0783081,0.431678,-0.641752,-0.000689851,0.00138645,-0.000248797,0.00200929,-0.00131269,-1.02877,0.00238714,0.0238872,10.0305,10.0066
171,-6.1597e-11,-6.61092e-09,3.90392e-12,0.0846327,0.432265,-0.653428,-0.000724063,0.00139898,-0.000284558,0.00201336,-0.00133844,-1.054,0.00239367,0.0239525,10.0306,10.0066
172,-6.1597e-11,-6.61092e-09,3.90392e-12,0.0850714,0.434287,-0.663597,-0.000640119,0.00146033,-0.000203212,0.00210859,-0.00128838,-0.904097,0.00250257,0.0250423,10.0317,10.0066
173,-6.1597e-11,-6.61092e-09,3.90392e-12,0.0833955,0.438212,-0.647649,-0.000652792,0.00145223,-0.000222274,0.00209573,-0.00129629,-0.967718,0.00247954,0.0248118,10.0314,10.0066
174,-6.1597e-11,-6.61092e-09,3.90392e-12,0.0856718,0.44089,-0.651079,-0.00066501,0.00147942,-0.000257428,0.00212618,-0.00131177,-1.02364,0.00251298,0.0251464,10.0318,10.0066
175,-6.1597e-11,-6.61092e-09,3.90392e-12,0.0868987,0.441882,-0.657935,-0.000691984,0.00146336,-0.000217272,0.00213344,-0.00136206,-0.94821,0.00252773,0.0252941,10.0319,10.0066
176,-6.1597e-11,-6.61092e-09,3.90392e-12,0.088381,0.44404,-0.659288,-0.00066971,0.00144771,-0.000249313,0.00210228,-0.00132429,-1.00756,0.00248753,0.0248917,10.0315,10.0066
177,-6.1597e-11,-6.61092e-09,3.90392e-12,0.0903174,0.449186,-0.649764,-0.000741333,0.0015012,-0.000213076,0.00217003,-0.00141016,-0.851035,0.0025746,0.025763,10.0324,10.0066
178,-6.1597e-11,-6.61092e-09,3.90392e-12,0.0906601,0.450449,-0.647557,-0.00064409,0.00154475,-0.000307605,0.0022039,-0.00130324,-1.08154,0.00262846,0.026302,10.0329,10.0066
179,-6.1597e-11,-6.61092e-09,3.90392e-12,0.0906921,0.457798,-0.656468,-0.000750606,0.00148625,-0.000235319,0.00216639,-0.00143075,-0.885751,0.00260689,0.0260861,10.0327,10.0066
180,-6.1597e-11,-6.61092e-09,3.90392e-12,0.0906368,0.455635,-0.652671,-0.000736816,0.00152696,-0.00027174,0.00220034,-0.0014102,-1.01682,0.00262448,0.0262621,10.0329,10.0066
181,-6.1597e-11,-6.61092e-09,3.90392e-12,0.0924203,0.461151,-0.656646,-0.000747257,0.00152605,-0.000226218,0.00221297,-0.00143418,-0.914879,0.00265417,0.0265593,10.0332,10.0066
182,-6.1597e-11,-6.61092e-09,3.90392e-12,0.0931188,0.461736,-0.649071,-0.000715153,0.00151204,-0.000246982,0.00221862,-0.00142173,-0.942598,0.00266681,0.0266858,10.0333,10.0066
183,-6.1597e-11,-6.61092e-09,3.90392e-12,0.092951,0.465288,-0.657903,-0.000729218,0.00156208,-0.000260336,0.00225723,-0.00142437,-0.920052,0.00267302,0.0267479,10.0334,10.0066
184,-6.1597e-11,-6.61092e-09,3.90392e-12,0.0932209,0.46912,-0.652105,-0.000769993,0.0015553,-0.000294801,0.00225518,-0.00146987,-0.998199,0.0027012,0.0270299,10.0336,10.0066
185,-6.1597e-11,-6.61092e-09,3.90392e-12,0.0945099,0.472273,-0.648999,-0.000761632,0.00154001,-0.000271436,0.00226694,-0.00148856,-0.996331,0.00269345,0.0269523,10.0336,10.0066
186,-6.1597e-11,-6.61092e-09,3.90392e-12,0.0955193,0.47569,-0.65682,-0.000753226,0.00158735,-0.000272179,0.00229259,-0.00145847,-1.00293,0.00270961,0.027114,10.0337,10.0066
187,-6.1597e-11,-6.61092e-09,3.90392e-12,0.095059,0.477828,-0.6492,-0.000780787,0.00157563,-0.000300869,0.00230256,-0.00150772,-1.05879,0.00274895,0.0275077,10.0341,10.0066
188,-6.1597e-11,-6.61092e-09,3.90392e-12,0.0960923,0.48054,-0.654108,-0.000774879,0.00161175,-0.000246977,0.00233667,-0.0014998,-0.978613,0.00278183,0.0278367,10.0345,10.0066
189,-6.1597e-11,-6.61092e-09,3.90392e-12,0.0952791,0.484236,-0.649348,-0.000744769,0.00161249,-0.000261943,0.00235004,-0.00148232,-0.946753,0.0027923,0.0279415,10.0346,10.0066
190,-6.1597e-11,-6.61092e-09,3.90392e-12,0.0967119,0.48782,-0.658857,-0.000816251,0.00165777,-0.000237437,0.00238544,-0.00154392,-0.92966,0.00284836,0.0285024,10.0351,10.0066
191,-6.1597e-11,-6.61092e-09,3.90392e-12,0.0971586,0.491015,-0.649253,-0.000790622,0.00161629,-0.00021415,0.0023737,-0.00154803,-0.903598,0.00284262,0.028445,10.0351,10.0066
192,-6.1597e-11,-6.61092e-09,3.90392e-12,0.0988841,0.49129,-0.655893,-0.00077494,0.00165234,-0.000262167,0.00239232,-0.00151492,-0.976146,0.00287873,0.0288064,10.0354,10.0066
193,-6.1597e-11,-6.61092e-09,3.90392e-12,0.0996411,0.495577,-0.655103,-0.00084266,0.0016364,-0.000254533,0.00237517,-0.00158144,-0.933437,0.00285836,0.0286026,10.0352,10.0066
194,-6.1597e-11,-6.61092e-09,3.90392e-12,0.0987683,0.499744,-0.644563,-0.000824294,0.00168424,-0.000284842,0.00242208,-0.00156213,-0.967198,0.00289276,0.0289467,10.0356,10.0066
195,-6.1597e-11,-6.61092e-09,3.90392e-12,0.0997332,0.502373,-0.651725,-0.00082546,0.00168055,-0.000289009,0.00244128,-0.00158619,-0.988722,0.00292775,0.0292969,10.0359,10.0066
196,-6.1597e-11,-6.61092e-09,3.90392e-12,0.100521,0.50461,-0.648101,-0.00080941,0.00170431,-0.000277915,0.00245833,-0.00156343,-0.995415,0.00292529,0.0292723,10.0359,10.0066
197,-6.1597e-11,-6.61092e-09,3.90392e-12,0.101623,0.50667,-0.653023,-0.000807971,0.00168438,-0.000235963,0.00247338,-0.00159697,-0.938571,0.00292753,0.0292947,10.0359,10.0066
198,-6.1597e-11,-6.61092e-09,3.90392e-12,0.103753,0.510207,-0.652574,-0.000824892,0.00168277,-0.000283892,0.00247162,-0.00161374,-0.941474,0.00294941,0.0295136,10.0361,10.0066
199,-6.1597e-11,-6.61092e-09,3.90392e-12,0.103555,0.513533,-0.650053,-0.000824177,0.00172221,-0.000278209,0.00250407,-0.00160604,-0.998989,0.0029799,0.0298187,10.0364,10.0066
200,-6.1597e-11,-6.61092e-09,3.90392e-12,0.102897,0.519329,-0.655114,-0.000835488,0.00175219,-0.000275013,0.00252957,-0.00161286,-0.973103,0.00299626,0.0299825,10.0366,10.0066
201,-6.1597e-11,-6.61092e-09,3.90392e-12,0.104441,0.519838,-0.658274,-0.000835928,0.00173997,-0.000275694,0.00252898,-0.00162494,-0.964099,0.00300359,0.0300558,10.0367,10.0066
202,-6.1597e-11,-6.61092e-09,3.90392e-12,0.104194,0.522618,-0.650842,-0.000809821,0.00175514,-0.000264547,0.0025368,-0.00159148,-0.996029,0.00302299,0.0302499,10.0369,10.0066
203,-6.1597e-11,-6.61092e-09,3.90392e-12,0.105727,0.526446,-0.653222,-0.000844715,0.00176118,-0.000291781,0.00256983,-0.00165336,-0.931901,0.00305221,0.0305422,10.0372,10.0066
204,-6.1597e-11,-6.61092e-09,3.90392e-12,0.106049,0.528986,-0.655328,-0.000855997,0.00176734,-0.000269078,0.0025705,-0.00165916,-0.945014,0.00308053,0.0308257,10.0374,10.0066
205,-6.1597e-11,-6.61092e-09,3.90392e-12,0.105913,0.530021,-0.657734,-0.000870732,0.00177653,-0.000259806,0.00257964,-0.00167384,-0.980343,0.0031051,0.0310716,10.0377,10.0066
206,-6.1597e-11,-6.61092e-09,3.90392e-12,0.107702,0.534224,-0.655179,-0.000848499,0.00180074,-0.000280194,0.00259823,-0.00164599,-0.933754,0.00311199,0.0311405,10.0378,10.0066
207,-6.1597e-11,-6.61092e-09,3.90392e-12,0.108242,0.53676,-0.655966,-0.000852711,0.00182275,-0.000278155,0.0026263,-0.00165626,-1.01091,0.00315447,0.0315656,10.0382,10.0066
208,-6.1597e-11,-6.61092e-09,3.90392e-12,0.106479,0.543358,-0.652735,-0.000854811,0.0018102,-0.00025347,0.00263818,-0.00168278,-0.99999,0.00316448,0.0316658,10.0383,10.0066
209,-6.1597e-11,-6.61092e-09,3.90392e-12,0.108087,0.541877,-0.656531,-0.000860812,0.00183939,-0.000266397,0.00265595,-0.00167737,-0.993788,0.0031794,0.0318151,10.0384,10.0066
210,-6.1597e-11,-6.61092e-09,3.90392e-12,0.109596,0.547253,-0.653615,-0.000850752,0.00182957,-0.000278122,0.00266949,-0.00169068,-0.968091,0.00318207,0.0318418,10.0385,10.0066
211,-6.1597e-11,-6.61092e-09,3.90392e-12,0.110944,0.547691,-0.653966,-0.000863354,0.0018392,-0.000289273,0.00269548,-0.00171964,-1.03211,0.00322038,0.0322251,10.0388,10.0066
212,-6.1597e-11,-6.61092e-09,3.90392e-12,0.11243,0.551502,-0.653157,-0.000865644,0.00183413,-0.000249471,0.00267845,-0.00170997,-0.969133,0.00321977,0.032219,10.0388,10.0066
213,-6.1597e-11,-6.61092e-09,3.90392e-12,0.113117,0.555578,-0.653058,-0.000864202,0.00187626,-0.000264117,0.00271832,-0.00170626,-0.978172,0.00324674,0.0324889,10.0391,10.0066
214,-6.1597e-11,-6.61092e-09,3.90392e-12,0.111272,0.561967,-0.649727,-0.000874514,0.00190594,-0.000276108,0.00273559,-0.00170417,-0.939077,0.0032877,0.0328987,10.0395,10.0066
215,-6.1597e-11,-6.61092e-09,3.90392e-12,0.111575,0.560765,-0.652975,-0.000879753,0.00189769,-0.000282227,0.00275901,-0.00174107,-0.997482,0.00327877,0.0328094,10.0394,10.0066
216,-6.1597e-11,-6.61092e-09,3.90392e-12,0.113385,0.563759,-0.656771,-0.000908671,0.00190667,-0.000293297,0.00277054,-0.00177254,-0.998561,0.00333191,0.0333412,10.04,10.0066
217,-6.1597e-11,-6.61092e-09,3.90392e-12,0.113627,0.56913,-0.654013,-0.000912764,0.00190172,-0.000268465,0.00275121,-0.00176226,-0.941748,0.00331933,0.0332153,10.0398,10.0066
218,-6.1597e-11,-6.61092e-09,3.90392e-12,0.114087,0.572373,-0.650898,-0.000916994,0.00192806,-0.000251782,0.00279678,-0.00178571,-0.945826,0.00335164,0.0335386,10.0402,10.0066
219,-6.1597e-11,-6.61092e-09,3.90392e-12,0.114267,0.57701,-0.652936,-0.000914109,0.00194462,-0.000265323,0.00280927,-0.00177876,-0.995569,0.00337849,0.0338072,10.0404,10.0066
220,-6.1597e-11,-6.61092e-09,3.90392e-12,0.116336,0.576278,-0.655132,-0.000901598,0.00193405,-0.00030159,0.00281693,-0.00178447,-1.03264,0.00340068,0.0340294,10.0406,10.0066
221,-6.1597e-11,-6.61092e-09,3.90392e-12,0.118478,0.579858,-0.655874,-0.00089671,0.00193772,-0.0002994,0.00283017,-0.00178916,-0.984206,0.00341865,0.0342092,10.0408,10.0066
222,-6.1597e-11,-6.61092e-09,3.90392e-12,0.11665,0.583594,-0.655588,-0.000925794,0.00198025,-0.000266949,0.00284817,-0.00179372,-0.997966,0.00340017,0.0340242,10.0406,10.0066
223,-6.1597e-11,-6.61092e-09,3.90392e-12,0.114457,0.588637,-0.650897,-0.000928644,0.00198463,-0.00027149,0.00286646,-0.00181047,-0.997358,0.00343416,0.0343644,10.041,10.0066
224,-6.1597e-11,-6.61092e-09,3.90392e-12,0.118254,0.589506,-0.655596,-0.000936733,0.00201875,-0.000302425,0.00287789,-0.00179587,-0.997754,0.00344577,0.0344805,10.0411,10.0066
225,-6.1597e-11,-6.61092e-09,3.90392e-12,0.117288,0.594905,-0.656673,-0.000928364,0.00201264,-0.000283401,0.00290829,-0.00182402,-0.941106,0.00348912,0.0349143,10.0415,10.0066
226,-6.1597e-11,-6.61092e-09,3.90392e-12,0.118375,0.597579,-0.65305,-0.00092683,0.00206624,-0.0002665,0.00291165,-0.00177224,-0.932618,0.00349646,0.0349877,10.0416,10.0066
227,-6.1597e-11,-6.61092e-09,3.90392e-12,0.117943,0.600198,-0.648048,-0.000977842,0.00201443,-0.000292936,0.00291294,-0.00187635,-0.925555,0.00351783,0.0352016,10.0418,10.0066
228,-6.1597e-11,-6.61092e-09,3.90392e-12,0.119676,0.603306,-0.64961,-0.000955829,0.00203971,-0.000253856,0.00293604,-0.00185217,-0.944516,0.00352394,0.0352627,10.0419,10.0066
229,-6.1597e-11,-6.61092e-09,3.90392e-12,0.118888,0.608033,-0.654484,-0.000929775,0.0020742,-0.000297958,0.0029624,-0.00181797,-0.937872,0.00355568,0.0355803,10.0422,10.0066
230,-6.1597e-11,-6.61092e-09,3.90392e-12,0.119738,0.6104,-0.655887,-0.000954972,0.00208723,-0.000261902,0.00296904,-0.00183679,-0.914237,0.00358287,0.0358524,10.0425,10.0066
231,-6.1597e-11,-6.61092e-09,3.90392e-12,0.12111,0.616746,-0.653556,-0.000983556,0.00205447,-0.000266074,0.00297259,-0.00190168,-0.962561,0.00358228,0.0358465,10.0425,10.0066
232,-6.1597e-11,-6.61092e-09,3.90392e-12,0.120989,0.617383,-0.647773,-0.000966827,0.0020618,-0.000282842,0.00298154,-0.00188658,-0.957127,0.0036008,0.0360319,10.0426,10.0066
233,-6.1597e-11,-6.61092e-09,3.90392e-12,0.121846,0.620961,-0.646259,-0.00100871,0.00204982,-0.000256653,0.00298415,-0.00194304,-0.939013,0.00362101,0.036234,10.0429,10.0066
234,-6.1597e-11,-6.61092e-09,3.90392e-12,0.12195,0.624762,-0.64573,-0.00102251,0.00212944,-0.000282614,0.00303298,-0.00192605,-0.963935,0.00363301,0.0363542,10.043,10.0066
235,-6.1597e-11,-6.61092e-09,3.90392e-12,0.121807,0.62437,-0.642682,-0.00103018,0.00211184,-0.000284548,0.00299483,-0.00191317,-0.938039,0.00359911,0.0360149,10.0426,10.0066
236,-6.1597e-11,-6.61092e-09,3.90392e-12,0.122758,0.630751,-0.652639,-0.00102012,0.0021187,-0.000299616,0.00305626,-0.00195768,-0.951456,0.00366617,0.0366859,10.0433,10.0066
237,-6.1597e-11,-6.61092e-09,3.90392e-12,0.121307,0.635248,-0.654356,-0.00101319,0.00218216,-0.000263928,0.0030739,-0.00190493,-0.893582,0.00368399,0.0368642,10.0435,10.0066
238,-6.1597e-11,-6.61092e-09,3.90392e-12,0.123906,0.636542,-0.653327,-0.00104932,0.00217122,-0.000317006,0.00308754,-0.00196564,-0.971978,0.00369875,0.0370119,10.0436,10.0066
239,-6.1597e-11,-6.61092e-09,3.90392e-12,0.125841,0.639701,-0.658349,-0.0010379,0.00219534,-0.000293521,0.00310358,-0.00194615,-0.899474,0.00371161,0.0371406,10.0438,10.0066
240,-6.1597e-11,-6.61092e-09,3.90392e-12,0.126289,0.641872,-0.654986,-0.00104811,0.00218926,-0.000263184,0.00313439,-0.00199324,-0.968308,0.0037485,0.0375098,10.0441,10.0066
241,-6.1597e-11,-6.61092e-09,3.90392e-12,0.12632,0.646606,-0.654042,-0.00102685,0.0021842,-0.000216173,0.00312151,-0.00196417,-0.723198,0.00373444,0.0373691,10.044,10.0066
242,-6.1597e-11,-6.61092e-09,3.90392e-12,0.126787,0.649817,-0.654944,-0.0010414,0.00222449,-0.000252826,0.0031466,-0.00196351,-0.859731,0.00379634,0.0379885,10.0446,10.0066
243,-6.1597e-11,-6.61092e-09,3.90392e-12,0.12713,0.653606,-0.653784,-0.00103916,0.00222545,-0.000271067,0.00318125,-0.00199496,-0.942284,0.00381904,0.0382156,10.0448,10.0066
244,-6.1597e-11,-6.61092e-09,3.90392e-12,0.127101,0.656168,-0.652369,-0.00104795,0.00229034,-0.000298004,0.00316266,-0.00192027,-0.940992,0.00373325,0.0373572,10.044,10.0066
245,-6.1597e-11,-6.61092e-09,3.90392e-12,0.126858,0.660317,-0.65654,-0.00105748,0.00229351,-0.000320064,0.0031874,-0.00195138,-0.956371,0.00382531,0.0382784,10.0449,10.0066
246,-6.1597e-11,-6.61092e-09,3.90392e-12,0.12943,0.66535,-0.654606,-0.00107497,0.0022719,-0.000289412,0.00321078,-0.00201386,-0.879888,0.00384554,0.0384808,10.0451,10.0066
247,-6.1597e-11,-6.61092e-09,3.90392e-12,0.128987,0.666472,-0.654665,-0.00105711,0.00229335,-0.000275997,0.00324629,-0.00201006,-0.913432,0.00387301,0.0387557,10.0454,10.0066
248,-6.1597e-11,-6.61092e-09,3.90392e-12,0.130929,0.670291,-0.65438,-0.00111329,0.00236632,-0.000246473,0.00324258,-0.00198955,-0.832202,0.00388817,0.0389074,10.0455,10.0066
249,-6.1597e-11,-6.61092e-09,3.90392e-12,0.128947,0.676181,-0.657021,-0.00111033,0.00229925,-0.000296904,0.00321923,-0.00203031,-0.917155,0.00388689,0.0388946,10.0455,10.0066
250,-6.1597e-11,-6.61092e-09,3.90392e-12,0.130375,0.677641,-0.649321,-0.00109839,0.00233923,-0.000262778,0.0032567,-0.00201587,-0.868272,0.00393169,0.0393429,10.046,10.0066
251,-6.1597e-11,-6.61092e-09,3.90392e-12,0.1315,0.681196,-0.656048,-0.0010498,0.00232531,-0.000298888,0.00331062,-0.00203511,-0.894923,0.00395878,0.039614,10.0462,10.0066
252,-6.1597e-11,-6.61092e-09,3.90392e-12,0.130177,0.683772,-0.648683,-0.00105612,0.00237142,-0.000284327,0.00330125,-0.00198595,-0.894264,0.00398124,0.0398387,10.0465,10.0066
253,-6.1597e-11,-6.61092e-09,3.90392e-12,0.130472,0.688334,-0.656122,-0.00110232,0.00239926,-0.000299878,0.00332179,-0.00202485,-0.890402,0.00398696,0.039896,10.0465,10.0066
254,-6.1597e-11,-6.61092e-09,3.90392e-12,0.13199,0.690132,-0.65392,-0.00109732,0.00239547,-0.000325585,0.00334892,-0.00205077,-0.839541,0.00400049,0.0400313,10.0466,10.0066
255,-6.1597e-11,-6.61092e-09,3.90392e-12,0.133601,0.693793,-0.65424,-0.00111303,0.00243107,-0.000292666,0.00337279,-0.00205476,-0.937694,0.0040436,0.0404628,10.0471,10.0066
256,-6.1597e-11,-6.61092e-09,3.90392e-12,0.134253,0.699089,-0.657581,-0.00112691,0.00246191,-0.00031655,0.00338558,-0.00205059,-0.918842,0.00403065,0.0403331,10.047,10.0066
257,-6.1597e-11,-6.61092e-09,3.90392e-12,0.13397,0.702227,-0.658939,-0.00116285,0.00243148,-0.000298077,0.00337502,-0.00210639,-0.881552,0.00404569,0.0404837,10.0471,10.0066
258,-6.1597e-11,-6.61092e-09,3.90392e-12,0.135847,0.705479,-0.6557,-0.0011301,0.00247529,-0.000314748,0.00340751,-0.00206232,-0.911088,0.00407821,0.0408091,10.0474,10.0066
259,-6.1597e-11,-6.61092e-09,3.90392e-12,0.1367,0.709345,-0.654952,-0.00112768,0.00248109,-0.000314306,0.00341378,-0.00206038,-0.825607,0.00410095,0.0410366,10.0477,10.0066
260,-6.1597e-11,-6.61092e-09,3.90392e-12,0.13601,0.711426,-0.657858,-0.00113399,0.00246398,-0.000319255,0.00342254,-0.00209255,-0.775772,0.0041213,0.0412403,10.0479,10.0066
261,-6.1597e-11,-6.61092e-09,3.90392e-12,0.135686,0.716329,-0.654864,-0.00110686,0.00248763,-0.000334573,0.00345431,-0.00207353,-0.929393,0.00413422,0.0413695,10.048,10.0066
262,-6.1597e-11,-6.61092e-09,3.90392e-12,0.137387,0.717195,-0.649111,-0.00113326,0.00252113,-0.000339101,0.00346023,-0.00207237,-0.920844,0.00416035,0.0416311,10.0482,10.0066
263,-6.1597e-11,-6.61092e-09,3.90392e-12,0.13666,0.721317,-0.654905,-0.00115313,0.00252786,-0.000335248,0.00348071,-0.00210598,-0.926853,0.00417475,0.0417751,10.0484,10.0066
264,-6.1597e-11,-6.61092e-09,3.90392e-12,0.13897,0.724947,-0.657028,-0.00115643,0.00255452,-0.000304161,0.00349695,-0.00209886,-0.905032,0.00419175,0.0419452,10.0486,10.0066
265,-6.1597e-11,-6.61092e-09,3.90392e-12,0.137998,0.726634,-0.650922,-0.0011526,0.00257354,-0.000319921,0.00352727,-0.00210634,-0.869778,0.0042311,0.042339,10.049,10.0066
266,-6.1597e-11,-6.61092e-09,3.90392e-12,0.139648,0.727775,-0.655116,-0.001197,0.00260837,-0.000283748,0.00354689,-0.00213552,-0.915568,0.00427277,0.042756,10.0494,10.0066
267,-6.1597e-11,-6.61092e-09,3.90392e-12,0.140437,0.732207,-0.656187,-0.00117346,0.00263591,-0.000326579,0.00357358,-0.00211113,-0.972822,0.00426789,0.0427072,10.0493,10.0066
268,-6.1597e-11,-6.61092e-09,3.90392e-12,0.139847,0.736526,-0.650043,-0.00120342,0.0026627,-0.000366605,0.00360237,-0.0021431,-0.944837,0.00430503,0.0430788,10.0497,10.0066
269,-6.1597e-11,-6.61092e-09,3.90392e-12,0.141573,0.738975,-0.656258,-0.00119951,0.00263777,-0.000284599,0.00359441,-0.00215614,-0.869083,0.00433323,0.0433609,10.05,10.0066
270,-6.1597e-11,-6.61092e-09,3.90392e-12,0.141074,0.739936,-0.658923,-0.00119949,0.00269864,-0.000330493,0.00362639,-0.00212724,-0.904185,0.00433079,0.0433366,10.05,10.0066
271,-6.1597e-11,-6.61092e-09,3.90392e-12,0.141154,0.743125,-0.658889,-0.00120002,0.00267829,-0.000368363,0.00364064,-0.00216237,-0.971797,0.00435888,0.0436176,10.0502,10.0066
272,-6.1597e-11,-6.61092e-09,3.90392e-12,0.142108,0.746952,-0.648344,-0.00123693,0.00272214,-0.000266957,0.00366585,-0.00218064,-0.816216,0.00440347,0.0440639,10.0507,10.0066
273,-6.1597e-11,-6.61092e-09,3.90392e-12,0.142054,0.747669,-0.653421,-0.00128856,0.00273237,-0.000317088,0.00367049,-0.00222668,-0.871269,0.00440766,0.0441058,10.0507,10.0066
274,-6.1597e-11,-6.61092e-09,3.90392e-12,0.143385,0.750494,-0.654212,-0.00120973,0.00276172,-0.000322091,0.003707,-0.00215501,-0.931998,0.00446593,0.0446889,10.0513,10.0066
275,-6.1597e-11,-6.61092e-09,3.90392e-12,0.145768,0.749847,-0.653234,-0.00124793,0.00274718,-0.000324515,0.00371106,-0.00221181,-0.844106,0.00445389,0.0445684,10.0512,10.0066
276,-6.1597e-11,-6.61092e-09,3.90392e-12,0.14442,0.75429,-0.657381,-0.00120403,0.00274836,-0.00035025,0.00373933,-0.002195,-0.924774,0.00447667,0.0447964,10.0514,10.0066
277,-6.1597e-11,-6.61092e-09,3.90392e-12,0.144696,0.755247,-0.659496,-0.00124478,0.0027918,-0.000317553,0.00377138,-0.00222437,-0.905133,0.00451754,0.0452053,10.0518,10.0066
278,-6.1597e-11,-6.61092e-09,3.90392e-12,0.146872,0.756892,-0.661615,-0.00125354,0.00280885,-0.000372122,0.00378982,-0.00223451,-0.945012,0.00454234,0.0454535,10.0521,10.0066
279,-6.1597e-11,-6.61092e-09,3.90392e-12,0.146094,0.758194,-0.66105,-0.00123781,0.00288764,-0.000362284,0.0038125,-0.00216266,-0.96478,0.00457221,0.0457523,10.0524,10.0066
280,-6.1597e-11,-6.61092e-09,3.90392e-12,0.147695,0.758495,-0.665768,-0.00125712,0.00289176,-0.000294616,0.00383884,-0.0022042,-0.853608,0.00460582,0.0460887,10.0527,10.0066
281,-6.1597e-11,-6.61092e-09,3.90392e-12,0.148134,0.765428,-0.663172,-0.0012558,0.00293605,-0.000339624,0.0038748,-0.00219455,-0.908004,0.00463904,0.0464211,10.053,10.0066
282,-6.1597e-11,-6.61092e-09,3.90392e-12,0.147764,0.766528,-0.66488,-0.00124048,0.00291963,-0.000382105,0.0038855,-0.00220635,-0.949315,0.00463191,0.0463498,10.053,10.0066
283,-6.1597e-11,-6.61092e-09,3.90392e-12,0.148064,0.769583,-0.662598,-0.0012829,0.00295851,-0.0003611,0.00389584,-0.00222023,-0.953142,0.00467116,0.0467425,10.0534,10.0066
284,-6.1597e-11,-6.61092e-09,3.90392e-12,0.147335,0.772419,-0.660402,-0.00127681,0.00299285,-0.000359302,0.00392167,-0.00220563,-0.927654,0.00469467,0.0469778,10.0536,10.0066
285,-6.1597e-11,-6.61092e-09,3.90392e-12,0.150323,0.772743,-0.663678,-0.00130208,0.00296676,-0.000363256,0.00393937,-0.00227469,-0.941327,0.00472751,0.0473063,10.0539,10.0066
286,-6.1597e-11,-6.61092e-09,3.90392e-12,0.150917,0.77626,-0.662575,-0.00132283,0.00301475,-0.00034351,0.0039573,-0.00226538,-0.897405,0.00475564,0.0475879,10.0542,10.0066
287,-6.1597e-11,-6.61092e-09,3.90392e-12,0.149381,0.779879,-0.667355,-0.00127076,0.00303385,-0.000355553,0.00401519,-0.0022521,-0.887875,0.00480151,0.0480469,10.0547,10.0066
288,-6.1597e-11,-6.61092e-09,3.90392e-12,0.149251,0.781073,-0.668904,-0.00131877,0.00307366,-0.000374184,0.00401674,-0.00226185,-0.919228,0.00482278,0.0482597,10.0549,10.0066
289,-6.1597e-11,-6.61092e-09,3.90392e-12,0.149353,0.783985,-0.671336,-0.00127808,0.00312022,-0.000428009,0.00408721,-0.00224507,-0.957266,0.00487009,0.0487331,10.0554,10.0066
290,-6.1597e-11,-6.61092e-09,3.90392e-12,0.150281,0.786552,-0.654512,-0.00132929,0.00309589,-0.000369211,0.00405958,-0.00229298,-0.935778,0.00484619,0.048494,10.0551,10.0066
291,-6.1597e-11,-6.61092e-09,3.90392e-12,0.151501,0.786333,-0.666543,-0.00132939,0.00317026,-0.000353445,0.00408033,-0.00223946,-0.937566,0.00488384,0.0488707,10.0555,10.0066
292,-6.1597e-11,-6.61092e-09,3.90392e-12,0.153261,0.787434,-0.665647,-0.00133459,0.00315557,-0.000332442,0.00411255,-0.00229157,-0.88537,0.00492217,0.0492543,10.0559,10.0066
293,-6.1597e-11,-6.61092e-09,3.90392e-12,0.15349,0.791137,-0.663413,-0.00137036,0.00318096,-0.000335194,0.00411478,-0.00230419,-0.853143,0.00493264,0.049359,10.056,10.0066
294,-6.1597e-11,-6.61092e-09,3.90392e-12,0.153589,0.794127,-0.660465,-0.0013729,0.00321753,-0.000362479,0.00415334,-0.00230872,-0.900727,0.00495791,0.0496119,10.0562,10.0066
295,-6.1597e-11,-6.61092e-09,3.90392e-12,0.15506,0.795183,-0.660265,-0.00136884,0.0032068,-0.000348214,0.00415213,-0.00231417,-0.892714,0.0049535,0.0495678,10.0562,10.0066
296,-6.1597e-11,-6.61092e-09,3.90392e-12,0.155012,0.799431,-0.661373,-0.00136997,0.00323868,-0.000387274,0.00416621,-0.00229751,-0.899682,0.00501239,0.0501571,10.0568,10.0066
297,-6.1597e-11,-6.61092e-09,3.90392e-12,0.156624,0.798516,-0.664399,-0.00136665,0.00323693,-0.000375627,0.00421003,-0.00233975,-0.856104,0.00502666,0.0502998,10.0569,10.0066
298,-6.1597e-11,-6.61092e-09,3.90392e-12,0.155509,0.80382,-0.658857,-0.00137857,0.00327985,-0.000317269,0.00421805,-0.00231676,-0.839739,0.00504629,0.0504963,10.0571,10.0066
299,-6.1597e-11,-6.61092e-09,3.90392e-12,0.157387,0.803663,-0.662528,-0.00137939,0.00331609,-0.000360146,0.00425001,-0.00231331,-0.916117,0.0050704,0.0507375,10.0574,10.0066
300,-6.1597e-11,-6.61092e-09,3.90392e-12,0.157246,0.809285,-0.663043,-0.00137745,0.00330862,-0.000371233,0.00426625,-0.00233508,-0.892225,0.00510269,0.0510607,10.0577,10.0066
301,-6.1597e-11,-6.61092e-09,3.90392e-12,0.157688,0.812749,-0.664856,-0.00137551,0.00335704,-0.000324121,0.0042893,-0.00230778,-0.805057,0.00514432,0.0514773,10.0581,10.0066
302,-6.1597e-11,-6.61092e-09,3.90392e-12,0.158896,0.810115,-0.659828,-0.00136743,0.00336033,-0.000363089,0.00429002,-0.00229712,-0.874929,0.00514871,0.0515212,10.0581,10.0066
303,-6.1597e-11,-6.61092e-09,3.90392e-12,0.159423,0.817187,-0.661262,-0.00143385,0.00330109,-0.00038694,0.00427313,-0.00240589,-0.953322,0.00513595,0.0513935,10.058,10.0066
304,-6.1597e-11,-6.61092e-09,3.90392e-12,0.158016,0.820076,-0.662704,-0.00138871,0.00336908,-0.000388599,0.00433012,-0.00234974,-0.891636,0.00517276,0.0517618,10.0584,10.0066
305,-6.1597e-11,-6.61092e-09,3.90392e-12,0.1574,0.821367,-0.659397,-0.00143379,0.00339333,-0.000404054,0.00433227,-0.00237273,-0.952077,0.00517964,0.0518307,10.0584,10.0066
306,-6.1597e-11,-6.61092e-09,3.90392e-12,0.161239,0.823212,-0.670336,-0.00143676,0.0033802,-0.000446884,0.0043621,-0.00241866,-0.939581,0.0052049,0.0520835,10.0587,10.0066
307,-6.1597e-11,-6.61092e-09,3.90392e-12,0.158666,0.831555,-0.664354,-0.00143227,0.00345466,-0.000364405,0.00438522,-0.00236283,-0.845315,0.0052061,0.0520954,10.0587,10.0066
308,-6.1597e-11,-6.61092e-09,3.90392e-12,0.159294,0.831144,-0.657686,-0.00143257,0.00343649,-0.000400433,0.00439551,-0.00239159,-0.912375,0.00524245,0.0524592,10.0591,10.0066
309,-6.1597e-11,-6.61092e-09,3.90392e-12,0.1607,0.832866,-0.659051,-0.00142925,0.00346703,-0.000399062,0.00441033,-0.00237256,-0.885807,0.00526219,0.0526567,10.0593,10.0066
310,-6.1597e-11,-6.61092e-09,3.90392e-12,0.159828,0.83774,-0.659299,-0.0014832,0.00349121,-0.000374375,0.00443709,-0.00242907,-0.886256,0.00529631,0.0529982,10.0596,10.0066
311,-6.1597e-11,-6.61092e-09,3.90392e-12,0.160172,0.838744,-0.660736,-0.00146523,0.00352881,-0.000351729,0.00446196,-0.00239838,-0.851887,0.00531447,0.0531798,10.0598,10.0066
312,-6.1597e-11,-6.61092e-09,3.90392e-12,0.161216,0.840902,-0.663858,-0.00145963,0.00353437,-0.000378568,0.00449521,-0.00242047,-0.86232,0.0053634,0.0536695,10.0603,10.0066
313,-6.1597e-11,-6.61092e-09,3.90392e-12,0.163013,0.8421,-0.660327,-0.00149473,0.00358444,-0.000394463,0.00451305,-0.00242333,-0.951053,0.00537731,0.0538087,10.0604,10.0066
314,-6.1597e-11,-6.61092e-09,3.90392e-12,0.163008,0.847109,-0.655712,-0.00148829,0.00363112,-0.000367244,0.0045548,-0.00241198,-0.903688,0.00544292,0.0544652,10.0611,10.0066
315,-6.1597e-11,-6.61092e-09,3.90392e-12,0.164259,0.849057,-0.655737,-0.00144878,0.00359348,-0.000358605,0.00454716,-0.00240246,-0.831365,0.00540875,0.0541232,10.0607,10.0066
316,-6.1597e-11,-6.61092e-09,3.90392e-12,0.16378,0.850178,-0.661992,-0.00148676,0.00361991,-0.000390351,0.00454609,-0.00241294,-0.933219,0.00544142,0.0544503,10.0611,10.0066
317,-6.1597e-11,-6.61092e-09,3.90392e-12,0.165766,0.853974,-0.658999,-0.00149456,0.00363278,-0.000379748,0.00460431,-0.0024661,-0.874469,0.00547294,0.0547656,10.0614,10.0066
318,-6.1597e-11,-6.61092e-09,3.90392e-12,0.16582,0.857462,-0.653406,-0.00147964,0.0036614,-0.000355204,0.00461458,-0.00243282,-0.843069,0.00549547,0.0549911,10.0616,10.0066
319,-6.1597e-11,-6.61092e-09,3.90392e-12,0.166288,0.859881,-0.650545,-0.00150776,0.00361257,-0.000339725,0.00460993,-0.00250512,-0.86014,0.0055173,0.0552095,10.0618,10.0066
320,-6.1597e-11,-6.61092e-09,3.90392e-12,0.166315,0.860727,-0.654977,-0.00153071,0.00367821,-0.00039044,0.00462732,-0.00247981,-0.879235,0.00552193,0.0552558,10.0619,10.0066
321,-6.1597e-11,-6.61092e-09,3.90392e-12,0.167877,0.862584,-0.655068,-0.00151075,0.0037016,-0.000372612,0.00465147,-0.00246062,-0.91659,0.00555663,0.055603,10.0622,10.0066
322,-6.1597e-11,-6.61092e-09,3.90392e-12,0.169289,0.868261,-0.653965,-0.00153663,0.00376017,-0.00040597,0.00468156,-0.00245802,-0.924804,0.00557685,0.0558054,10.0624,10.0066
323,-6.1597e-11,-6.61092e-09,3.90392e-12,0.169547,0.86837,-0.653027,-0.00151766,0.00375412,-0.000402585,0.00469527,-0.00245881,-0.906554,0.00557891,0.055826,10.0624,10.0066
324,-6.1597e-11,-6.61092e-09,3.90392e-12,0.169647,0.873326,-0.653342,-0.00152313,0.00380019,-0.000396081,0.00474897,-0.00247191,-0.945643,0.00563742,0.0564115,10.063,10.0066
325,-6.1597e-11,-6.61092e-09,3.90392e-12,0.171114,0.875067,-0.655251,-0.00153484,0.00382057,-0.000421328,0.00474459,-0.00245886,-0.919398,0.00564673,0.0565046,10.0631,10.0066
326,-6.1597e-11,-6.61092e-09,3.90392e-12,0.171537,0.879555,-0.65577,-0.00160563,0.00388563,-0.000383571,0.00477299,-0.00249298,-0.893615,0.00567666,0.0568042,10.0634,10.0066
327,-6.1597e-11,-6.61092e-09,3.90392e-12,0.17223,0.881477,-0.653249,-0.00159147,0.00382979,-0.000288976,0.00475091,-0.0025126,-0.773014,0.00568781,0.0569157,10.0635,10.0066
328,-6.1597e-11,-6.61092e-09,3.90392e-12,0.171782,0.885604,-0.653954,-0.00157331,0.00387781,-0.0003578,0.00480344,-0.00249894,-0.903799,0.00572919,0.0573298,10.0639,10.0066
329,-6.1597e-11,-6.61092e-09,3.90392e-12,0.172733,0.884928,-0.655556,-0.00156477,0.00386617,-0.000391217,0.00480731,-0.00250591,-0.895114,0.00575236,0.0575617,10.0642,10.0066
330,-6.1597e-11,-6.61092e-09,3.90392e-12,0.172186,0.889829,-0.65875,-0.00157604,0.00387754,-0.000407757,0.00484321,-0.0025417,-0.90216,0.00577373,0.0577755,10.0644,10.0066
331,-6.1597e-11,-6.61092e-09,3.90392e-12,0.172472,0.893018,-0.655625,-0.00160152,0.00386786,-0.000376291,0.00484148,-0.00257514,-0.867972,0.00578665,0.0579048,10.0645,10.0066
332,-6.1597e-11,-6.61092e-09,3.90392e-12,0.172863,0.895665,-0.658146,-0.00158474,0.00394766,-0.000390849,0.0048758,-0.00251288,-0.808637,0.00580215,0.0580599,10.0647,10.0066
333,-6.1597e-11,-6.61092e-09,3.90392e-12,0.174289,0.898154,-0.656754,-0.00160702,0.00398512,-0.000412789,0.00488603,-0.00250794,-0.875067,0.00582112,0.0582498,10.0649,10.0066
334,-6.1597e-11,-6.61092e-09,3.90392e-12,0.175141,0.902104,-0.656694,-0.0016257,0.00400382,-0.000423864,0.0049169,-0.00253878,-0.833946,0.0058423,0.0584617,10.0651,10.0066
335,0.000167382,-0.00595002,-6.28367e-07,0.17623,0.90292,-0.657955,-0.00157505,0.00403628,-0.000391524,0.00494529,-0.00248406,-0.833696,0.0058765,0.0588039,10.0654,10.0066
336,-6.1597e-11,-6.61092e-09,3.90392e-12,0.175747,0.90674,-0.657531,-0.00162226,0.00408256,-0.000431419,0.00497418,-0.00251388,-0.854053,0.00589982,0.0590372,10.0657,10.0066
337,-6.1597e-11,-6.61092e-09,3.90392e-12,0.176652,0.909843,-0.658506,-0.00162392,0.00402607,-0.000395746,0.00498157,-0.00257942,-0.919834,0.00591582,0.0591973,10.0658,10.0066
338,-6.1597e-11,-6.61092e-09,3.90392e-12,0.176778,0.910613,-0.655463,-0.00161769,0.00407657,-0.000419916,0.00499469,-0.00253581,-0.922495,0.00595644,0.0596038,10.0662,10.0066
339,-6.1597e-11,-6.61092e-09,3.90392e-12,0.175964,0.917917,-0.655821,-0.00164338,0.0040747,-0.000367836,0.00500632,-0.002575,-0.820355,0.00597224,0.0597619,10.0664,10.0066
340,-6.1597e-11,-6.61092e-09,3.90392e-12,0.179729,0.916729,-0.655783,-0.00161501,0.00407247,-0.000435289,0.00502777,-0.00257031,-0.869001,0.0059907,0.0599466,10.0666,10.0066
341,-6.1597e-11,-6.61092e-09,3.90392e-12,0.179359,0.920879,-0.654801,-0.00163388,0.00408658,-0.000432609,0.00504965,-0.00259695,-0.933402,0.00602078,0.0602476,10.0669,10.0066
342,-6.1597e-11,-6.61092e-09,3.90392e-12,0.181132,0.92369,-0.655955,-0.00164981,0.00412552,-0.000411781,0.00507535,-0.00259964,-0.862974,0.00605409,0.060581,10.0672,10.0066
343,-6.1597e-11,-6.61092e-09,3.90392e-12,0.181246,0.924573,-0.65466,-0.00166281,0.00416624,-0.000414557,0.00508146,-0.00257803,-0.836238,0.0060561,0.0606011,10.0672,10.0066
344,-6.1597e-11,-6.61092e-09,3.90392e-12,0.180048,0.930662,-0.651638,-0.00165091,0.00413757,-0.000384485,0.00509252,-0.00260586,-0.855721,0.00608436,0.0608838,10.0675,10.0066
345,-6.1597e-11,-6.61092e-09,3.90392e-12,0.1812,0.933384,-0.654363,-0.00165885,0.00416802,-0.000432291,0.0051247,-0.00261552,-0.875498,0.00609351,0.0609755,10.0676,10.0066
346,-6.1597e-11,-6.61092e-09,3.90392e-12,0.18367,0.933375,-0.657032,-0.00166618,0.00423818,-0.000400777,0.00514211,-0.00257011,-0.79831,0.00611938,0.0612343,10.0679,10.0066
347,0.000167382,-0.00595002,-6.28367e-07,0.183417,0.939063,-0.657453,-0.00163985,0.0042197,-0.00046522,0.00518032,-0.00260046,-0.93717,0.00614053,0.0614459,10.0681,10.0066
348,-6.1597e-11,-6.61092e-09,3.90392e-12,0.182098,0.93958,-0.659464,-0.00169688,0.00429837,-0.00039909,0.00518189,-0.0025804,-0.87607,0.0061869,0.06191,10.0685,10.0066
349,-6.1597e-11,-6.61092e-09,3.90392e-12,0.18361,0.943036,-0.655481,-0.00170198,0.00430112,-0.000399712,0.00522011,-0.00262097,-0.823705,0.00621762,0.0622174,10.0688,10.0066
350,-6.1597e-11,-6.61092e-09,3.90392e-12,0.185143,0.94591,-0.657269,-0.00169241,0.0042996,-0.00042099,0.00523123,-0.00262404,-0.850707,0.00622475,0.0622887,10.0689,10.0066
351,-6.1597e-11,-6.61092e-09,3.90392e-12,0.185233,0.949526,-0.657676,-0.0017196,0.00436758,-0.000416897,0.00526204,-0.00261406,-0.858201,0.00626386,0.0626801,10.0693,10.0066
352,-6.1597e-11,-6.61092e-09,3.90392e-12,0.181989,0.951871,-0.651342,-0.001702,0.00436022,-0.000428248,0.00526837,-0.00261015,-0.916822,0.00626484,0.0626899,10.0693,10.0066
353,-6.1597e-11,-6.61092e-09,3.90392e-12,0.185604,0.954486,-0.662961,-0.0016688,0.00434656,-0.000395763,0.00530144,-0.00262369,-0.874958,0.0063025,0.0630667,10.0697,10.0066
354,-6.1597e-11,-6.61092e-09,3.90392e-12,0.182258,0.960284,-0.647992,-0.00172518,0.00441654,-0.000424334,0.00530583,-0.00261447,-0.9061,0.00631427,0.0631845,10.0698,10.0066
355,-6.1597e-11,-6.61092e-09,3.90392e-12,0.184173,0.961823,-0.651826,-0.00170379,0.00438271,-0.000411569,0.00532259,-0.00264367,-0.889955,0.00634804,0.0635224,10.0701,10.0066
356,-6.1597e-11,-6.61092e-09,3.90392e-12,0.185011,0.96274,-0.650121,-0.00169429,0.00447971,-0.00043561,0.00535282,-0.0025674,-0.88569,0.00636998,0.063742,10.0704,10.0066
357,0.000497658,-0.0119044,1.35696e-07,0.187386,0.965558,-0.64974,-0.0017686,0.00445557,-0.000419105,0.00537273,-0.00268576,-0.815336,0.0063962,0.0640043,10.0706,10.0066
358,0.00032996,-0.00594684,7.6398e-07,0.189593,0.968274,-0.653916,-0.00173785,0.00451763,-0.00042395,0.00541035,-0.00263057,-0.830104,0.00640748,0.0641172,10.0707,10.0066
359,-6.1597e-11,-6.61092e-09,3.90392e-12,0.188659,0.971962,-0.654128,-0.0017522,0.0045242,-0.000367094,0.00541274,-0.00264074,-0.844753,0.00644132,0.0644558,10.0711,10.0066
360,-6.1597e-11,-6.61092e-09,3.90392e-12,0.189993,0.973317,-0.653258,-0.0017762,0.00452159,-0.000415387,0.00542749,-0.0026821,-0.84932,0.00644036,0.0644463,10.0711,10.0066
361,-6.1597e-11,-6.61092e-09,3.90392e-12,0.189254,0.976759,-0.650551,-0.00177044,0.00454917,-0.000382569,0.00544649,-0.00266776,-0.867563,0.00645284,0.0645711,10.0712,10.0066
362,-6.1597e-11,-6.61092e-09,3.90392e-12,0.188014,0.98041,-0.644363,-0.00174677,0.00461217,-0.000471452,0.0054944,-0.002629,-0.922427,0.00651569,0.0652,10.0718,10.0066
363,-6.1597e-11,-6.61092e-09,3.90392e-12,0.188867,0.983664,-0.643082,-0.00176623,0.00458346,-0.000423703,0.00549564,-0.00267841,-0.880939,0.00653112,0.0653544,10.072,10.0066
364,-6.1597e-11,-6.61092e-09,3.90392e-12,0.192237,0.984725,-0.64766,-0.00179183,0.00460859,-0.000418666,0.0055162,-0.00269944,-0.860258,0.00652642,0.0653074,10.0719,10.0066
365,-6.1597e-11,-6.61092e-09,3.90392e-12,0.193259,0.987282,-0.650536,-0.00179059,0.00457687,-0.000423054,0.00551642,-0.00273014,-0.920095,0.00653643,0.0654076,10.072,10.0066
366,-6.1597e-11,-6.61092e-09,3.90392e-12,0.194328,0.994322,-0.648347,-0.00180348,0.00464467,-0.000391336,0.00552605,-0.00268486,-0.845998,0.00656978,0.0657413,10.0724,10.0066
367,-6.1597e-11,-6.61092e-09,3.90392e-12,0.193627,0.993446,-0.648394,-0.00177134,0.00469194,-0.000380212,0.00558646,-0.00266585,-0.822551,0.00663267,0.0663706,10.073,10.0066
368,-6.1597e-11,-6.61092e-09,3.90392e-12,0.194558,0.995214,-0.651238,-0.00180941,0.00467668,-0.000373479,0.00559518,-0.00272791,-0.830777,0.00663578,0.0664017,10.073,10.0066
369,-6.1597e-11,-6.61092e-09,3.90392e-12,0.194849,0.999328,-0.652136,-0.00180269,0.00472224,-0.000395599,0.00562461,-0.00270507,-0.818189,0.00666945,0.0667386,10.0734,10.0066
370,0.000497658,-0.0119044,1.35696e-07,0.1964,1.00075,-0.651981,-0.00177202,0.00472063,-0.000406684,0.00564368,-0.00269508,-0.811425,0.00666765,0.0667206,10.0733,10.0066
371,-6.1597e-11,-6.61092e-09,3.90392e-12,0.196211,1.00355,-0.652023,-0.00182216,0.00479194,-0.000410214,0.00565194,-0.00268217,-0.817785,0.00670537,0.067098,10.0737,10.0066
372,-6.1597e-11,-6.61092e-09,3.90392e-12,0.196192,1.0078,-0.652854,-0.00180986,0.00480804,-0.000377051,0.00568564,-0.00268745,-0.819471,0.00676027,0.0676474,10.0743,10.0066
373,-6.1597e-11,-6.61092e-09,3.90392e-12,0.196499,1.01156,-0.653454,-0.00186322,0.00478683,-0.000425049,0.00569399,-0.00277038,-0.905421,0.00675846,0.0676293,10.0742,10.0066
374,-6.1597e-11,-6.61092e-09,3.90392e-12,0.196605,1.01279,-0.651599,-0.00186107,0.00481503,-0.000412353,0.00570289,-0.00274893,-0.869731,0.00675553,0.0676,10.0742,10.0066
375,-6.1597e-11,-6.61092e-09,3.90392e-12,0.196817,1.01587,-0.650194,-0.00184948,0.00484243,-0.000389679,0.00574978,-0.00275683,-0.910463,0.00679943,0.0680393,10.0747,10.0066
376,0.000167382,-0.00595002,-6.28367e-07,0.195736,1.01792,-0.655899,-0.00183032,0.00483507,-0.000399835,0.00576739,-0.00276264,-0.859715,0.00681988,0.068244,10.0749,10.0066
377,-0.000482062,-0.00596239,-1.51999e-06,0.197301,1.01996,-0.659557,-0.00180826,0.00491888,-0.000388101,0.00581601,-0.00270539,-0.835748,0.00691017,0.0691475,10.0758,10.0066
378,-6.1597e-11,-6.61092e-09,3.90392e-12,0.197056,1.02465,-0.655661,-0.00182263,0.00488956,-0.00043291,0.00580607,-0.00273915,-0.899945,0.00686059,0.0686513,10.0753,10.0066
379,-6.1597e-11,-6.61092e-09,3.90392e-12,0.197763,1.02708,-0.654176,-0.0018644,0.00497851,-0.000382601,0.00582712,-0.00271302,-0.813399,0.00689525,0.0689982,10.0756,10.0066
380,-6.1597e-11,-6.61092e-09,3.90392e-12,0.196946,1.02841,-0.654523,-0.00196914,0.00494304,-0.000331659,0.00581631,-0.00284241,-0.769144,0.00691169,0.0691626,10.0758,10.0066
381,0.000167382,-0.00595002,-6.28367e-07,0.196463,1.0323,-0.665969,-0.00187118,0.00495863,-0.000447256,0.00586793,-0.00278047,-0.905349,0.00695955,0.0696416,10.0763,10.0066
382,-6.1597e-11,-6.61092e-09,3.90392e-12,0.198486,1.0344,-0.652624,-0.00186253,0.0050469,-0.000409679,0.00588874,-0.00270437,-0.829691,0.00697022,0.0697483,10.0764,10.0066
383,-6.1597e-11,-6.61092e-09,3.90392e-12,0.197587,1.03796,-0.654781,-0.00189051,0.00502035,-0.00037277,0.00589413,-0.00276428,-0.780674,0.00698915,0.0699377,10.0766,10.0066
384,-6.1597e-11,-6.61092e-09,3.90392e-12,0.198384,1.0411,-0.653301,-0.0018821,0.00502671,-0.000392279,0.00591674,-0.00277213,-0.811961,0.00702848,0.0703313,10.0769,10.0066
385,-6.1597e-11,-6.61092e-09,3.90392e-12,0.198397,1.04147,-0.655331,-0.00189646,0.00510191,-0.000428115,0.00595504,-0.0027496,-0.886564,0.00708223,0.0708692,10.0775,10.0066
386,-6.1597e-11,-6.61092e-09,3.90392e-12,0.199979,1.04429,-0.653774,-0.00190177,0.00506973,-0.000391665,0.00598126,-0.0028133,-0.841489,0.0070822,0.0708689,10.0775,10.0066
387,0.00032996,-0.00594684,7.6398e-07,0.198744,1.04859,-0.653941,-0.00195299,0.00509609,-0.000393229,0.00597275,-0.00282965,-0.852917,0.00708425,0.0708894,10.0775,10.0066
388,-6.1597e-11,-6.61092e-09,3.90392e-12,0.199989,1.04888,-0.654664,-0.00194869,0.00513334,-0.000416164,0.00601135,-0.0028267,-0.880057,0.00710873,0.0711344,10.0778,10.0066
389,-6.1597e-11,-6.61092e-09,3.90392e-12,0.199368,1.0526,-0.652172,-0.00192695,0.00521611,-0.000442322,0.00605032,-0.00276117,-0.867471,0.00717483,0.0717957,10.0784,10.0066
390,-6.1597e-11,-6.61092e-09,3.90392e-12,0.200666,1.05455,-0.654875,-0.00191525,0.00520983,-0.00044127,0.00608999,-0.00279541,-0.88069,0.00720318,0.0720795,10.0787,10.0066
391,-6.1597e-11,-6.61092e-09,3.90392e-12,0.200918,1.0601,-0.657801,-0.00196643,0.00519738,-0.000380012,0.00607155,-0.0028406,-0.86936,0.0072281,0.0723289,10.0789,10.0066
392,-6.1597e-11,-6.61092e-09,3.90392e-12,0.199329,1.061,-0.655255,-0.00194125,0.00523978,-0.000391713,0.00608962,-0.00279109,-0.825451,0.00721652,0.0722129,10.0788,10.0066
393,-6.1597e-11,-6.61092e-09,3.90392e-12,0.198869,1.06519,-0.656892,-0.00194439,0.00524017,-0.000422546,0.00611721,-0.00282143,-0.846152,0.00726554,0.0727035,10.0793,10.0066
394,-6.1597e-11,-6.61092e-09,3.90392e-12,0.198001,1.06747,-0.654777,-0.00193388,0.00525446,-0.000425615,0.00613574,-0.00281516,-0.894899,0.00726063,0.0726544,10.0793,10.0066
395,-6.1597e-11,-6.61092e-09,3.90392e-12,0.198769,1.06971,-0.654332,-0.00195604,0.0053335,-0.000370967,0.0061715,-0.00279405,-0.787206,0.00731002,0.0731485,10.0798,10.0066
396,-6.1597e-11,-6.61092e-09,3.90392e-12,0.200777,1.07191,-0.652534,-0.00195854,0.00533508,-0.000396503,0.00620325,-0.00282671,-0.84165,0.00732639,0.0733123,10.0799,10.0066
397,-6.1597e-11,-6.61092e-09,3.90392e-12,0.201606,1.07346,-0.652434,-0.00198917,0.00534567,-0.000429715,0.00618949,-0.002833,-0.88306,0.00732277,0.0732762,10.0799,10.0066
398,-6.1597e-11,-6.61092e-09,3.90392e-12,0.200887,1.07832,-0.652692,-0.00195937,0.00536081,-0.000406089,0.00622694,-0.00282551,-0.850763,0.0073796,0.0738449,10.0805,10.0066
399,-6.1597e-11,-6.61092e-09,3.90392e-12,0.200113,1.08423,-0.649913,-0.00200997,0.00536051,-0.000491593,0.0062262,-0.00287567,-0.906458,0.007364,0.0736888,10.0803,10.0066
400,-6.1597e-11,-6.61092e-09,3.90392e-12,0.198058,1.08027,-0.65251,-0.00198302,0.00539845,-0.000375077,0.00626429,-0.00284886,-0.812066,0.00739624,0.0740114,10.0806,10.0066
401,-6.1597e-11,-6.61092e-09,3.90392e-12,0.200477,1.08386,-0.650879,-0.00197529,0.00544071,-0.000416576,0.00628975,-0.00282433,-0.899935,0.0074458,0.0745073,10.0811,10.0066
402,-6.1597e-11,-6.61092e-09,3.90392e-12,0.201058,1.09018,-0.65247,-0.00199884,0.00545115,-0.000451942,0.00630432,-0.00285201,-0.89459,0.00744564,0.0745057,10.0811,10.0066
403,-6.1597e-11,-6.61092e-09,3.90392e-12,0.201134,1.09382,-0.647802,-0.00198582,0.00545467,-0.000430134,0.00631717,-0.00284832,-0.919647,0.00746273,0.0746767,10.0813,10.0066
404,-6.1597e-11,-6.61092e-09,3.90392e-12,0.201189,1.0928,-0.654806,-0.00197851,0.00548699,-0.000465443,0.00637533,-0.00286684,-0.891583,0.00752939,0.0753437,10.082,10.0066
405,-6.1597e-11,-6.61092e-09,3.90392e-12,0.202255,1.09477,-0.654116,-0.00202187,0.00553635,-0.000401789,0.00637966,-0.00286518,-0.815071,0.00754817,0.0755317,10.0821,10.0066
406,-6.1597e-11,-6.61092e-09,3.90392e-12,0.201109,1.09742,-0.651587,-0.00204365,0.00546608,-0.000372465,0.00634791,-0.00292547,-0.84121,0.00748777,0.0749272,10.0815,10.0066
407,-6.1597e-11,-6.61092e-09,3.90392e-12,0.202266,1.10228,-0.645824,-0.00204733,0.00553851,-0.0004103,0.00639078,-0.0028996,-0.811636,0.00755056,0.0755556,10.0822,10.0066
408,-6.1597e-11,-6.61092e-09,3.90392e-12,0.208029,1.10282,-0.653429,-0.00205364,0.00559354,-0.000357919,0.00643805,-0.00289814,-0.793237,0.00762798,0.0763302,10.0829,10.0066
409,-6.1597e-11,-6.61092e-09,3.90392e-12,0.203848,1.10789,-0.652891,-0.00207417,0.00565317,-0.000447925,0.00647121,-0.0028922,-0.901437,0.00762654,0.0763159,10.0829,10.0066
410,-6.1597e-11,-6.61092e-09,3.90392e-12,0.204555,1.11276,-0.652852,-0.00204747,0.00564381,-0.000428235,0.00648682,-0.00289048,-0.846365,0.00767585,0.0768093,10.0834,10.0066
411,-6.1597e-11,-6.61092e-09,3.90392e-12,0.203237,1.11328,-0.656272,-0.00204035,0.00567903,-0.000423463,0.00652499,-0.00288632,-0.818952,0.00770538,0.0771048,10.0837,10.0066
412,-6.1597e-11,-6.61092e-09,3.90392e-12,0.200854,1.11411,-0.653971,-0.00207766,0.00571578,-0.000405053,0.00653008,-0.00289196,-0.861687,0.00771539,0.077205,10.0838,10.0066
413,-6.1597e-11,-6.61092e-09,3.90392e-12,0.204094,1.11834,-0.65326,-0.00210682,0.00572095,-0.000441651,0.0065342,-0.00292006,-0.904651,0.00772567,0.0773078,10.0839,10.0066
414,-6.1597e-11,-6.61092e-09,3.90392e-12,0.200074,1.12111,-0.647483,-0.00214876,0.00570263,-0.000421763,0.00653359,-0.00297971,-0.895855,0.00775649,0.0776162,10.0842,10.0066
415,-6.1597e-11,-6.61092e-09,3.90392e-12,0.201259,1.12665,-0.650054,-0.00208134,0.0057167,-0.00044556,0.00657713,-0.00294177,-0.864057,0.00777581,0.0778095,10.0844,10.0066
416,-6.1597e-11,-6.61092e-09,3.90392e-12,0.201919,1.12742,-0.651335,-0.00211406,0.0057334,-0.000379513,0.00655136,-0.00293203,-0.769782,0.00775864,0.0776377,10.0843,10.0066
417,-6.1597e-11,-6.61092e-09,3.90392e-12,0.201498,1.13059,-0.650856,-0.00208417,0.00580972,-0.000384407,0.00663045,-0.0029049,-0.811757,0.00783631,0.078415,10.085,10.0066
418,-6.1597e-11,-6.61092e-09,3.90392e-12,0.20254,1.13279,-0.651639,-0.00212927,0.00586972,-0.000430194,0.00668767,-0.00294722,-0.889703,0.00790836,0.079136,10.0858,10.0066
419,-6.1597e-11,-6.61092e-09,3.90392e-12,0.201605,1.13465,-0.654472,-0.00214331,0.00585305,-0.00045133,0.00666683,-0.0029571,-0.815405,0.00789133,0.0789655,10.0856,10.0066
420,-6.1597e-11,-6.61092e-09,3.90392e-12,0.202721,1.13927,-0.65175,-0.00209924,0.00584987,-0.000442493,0.00668727,-0.00293665,-0.841165,0.00791017,0.079154,10.0858,10.0066
421,-6.1597e-11,-6.61092e-09,3.90392e-12,0.20239,1.14055,-0.651375,-0.00210223,0.00591655,-0.000428086,0.00673374,-0.00291942,-0.868414,0.00794746,0.0795272,10.0861,10.0066
422,-6.1597e-11,-6.61092e-09,3.90392e-12,0.202532,1.14488,-0.651784,-0.00212672,0.00593429,-0.000405659,0.00674195,-0.00293438,-0.80362,0.00796174,0.0796701,10.0863,10.0066
423,-6.1597e-11,-6.61092e-09,3.90392e-12,0.202401,1.14588,-0.653588,-0.00214327,0.00593988,-0.00042762,0.00676569,-0.00296907,-0.902368,0.00796495,0.0797022,10.0863,10.0066
424,-6.1597e-11,-6.61092e-09,3.90392e-12,0.202219,1.1483,-0.652547,-0.00214029,0.00598025,-0.000430404,0.00679123,-0.00295126,-0.828636,0.00801725,0.0802255,10.0868,10.0066
425,-6.1597e-11,-6.61092e-09,3.90392e-12,0.20341,1.15288,-0.65219,-0.00216866,0.00595719,-0.000490768,0.00679263,-0.00300409,-0.827196,0.00801595,0.0802126,10.0868,10.0066
426,-6.1597e-11,-6.61092e-09,3.90392e-12,0.202196,1.1546,-0.651749,-0.00219641,0.00598606,-0.000448878,0.00683,-0.00304035,-0.836614,0.00804749,0.0805281,10.0871,10.0066
427,-6.1597e-11,-6.61092e-09,3.90392e-12,0.201431,1.15862,-0.653996,-0.00216907,0.0060012,-0.000438132,0.00685387,-0.00302174,-0.79111,0.0080824,0.0808775,10.0875,10.0066
428,-6.1597e-11,-6.61092e-09,3.90392e-12,0.202727,1.1614,-0.65068,-0.00218698,0.00604302,-0.000448649,0.00686603,-0.00300999,-0.865325,0.00809352,0.0809888,10.0876,10.0066
429,-6.1597e-11,-6.61092e-09,3.90392e-12,0.201723,1.16417,-0.652353,-0.00217785,0.00609392,-0.000459356,0.00688901,-0.00297294,-0.884131,0.00812831,0.0813369,10.088,10.0066
430,-6.1597e-11,-6.61092e-09,3.90392e-12,0.202486,1.16646,-0.650355,-0.0022357,0.00608972,-0.000444938,0.00690672,-0.0030527,-0.82665,0.00817128,0.0817669,10.0884,10.0066
431,-6.1597e-11,-6.61092e-09,3.90392e-12,0.204052,1.16936,-0.649278,-0.00223824,0.00611759,-0.000436541,0.00691839,-0.00303904,-0.814422,0.00814976,0.0815515,10.0882,10.0066
432,-6.1597e-11,-6.61092e-09,3.90392e-12,0.203469,1.17307,-0.650426,-0.00223683,0.0061157,-0.000444902,0.0069412,-0.00306233,-0.840847,0.00817736,0.0818278,10.0884,10.0066
433,-6.1597e-11,-6.61092e-09,3.90392e-12,0.204178,1.17524,-0.651739,-0.00221487,0.00618875,-0.000404472,0.00698832,-0.00301444,-0.812824,0.00825043,0.0825589,10.0892,10.0066
434,-6.1597e-11,-6.61092e-09,3.90392e-12,0.203617,1.17956,-0.649721,-0.00220466,0.00623495,-0.000411279,0.00701543,-0.00298513,-0.817252,0.00825696,0.0826243,10.0892,10.0066
435,-6.1597e-11,-6.61092e-09,3.90392e-12,0.203196,1.17943,-0.65108,-0.00225899,0.00621806,-0.000412735,0.00702186,-0.00306279,-0.809698,0.00827469,0.0828017,10.0894,10.0066
436,-6.1597e-11,-6.61092e-09,3.90392e-12,0.204749,1.18355,-0.650593,-0.00226541,0.0062563,-0.000451126,0.00705765,-0.00306676,-0.865569,0.00831894,0.0832445,10.0899,10.0066
437,-6.1597e-11,-6.61092e-09,3.90392e-12,0.20345,1.18827,-0.650857,-0.00222975,0.00628861,-0.000433826,0.00708516,-0.0030263,-0.836916,0.00833071,0.0833623,10.09,10.0066
438,-6.1597e-11,-6.61092e-09,3.90392e-12,0.202834,1.19124,-0.652783,-0.00225883,0.00629877,-0.000417832,0.00709598,-0.00305604,-0.807128,0.00834183,0.0834735,10.0901,10.0066
439,-6.1597e-11,-6.61092e-09,3.90392e-12,0.203292,1.19359,-0.6514,-0.00222048,0.00628691,-0.000453985,0.00711321,-0.00304677,-0.833232,0.00838177,0.0838731,10.0905,10.0066
440,-6.1597e-11,-6.61092e-09,3.90392e-12,0.202726,1.19636,-0.656182,-0.00226065,0.00631878,-0.000452873,0.00713698,-0.00307885,-0.885256,0.00841441,0.0841998,10.0908,10.0066
441,-6.1597e-11,-6.61092e-09,3.90392e-12,0.20362,1.20017,-0.658743,-0.00223199,0.0063833,-0.000454033,0.00719433,-0.00304301,-0.805593,0.00846225,0.0846784,10.0913,10.0066
442,-6.1597e-11,-6.61092e-09,3.90392e-12,0.206365,1.2012,-0.64174,-0.00232212,0.00634996,-0.000458956,0.00713822,-0.00311037,-0.821109,0.00840428,0.0840984,10.0907,10.0066
443,-6.1597e-11,-6.61092e-09,3.90392e-12,0.204602,1.2053,-0.654069,-0.00232579,0.00640419,-0.000469674,0.00721081,-0.00313242,-0.857645,0.00849409,0.0849971,10.0916,10.0066
444,-6.1597e-11,-6.61092e-09,3.90392e-12,0.204987,1.20937,-0.646712,-0.00226181,0.00643271,-0.000434774,0.00722019,-0.00304929,-0.813981,0.00850027,0.085059,10.0917,10.0066
445,-6.1597e-11,-6.61092e-09,3.90392e-12,0.204028,1.21032,-0.65025,-0.00227347,0.00644539,-0.0004613,0.00723396,-0.00306204,-0.838504,0.00851572,0.0852136,10.0918,10.0066
446,-6.1597e-11,-6.61092e-09,3.90392e-12,0.205218,1.21593,-0.650906,-0.00230902,0.00647121,-0.000443959,0.00726643,-0.00310424,-0.886868,0.00853173,0.0853738,10.092,10.0066
447,0.000167382,-0.00595002,-6.28367e-07,0.205145,1.21646,-0.652152,-0.00229538,0.00650222,-0.0004332,0.0072829,-0.00307606,-0.831743,0.0085772,0.0858288,10.0924,10.0066
448,-6.1597e-11,-6.61092e-09,3.90392e-12,0.206058,1.22076,-0.652426,-0.00231515,0.00650733,-0.000414836,0.00730623,-0.00311406,-0.856,0.00859565,0.0860134,10.0926,10.0066
449,-6.1597e-11,-6.61092e-09,3.90392e-12,0.205592,1.22176,-0.656696,-0.00230318,0.00654874,-0.000404256,0.00733903,-0.00309347,-0.848152,0.00864181,0.0864753,10.0931,10.0066
450,-6.1597e-11,-6.61092e-09,3.90392e-12,0.204933,1.22714,-0.664627,-0.00228208,0.00654211,-0.000432431,0.00731248,-0.00305245,-0.804593,0.00859636,0.0860205,10.0926,10.0066
451,-6.1597e-11,-6.61092e-09,3.90392e-12,0.205184,1.22993,-0.64682,-0.00234941,0.00657096,-0.000398648,0.00734308,-0.00312153,-0.80562,0.00864119,0.086469,10.0931,10.0066
452,-6.1597e-11,-6.61092e-09,3.90392e-12,0.204648,1.2347,-0.641862,-0.00232034,0.00660359,-0.000460204,0.00738638,-0.00310313,-0.872038,0.00868611,0.0869185,10.0935,10.0066
453,-6.1597e-11,-6.61092e-09,3.90392e-12,0.203676,1.23854,-0.650313,-0.00233642,0.00661209,-0.000452444,0.00740626,-0.00313059,-0.810854,0.00872301,0.0872878,10.0939,10.0066
454,-6.1597e-11,-6.61092e-09,3.90392e-12,0.20519,1.24234,-0.648501,-0.00235005,0.00669809,-0.000457179,0.00746942,-0.00312139,-0.881537,0.00877424,0.0878005,10.0944,10.0066
455,-6.1597e-11,-6.61092e-09,3.90392e-12,0.205825,1.2401,-0.648235,-0.00235181,0.00662226,-0.00043763,0.00740118,-0.00313074,-0.796592,0.00868437,0.0869012,10.0935,10.0066
456,-6.1597e-11,-6.61092e-09,3.90392e-12,0.206126,1.24803,-0.644148,-0.00237728,0.00667747,-0.000432373,0.007464,-0.00316381,-0.871305,0.00878433,0.0879014,10.0945,10.0066
457,-6.1597e-11,-6.61092e-09,3.90392e-12,0.205895,1.24939,-0.651031,-0.00234884,0.00669926,-0.000431536,0.00749742,-0.00314701,-0.805412,0.00880787,0.0881369,10.0948,10.0066
458,-6.1597e-11,-6.61092e-09,3.90392e-12,0.207184,1.25325,-0.649884,-0.00236519,0.0067963,-0.000403873,0.00753498,-0.00310387,-0.87416,0.00886641,0.0887227,10.0953,10.0066
459,-6.1597e-11,-6.61092e-09,3.90392e-12,0.208422,1.25389,-0.647988,-0.00235918,0.00672594,-0.000444801,0.00751124,-0.00314448,-0.8752,0.00881988,0.0882572,10.0949,10.0066
460,-6.1597e-11,-6.61092e-09,3.90392e-12,0.204368,1.25792,-0.649757,-0.00236006,0.0067952,-0.000433113,0.00759158,-0.00315644,-0.790837,0.00894301,0.0894893,10.0961,10.0066
461,-6.1597e-11,-6.61092e-09,3.90392e-12,0.207665,1.26155,-0.646859,-0.00239301,0.00687732,-0.000384552,0.00760517,-0.00312085,-0.797959,0.00894514,0.0895106,10.0961,10.0066
462,-6.1597e-11,-6.61092e-09,3.90392e-12,0.205543,1.26322,-0.645006,-0.00242395,0.00684106,-0.000438701,0.00761276,-0.00319565,-0.865572,0.00895888,0.089648,10.0963,10.0066
463,-6.1597e-11,-6.61092e-09,3.90392e-12,0.207049,1.26844,-0.648384,-0.00241138,0.00686237,-0.000436259,0.00763178,-0.00318079,-0.813023,0.00899419,0.0900014,10.0966,10.0066
464,-6.1597e-11,-6.61092e-09,3.90392e-12,0.205412,1.26814,-0.64711,-0.00244634,0.00690852,-0.00041667,0.00764692,-0.00318474,-0.846953,0.00899165,0.089976,10.0966,10.0066
465,-6.1597e-11,-6.61092e-09,3.90392e-12,0.2078,1.27376,-0.648816,-0.00240836,0.00691282,-0.000474125,0.00768883,-0.00318438,-0.821453,0.00902576,0.0903173,10.0969,10.0066
466,-6.1597e-11,-6.61092e-09,3.90392e-12,0.206756,1.27631,-0.647071,-0.00241082,0.00695249,-0.000454941,0.00770161,-0.00315994,-0.840236,0.0090805,0.0908651,10.0975,10.0066
467,-6.1597e-11,-6.61092e-09,3.90392e-12,0.206249,1.28016,-0.64946,-0.00243884,0.00697931,-0.000457403,0.00773031,-0.00318984,-0.861263,0.00910165,0.0910767,10.0977,10.0066
468,-6.1597e-11,-6.61092e-09,3.90392e-12,0.205864,1.27952,-0.652095,-0.00245003,0.00701488,-0.000431013,0.00776281,-0.00319796,-0.839155,0.00911374,0.0911977,10.0978,10.0066
469,-6.1597e-11,-6.61092e-09,3.90392e-12,0.204183,1.28575,-0.65456,-0.00246566,0.0070384,-0.000454424,0.00778169,-0.00320896,-0.836349,0.00916297,0.0916904,10.0983,10.0066
470,-6.1597e-11,-6.61092e-09,3.90392e-12,0.203375,1.28934,-0.649658,-0.00249453,0.00705058,-0.000418578,0.00779923,-0.00324319,-0.816737,0.00917596,0.0918203,10.0984,10.0066
471,-6.1597e-11,-6.61092e-09,3.90392e-12,0.205217,1.29269,-0.652438,-0.00247403,0.00710166,-0.000418201,0.0078371,-0.00320947,-0.841848,0.00920431,0.092104,10.0987,10.0066
472,-6.1597e-11,-6.61092e-09,3.90392e-12,0.205929,1.29395,-0.650127,-0.00245781,0.00711132,-0.000382121,0.00787822,-0.00322471,-0.864939,0.00924556,0.0925168,10.0991,10.0066
473,-6.1597e-11,-6.61092e-09,3.90392e-12,0.20583,1.29623,-0.645829,-0.00247106,0.00711418,-0.000421124,0.00787768,-0.00323456,-0.851793,0.00926483,0.0927096,10.0993,10.0066
474,-6.1597e-11,-6.61092e-09,3.90392e-12,0.207539,1.29911,-0.646304,-0.00249655,0.00718235,-0.000433108,0.00792414,-0.00323834,-0.820825,0.00929636,0.0930251,10.0996,10.0066
475,-6.1597e-11,-6.61092e-09,3.90392e-12,0.207164,1.30141,-0.651599,-0.0024961,0.0071525,-0.000440369,0.00793223,-0.00327582,-0.849961,0.00932303,0.093292,10.0999,10.0066
476,-6.1597e-11,-6.61092e-09,3.90392e-12,0.205138,1.30529,-0.653267,-0.00247366,0.00719835,-0.000401403,0.00798168,-0.00325699,-0.806948,0.00938544,0.0939165,10.1005,10.0066
477,-6.1597e-11,-6.61092e-09,3.90392e-12,0.206328,1.30659,-0.654723,-0.00246743,0.00723032,-0.000442111,0.00800155,-0.00323865,-0.849695,0.00940763,0.0941386,10.1008,10.0066
478,-6.1597e-11,-6.61092e-09,3.90392e-12,0.205162,1.31281,-0.650838,-0.00252571,0.00726416,-0.00045245,0.00800566,-0.00326722,-0.836538,0.00942385,0.0943009,10.1009,10.0066
479,-6.1597e-11,-6.61092e-09,3.90392e-12,0.206317,1.31511,-0.649162,-0.00252814,0.00731844,-0.000425556,0.00805264,-0.00326235,-0.786385,0.00947189,0.0947816,10.1014,10.0066
480,-6.1597e-11,-6.61092e-09,3.90392e-12,0.205906,1.31775,-0.646564,-0.00253499,0.00735369,-0.000461996,0.00807755,-0.00325885,-0.851991,0.00948717,0.0949345,10.1016,10.0066
481,-6.1597e-11,-6.61092e-09,3.90392e-12,0.209372,1.31822,-0.65422,-0.00251535,0.00731202,-0.000400104,0.00805613,-0.00325946,-0.817248,0.00942583,0.0943206,10.1009,10.0066
482,-6.1597e-11,-6.61092e-09,3.90392e-12,0.206643,1.32246,-0.642528,-0.00260803,0.00731959,-0.000452311,0.00809246,-0.0033809,-0.837375,0.00953847,0.0954478,10.1021,10.0066
483,-6.1597e-11,-6.61092e-09,3.90392e-12,0.206815,1.32607,-0.644498,-0.00255449,0.00740972,-0.000430298,0.00817346,-0.00331823,-0.838114,0.00959128,0.0959763,10.1026,10.0066
484,-6.1597e-11,-6.61092e-09,3.90392e-12,0.204541,1.32928,-0.646919,-0.00259635,0.00742257,-0.000451116,0.00817236,-0.00334614,-0.79492,0.00960917,0.0961553,10.1028,10.0066
485,-6.1597e-11,-6.61092e-09,3.90392e-12,0.205404,1.32877,-0.645229,-0.00258347,0.00745288,-0.000449308,0.00819164,-0.00332223,-0.833537,0.00963796,0.0964434,10.1031,10.0066
486,-6.1597e-11,-6.61092e-09,3.90392e-12,0.206027,1.33447,-0.644292,-0.00262334,0.00749734,-0.000436138,0.00825526,-0.00338126,-0.812746,0.0097692,0.0977566,10.1044,10.0066
487,-6.1597e-11,-6.61092e-09,3.90392e-12,0.2063,1.3373,-0.645603,-0.00258233,0.00753459,-0.000398684,0.00828091,-0.00332865,-0.810604,0.00972093,0.0972736,10.1039,10.0066
488,-6.1597e-11,-6.61092e-09,3.90392e-12,0.209021,1.34194,-0.646882,-0.00259296,0.00752636,-0.000461455,0.00828508,-0.00335168,-0.842069,0.00975878,0.0976523,10.1043,10.0066
489,-6.1597e-11,-6.61092e-09,3.90392e-12,0.204601,1.33709,-0.647353,-0.00259939,0.0075857,-0.000418858,0.00832515,-0.00333885,-0.83153,0.00978955,0.0979603,10.1046,10.0066
490,-6.1597e-11,-6.61092e-09,3.90392e-12,0.207125,1.34758,-0.650906,-0.00259768,0.00763465,-0.000461722,0.00837715,-0.00334018,-0.844796,0.00984345,0.0984997,10.1051,10.0066
491,-6.1597e-11,-6.61092e-09,3.90392e-12,0.204868,1.3464,-0.65009,-0.00261692,0.00768129,-0.000440497,0.00839864,-0.00333428,-0.829579,0.00989356,0.0990011,10.1056,10.0066
492,-6.1597e-11,-6.61092e-09,3.90392e-12,0.206294,1.35054,-0.647183,-0.00265584,0.00764184,-0.000439763,0.00839394,-0.00340795,-0.816189,0.00989101,0.0989756,10.1056,10.0066
493,-6.1597e-11,-6.61092e-09,3.90392e-12,0.206981,1.35411,-0.649857,-0.00265984,0.00770168,-0.000434419,0.00843558,-0.00339374,-0.834292,0.00993144,0.0993801,10.106,10.0066
494,-6.1597e-11,-6.61092e-09,3.90392e-12,0.207278,1.35688,-0.648378,-0.00265058,0.00772453,-0.000424205,0.00847402,-0.00340007,-0.832009,0.00996831,0.099749,10.1064,10.0066
495,-6.1597e-11,-6.61092e-09,3.90392e-12,0.206978,1.36021,-0.648536,-0.00266437,0.00778685,-0.000432616,0.00850916,-0.00338668,-0.817537,0.0100141,0.100207,10.1068,10.0066
496,-6.1597e-11,-6.61092e-09,3.90392e-12,0.206447,1.36142,-0.64911,-0.00265185,0.00778253,-0.000455777,0.00853545,-0.00340477,-0.833151,0.0100557,0.100623,10.1072,10.0066
497,-6.1597e-11,-6.61092e-09,3.90392e-12,0.205943,1.36688,-0.651053,-0.00269359,0.0078516,-0.000450981,0.00857982,-0.00342181,-0.822275,0.0100877,0.100944,10.1076,10.0066
498,-6.1597e-11,-6.61092e-09,3.90392e-12,0.206597,1.36728,-0.651401,-0.00267872,0.00782983,-0.000442863,0.00858226,-0.00343114,-0.807755,0.0101201,0.101268,10.1079,10.0066
499,-6.1597e-11,-6.61092e-09,3.90392e-12,0.206988,1.36948,-0.651906,-0.00269611,0.00790866,-0.000438966,0.00864759,-0.00343505,-0.835222,0.0101996,0.102064,10.1087,10.0066
500,-6.1597e-11,-6.61092e-09,3.90392e-12,0.20636,1.37455,-0.650195,-0.00272542,0.00797145,-0.000448981,0.00870274,-0.00345671,-0.849932,0.0102799,0.102867,10.1095,10.0066
501,-6.1597e-11,-6.61092e-09,3.90392e-12,0.207084,1.37389,-0.654988,-0.00268959,0.00800006,-0.000468851,0.00870414,-0.00339367,-0.842126,0.0102539,0.102607,10.1092,10.0066
502,-6.1597e-11,-6.61092e-09,3.90392e-12,0.206708,1.3804,-0.653539,-0.00276181,0.0080149,-0.000458971,0.00874285,-0.00348976,-0.828641,0.0103196,0.103264,10.1099,10.0066
503,-6.1597e-11,-6.61092e-09,3.90392e-12,0.204946,1.37997,-0.646378,-0.0027525,0.00803215,-0.000430836,0.00877385,-0.00349419,-0.770742,0.0103645,0.103713,10.1103,10.0066
504,-6.1597e-11,-6.61092e-09,3.90392e-12,0.205594,1.38675,-0.649826,-0.00275288,0.00805131,-0.000452196,0.00879574,-0.00349731,-0.826237,0.0104119,0.104188,10.1108,10.0066
505,-6.1597e-11,-6.61092e-09,3.90392e-12,0.205529,1.38721,-0.648525,-0.00277466,0.00812258,-0.000439517,0.00884391,-0.00349599,-0.844913,0.0104671,0.10474,10.1114,10.0066
506,-6.1597e-11,-6.61092e-09,3.90392e-12,0.206625,1.39123,-0.64593,-0.00278342,0.00814858,-0.000434743,0.00887889,-0.00351373,-0.858436,0.0104805,0.104874,10.1115,10.0066
507,-6.1597e-11,-6.61092e-09,3.90392e-12,0.206538,1.39217,-0.649235,-0.00279827,0.00819977,-0.000466244,0.00891456,-0.00351307,-0.837764,0.0105596,0.105666,10.1123,10.0066
508,-6.1597e-11,-6.61092e-09,3.90392e-12,0.20546,1.39392,-0.649809,-0.00282404,0.00828942,-0.000442855,0.00897236,-0.00350698,-0.844848,0.010604,0.10611,10.1127,10.0066
509,-6.1597e-11,-6.61092e-09,3.90392e-12,0.206478,1.40079,-0.644599,-0.00285338,0.00826386,-0.000416434,0.0090028,-0.00359231,-0.813998,0.0106651,0.106721,10.1133,10.0066
510,-6.1597e-11,-6.61092e-09,3.90392e-12,0.205584,1.40046,-0.645338,-0.00289682,0.0082928,-0.000395995,0.00901906,-0.00362308,-0.794626,0.0106829,0.1069,10.1135,10.0066
511,-6.1597e-11,-6.61092e-09,3.90392e-12,0.204956,1.40254,-0.646589,-0.00284067,0.00839415,-0.000355616,0.00909381,-0.00354033,-0.727484,0.0107758,0.10783,10.1144,10.0066
512,-6.1597e-11,-6.61092e-09,3.90392e-12,0.204154,1.40987,-0.650287,-0.00289535,0.00833235,-0.000417798,0.00909228,-0.00365528,-0.816242,0.0108195,0.108266,10.1149,10.0066
513,-6.1597e-11,-6.61092e-09,3.90392e-12,0.203838,1.40906,-0.646795,-0.00291307,0.00843978,-0.000366954,0.00915606,-0.00362934,-0.741889,0.0108893,0.108965,10.1156,10.0066
514,-6.1597e-11,-6.61092e-09,3.90392e-12,0.203947,1.41079,-0.648189,-0.00288358,0.00850086,-0.00041399,0.0092132,-0.00359591,-0.7933,0.0109678,0.109751,10.1164,10.0066
515,-6.1597e-11,-6.61092e-09,3.90392e-12,0.204032,1.41508,-0.652794,-0.00293897,0.0085416,-0.000384481,0.0092576,-0.00365496,-0.787263,0.0110253,0.110326,10.1169,10.0066
516,-6.1597e-11,-6.61092e-09,3.90392e-12,0.204478,1.41762,-0.654386,-0.0029218,0.00863427,-0.000445691,0.00930735,-0.00359489,-0.824327,0.0110867,0.11094,10.1176,10.0066
517,-6.1597e-11,-6.61092e-09,3.90392e-12,0.203344,1.41993,-0.650488,-0.00298651,0.00865173,-0.000438898,0.00935417,-0.00368895,-0.821634,0.0111534,0.111608,10.1182,10.0066
518,-6.1597e-11,-6.61092e-09,3.90392e-12,0.203975,1.42208,-0.648387,-0.00294872,0.0086627,-0.000393012,0.00938459,-0.0036706,-0.818525,0.0111777,0.111851,10.1185,10.0066
519,-6.1597e-11,-6.61092e-09,3.90392e-12,0.204089,1.42535,-0.647632,-0.00300056,0.00876376,-0.000441854,0.00944599,-0.00368279,-0.830803,0.0112311,0.112385,10.119,10.0066
520,-6.1597e-11,-6.61092e-09,3.90392e-12,0.201443,1.42936,-0.646243,-0.0030069,0.00879187,-0.00044935,0.00946891,-0.00368394,-0.785466,0.0112975,0.11305,10.1197,10.0066
521,-6.1597e-11,-6.61092e-09,3.90392e-12,0.201234,1.42936,-0.64627,-0.00301237,0.00881804,-0.000449175,0.00953172,-0.00372605,-0.787718,0.0113733,0.113808,10.1204,10.0066
522,-6.1597e-11,-6.61092e-09,3.90392e-12,0.201086,1.43477,-0.647829,-0.00301516,0.00882807,-0.000421118,0.0095439,-0.00373099,-0.78034,0.0114366,0.114442,10.1211,10.0066
523,-6.1597e-11,-6.61092e-09,3.90392e-12,0.20102,1.43549,-0.647512,-0.00298756,0.00898565,-0.000433408,0.00967177,-0.00367369,-0.800396,0.0115844,0.115921,10.1225,10.0066
524,-6.1597e-11,-6.61092e-09,3.90392e-12,0.199702,1.44027,-0.642954,-0.00306232,0.00902024,-0.000434497,0.00970057,-0.00374265,-0.806139,0.0116266,0.116343,10.123,10.0066
525,-6.1597e-11,-6.61092e-09,3.90392e-12,0.200504,1.43955,-0.646922,-0.00310848,0.00903997,-0.000444283,0.00975051,-0.00381902,-0.779799,0.0117146,0.117223,10.1238,10.0066
526,-6.1597e-11,-6.61092e-09,3.90392e-12,0.200363,1.44591,-0.645706,-0.0031132,0.009082,-0.000419565,0.00978026,-0.00381146,-0.784512,0.0117773,0.117851,10.1245,10.0066
527,-6.1597e-11,-6.61092e-09,3.90392e-12,0.199446,1.44539,-0.647203,-0.0031093,0.0091559,-0.000440981,0.009858,-0.00381141,-0.774915,0.0118351,0.11843,10.125,10.0066
528,-6.1597e-11,-6.61092e-09,3.90392e-12,0.201135,1.44775,-0.64982,-0.00312925,0.00916837,-0.000382535,0.00989229,-0.00385317,-0.767667,0.0119191,0.11927,10.1259,10.0066
529,-6.1597e-11,-6.61092e-09,3.90392e-12,0.199941,1.454,-0.647231,-0.00318457,0.00927686,-0.000384062,0.00996485,-0.00387256,-0.795321,0.0119951,0.120031,10.1266,10.0066
530,-6.1597e-11,-6.61092e-09,3.90392e-12,0.200367,1.45398,-0.646549,-0.00317834,0.00933859,-0.000432316,0.0100353,-0.003875,-0.81036,0.0120955,0.121035,10.1277,10.0066
531,-6.1597e-11,-6.61092e-09,3.90392e-12,0.200825,1.45738,-0.645702,-0.00318997,0.00936463,-0.000405849,0.0100791,-0.00390448,-0.744913,0.0121948,0.122029,10.1286,10.0066
532,-6.1597e-11,-6.61092e-09,3.90392e-12,0.200223,1.46036,-0.645265,-0.00326678,0.00947859,-0.000373205,0.0101565,-0.00394468,-0.767345,0.0122771,0.122852,10.1295,10.0066
533,-6.1597e-11,-6.61092e-09,3.90392e-12,0.200128,1.46384,-0.644525,-0.00328304,0.0094901,-0.000470692,0.010213,-0.00400593,-0.800211,0.0123496,0.123578,10.1302,10.0066
534,-6.1597e-11,-6.61092e-09,3.90392e-12,0.198698,1.46746,-0.640874,-0.00330942,0.00958259,-0.000484376,0.0102791,-0.00400591,-0.836081,0.0124855,0.124937,10.1316,10.0066
535,-6.1597e-11,-6.61092e-09,3.90392e-12,0.199686,1.46836,-0.643515,-0.00332821,0.00965652,-0.00046118,0.0103603,-0.00403198,-0.850464,0.012576,0.125843,10.1325,10.0066
536,-6.1597e-11,-6.61092e-09,3.90392e-12,0.20139,1.47232,-0.645501,-0.00335686,0.00977715,-0.000459921,0.0104483,-0.00402805,-0.796494,0.0126852,0.126936,10.1336,10.0066
537,-6.1597e-11,-6.61092e-09,3.90392e-12,0.200864,1.47576,-0.647266,-0.00337958,0.00984468,-0.000465499,0.0104953,-0.00403015,-0.821836,0.0128289,0.128373,10.135,10.0066
538,-6.1597e-11,-6.61092e-09,3.90392e-12,0.203262,1.47604,-0.647432,-0.00345099,0.009856,-0.000427166,0.0105741,-0.00416904,-0.821144,0.0129582,0.129668,10.1363,10.0066
539,-6.1597e-11,-6.61092e-09,3.90392e-12,0.20081,1.48158,-0.64582,-0.00345122,0.0100137,-0.00039457,0.0106752,-0.00411273,-0.765785,0.0130732,0.130818,10.1374,10.0066
540,-6.1597e-11,-6.61092e-09,3.90392e-12,0.198144,1.48422,-0.644591,-0.00349055,0.0100991,-0.000482647,0.0107623,-0.00415371,-0.845575,0.0132189,0.132277,10.1389,10.0066
541,-6.1597e-11,-6.61092e-09,3.90392e-12,0.198211,1.48772,-0.644496,-0.00347099,0.0101806,-0.000442378,0.0108627,-0.00415308,-0.821833,0.0133491,0.133579,10.1402,10.0066
542,-6.1597e-11,-6.61092e-09,3.90392e-12,0.199054,1.48744,-0.64414,-0.00352749,0.0102342,-0.000469096,0.0109288,-0.00422207,-0.811675,0.0134609,0.134698,10.1413,10.0066
543,-6.1597e-11,-6.61092e-09,3.90392e-12,0.198855,1.49306,-0.647484,-0.00355056,0.0103526,-0.000406416,0.0110206,-0.00421853,-0.803737,0.0135936,0.136026,10.1426,10.0066
544,-6.1597e-11,-6.61092e-09,3.90392e-12,0.199334,1.49241,-0.648109,-0.00361327,0.0104391,-0.000423581,0.0111054,-0.00427955,-0.800623,0.0137322,0.137413,10.144,10.0066
545,-6.1597e-11,-6.61092e-09,3.90392e-12,0.197297,1.4981,-0.650226,-0.00361693,0.0105233,-0.000442958,0.0111996,-0.0042932,-0.798062,0.0138832,0.138924,10.1455,10.0066
546,-6.1597e-11,-6.61092e-09,3.90392e-12,0.201748,1.50324,-0.643755,-0.00368687,0.0105935,-0.000451082,0.0112761,-0.0043695,-0.777396,0.0140381,0.140474,10.1471,10.0066
547,-6.1597e-11,-6.61092e-09,3.90392e-12,0.197882,1.49996,-0.647,-0.00374854,0.0106749,-0.00043313,0.0113512,-0.00442483,-0.807512,0.014149,0.141583,10.1482,10.0066
548,-6.1597e-11,-6.61092e-09,3.90392e-12,0.198607,1.50685,-0.647964,-0.00379116,0.0107863,-0.000479115,0.011465,-0.00446985,-0.7853,0.0143523,0.143618,10.1502,10.0066
549,-6.1597e-11,-6.61092e-09,3.90392e-12,0.196886,1.50858,-0.643879,-0.00383078,0.0109262,-0.000424251,0.0115896,-0.00449417,-0.80021,0.0145369,0.145465,10.1521,10.0066
550,-6.1597e-11,-6.61092e-09,3.90392e-12,0.195505,1.51343,-0.648185,-0.0038328,0.0110361,-0.000478396,0.0116975,-0.00449419,-0.835983,0.0146786,0.146883,10.1535,10.0066
551,-6.1597e-11,-6.61092e-09,3.90392e-12,0.197669,1.51236,-0.649963,-0.00388211,0.0110934,-0.000483818,0.0117918,-0.00458057,-0.839355,0.0148462,0.14856,10.1552,10.0066
552,-6.1597e-11,-6.61092e-09,3.90392e-12,0.196301,1.51752,-0.650551,-0.0039247,0.0112285,-0.000457836,0.0119192,-0.00461533,-0.791775,0.0150302,0.150402,10.157,10.0066
553,-6.1597e-11,-6.61092e-09,3.90392e-12,0.19647,1.52163,-0.648705,-0.00399156,0.0113268,-0.000428138,0.0120077,-0.00467255,-0.792147,0.0152026,0.152126,10.1587,10.0066
554,-6.1597e-11,-6.61092e-09,3.90392e-12,0.196462,1.52384,-0.656127,-0.00395723,0.0114674,-0.000427667,0.0121474,-0.00463723,-0.757093,0.0153736,0.153838,10.1605,10.0066
555,-6.1597e-11,-6.61092e-09,3.90392e-12,0.195907,1.52373,-0.653684,-0.00402061,0.0115991,-0.000414287,0.0122443,-0.0046659,-0.738516,0.0155738,0.155841,10.1625,10.0066
556,-6.1597e-11,-6.61092e-09,3.90392e-12,0.196435,1.52647,-0.651707,-0.00409827,0.0116851,-0.000470431,0.0123681,-0.0047813,-0.780422,0.0157915,0.158019,10.1646,10.0066
557,-6.1597e-11,-6.61092e-09,3.90392e-12,0.197292,1.53016,-0.650961,-0.00415742,0.0117958,-0.00048657,0.0124821,-0.00484371,-0.785201,0.0159796,0.159901,10.1665,10.0066
558,-6.1597e-11,-6.61092e-09,3.90392e-12,0.196451,1.53278,-0.648285,-0.0042028,0.0119473,-0.000473005,0.0126207,-0.00487616,-0.797016,0.0161917,0.162024,10.1686,10.0066
559,-6.1597e-11,-6.61092e-09,3.90392e-12,0.197779,1.53654,-0.648859,-0.00430629,0.0120804,-0.000444478,0.0127394,-0.00496525,-0.76749,0.0163904,0.164013,10.1706,10.0066
560,-6.1597e-11,-6.61092e-09,3.90392e-12,0.194168,1.54046,-0.649078,-0.00431731,0.0122266,-0.000457049,0.012882,-0.00497269,-0.810793,0.0166224,0.166334,10.173,10.0066
561,-6.1597e-11,-6.61092e-09,3.90392e-12,0.19456,1.54059,-0.652294,-0.00437319,0.0123593,-0.000471952,0.0130141,-0.00502798,-0.795422,0.0168244,0.168356,10.175,10.0066
562,-6.1597e-11,-6.61092e-09,3.90392e-12,0.192327,1.54563,-0.640778,-0.00445501,0.0124662,-0.000479657,0.0131406,-0.00512943,-0.805324,0.0170612,0.170725,10.1773,10.0066
563,-6.1597e-11,-6.61092e-09,3.90392e-12,0.191774,1.54909,-0.649008,-0.00450899,0.0126559,-0.000508511,0.0133179,-0.00517101,-0.818995,0.0173157,0.173271,10.1799,10.0066
564,-6.1597e-11,-6.61092e-09,3.90392e-12,0.194438,1.55036,-0.652017,-0.00459045,0.0128082,-0.00050012,0.0134543,-0.00523659,-0.783801,0.0175536,0.175652,10.1823,10.0066
565,-6.1597e-11,-6.61092e-09,3.90392e-12,0.193301,1.5539,-0.650793,-0.00463671,0.0129285,-0.000488924,0.0136016,-0.00530984,-0.790682,0.0178247,0.178365,10.185,10.0066
566,-6.1597e-11,-6.61092e-09,3.90392e-12,0.194185,1.55411,-0.652615,-0.00475072,0.0130862,-0.000460439,0.0137462,-0.00541072,-0.765808,0.0180627,0.180746,10.1874,10.0066
567,-6.1597e-11,-6.61092e-09,3.90392e-12,0.197312,1.55903,-0.655518,-0.00478618,0.0132549,-0.00051396,0.0138894,-0.00542059,-0.789551,0.018316,0.183281,10.1899,10.0066
568,-6.1597e-11,-6.61092e-09,3.90392e-12,0.192624,1.55831,-0.653287,-0.00481018,0.0134098,-0.000513086,0.014069,-0.00546946,-0.773464,0.0186076,0.186199,10.1928,10.0066
569,-6.1597e-11,-6.61092e-09,3.90392e-12,0.196518,1.56031,-0.655701,-0.00489661,0.0135835,-0.000489785,0.0142306,-0.0055437,-0.798376,0.0188975,0.1891,10.1957,10.0066
570,-6.1597e-11,-6.61092e-09,3.90392e-12,0.195368,1.5663,-0.658698,-0.00499796,0.0137448,-0.00047258,0.0143952,-0.00564837,-0.819277,0.0191755,0.191882,10.1985,10.0066
571,-6.1597e-11,-6.61092e-09,3.90392e-12,0.198488,1.57004,-0.656877,-0.00506453,0.0139149,-0.000473273,0.0145796,-0.00572917,-0.812063,0.0194807,0.194936,10.2016,10.0066
572,-6.1597e-11,-6.61092e-09,3.90392e-12,0.19768,1.57236,-0.652393,-0.00509638,0.0140741,-0.000535796,0.0147325,-0.00575484,-0.795124,0.0197602,0.197733,10.2044,10.0066
573,-6.1597e-11,-6.61092e-09,3.90392e-12,0.193042,1.57627,-0.650753,-0.00522914,0.0142617,-0.000486589,0.0149098,-0.00587724,-0.730417,0.0200583,0.200716,10.2073,10.0066
574,-6.1597e-11,-6.61092e-09,3.90392e-12,0.195957,1.58072,-0.653045,-0.00528406,0.0144304,-0.000528262,0.0151025,-0.00595615,-0.739744,0.0203977,0.204112,10.2107,10.0066
575,-6.1597e-11,-6.61092e-09,3.90392e-12,0.193134,1.57956,-0.651888,-0.0053665,0.0146424,-0.000531728,0.015289,-0.00601315,-0.744557,0.020721,0.207347,10.214,10.0066
576,-6.1597e-11,-6.61092e-09,3.90392e-12,0.194894,1.58553,-0.656977,-0.00546545,0.0148623,-0.000537152,0.015499,-0.00610212,-0.765101,0.0210718,0.210857,10.2175,10.0066
577,-6.1597e-11,-6.61092e-09,3.90392e-12,0.19593,1.58855,-0.653757,-0.00554896,0.0150586,-0.000521019,0.0156732,-0.00616359,-0.785216,0.0213668,0.21381,10.2204,10.0066
578,-6.1597e-11,-6.61092e-09,3.90392e-12,0.196875,1.59275,-0.650051,-0.00564056,0.0152233,-0.000563199,0.0158618,-0.00627898,-0.790339,0.0217398,0.217542,10.2242,10.0066
579,-6.1597e-11,-6.61092e-09,3.90392e-12,0.195281,1.59334,-0.654349,-0.00574957,0.0154039,-0.000561435,0.0160584,-0.00640407,-0.779228,0.0220869,0.221015,10.2276,10.0066
580,-6.1597e-11,-6.61092e-09,3.90392e-12,0.195785,1.59566,-0.652795,-0.00583286,0.0156297,-0.00053567,0.0162701,-0.00647329,-0.788619,0.0224405,0.224553,10.2312,10.0066
581,-6.1597e-11,-6.61092e-09,3.90392e-12,0.192862,1.59917,-0.653031,-0.0058906,0.0158024,-0.000556503,0.0164627,-0.00655098,-0.792715,0.0228149,0.2283,10.2349,10.0066
582,-6.1597e-11,-6.61092e-09,3.90392e-12,0.19305,1.60212,-0.650311,-0.00600961,0.0159867,-0.000529362,0.0166662,-0.00668916,-0.752994,0.023168,0.231834,10.2385,10.0066
583,-6.1597e-11,-6.61092e-09,3.90392e-12,0.193102,1.60558,-0.650101,-0.00615587,0.0162425,-0.00055759,0.0168942,-0.00680751,-0.766658,0.0235628,0.235784,10.2424,10.0066
584,-6.1597e-11,-6.61092e-09,3.90392e-12,0.193729,1.60723,-0.655127,-0.00619501,0.0164755,-0.000566144,0.0171343,-0.00685375,-0.797251,0.0239623,0.239781,10.2464,10.0066
585,-6.1597e-11,-6.61092e-09,3.90392e-12,0.196318,1.61325,-0.656785,-0.00632793,0.01668,-0.000590039,0.0173408,-0.00698874,-0.775964,0.024352,0.243682,10.2503,10.0066
586,-6.1597e-11,-6.61092e-09,3.90392e-12,0.195563,1.61499,-0.659842,-0.0063742,0.0168908,-0.000603329,0.0175701,-0.00705352,-0.759965,0.0247755,0.247919,10.2545,10.0066
587,-6.1597e-11,-6.61092e-09,3.90392e-12,0.195432,1.61586,-0.65495,-0.00651029,0.0171561,-0.000605404,0.0177925,-0.00714672,-0.800917,0.0251549,0.251715,10.2583,10.0066
588,-0.000809204,-0.00580887,-3.22854e-06,0.196801,1.61802,-0.655904,-0.0066337,0.0174043,-0.00065251,0.0180328,-0.00726227,-0.77485,0.0255778,0.255948,10.2626,10.0066
589,-6.1597e-11,-6.61092e-09,3.90392e-12,0.194051,1.62484,-0.658766,-0.00671837,0.0176367,-0.000645172,0.0182877,-0.00736946,-0.786405,0.0259957,0.260129,10.2667,10.0066
590,-6.1597e-11,-6.61092e-09,3.90392e-12,0.195655,1.62672,-0.6523,-0.00681003,0.0178192,-0.000644413,0.0184949,-0.00748577,-0.781017,0.0264029,0.264204,10.2708,10.0066
591,-6.1597e-11,-6.61092e-09,3.90392e-12,0.19668,1.62861,-0.653137,-0.00696825,0.0180971,-0.000653011,0.0187297,-0.00760092,-0.762395,0.0268237,0.268415,10.275,10.0066
592,-6.1597e-11,-6.61092e-09,3.90392e-12,0.195155,1.63426,-0.656165,-0.0070528,0.0183104,-0.000628636,0.0189644,-0.00770686,-0.742292,0.0272782,0.272962,10.2796,10.0066
593,-6.1597e-11,-6.61092e-09,3.90392e-12,0.19589,1.63369,-0.658691,-0.0071714,0.0185876,-0.000658823,0.0192233,-0.00780716,-0.766104,0.0277149,0.277332,10.2839,10.0066
594,-6.1597e-11,-6.61092e-09,3.90392e-12,0.196151,1.63848,-0.659565,-0.00729543,0.0188367,-0.000662867,0.0194739,-0.00793265,-0.750835,0.0281693,0.281879,10.2885,10.0066
595,-6.1597e-11,-6.61092e-09,3.90392e-12,0.194149,1.64271,-0.657676,-0.00741274,0.0190695,-0.000694656,0.0197255,-0.00806875,-0.783856,0.0286252,0.286442,10.2931,10.0066
596,-6.1597e-11,-6.61092e-09,3.90392e-12,0.192669,1.64601,-0.659,-0.00746769,0.0193579,-0.000710457,0.0199738,-0.00808355,-0.775767,0.0290602,0.290794,10.2974,10.0066
597,-6.1597e-11,-6.61092e-09,3.90392e-12,0.193205,1.64896,-0.659271,-0.00763882,0.0195917,-0.000686771,0.0202402,-0.00828736,-0.724014,0.0295489,0.295685,10.3023,10.0066
598,-6.1597e-11,-6.61092e-09,3.90392e-12,0.193611,1.65315,-0.655554,-0.00773376,0.0198407,-0.000678472,0.0204879,-0.00838096,-0.763891,0.0300235,0.300434,10.3071,10.0066
599,-6.1597e-11,-6.61092e-09,3.90392e-12,0.19265,1.65809,-0.658303,-0.00788295,0.0200944,-0.000715047,0.0207484,-0.00853696,-0.741599,0.0304627,0.304829,10.3114,10.0066
600,-6.1597e-11,-6.61092e-09,3.90392e-12,0.193594,1.65732,-0.656207,-0.00798763,0.0203562,-0.00068777,0.0209911,-0.00862255,-0.723947,0.0309452,0.309657,10.3163,10.0066
601,-6.1597e-11,-6.61092e-09,3.90392e-12,0.193617,1.65955,-0.664829,-0.00806141,0.0206122,-0.000758668,0.0212393,-0.00868853,-0.770211,0.0314079,0.314287,10.3209,10.0066
602,-6.1597e-11,-6.61092e-09,3.90392e-12,0.192691,1.66965,-0.663495,-0.00820585,0.0208833,-0.0007832,0.021507,-0.00882956,-0.758514,0.0318802,0.319013,10.3256,10.0066
603,-6.1597e-11,-6.61092e-09,3.90392e-12,0.195001,1.66687,-0.646408,-0.00832305,0.0210938,-0.000739724,0.0217427,-0.00897202,-0.755201,0.0323573,0.323787,10.3304,10.0066
604,-6.1597e-11,-6.61092e-09,3.90392e-12,0.193718,1.6728,-0.653031,-0.00845772,0.0214136,-0.000767535,0.0220217,-0.00906585,-0.741129,0.0328375,0.328592,10.3352,10.0066
605,-6.1597e-11,-6.61092e-09,3.90392e-12,0.194009,1.67649,-0.656379,-0.00861665,0.0216513,-0.000778156,0.022301,-0.0092663,-0.734924,0.0333459,0.33368,10.3403,10.0066
606,-6.1597e-11,-6.61092e-09,3.90392e-12,0.191073,1.6819,-0.660109,-0.00870825,0.0219467,-0.000774993,0.0225763,-0.00933781,-0.76906,0.0338544,0.338768,10.3454,10.0066
607,-6.1597e-11,-6.61092e-09,3.90392e-12,0.192093,1.68234,-0.655435,-0.00886136,0.0221358,-0.000760743,0.0228023,-0.00952782,-0.74589,0.034326,0.343487,10.3501,10.0066
608,-6.1597e-11,-6.61092e-09,3.90392e-12,0.192778,1.68271,-0.66085,-0.00898622,0.0224831,-0.00076785,0.0231237,-0.00962687,-0.747952,0.0348527,0.348757,10.3554,10.0066
609,-6.1597e-11,-6.61092e-09,3.90392e-12,0.192064,1.69114,-0.658767,-0.00911555,0.0227289,-0.000775945,0.0233755,-0.00976212,-0.741718,0.0353727,0.353961,10.3606,10.0066
610,-6.1597e-11,-6.61092e-09,3.90392e-12,0.194348,1.68936,-0.664781,-0.0092054,0.0230793,-0.000778417,0.0236891,-0.00981513,-0.743214,0.0358958,0.359195,10.3658,10.0066
611,-6.1597e-11,-6.61092e-09,3.90392e-12,0.19202,1.69454,-0.65628,-0.00931346,0.023239,-0.000823131,0.0239312,-0.0100057,-0.742736,0.0363621,0.363861,10.3705,10.0066
612,-6.1597e-11,-6.61092e-09,3.90392e-12,0.192624,1.69437,-0.664656,-0.00942939,0.0235664,-0.000837856,0.0242051,-0.0100681,-0.757947,0.0368643,0.368887,10.3755,10.0066
613,-6.1597e-11,-6.61092e-09,3.90392e-12,0.192285,1.69684,-0.657909,-0.0096515,0.0237079,-0.00069244,0.0243727,-0.0103163,-0.686422,0.0372482,0.372728,10.3793,10.0066
614,-6.1597e-11,-6.61092e-09,3.90392e-12,0.19104,1.70086,-0.668674,-0.00971293,0.024199,-0.000783946,0.0248511,-0.0103651,-0.716232,0.0380078,0.380329,10.3869,10.0066
615,-6.1597e-11,-6.61092e-09,3.90392e-12,0.191035,1.70711,-0.670572,-0.00979259,0.0243815,-0.000881764,0.0250322,-0.0104432,-0.751404,0.0384364,0.384618,10.3912,10.0066
616,-6.1597e-11,-6.61092e-09,3.90392e-12,0.192588,1.70917,-0.661579,-0.0100107,0.0246564,-0.000837162,0.0253129,-0.0106673,-0.736015,0.0389589,0.389847,10.3965,10.0066
617,-6.1597e-11,-6.61092e-09,3.90392e-12,0.194852,1.71191,-0.660001,-0.0101048,0.0249847,-0.00084879,0.0256054,-0.0107255,-0.729433,0.0394898,0.395159,10.4018,10.0066
618,-6.1597e-11,-6.61092e-09,3.90392e-12,0.193248,1.71688,-0.658144,-0.0101739,0.0252477,-0.000835985,0.0258588,-0.0107849,-0.711166,0.0399756,0.40002,10.4066,10.0066
619,-6.1597e-11,-6.61092e-09,3.90392e-12,0.193086,1.71767,-0.657044,-0.0103837,0.025455,-0.000879933,0.0261027,-0.0110314,-0.722569,0.0404551,0.404818,10.4114,10.0066
620,-6.1597e-11,-6.61092e-09,3.90392e-12,0.192026,1.72365,-0.653737,-0.0104766,0.0257465,-0.000892809,0.0264054,-0.0111356,-0.721169,0.0410342,0.410614,10.4172,10.0066
621,-6.1597e-11,-6.61092e-09,3.90392e-12,0.191384,1.72385,-0.66176,-0.0106373,0.0260297,-0.000906208,0.0266992,-0.0113068,-0.71151,0.0415503,0.415778,10.4224,10.0066
622,-6.1597e-11,-6.61092e-09,3.90392e-12,0.190712,1.7304,-0.662,-0.010725,0.0263597,-0.000869227,0.0269867,-0.0113519,-0.720358,0.0420972,0.42125,10.4279,10.0066
623,-6.1597e-11,-6.61092e-09,3.90392e-12,0.191331,1.73302,-0.654332,-0.0108681,0.0266586,-0.000922103,0.0272781,-0.0114876,-0.732154,0.0426236,0.426518,10.4331,10.0066
624,-6.1597e-11,-6.61092e-09,3.90392e-12,0.191669,1.73523,-0.652331,-0.0109677,0.0268846,-0.000954004,0.0275468,-0.0116299,-0.738489,0.0431601,0.431886,10.4385,10.0066
625,-6.1597e-11,-6.61092e-09,3.90392e-12,0.192211,1.73866,-0.658172,-0.0111221,0.0272002,-0.00091809,0.0278348,-0.0117566,-0.723156,0.0437034,0.437323,10.4439,10.0066
626,-6.1597e-11,-6.61092e-09,3.90392e-12,0.190511,1.73792,-0.654518,-0.011255,0.0274804,-0.000920504,0.0281358,-0.0119105,-0.727951,0.0442523,0.442816,10.4494,10.0066
627,-6.1597e-11,-6.61092e-09,3.90392e-12,0.190666,1.74518,-0.655793,-0.0114373,0.0277901,-0.00103179,0.0284159,-0.012063,-0.754963,0.0448012,0.448308,10.4549,10.0066
628,-6.1597e-11,-6.61092e-09,3.90392e-12,0.193336,1.74502,-0.666138,-0.011508,0.0280901,-0.000976656,0.0287048,-0.0121227,-0.733596,0.0453428,0.453728,10.4603,10.0066
629,-6.1597e-11,-6.61092e-09,3.90392e-12,0.191466,1.75275,-0.657972,-0.0116523,0.0283637,-0.000944628,0.0289928,-0.0122815,-0.72772,0.0458688,0.458992,10.4656,10.0066
630,-6.1597e-11,-6.61092e-09,3.90392e-12,0.193778,1.75265,-0.660375,-0.0117878,0.028655,-0.000972908,0.0292961,-0.0124288,-0.720342,0.0464394,0.464702,10.4713,10.0066
631,-6.1597e-11,-6.61092e-09,3.90392e-12,0.192877,1.7554,-0.665866,-0.0118966,0.0289555,-0.00102131,0.0295979,-0.012539,-0.71969,0.0469948,0.470259,10.4769,10.0066
632,-6.1597e-11,-6.61092e-09,3.90392e-12,0.19234,1.76002,-0.663213,-0.0120254,0.0291876,-0.000976231,0.0298486,-0.0126863,-0.729552,0.0475175,0.47549,10.4821,10.0066
633,-6.1597e-11,-6.61092e-09,3.90392e-12,0.191369,1.76398,-0.662591,-0.0121504,0.02949,-0.00102327,0.03014,-0.0128003,-0.720698,0.0480459,0.480777,10.4874,10.0066
634,-6.1597e-11,-6.61092e-09,3.90392e-12,0.192352,1.76821,-0.656123,-0.0122993,0.0297829,-0.00104214,0.0304368,-0.0129532,-0.727397,0.0486018,0.486339,10.493,10.0066
635,-6.1597e-11,-6.61092e-09,3.90392e-12,0.194429,1.77028,-0.661009,-0.0124539,0.0300875,-0.00107422,0.0307389,-0.0131053,-0.732653,0.0491759,0.492085,10.4987,10.0066
636,-6.1597e-11,-6.61092e-09,3.90392e-12,0.192416,1.77354,-0.662269,-0.0125668,0.0304089,-0.00105936,0.0310303,-0.0131882,-0.720541,0.0496958,0.497287,10.5039,10.0066
637,-6.1597e-11,-6.61092e-09,3.90392e-12,0.19215,1.77728,-0.662201,-0.0127324,0.0307136,-0.00105459,0.0313251,-0.013344,-0.716676,0.0502753,0.503086,10.5097,10.0066
638,-6.1597e-11,-6.61092e-09,3.90392e-12,0.191754,1.77991,-0.660723,-0.012843,0.0309594,-0.001042,0.0316138,-0.0134974,-0.710158,0.0508327,0.508664,10.5153,10.0066
639,-6.1597e-11,-6.61092e-09,3.90392e-12,0.192636,1.7818,-0.661038,-0.0129215,0.0312782,-0.00111475,0.0319208,-0.0135642,-0.72993,0.0513878,0.514218,10.5208,10.0066
640,-6.1597e-11,-6.61092e-09,3.90392e-12,0.191787,1.78621,-0.665039,-0.0130912,0.0315574,-0.00114717,0.0322034,-0.0137372,-0.719685,0.0519261,0.519604,10.5262,10.0066
641,-6.1597e-11,-6.61092e-09,3.90392e-12,0.193707,1.78796,-0.665054,-0.0132236,0.0318722,-0.0011628,0.0325024,-0.0138538,-0.719299,0.0525177,0.525524,10.5321,10.0066
642,-6.1597e-11,-6.61092e-09,3.90392e-12,0.192189,1.79145,-0.664561,-0.013352,0.0320918,-0.00118062,0.0327671,-0.0140273,-0.715181,0.0530749,0.5311,10.5377,10.0066
643,-6.1597e-11,-6.61092e-09,3.90392e-12,0.191559,1.79495,-0.662086,-0.0134574,0.032417,-0.00118989,0.0330769,-0.0141173,-0.731466,0.0536214,0.536568,10.5432,10.0066
644,-6.1597e-11,-6.61092e-09,3.90392e-12,0.190893,1.79983,-0.666301,-0.0135901,0.0327512,-0.00116215,0.0333885,-0.0142274,-0.733936,0.0541912,0.54227,10.5489,10.0066
645,-6.1597e-11,-6.61092e-09,3.90392e-12,0.191976,1.80074,-0.664112,-0.0137123,0.033002,-0.00117075,0.0336716,-0.0143819,-0.724079,0.0547756,0.548119,10.5547,10.0066
646,-6.1597e-11,-6.61092e-09,3.90392e-12,0.192285,1.80605,-0.6625,-0.0138932,0.0332995,-0.00115456,0.0339659,-0.0145597,-0.708659,0.055346,0.553827,10.5604,10.0066
647,-6.1597e-11,-6.61092e-09,3.90392e-12,0.191929,1.80952,-0.668678,-0.0140021,0.0336376,-0.00119377,0.034278,-0.0146425,-0.699817,0.0559395,0.559765,10.5664,10.0066
648,-6.1597e-11,-6.61092e-09,3.90392e-12,0.191753,1.80992,-0.669009,-0.0141827,0.0339207,-0.00123602,0.0345624,-0.0148244,-0.71996,0.0564773,0.565147,10.5718,10.0066
649,-6.1597e-11,-6.61092e-09,3.90392e-12,0.191329,1.81546,-0.66554,-0.014291,0.0342179,-0.00118434,0.0348569,-0.01493,-0.696865,0.0570346,0.570723,10.5773,10.0066
650,-6.1597e-11,-6.61092e-09,3.90392e-12,0.191359,1.81908,-0.667512,-0.0144154,0.0345239,-0.00124223,0.0351597,-0.0150512,-0.734646,0.0576043,0.576424,10.583,10.0066
651,-0.000809204,-0.00580887,-3.22854e-06,0.190807,1.82181,-0.663823,-0.0145499,0.0348185,-0.00123552,0.035474,-0.0152054,-0.703135,0.058202,0.582405,10.589,10.0066
652,-6.1597e-11,-6.61092e-09,3.90392e-12,0.190495,1.82523,-0.656737,-0.0147133,0.0350696,-0.00125773,0.0357278,-0.0153716,-0.703833,0.058739,0.587779,10.5944,10.0066
653,-6.1597e-11,-6.61092e-09,3.90392e-12,0.189457,1.83061,-0.663908,-0.0148262,0.0354494,-0.00126475,0.0360761,-0.0154529,-0.707569,0.0593483,0.593875,10.6005,10.0066
654,-6.1597e-11,-6.61092e-09,3.90392e-12,0.19003,1.83247,-0.670229,-0.0149347,0.0357195,-0.00134541,0.0363829,-0.0155981,-0.711995,0.0599399,0.599795,10.6064,10.0066
655,-6.1597e-11,-6.61092e-09,3.90392e-12,0.190154,1.83818,-0.667781,-0.0151107,0.0360385,-0.00130012,0.036683,-0.0157552,-0.703576,0.060503,0.605431,10.612,10.0066
656,-6.1597e-11,-6.61092e-09,3.90392e-12,0.191248,1.84247,-0.664284,-0.015238,0.0362728,-0.00129753,0.0369233,-0.0158884,-0.709657,0.0610331,0.610735,10.6174,10.0066
657,-6.1597e-11,-6.61092e-09,3.90392e-12,0.18969,1.84248,-0.667329,-0.015361,0.0366145,-0.00134522,0.0372625,-0.016009,-0.716886,0.0616732,0.61714,10.6238,10.0066
658,-6.1597e-11,-6.61092e-09,3.90392e-12,0.191503,1.84488,-0.672856,-0.0154408,0.0369092,-0.00134884,0.0375806,-0.0161122,-0.702032,0.0622336,0.622748,10.6294,10.0066
659,-6.1597e-11,-6.61092e-09,3.90392e-12,0.190537,1.85145,-0.661972,-0.0156259,0.0371778,-0.00133237,0.0378387,-0.0162868,-0.704511,0.0627953,0.628369,10.635,10.0066
660,-6.1597e-11,-6.61092e-09,3.90392e-12,0.192139,1.85197,-0.665842,-0.0157656,0.0374584,-0.00138099,0.0381549,-0.016462,-0.698478,0.0633877,0.634296,10.6409,10.0066
661,-6.1597e-11,-6.61092e-09,3.90392e-12,0.191721,1.85506,-0.66935,-0.0159129,0.037818,-0.00139609,0.0384603,-0.0165553,-0.706683,0.063978,0.640204,10.6468,10.0066
662,-6.1597e-11,-6.61092e-09,3.90392e-12,0.190916,1.85782,-0.664554,-0.0160451,0.0380738,-0.0013655,0.0387437,-0.0167151,-0.696704,0.0645529,0.645956,10.6526,10.0066
663,-6.1597e-11,-6.61092e-09,3.90392e-12,0.192645,1.86194,-0.667822,-0.01619,0.0383809,-0.00138702,0.0390448,-0.0168539,-0.688073,0.0651603,0.652034,10.6587,10.0066
664,-6.1597e-11,-6.61092e-09,3.90392e-12,0.193142,1.8647,-0.669108,-0.0163062,0.038711,-0.00135478,0.0393786,-0.0169738,-0.687011,0.0657326,0.657761,10.6644,10.0066
665,-6.1597e-11,-6.61092e-09,3.90392e-12,0.192651,1.86776,-0.66465,-0.0164526,0.0390283,-0.00139357,0.039642,-0.0170663,-0.677598,0.0663137,0.663576,10.6702,10.0066
666,-6.1597e-11,-6.61092e-09,3.90392e-12,0.192169,1.87272,-0.661734,-0.0165587,0.0392936,-0.00138721,0.0399561,-0.0172211,-0.684718,0.066903,0.669472,10.6761,10.0066
667,-6.1597e-11,-6.61092e-09,3.90392e-12,0.190013,1.87589,-0.657382,-0.0166994,0.0396182,-0.00143562,0.0402738,-0.017355,-0.690746,0.0675213,0.67566,10.6823,10.0066
668,-6.1597e-11,-6.61092e-09,3.90392e-12,0.190454,1.87904,-0.662108,-0.0168576,0.039914,-0.00143618,0.0405642,-0.0175079,-0.689365,0.0680948,0.681399,10.688,10.0066
669,-6.1597e-11,-6.61092e-09,3.90392e-12,0.192537,1.87818,-0.66515,-0.0169755,0.0402056,-0.00146152,0.0408821,-0.017652,-0.692179,0.0687041,0.687495,10.6941,10.0066
670,-6.1597e-11,-6.61092e-09,3.90392e-12,0.19263,1.88408,-0.664873,-0.0171298,0.0405531,-0.00146566,0.0412004,-0.0177771,-0.68736,0.0693007,0.693465,10.7001,10.0066
671,-6.1597e-11,-6.61092e-09,3.90392e-12,0.192091,1.88523,-0.667499,-0.017274,0.0408255,-0.00145044,0.0414941,-0.0179426,-0.673892,0.0698937,0.699399,10.706,10.0066
672,-6.1597e-11,-6.61092e-09,3.90392e-12,0.192809,1.89067,-0.66674,-0.0173589,0.0411591,-0.00150615,0.0418059,-0.0180057,-0.685232,0.0704827,0.705294,10.7119,10.0066
673,-6.1597e-11,-6.61092e-09,3.90392e-12,0.191418,1.89209,-0.666217,-0.0174931,0.0414756,-0.00154081,0.0421326,-0.0181501,-0.675103,0.0711142,0.711613,10.7182,10.0066
674,-6.1597e-11,-6.61092e-09,3.90392e-12,0.190393,1.89704,-0.665949,-0.0176367,0.0417348,-0.00154601,0.0424123,-0.0183142,-0.6863,0.0717,0.717475,10.7241,10.0066
675,-6.1597e-11,-6.61092e-09,3.90392e-12,0.19125,1.90016,-0.668736,-0.0177863,0.0420666,-0.00153395,0.0427309,-0.0184507,-0.686562,0.0722959,0.723437,10.7301,10.0066
676,-6.1597e-11,-6.61092e-09,3.90392e-12,0.193133,1.90259,-0.66927,-0.0178878,0.042404,-0.00153643,0.0430531,-0.018537,-0.681908,0.0729294,0.729777,10.7364,10.0066
677,-6.1597e-11,-6.61092e-09,3.90392e-12,0.192571,1.90742,-0.668724,-0.018032,0.0427048,-0.00155756,0.0433649,-0.0186921,-0.684236,0.073515,0.735636,10.7423,10.0066
678,-6.1597e-11,-6.61092e-09,3.90392e-12,0.191385,1.90854,-0.670439,-0.0181889,0.0430174,-0.00154867,0.0436727,-0.0188442,-0.661257,0.074136,0.74185,10.7485,10.0066
679,-6.1597e-11,-6.61092e-09,3.90392e-12,0.191499,1.91621,-0.670994,-0.0183017,0.0433285,-0.00159719,0.0439848,-0.018958,-0.672746,0.0747656,0.748151,10.7548,10.0066
680,-6.1597e-11,-6.61092e-09,3.90392e-12,0.190847,1.9169,-0.669653,-0.0184626,0.0436392,-0.00161405,0.0442905,-0.0191139,-0.678893,0.0753743,0.754242,10.7609,10.0066
681,-6.1597e-11,-6.61092e-09,3.90392e-12,0.18999,1.92354,-0.669736,-0.0185892,0.0440032,-0.00164401,0.0446295,-0.0192155,-0.670705,0.0760144,0.760647,10.7673,10.0066
682,-6.1597e-11,-6.61092e-09,3.90392e-12,0.190508,1.92384,-0.671196,-0.0187583,0.0443256,-0.00162245,0.044962,-0.0193947,-0.666193,0.0767016,0.767523,10.7741,10.0066
683,0.0347756,0.175148,0.000131084,-0.737824,2.47868,-2.48372,-0.0139191,0.0611537,-0.00306752,0.061908,-0.0146734,-0.428754,0.356822,3.57058,13.5772,10.0066
684,0.0323431,0.179771,0.000132131,-0.398994,2.47626,-0.947106,-0.0144095,0.0496549,-0.00122726,0.0510004,-0.0157549,-0.430656,0.312509,3.12716,13.1338,10.0066
685,0.0336465,0.17746,0.000132773,-0.861764,2.46653,-2.38819,-0.0121053,0.0570117,-0.00364216,0.0579733,-0.0130668,-0.429249,0.338626,3.3885,13.3951,10.0066
686,0.0336465,0.17746,0.000132773,-0.683982,2.46742,-1.19841,-0.0128095,0.0507654,-0.00317289,0.0521348,-0.014179,-0.371655,0.317085,3.17295,13.1796,10.0066
687,0.0336465,0.17746,0.000132773,-0.504755,2.4675,-1.98385,-0.0127928,0.0530477,-0.0032648,0.0541143,-0.0138594,-0.447351,0.323782,3.23996,13.2466,10.0066
688,0.0336465,0.17746,0.000132773,-0.959395,2.46632,-1.6812,-0.0123988,0.0535455,-0.00349616,0.0547938,-0.0136471,-0.441118,0.326695,3.26912,13.2757,10.0066
