Count,Filename_0_0,Filename_0_1,Time_0_0,Time_0_1,cDAQ1Mod1/ai0,cDAQ1Mod1/ai1,cDAQ1Mod1/ai2,cDAQ1Mod1/ai3,Load,,,
0,C:/Users/VicUser/Documents/RobC/20260801/VF1_2_1\VF1_2_1-00000000_0.tif,C:/Users/VicUser/Documents/RobC/20260801/VF1_2_1\VF1_2_1-00000000_1.tif,27.968849,27.969166,-0.000870,-10.383721,-10.430638,-10.389762,0.011240,0.000000,0.000000,0.000000
1,C:/Users/VicUser/Documents/RobC/20260801/VF1_2_1\VF1_2_1-00000001_0.tif,C:/Users/VicUser/Documents/RobC/20260801/VF1_2_1\VF1_2_1-00000001_1.tif,28.468883,28.469232,-0.002146,-10.383721,-10.430638,-10.389762,0.007493,0.000000,0.000000,0.000000
2,C:/Users/VicUser/Documents/RobC/20260801/VF1_2_1\VF1_2_1-00000002_0.tif,C:/Users/VicUser/Documents/RobC/20260801/VF1_2_1\VF1_2_1-00000002_1.tif,28.968864,28.969223,-0.001827,-10.383721,-10.430638,-10.389762,0.008430,0.000000,0.000000,0.000000
3,C:/Users/VicUser/Documents/RobC/20260801/VF1_2_1\VF1_2_1-00000003_0.tif,C:/Users/VicUser/Documents/RobC/20260801/VF1_2_1\VF1_2_1-00000003_1.tif,29.468869,29.469248,-0.002783,-10.383721,-10.430638,-10.389762,0.005620,0.000000,0.000000,0.000000
4,C:/Users/VicUser/Documents/RobC/20260801/VF1_2_1\VF1_2_1-00000004_0.tif,C:/Users/VicUser/Documents/RobC/20260801/VF1_2_1\VF1_2_1-00000004_1.tif,29.968903,29.969254,-0.002783,-10.383721,-10.430638,-10.389762,0.005620,0.000000,0.000000,0.000000
5,C:/Users/VicUser/Documents/RobC/20260801/VF1_2_1\VF1_2_1-00000005_0.tif,C:/Users/VicUser/Documents/RobC/20260801/VF1_2_1\VF1_2_1-00000005_1.tif,30.468813,30.469126,-0.001827,-10.383721,-10.430638,-10.389762,0.008430,0.000000,0.000000,0.000000
6,C:/Users/VicUser/Documents/RobC/20260801/VF1_2_1\VF1_2_1-00000006_0.tif,C:/Users/VicUser/Documents/RobC/20260801/VF1_2_1\VF1_2_1-00000006_1.tif,30.968916,30.969254,-0.001508,-10.383721,-10.430638,-10.389762,0.009366,0.000000,0.000000,0.000000
7,C:/Users/VicUser/Documents/RobC/20260801/VF1_2_1\VF1_2_1-00000007_0.tif,C:/Users/VicUser/Documents/RobC/20260801/VF1_2_1\VF1_2_1-00000007_1.tif,31.468863,31.469425,-0.001508,-10.383721,-10.430638,-10.389762,0.009366,0.000000,0.000000,0.000000
8,C:/Users/VicUser/Documents/RobC/20260801/VF1_2_1\VF1_2_1-00000008_0.tif,C:/Users/VicUser/Documents/RobC/20260801/VF1_2_1\VF1_2_1-00000008_1.tif,31.968832,31.969175,-0.001189,-10.383721,-10.430638,-10.389762,0.010303,0.000000,0.000000,0.000000
9,C:/Users/VicUser/Documents/RobC/20260801/VF1_2_1\VF1_2_1-00000009_0.tif,C:/Users/VicUser/Documents/RobC/20260801/VF1_2_1\VF1_2_1-00000009_1.tif,32.468856,32.469255,-0.000870,-10.383721,-10.430638,-10.389762,0.011240,0.000000,0.000000,0.000000
10,C:/Users/VicUser/Documents/RobC/20260801/VF1_2_1\VF1_2_1-00000010_0.tif,C:/Users/VicUser/Documents/RobC/20260801/VF1_2_1\VF1_2_1-00000010_1.tif,32.968861,32.969241,-0.000233,-10.383721,-10.430638,-10.389762,0.013113,0.000000,0.000000,0.000000
11,C:/Users/VicUser/Documents/RobC/20260801/VF1_2_1\VF1_2_1-00000011_0.tif,C:/Users/VicUser/Documents/RobC/20260801/VF1_2_1\VF1_2_1-00000011_1.tif,33.468855,33.469214,-0.002146,-10.383721,-10.430638,-10.389762,0.007493,0.000000,0.000000,0.000000
12,C:/Users/VicUser/Documents/RobC/20260801/VF1_2_1\VF1_2_1-00000012_0.tif,C:/Users/VicUser/Documents/RobC/20260801/VF1_2_1\VF1_2_1-00000012_1.tif,33.968913,33.969271,0.000086,-10.383721,-10.430638,-10.389762,0.014050,0.000000,0.000000,0.000000
13,C:/Users/VicUser/Documents/RobC/20260801/VF1_2_1\VF1_2_1-00000013_0.tif,C:/Users/VicUser/Documents/RobC/20260801/VF1_2_1\VF1_2_1-00000013_1.tif,34.468922,34.469335,-0.002783,-10.383721,-10.430638,-10.389762,0.005620,0.000000,0.000000,0.000000
14,C:/Users/VicUser/Documents/RobC/20260801/VF1_2_1\VF1_2_1-00000014_0.tif,C:/Users/VicUser/Documents/RobC/20260801/VF1_2_1\VF1_2_1-00000014_1.tif,34.968885,34.969231,-0.001508,-10.383721,-10.430638,-10.389762,0.009366,0.000000,0.000000,0.000000
15,C:/Users/VicUser/Documents/RobC/20260801/VF1_2_1\VF1_2_1-00000015_0.tif,C:/Users/VicUser/Documents/RobC/20260801/VF1_2_1\VF1_2_1-00000015_1.tif,35.468738,35.469158,-0.001508,-10.383721,-10.430638,-10.389762,0.009366,0.000000,0.000000,0.000000
16,C:/Users/VicUser/Documents/RobC/20260801/VF1_2_1\VF1_2_1-00000016_0.tif,C:/Users/VicUser/Documents/RobC/20260801/VF1_2_1\VF1_2_1-00000016_1.tif,35.968852,35.969188,-0.002146,-10.383721,-10.430638,-10.389762,0.007493,0.000000,0.000000,0.000000
17,C:/Users/VicUser/Documents/RobC/20260801/VF1_2_1\VF1_2_1-00000017_0.tif,C:/Users/VicUser/Documents/RobC/20260801/VF1_2_1\VF1_2_1-00000017_1.tif,36.468873,36.469252,-0.002146,-10.383721,-10.430638,-10.389762,0.007493,0.000000,0.000000,0.000000
18,C:/Users/VicUser/Documents/RobC/20260801/VF1_2_1\VF1_2_1-00000018_0.tif,C:/Users/VicUser/Documents/RobC/20260801/VF1_2_1\VF1_2_1-00000018_1.tif,36.968932,36.969251,-0.002146,-10.383721,-10.430638,-10.389762,0.007493,0.000000,0.000000,0.000000
19,C:/Users/VicUser/Documents/RobC/20260801/VF1_2_1\VF1_2_1-00000019_0.tif,C:/Users/VicUser/Documents/RobC/20260801/VF1_2_1\VF1_2_1-00000019_1.tif,37.468869,37.469236,-0.000551,-10.383721,-10.430638,-10.389762,0.012176,0.000000,0.000000,0.000000
20,C:/Users/VicUser/Documents/RobC/20260801/VF1_2_1\VF1_2_1-00000020_0.tif,C:/Users/VicUser/Documents/RobC/20260801/VF1_2_1\VF1_2_1-00000020_1.tif,37.968908,37.969359,-0.001189,-10.383721,-10.430638,-10.389762,0.010303,0.000000,0.000000,0.000000
21,C:/Users/VicUser/Documents/RobC/20260801/VF1_2_1\VF1_2_1-00000021_0.tif,C:/Users/VicUser/Documents/RobC/20260801/VF1_2_1\VF1_2_1-00000021_1.tif,38.468877,38.469149,-0.001827,-10.383721,-10.430638,-10.389762,0.008430,0.000000,0.000000,0.000000
22,C:/Users/VicUser/Documents/RobC/20260801/VF1_2_1\VF1_2_1-00000022_0.tif,C:/Users/VicUser/Documents/RobC/20260801/VF1_2_1\VF1_2_1-00000022_1.tif,38.968885,38.969197,-0.002146,-10.383721,-10.430638,-10.389762,0.007493,0.000000,0.000000,0.000000
23,C:/Users/VicUser/Documents/RobC/20260801/VF1_2_1\VF1_2_1-00000023_0.tif,C:/Users/VicUser/Documents/RobC/20260801/VF1_2_1\VF1_2_1-00000023_1.tif,39.468890,39.469253,-0.000870,-10.383721,-10.430638,-10.389762,0.011240,0.000000,0.000000,0.000000
24,C:/Users/VicUser/Documents/RobC/20260801/VF1_2_1\VF1_2_1-00000024_0.tif,C:/Users/VicUser/Documents/RobC/20260801/VF1_2_1\VF1_2_1-00000024_1.tif,39.968842,39.969131,-0.000870,-10.383721,-10.430638,-10.389762,0.011240,0.000000,0.000000,0.000000
25,C:/Users/VicUser/Documents/RobC/20260801/VF1_2_1\VF1_2_1-00000025_0.tif,C:/Users/VicUser/Documents/RobC/20260801/VF1_2_1\VF1_2_1-00000025_1.tif,40.468887,40.469250,-0.001508,-10.383721,-10.430638,-10.389762,0.009366,0.000000,0.000000,0.000000
26,C:/Users/VicUser/Documents/RobC/20260801/VF1_2_1\VF1_2_1-00000026_0.tif,C:/Users/VicUser/Documents/RobC/20260801/VF1_2_1\VF1_2_1-00000026_1.tif,40.968886,40.969197,-0.000551,-10.383721,-10.430638,-10.389762,0.012176,0.000000,0.000000,0.000000
27,C:/Users/VicUser/Documents/RobC/20260801/VF1_2_1\VF1_2_1-00000027_0.tif,C:/Users/VicUser/Documents/RobC/20260801/VF1_2_1\VF1_2_1-00000027_1.tif,41.468886,41.469233,-0.001189,-10.383721,-10.430638,-10.389762,0.010303,0.000000,0.000000,0.000000
28,C:/Users/VicUser/Documents/RobC/20260801/VF1_2_1\VF1_2_1-00000028_0.tif,C:/Users/VicUser/Documents/RobC/20260801/VF1_2_1\VF1_2_1-00000028_1.tif,41.968833,41.969108,-0.000870,-10.383721,-10.430638,-10.389762,0.011240,0.000000,0.000000,0.000000
29,C:/Users/VicUser/Documents/RobC/20260801/VF1_2_1\VF1_2_1-00000029_0.tif,C:/Users/VicUser/Documents/RobC/20260801/VF1_2_1\VF1_2_1-00000029_1.tif,42.468845,42.469318,-0.000551,-10.383721,-10.430638,-10.389762,0.012176,0.000000,0.000000,0.000000
30,C:/Users/VicUser/Documents/RobC/20260801/VF1_2_1\VF1_2_1-00000030_0.tif,C:/Users/VicUser/Documents/RobC/20260801/VF1_2_1\VF1_2_1-00000030_1.tif,42.968939,42.969171,-0.000870,-10.383721,-10.430638,-10.389762,0.011240,0.000000,0.000000,0.000000
31,C:/Users/VicUser/Documents/RobC/20260801/VF1_2_1\VF1_2_1-00000031_0.tif,C:/Users/VicUser/Documents/RobC/20260801/VF1_2_1\VF1_2_1-00000031_1.tif,43.468887,43.469231,-0.000870,-10.383721,-10.430638,-10.389762,0.011240,0.000000,0.000000,0.000000
32,C:/Users/VicUser/Documents/RobC/20260801/VF1_2_1\VF1_2_1-00000032_0.tif,C:/Users/VicUser/Documents/RobC/20260801/VF1_2_1\VF1_2_1-00000032_1.tif,43.968935,43.969245,-0.000551,-10.383721,-10.430638,-10.389762,0.012176,0.000000,0.000000,0.000000
33,C:/Users/VicUser/Documents/RobC/20260801/VF1_2_1\VF1_2_1-00000033_0.tif,C:/Users/VicUser/Documents/RobC/20260801/VF1_2_1\VF1_2_1-00000033_1.tif,44.468924,44.469225,-0.001827,-10.383721,-10.430638,-10.389762,0.008430,0.000000,0.000000,0.000000
34,C:/Users/VicUser/Documents/RobC/20260801/VF1_2_1\VF1_2_1-00000034_0.tif,C:/Users/VicUser/Documents/RobC/20260801/VF1_2_1\VF1_2_1-00000034_1.tif,44.968833,44.969196,-0.001189,-10.383721,-10.430638,-10.389762,0.010303,0.000000,0.000000,0.000000
35,C:/Users/VicUser/Documents/RobC/20260801/VF1_2_1\VF1_2_1-00000035_0.tif,C:/Users/VicUser/Documents/RobC/20260801/VF1_2_1\VF1_2_1-00000035_1.tif,45.468944,45.469261,-0.000870,-10.383721,-10.430638,-10.389762,0.011240,0.000000,0.000000,0.000000
36,C:/Users/VicUser/Documents/RobC/20260801/VF1_2_1\VF1_2_1-00000036_0.tif,C:/Users/VicUser/Documents/RobC/20260801/VF1_2_1\VF1_2_1-00000036_1.tif,45.968848,45.969121,-0.001508,-10.383721,-10.430638,-10.389762,0.009366,0.000000,0.000000,0.000000
37,C:/Users/VicUser/Documents/RobC/20260801/VF1_2_1\VF1_2_1-00000037_0.tif,C:/Users/VicUser/Documents/RobC/20260801/VF1_2_1\VF1_2_1-00000037_1.tif,46.468935,46.469234,-0.000551,-10.383721,-10.430638,-10.389762,0.012176,0.000000,0.000000,0.000000
38,C:/Users/VicUser/Documents/RobC/20260801/VF1_2_1\VF1_2_1-00000038_0.tif,C:/Users/VicUser/Documents/RobC/20260801/VF1_2_1\VF1_2_1-00000038_1.tif,46.968839,46.969207,-0.000870,-10.383721,-10.430638,-10.389762,0.011240,0.000000,0.000000,0.000000
39,C:/Users/VicUser/Documents/RobC/20260801/VF1_2_1\VF1_2_1-00000039_0.tif,C:/Users/VicUser/Documents/RobC/20260801/VF1_2_1\VF1_2_1-00000039_1.tif,47.468874,47.469249,-0.000233,-10.383721,-10.430638,-10.389762,0.013113,0.000000,0.000000,0.000000
40,C:/Users/VicUser/Documents/RobC/20260801/VF1_2_1\VF1_2_1-00000040_0.tif,C:/Users/VicUser/Documents/RobC/20260801/VF1_2_1\VF1_2_1-00000040_1.tif,47.968828,47.969169,-0.000551,-10.383721,-10.430638,-10.389762,0.012176,0.000000,0.000000,0.000000
41,C:/Users/VicUser/Documents/RobC/20260801/VF1_2_1\VF1_2_1-00000041_0.tif,C:/Users/VicUser/Documents/RobC/20260801/VF1_2_1\VF1_2_1-00000041_1.tif,48.468919,48.469197,0.000724,-10.383721,-10.430638,-10.389762,0.015923,0.000000,0.000000,0.000000
42,C:/Users/VicUser/Documents/RobC/20260801/VF1_2_1\VF1_2_1-00000042_0.tif,C:/Users/VicUser/Documents/RobC/20260801/VF1_2_1\VF1_2_1-00000042_1.tif,48.968845,48.969133,-0.000233,-10.383721,-10.430638,-10.389762,0.013113,0.000000,0.000000,0.000000
43,C:/Users/VicUser/Documents/RobC/20260801/VF1_2_1\VF1_2_1-00000043_0.tif,C:/Users/VicUser/Documents/RobC/20260801/VF1_2_1\VF1_2_1-00000043_1.tif,49.468961,49.469479,0.000086,-10.383721,-10.430638,-10.389762,0.014050,0.000000,0.000000,0.000000
44,C:/Users/VicUser/Documents/RobC/20260801/VF1_2_1\VF1_2_1-00000044_0.tif,C:/Users/VicUser/Documents/RobC/20260801/VF1_2_1\VF1_2_1-00000044_1.tif,49.968945,49.969167,-0.001827,-10.383721,-10.430638,-10.389762,0.008430,0.000000,0.000000,0.000000
45,C:/Users/VicUser/Documents/RobC/20260801/VF1_2_1\VF1_2_1-00000045_0.tif,C:/Users/VicUser/Documents/RobC/20260801/VF1_2_1\VF1_2_1-00000045_1.tif,50.468825,50.469123,-0.001189,-10.383721,-10.430638,-10.389762,0.010303,0.000000,0.000000,0.000000
46,C:/Users/VicUser/Documents/RobC/20260801/VF1_2_1\VF1_2_1-00000046_0.tif,C:/Users/VicUser/Documents/RobC/20260801/VF1_2_1\VF1_2_1-00000046_1.tif,50.968863,50.969138,-0.001189,-10.383721,-10.430638,-10.389762,0.010303,0.000000,0.000000,0.000000
47,C:/Users/VicUser/Documents/RobC/20260801/VF1_2_1\VF1_2_1-00000047_0.tif,C:/Users/VicUser/Documents/RobC/20260801/VF1_2_1\VF1_2_1-00000047_1.tif,51.468904,51.469412,0.000724,-10.383721,-10.430638,-10.389762,0.015923,0.000000,0.000000,0.000000
48,C:/Users/VicUser/Documents/RobC/20260801/VF1_2_1\VF1_2_1-00000048_0.tif,C:/Users/VicUser/Documents/RobC/20260801/VF1_2_1\VF1_2_1-00000048_1.tif,51.968855,51.969381,0.002318,-10.383721,-10.430638,-10.389762,0.020606,0.000000,0.000000,0.000000
49,C:/Users/VicUser/Documents/RobC/20260801/VF1_2_1\VF1_2_1-00000049_0.tif,C:/Users/VicUser/Documents/RobC/20260801/VF1_2_1\VF1_2_1-00000049_1.tif,52.468764,52.469054,0.006781,-10.383721,-10.430638,-10.389762,0.033719,0.000000,0.000000,0.000000
50,C:/Users/VicUser/Documents/RobC/20260801/VF1_2_1\VF1_2_1-00000050_0.tif,C:/Users/VicUser/Documents/RobC/20260801/VF1_2_1\VF1_2_1-00000050_1.tif,52.968866,52.969335,0.016026,-10.383721,-10.430638,-10.389762,0.060882,0.000000,0.000000,0.000000
51,C:/Users/VicUser/Documents/RobC/20260801/VF1_2_1\VF1_2_1-00000051_0.tif,C:/Users/VicUser/Documents/RobC/20260801/VF1_2_1\VF1_2_1-00000051_1.tif,53.468927,53.469254,0.023678,-10.383721,-10.430638,-10.389762,0.083362,0.000000,0.000000,0.000000
52,C:/Users/VicUser/Documents/RobC/20260801/VF1_2_1\VF1_2_1-00000052_0.tif,C:/Users/VicUser/Documents/RobC/20260801/VF1_2_1\VF1_2_1-00000052_1.tif,53.968853,53.969308,0.032604,-10.383721,-10.430638,-10.389762,0.109588,0.000000,0.000000,0.000000
53,C:/Users/VicUser/Documents/RobC/20260801/VF1_2_1\VF1_2_1-00000053_0.tif,C:/Users/VicUser/Documents/RobC/20260801/VF1_2_1\VF1_2_1-00000053_1.tif,54.468920,54.469285,0.043444,-10.383721,-10.430638,-10.389762,0.141434,0.000000,0.000000,0.000000
54,C:/Users/VicUser/Documents/RobC/20260801/VF1_2_1\VF1_2_1-00000054_0.tif,C:/Users/VicUser/Documents/RobC/20260801/VF1_2_1\VF1_2_1-00000054_1.tif,54.968885,54.969288,0.053964,-10.383721,-10.430638,-10.389762,0.172344,0.000000,0.000000,0.000000
55,C:/Users/VicUser/Documents/RobC/20260801/VF1_2_1\VF1_2_1-00000055_0.tif,C:/Users/VicUser/Documents/RobC/20260801/VF1_2_1\VF1_2_1-00000055_1.tif,55.468896,55.469264,0.065123,-10.383721,-10.430638,-10.389762,0.205127,0.000000,0.000000,0.000000
56,C:/Users/VicUser/Documents/RobC/20260801/VF1_2_1\VF1_2_1-00000056_0.tif,C:/Users/VicUser/Documents/RobC/20260801/VF1_2_1\VF1_2_1-00000056_1.tif,55.968886,55.969245,0.074687,-10.383721,-10.430638,-10.389762,0.233226,0.000000,0.000000,0.000000
57,C:/Users/VicUser/Documents/RobC/20260801/VF1_2_1\VF1_2_1-00000057_0.tif,C:/Users/VicUser/Documents/RobC/20260801/VF1_2_1\VF1_2_1-00000057_1.tif,56.468929,56.469233,0.085526,-10.383721,-10.430638,-10.389762,0.265072,0.000000,0.000000,0.000000
58,C:/Users/VicUser/Documents/RobC/20260801/VF1_2_1\VF1_2_1-00000058_0.tif,C:/Users/VicUser/Documents/RobC/20260801/VF1_2_1\VF1_2_1-00000058_1.tif,56.968885,56.969214,0.096366,-10.383721,-10.430638,-10.389762,0.296919,0.000000,0.000000,0.000000
59,C:/Users/VicUser/Documents/RobC/20260801/VF1_2_1\VF1_2_1-00000059_0.tif,C:/Users/VicUser/Documents/RobC/20260801/VF1_2_1\VF1_2_1-00000059_1.tif,57.468893,57.469264,0.105930,-10.383721,-10.430638,-10.389762,0.325018,0.000000,0.000000,0.000000
60,C:/Users/VicUser/Documents/RobC/20260801/VF1_2_1\VF1_2_1-00000060_0.tif,C:/Users/VicUser/Documents/RobC/20260801/VF1_2_1\VF1_2_1-00000060_1.tif,57.968839,57.969113,0.112943,-10.383721,-10.430638,-10.389762,0.345625,0.000000,0.000000,0.000000
61,C:/Users/VicUser/Documents/RobC/20260801/VF1_2_1\VF1_2_1-00000061_0.tif,C:/Users/VicUser/Documents/RobC/20260801/VF1_2_1\VF1_2_1-00000061_1.tif,58.468884,58.469211,0.122826,-10.383721,-10.430638,-10.389762,0.374661,0.000000,0.000000,0.000000
62,C:/Users/VicUser/Documents/RobC/20260801/VF1_2_1\VF1_2_1-00000062_0.tif,C:/Users/VicUser/Documents/RobC/20260801/VF1_2_1\VF1_2_1-00000062_1.tif,58.968921,58.969379,0.129521,-10.383721,-10.430638,-10.389762,0.394330,0.000000,0.000000,0.000000
63,C:/Users/VicUser/Documents/RobC/20260801/VF1_2_1\VF1_2_1-00000063_0.tif,C:/Users/VicUser/Documents/RobC/20260801/VF1_2_1\VF1_2_1-00000063_1.tif,59.468910,59.469205,0.136216,-10.383721,-10.430638,-10.389762,0.414000,0.000000,0.000000,0.000000
64,C:/Users/VicUser/Documents/RobC/20260801/VF1_2_1\VF1_2_1-00000064_0.tif,C:/Users/VicUser/Documents/RobC/20260801/VF1_2_1\VF1_2_1-00000064_1.tif,59.968876,59.969236,0.142274,-10.383721,-10.430638,-10.389762,0.431797,0.000000,0.000000,0.000000
65,C:/Users/VicUser/Documents/RobC/20260801/VF1_2_1\VF1_2_1-00000065_0.tif,C:/Users/VicUser/Documents/RobC/20260801/VF1_2_1\VF1_2_1-00000065_1.tif,60.468893,60.469444,0.147693,-10.383721,-10.430638,-10.389762,0.447720,0.000000,0.000000,0.000000
66,C:/Users/VicUser/Documents/RobC/20260801/VF1_2_1\VF1_2_1-00000066_0.tif,C:/Users/VicUser/Documents/RobC/20260801/VF1_2_1\VF1_2_1-00000066_1.tif,60.968879,60.969115,0.152475,-10.383721,-10.430638,-10.389762,0.461769,0.000000,0.000000,0.000000
67,C:/Users/VicUser/Documents/RobC/20260801/VF1_2_1\VF1_2_1-00000067_0.tif,C:/Users/VicUser/Documents/RobC/20260801/VF1_2_1\VF1_2_1-00000067_1.tif,61.469022,61.469399,0.156301,-10.383721,-10.430638,-10.389762,0.473009,0.000000,0.000000,0.000000
68,C:/Users/VicUser/Documents/RobC/20260801/VF1_2_1\VF1_2_1-00000068_0.tif,C:/Users/VicUser/Documents/RobC/20260801/VF1_2_1\VF1_2_1-00000068_1.tif,61.968989,61.969385,0.160127,-10.383721,-10.430638,-10.389762,0.484249,0.000000,0.000000,0.000000
69,C:/Users/VicUser/Documents/RobC/20260801/VF1_2_1\VF1_2_1-00000069_0.tif,C:/Users/VicUser/Documents/RobC/20260801/VF1_2_1\VF1_2_1-00000069_1.tif,62.469023,62.469345,0.165228,-10.383721,-10.430638,-10.389762,0.499235,0.000000,0.000000,0.000000
70,C:/Users/VicUser/Documents/RobC/20260801/VF1_2_1\VF1_2_1-00000070_0.tif,C:/Users/VicUser/Documents/RobC/20260801/VF1_2_1\VF1_2_1-00000070_1.tif,62.968947,62.969203,0.170647,-10.383721,-10.430638,-10.389762,0.515159,0.000000,0.000000,0.000000
71,C:/Users/VicUser/Documents/RobC/20260801/VF1_2_1\VF1_2_1-00000071_0.tif,C:/Users/VicUser/Documents/RobC/20260801/VF1_2_1\VF1_2_1-00000071_1.tif,63.468931,63.469352,0.176067,-10.383721,-10.430638,-10.389762,0.531082,0.000000,0.000000,0.000000
72,C:/Users/VicUser/Documents/RobC/20260801/VF1_2_1\VF1_2_1-00000072_0.tif,C:/Users/VicUser/Documents/RobC/20260801/VF1_2_1\VF1_2_1-00000072_1.tif,63.968922,63.969242,0.180530,-10.383721,-10.430638,-10.389762,0.544195,0.000000,0.000000,0.000000
73,C:/Users/VicUser/Documents/RobC/20260801/VF1_2_1\VF1_2_1-00000073_0.tif,C:/Users/VicUser/Documents/RobC/20260801/VF1_2_1\VF1_2_1-00000073_1.tif,64.468955,64.469242,0.184037,-10.383721,-10.430638,-10.389762,0.554498,0.000000,0.000000,0.000000
74,C:/Users/VicUser/Documents/RobC/20260801/VF1_2_1\VF1_2_1-00000074_0.tif,C:/Users/VicUser/Documents/RobC/20260801/VF1_2_1\VF1_2_1-00000074_1.tif,64.968877,64.969202,0.189457,-10.383721,-10.430638,-10.389762,0.570421,0.000000,0.000000,0.000000
75,C:/Users/VicUser/Documents/RobC/20260801/VF1_2_1\VF1_2_1-00000075_0.tif,C:/Users/VicUser/Documents/RobC/20260801/VF1_2_1\VF1_2_1-00000075_1.tif,65.468858,65.469464,0.194239,-10.383721,-10.430638,-10.389762,0.584471,0.000000,0.000000,0.000000
76,C:/Users/VicUser/Documents/RobC/20260801/VF1_2_1\VF1_2_1-00000076_0.tif,C:/Users/VicUser/Documents/RobC/20260801/VF1_2_1\VF1_2_1-00000076_1.tif,65.968904,65.969364,0.199340,-10.383721,-10.430638,-10.389762,0.599457,0.000000,0.000000,0.000000
77,C:/Users/VicUser/Documents/RobC/20260801/VF1_2_1\VF1_2_1-00000077_0.tif,C:/Users/VicUser/Documents/RobC/20260801/VF1_2_1\VF1_2_1-00000077_1.tif,66.468897,66.469222,0.202528,-10.383721,-10.430638,-10.389762,0.608824,0.000000,0.000000,0.000000
78,C:/Users/VicUser/Documents/RobC/20260801/VF1_2_1\VF1_2_1-00000078_0.tif,C:/Users/VicUser/Documents/RobC/20260801/VF1_2_1\VF1_2_1-00000078_1.tif,66.968851,66.969139,0.206672,-10.383721,-10.430638,-10.389762,0.621000,0.000000,0.000000,0.000000
79,C:/Users/VicUser/Documents/RobC/20260801/VF1_2_1\VF1_2_1-00000079_0.tif,C:/Users/VicUser/Documents/RobC/20260801/VF1_2_1\VF1_2_1-00000079_1.tif,67.468902,67.469209,0.213049,-10.383721,-10.430638,-10.389762,0.639733,0.000000,0.000000,0.000000
80,C:/Users/VicUser/Documents/RobC/20260801/VF1_2_1\VF1_2_1-00000080_0.tif,C:/Users/VicUser/Documents/RobC/20260801/VF1_2_1\VF1_2_1-00000080_1.tif,67.968865,67.969198,0.216555,-10.383721,-10.430638,-10.389762,0.650036,0.000000,0.000000,0.000000
81,C:/Users/VicUser/Documents/RobC/20260801/VF1_2_1\VF1_2_1-00000081_0.tif,C:/Users/VicUser/Documents/RobC/20260801/VF1_2_1\VF1_2_1-00000081_1.tif,68.468891,68.469334,0.220062,-10.383721,-10.430638,-10.389762,0.660340,0.000000,0.000000,0.000000
82,C:/Users/VicUser/Documents/RobC/20260801/VF1_2_1\VF1_2_1-00000082_0.tif,C:/Users/VicUser/Documents/RobC/20260801/VF1_2_1\VF1_2_1-00000082_1.tif,68.968835,68.969120,0.224844,-10.383721,-10.430638,-10.389762,0.674389,0.000000,0.000000,0.000000
83,C:/Users/VicUser/Documents/RobC/20260801/VF1_2_1\VF1_2_1-00000083_0.tif,C:/Users/VicUser/Documents/RobC/20260801/VF1_2_1\VF1_2_1-00000083_1.tif,69.468908,69.469314,0.228670,-10.383721,-10.430638,-10.389762,0.685629,0.000000,0.000000,0.000000
84,C:/Users/VicUser/Documents/RobC/20260801/VF1_2_1\VF1_2_1-00000084_0.tif,C:/Users/VicUser/Documents/RobC/20260801/VF1_2_1\VF1_2_1-00000084_1.tif,69.968866,69.969226,0.233133,-10.383721,-10.430638,-10.389762,0.698742,0.000000,0.000000,0.000000
85,C:/Users/VicUser/Documents/RobC/20260801/VF1_2_1\VF1_2_1-00000085_0.tif,C:/Users/VicUser/Documents/RobC/20260801/VF1_2_1\VF1_2_1-00000085_1.tif,70.468900,70.469257,0.239191,-10.383721,-10.430638,-10.389762,0.716539,0.000000,0.000000,0.000000
86,C:/Users/VicUser/Documents/RobC/20260801/VF1_2_1\VF1_2_1-00000086_0.tif,C:/Users/VicUser/Documents/RobC/20260801/VF1_2_1\VF1_2_1-00000086_1.tif,70.968911,70.969205,0.244292,-10.383721,-10.430638,-10.389762,0.731525,0.000000,0.000000,0.000000
87,C:/Users/VicUser/Documents/RobC/20260801/VF1_2_1\VF1_2_1-00000087_0.tif,C:/Users/VicUser/Documents/RobC/20260801/VF1_2_1\VF1_2_1-00000087_1.tif,71.468878,71.469287,0.248436,-10.383721,-10.430638,-10.389762,0.743702,0.000000,0.000000,0.000000
88,C:/Users/VicUser/Documents/RobC/20260801/VF1_2_1\VF1_2_1-00000088_0.tif,C:/Users/VicUser/Documents/RobC/20260801/VF1_2_1\VF1_2_1-00000088_1.tif,71.968882,71.969246,0.254812,-10.383721,-10.430638,-10.389762,0.762435,0.000000,0.000000,0.000000
89,C:/Users/VicUser/Documents/RobC/20260801/VF1_2_1\VF1_2_1-00000089_0.tif,C:/Users/VicUser/Documents/RobC/20260801/VF1_2_1\VF1_2_1-00000089_1.tif,72.468911,72.469266,0.260551,-10.383721,-10.430638,-10.389762,0.779294,0.000000,0.000000,0.000000
90,C:/Users/VicUser/Documents/RobC/20260801/VF1_2_1\VF1_2_1-00000090_0.tif,C:/Users/VicUser/Documents/RobC/20260801/VF1_2_1\VF1_2_1-00000090_1.tif,72.968858,72.969196,0.265652,-10.383721,-10.430638,-10.389762,0.794281,0.000000,0.000000,0.000000
91,C:/Users/VicUser/Documents/RobC/20260801/VF1_2_1\VF1_2_1-00000091_0.tif,C:/Users/VicUser/Documents/RobC/20260801/VF1_2_1\VF1_2_1-00000091_1.tif,73.468838,73.469139,0.270752,-10.383721,-10.430638,-10.389762,0.809267,0.000000,0.000000,0.000000
92,C:/Users/VicUser/Documents/RobC/20260801/VF1_2_1\VF1_2_1-00000092_0.tif,C:/Users/VicUser/Documents/RobC/20260801/VF1_2_1\VF1_2_1-00000092_1.tif,73.968901,73.969204,0.274897,-10.383721,-10.430638,-10.389762,0.821444,0.000000,0.000000,0.000000
93,C:/Users/VicUser/Documents/RobC/20260801/VF1_2_1\VF1_2_1-00000093_0.tif,C:/Users/VicUser/Documents/RobC/20260801/VF1_2_1\VF1_2_1-00000093_1.tif,74.468903,74.469216,0.282229,-10.383721,-10.430638,-10.389762,0.842987,0.000000,0.000000,0.000000
94,C:/Users/VicUser/Documents/RobC/20260801/VF1_2_1\VF1_2_1-00000094_0.tif,C:/Users/VicUser/Documents/RobC/20260801/VF1_2_1\VF1_2_1-00000094_1.tif,74.968849,74.969145,0.287330,-10.383721,-10.430638,-10.389762,0.857973,0.000000,0.000000,0.000000
95,C:/Users/VicUser/Documents/RobC/20260801/VF1_2_1\VF1_2_1-00000095_0.tif,C:/Users/VicUser/Documents/RobC/20260801/VF1_2_1\VF1_2_1-00000095_1.tif,75.468865,75.469104,0.293388,-10.383721,-10.430638,-10.389762,0.875770,0.000000,0.000000,0.000000
96,C:/Users/VicUser/Documents/RobC/20260801/VF1_2_1\VF1_2_1-00000096_0.tif,C:/Users/VicUser/Documents/RobC/20260801/VF1_2_1\VF1_2_1-00000096_1.tif,75.968861,75.969047,0.297532,-10.383721,-10.430638,-10.389762,0.887946,0.000000,0.000000,0.000000
97,C:/Users/VicUser/Documents/RobC/20260801/VF1_2_1\VF1_2_1-00000097_0.tif,C:/Users/VicUser/Documents/RobC/20260801/VF1_2_1\VF1_2_1-00000097_1.tif,76.468852,76.469153,0.303271,-10.383721,-10.430638,-10.389762,0.904806,0.000000,0.000000,0.000000
98,C:/Users/VicUser/Documents/RobC/20260801/VF1_2_1\VF1_2_1-00000098_0.tif,C:/Users/VicUser/Documents/RobC/20260801/VF1_2_1\VF1_2_1-00000098_1.tif,76.968868,76.969126,0.309009,-10.383721,-10.430638,-10.389762,0.921666,0.000000,0.000000,0.000000
99,C:/Users/VicUser/Documents/RobC/20260801/VF1_2_1\VF1_2_1-00000099_0.tif,C:/Users/VicUser/Documents/RobC/20260801/VF1_2_1\VF1_2_1-00000099_1.tif,77.468909,77.469316,0.314429,-10.383721,-10.430638,-10.389762,0.937589,0.000000,0.000000,0.000000
100,C:/Users/VicUser/Documents/RobC/20260801/VF1_2_1\VF1_2_1-00000100_0.tif,C:/Users/VicUser/Documents/RobC/20260801/VF1_2_1\VF1_2_1-00000100_1.tif,77.968892,77.969243,0.319211,-10.383721,-10.430638,-10.389762,0.951638,0.000000,0.000000,0.000000
101,C:/Users/VicUser/Documents/RobC/20260801/VF1_2_1\VF1_2_1-00000101_0.tif,C:/Users/VicUser/Documents/RobC/20260801/VF1_2_1\VF1_2_1-00000101_1.tif,78.468886,78.469130,0.324312,-10.383721,-10.430638,-10.389762,0.966625,0.000000,0.000000,0.000000
102,C:/Users/VicUser/Documents/RobC/20260801/VF1_2_1\VF1_2_1-00000102_0.tif,C:/Users/VicUser/Documents/RobC/20260801/VF1_2_1\VF1_2_1-00000102_1.tif,78.968877,78.969229,0.331326,-10.383721,-10.430638,-10.389762,0.987231,0.000000,0.000000,0.000000
103,C:/Users/VicUser/Documents/RobC/20260801/VF1_2_1\VF1_2_1-00000103_0.tif,C:/Users/VicUser/Documents/RobC/20260801/VF1_2_1\VF1_2_1-00000103_1.tif,79.468869,79.469210,0.336108,-10.383721,-10.430638,-10.389762,1.001281,0.000000,0.000000,0.000000
104,C:/Users/VicUser/Documents/RobC/20260801/VF1_2_1\VF1_2_1-00000104_0.tif,C:/Users/VicUser/Documents/RobC/20260801/VF1_2_1\VF1_2_1-00000104_1.tif,79.968883,79.969285,0.341527,-10.383721,-10.430638,-10.389762,1.017204,0.000000,0.000000,0.000000
105,C:/Users/VicUser/Documents/RobC/20260801/VF1_2_1\VF1_2_1-00000105_0.tif,C:/Users/VicUser/Documents/RobC/20260801/VF1_2_1\VF1_2_1-00000105_1.tif,80.468944,80.469310,0.349497,-10.383721,-10.430638,-10.389762,1.040620,0.000000,0.000000,0.000000
106,C:/Users/VicUser/Documents/RobC/20260801/VF1_2_1\VF1_2_1-00000106_0.tif,C:/Users/VicUser/Documents/RobC/20260801/VF1_2_1\VF1_2_1-00000106_1.tif,80.968869,80.969195,0.352686,-10.383721,-10.430638,-10.389762,1.049987,0.000000,0.000000,0.000000
107,C:/Users/VicUser/Documents/RobC/20260801/VF1_2_1\VF1_2_1-00000107_0.tif,C:/Users/VicUser/Documents/RobC/20260801/VF1_2_1\VF1_2_1-00000107_1.tif,81.468905,81.469270,0.358743,-10.383721,-10.430638,-10.389762,1.067783,0.000000,0.000000,0.000000
108,C:/Users/VicUser/Documents/RobC/20260801/VF1_2_1\VF1_2_1-00000108_0.tif,C:/Users/VicUser/Documents/RobC/20260801/VF1_2_1\VF1_2_1-00000108_1.tif,81.968938,81.969207,0.363844,-10.383721,-10.430638,-10.389762,1.082770,0.000000,0.000000,0.000000
109,C:/Users/VicUser/Documents/RobC/20260801/VF1_2_1\VF1_2_1-00000109_0.tif,C:/Users/VicUser/Documents/RobC/20260801/VF1_2_1\VF1_2_1-00000109_1.tif,82.468883,82.469401,0.369582,-10.383721,-10.430638,-10.389762,1.099629,0.000000,0.000000,0.000000
110,C:/Users/VicUser/Documents/RobC/20260801/VF1_2_1\VF1_2_1-00000110_0.tif,C:/Users/VicUser/Documents/RobC/20260801/VF1_2_1\VF1_2_1-00000110_1.tif,82.968763,82.969066,0.373727,-10.383721,-10.430638,-10.389762,1.111806,0.000000,0.000000,0.000000
111,C:/Users/VicUser/Documents/RobC/20260801/VF1_2_1\VF1_2_1-00000111_0.tif,C:/Users/VicUser/Documents/RobC/20260801/VF1_2_1\VF1_2_1-00000111_1.tif,83.468877,83.469156,0.379146,-10.383721,-10.430638,-10.389762,1.127729,0.000000,0.000000,0.000000
112,C:/Users/VicUser/Documents/RobC/20260801/VF1_2_1\VF1_2_1-00000112_0.tif,C:/Users/VicUser/Documents/RobC/20260801/VF1_2_1\VF1_2_1-00000112_1.tif,83.968873,83.969292,0.384566,-10.383721,-10.430638,-10.389762,1.143652,0.000000,0.000000,0.000000
113,C:/Users/VicUser/Documents/RobC/20260801/VF1_2_1\VF1_2_1-00000113_0.tif,C:/Users/VicUser/Documents/RobC/20260801/VF1_2_1\VF1_2_1-00000113_1.tif,84.468896,84.469318,0.392218,-10.383721,-10.430638,-10.389762,1.166132,0.000000,0.000000,0.000000
114,C:/Users/VicUser/Documents/RobC/20260801/VF1_2_1\VF1_2_1-00000114_0.tif,C:/Users/VicUser/Documents/RobC/20260801/VF1_2_1\VF1_2_1-00000114_1.tif,84.968907,84.969273,0.396043,-10.383721,-10.430638,-10.389762,1.177372,0.000000,0.000000,0.000000
115,C:/Users/VicUser/Documents/RobC/20260801/VF1_2_1\VF1_2_1-00000115_0.tif,C:/Users/VicUser/Documents/RobC/20260801/VF1_2_1\VF1_2_1-00000115_1.tif,85.468910,85.469301,0.402419,-10.383721,-10.430638,-10.389762,1.196105,0.000000,0.000000,0.000000
116,C:/Users/VicUser/Documents/RobC/20260801/VF1_2_1\VF1_2_1-00000116_0.tif,C:/Users/VicUser/Documents/RobC/20260801/VF1_2_1\VF1_2_1-00000116_1.tif,85.968888,85.969215,0.407201,-10.383721,-10.430638,-10.389762,1.210154,0.000000,0.000000,0.000000
117,C:/Users/VicUser/Documents/RobC/20260801/VF1_2_1\VF1_2_1-00000117_0.tif,C:/Users/VicUser/Documents/RobC/20260801/VF1_2_1\VF1_2_1-00000117_1.tif,86.468921,86.469298,0.411665,-10.383721,-10.430638,-10.389762,1.223267,0.000000,0.000000,0.000000
118,C:/Users/VicUser/Documents/RobC/20260801/VF1_2_1\VF1_2_1-00000118_0.tif,C:/Users/VicUser/Documents/RobC/20260801/VF1_2_1\VF1_2_1-00000118_1.tif,86.968887,86.969304,0.417403,-10.383721,-10.430638,-10.389762,1.240127,0.000000,0.000000,0.000000
119,C:/Users/VicUser/Documents/RobC/20260801/VF1_2_1\VF1_2_1-00000119_0.tif,C:/Users/VicUser/Documents/RobC/20260801/VF1_2_1\VF1_2_1-00000119_1.tif,87.468886,87.469244,0.422504,-10.383721,-10.430638,-10.389762,1.255114,0.000000,0.000000,0.000000
120,C:/Users/VicUser/Documents/RobC/20260801/VF1_2_1\VF1_2_1-00000120_0.tif,C:/Users/VicUser/Documents/RobC/20260801/VF1_2_1\VF1_2_1-00000120_1.tif,87.968841,87.969204,0.428561,-10.383721,-10.430638,-10.389762,1.272910,0.000000,0.000000,0.000000
121,C:/Users/VicUser/Documents/RobC/20260801/VF1_2_1\VF1_2_1-00000121_0.tif,C:/Users/VicUser/Documents/RobC/20260801/VF1_2_1\VF1_2_1-00000121_1.tif,88.468914,88.469263,0.433343,-10.383721,-10.430638,-10.389762,1.286960,0.000000,0.000000,0.000000
122,C:/Users/VicUser/Documents/RobC/20260801/VF1_2_1\VF1_2_1-00000122_0.tif,C:/Users/VicUser/Documents/RobC/20260801/VF1_2_1\VF1_2_1-00000122_1.tif,88.968898,88.969238,0.439401,-10.383721,-10.430638,-10.389762,1.304756,0.000000,0.000000,0.000000
123,C:/Users/VicUser/Documents/RobC/20260801/VF1_2_1\VF1_2_1-00000123_0.tif,C:/Users/VicUser/Documents/RobC/20260801/VF1_2_1\VF1_2_1-00000123_1.tif,89.468976,89.469541,0.443864,-10.383721,-10.430638,-10.389762,1.317869,0.000000,0.000000,0.000000
124,C:/Users/VicUser/Documents/RobC/20260801/VF1_2_1\VF1_2_1-00000124_0.tif,C:/Users/VicUser/Documents/RobC/20260801/VF1_2_1\VF1_2_1-00000124_1.tif,89.968912,89.969220,0.449921,-10.383721,-10.430638,-10.389762,1.335666,0.000000,0.000000,0.000000
125,C:/Users/VicUser/Documents/RobC/20260801/VF1_2_1\VF1_2_1-00000125_0.tif,C:/Users/VicUser/Documents/RobC/20260801/VF1_2_1\VF1_2_1-00000125_1.tif,90.468898,90.469253,0.453428,-10.383721,-10.430638,-10.389762,1.345969,0.000000,0.000000,0.000000
126,C:/Users/VicUser/Documents/RobC/20260801/VF1_2_1\VF1_2_1-00000126_0.tif,C:/Users/VicUser/Documents/RobC/20260801/VF1_2_1\VF1_2_1-00000126_1.tif,90.968929,90.969248,0.461080,-10.383721,-10.430638,-10.389762,1.368449,0.000000,0.000000,0.000000
127,C:/Users/VicUser/Documents/RobC/20260801/VF1_2_1\VF1_2_1-00000127_0.tif,C:/Users/VicUser/Documents/RobC/20260801/VF1_2_1\VF1_2_1-00000127_1.tif,91.468956,91.469268,0.465543,-10.383721,-10.430638,-10.389762,1.381562,0.000000,0.000000,0.000000
128,C:/Users/VicUser/Documents/RobC/20260801/VF1_2_1\VF1_2_1-00000128_0.tif,C:/Users/VicUser/Documents/RobC/20260801/VF1_2_1\VF1_2_1-00000128_1.tif,91.969008,91.969195,0.471281,-10.383721,-10.430638,-10.389762,1.398421,0.000000,0.000000,0.000000
129,C:/Users/VicUser/Documents/RobC/20260801/VF1_2_1\VF1_2_1-00000129_0.tif,C:/Users/VicUser/Documents/RobC/20260801/VF1_2_1\VF1_2_1-00000129_1.tif,92.468895,92.469326,0.476701,-10.383721,-10.430638,-10.389762,1.414345,0.000000,0.000000,0.000000
130,C:/Users/VicUser/Documents/RobC/20260801/VF1_2_1\VF1_2_1-00000130_0.tif,C:/Users/VicUser/Documents/RobC/20260801/VF1_2_1\VF1_2_1-00000130_1.tif,92.968880,92.969137,0.482758,-10.383721,-10.430638,-10.389762,1.432141,0.000000,0.000000,0.000000
131,C:/Users/VicUser/Documents/RobC/20260801/VF1_2_1\VF1_2_1-00000131_0.tif,C:/Users/VicUser/Documents/RobC/20260801/VF1_2_1\VF1_2_1-00000131_1.tif,93.468923,93.469198,0.489135,-10.383721,-10.430638,-10.389762,1.450874,0.000000,0.000000,0.000000
132,C:/Users/VicUser/Documents/RobC/20260801/VF1_2_1\VF1_2_1-00000132_0.tif,C:/Users/VicUser/Documents/RobC/20260801/VF1_2_1\VF1_2_1-00000132_1.tif,93.968859,93.969397,0.495511,-10.383721,-10.430638,-10.389762,1.469607,0.000000,0.000000,0.000000
133,C:/Users/VicUser/Documents/RobC/20260801/VF1_2_1\VF1_2_1-00000133_0.tif,C:/Users/VicUser/Documents/RobC/20260801/VF1_2_1\VF1_2_1-00000133_1.tif,94.468894,94.469272,0.501887,-10.383721,-10.430638,-10.389762,1.488340,0.000000,0.000000,0.000000
134,C:/Users/VicUser/Documents/RobC/20260801/VF1_2_1\VF1_2_1-00000134_0.tif,C:/Users/VicUser/Documents/RobC/20260801/VF1_2_1\VF1_2_1-00000134_1.tif,94.968889,94.969203,0.506031,-10.383721,-10.430638,-10.389762,1.500517,0.000000,0.000000,0.000000
135,C:/Users/VicUser/Documents/RobC/20260801/VF1_2_1\VF1_2_1-00000135_0.tif,C:/Users/VicUser/Documents/RobC/20260801/VF1_2_1\VF1_2_1-00000135_1.tif,95.468874,95.469159,0.512089,-10.383721,-10.430638,-10.389762,1.518313,0.000000,0.000000,0.000000
136,C:/Users/VicUser/Documents/RobC/20260801/VF1_2_1\VF1_2_1-00000136_0.tif,C:/Users/VicUser/Documents/RobC/20260801/VF1_2_1\VF1_2_1-00000136_1.tif,95.968867,95.969224,0.518784,-10.383721,-10.430638,-10.389762,1.537983,0.000000,0.000000,0.000000
137,C:/Users/VicUser/Documents/RobC/20260801/VF1_2_1\VF1_2_1-00000137_0.tif,C:/Users/VicUser/Documents/RobC/20260801/VF1_2_1\VF1_2_1-00000137_1.tif,96.468943,96.469325,0.523884,-10.383721,-10.430638,-10.389762,1.552969,0.000000,0.000000,0.000000
138,C:/Users/VicUser/Documents/RobC/20260801/VF1_2_1\VF1_2_1-00000138_0.tif,C:/Users/VicUser/Documents/RobC/20260801/VF1_2_1\VF1_2_1-00000138_1.tif,96.968866,96.969234,0.530579,-10.383721,-10.430638,-10.389762,1.572639,0.000000,0.000000,0.000000
139,C:/Users/VicUser/Documents/RobC/20260801/VF1_2_1\VF1_2_1-00000139_0.tif,C:/Users/VicUser/Documents/RobC/20260801/VF1_2_1\VF1_2_1-00000139_1.tif,97.468899,97.469249,0.536955,-10.383721,-10.430638,-10.389762,1.591372,0.000000,0.000000,0.000000
140,C:/Users/VicUser/Documents/RobC/20260801/VF1_2_1\VF1_2_1-00000140_0.tif,C:/Users/VicUser/Documents/RobC/20260801/VF1_2_1\VF1_2_1-00000140_1.tif,97.968904,97.969145,0.541737,-10.383721,-10.430638,-10.389762,1.605421,0.000000,0.000000,0.000000
141,C:/Users/VicUser/Documents/RobC/20260801/VF1_2_1\VF1_2_1-00000141_0.tif,C:/Users/VicUser/Documents/RobC/20260801/VF1_2_1\VF1_2_1-00000141_1.tif,98.468845,98.469181,0.548751,-10.383721,-10.430638,-10.389762,1.626028,0.000000,0.000000,0.000000
142,C:/Users/VicUser/Documents/RobC/20260801/VF1_2_1\VF1_2_1-00000142_0.tif,C:/Users/VicUser/Documents/RobC/20260801/VF1_2_1\VF1_2_1-00000142_1.tif,98.968866,98.969176,0.555446,-10.383721,-10.430638,-10.389762,1.645698,0.000000,0.000000,0.000000
143,C:/Users/VicUser/Documents/RobC/20260801/VF1_2_1\VF1_2_1-00000143_0.tif,C:/Users/VicUser/Documents/RobC/20260801/VF1_2_1\VF1_2_1-00000143_1.tif,99.468923,99.469258,0.560228,-10.383721,-10.430638,-10.389762,1.659747,0.000000,0.000000,0.000000
144,C:/Users/VicUser/Documents/RobC/20260801/VF1_2_1\VF1_2_1-00000144_0.tif,C:/Users/VicUser/Documents/RobC/20260801/VF1_2_1\VF1_2_1-00000144_1.tif,99.968783,99.969116,0.565967,-10.383721,-10.430638,-10.389762,1.676607,0.000000,0.000000,0.000000
145,C:/Users/VicUser/Documents/RobC/20260801/VF1_2_1\VF1_2_1-00000145_0.tif,C:/Users/VicUser/Documents/RobC/20260801/VF1_2_1\VF1_2_1-00000145_1.tif,100.468912,100.469269,0.572024,-10.383721,-10.430638,-10.389762,1.694404,0.000000,0.000000,0.000000
146,C:/Users/VicUser/Documents/RobC/20260801/VF1_2_1\VF1_2_1-00000146_0.tif,C:/Users/VicUser/Documents/RobC/20260801/VF1_2_1\VF1_2_1-00000146_1.tif,100.968941,100.969312,0.577763,-10.383721,-10.430638,-10.389762,1.711263,0.000000,0.000000,0.000000
147,C:/Users/VicUser/Documents/RobC/20260801/VF1_2_1\VF1_2_1-00000147_0.tif,C:/Users/VicUser/Documents/RobC/20260801/VF1_2_1\VF1_2_1-00000147_1.tif,101.468853,101.469155,0.583501,-10.383721,-10.430638,-10.389762,1.728123,0.000000,0.000000,0.000000
148,C:/Users/VicUser/Documents/RobC/20260801/VF1_2_1\VF1_2_1-00000148_0.tif,C:/Users/VicUser/Documents/RobC/20260801/VF1_2_1\VF1_2_1-00000148_1.tif,101.968858,101.969200,0.589558,-10.383721,-10.430638,-10.389762,1.745919,0.000000,0.000000,0.000000
149,C:/Users/VicUser/Documents/RobC/20260801/VF1_2_1\VF1_2_1-00000149_0.tif,C:/Users/VicUser/Documents/RobC/20260801/VF1_2_1\VF1_2_1-00000149_1.tif,102.468912,102.469288,0.594341,-10.383721,-10.430638,-10.389762,1.759969,0.000000,0.000000,0.000000
150,C:/Users/VicUser/Documents/RobC/20260801/VF1_2_1\VF1_2_1-00000150_0.tif,C:/Users/VicUser/Documents/RobC/20260801/VF1_2_1\VF1_2_1-00000150_1.tif,102.968858,102.969155,0.598485,-10.383721,-10.430638,-10.389762,1.772146,0.000000,0.000000,0.000000
151,C:/Users/VicUser/Documents/RobC/20260801/VF1_2_1\VF1_2_1-00000151_0.tif,C:/Users/VicUser/Documents/RobC/20260801/VF1_2_1\VF1_2_1-00000151_1.tif,103.468895,103.469252,0.606774,-10.383721,-10.430638,-10.389762,1.796499,0.000000,0.000000,0.000000
152,C:/Users/VicUser/Documents/RobC/20260801/VF1_2_1\VF1_2_1-00000152_0.tif,C:/Users/VicUser/Documents/RobC/20260801/VF1_2_1\VF1_2_1-00000152_1.tif,103.968904,103.969218,0.612194,-10.383721,-10.430638,-10.389762,1.812422,0.000000,0.000000,0.000000
153,C:/Users/VicUser/Documents/RobC/20260801/VF1_2_1\VF1_2_1-00000153_0.tif,C:/Users/VicUser/Documents/RobC/20260801/VF1_2_1\VF1_2_1-00000153_1.tif,104.468889,104.469147,0.616338,-10.383721,-10.430638,-10.389762,1.824598,0.000000,0.000000,0.000000
154,C:/Users/VicUser/Documents/RobC/20260801/VF1_2_1\VF1_2_1-00000154_0.tif,C:/Users/VicUser/Documents/RobC/20260801/VF1_2_1\VF1_2_1-00000154_1.tif,104.968913,104.969257,0.621439,-10.383721,-10.430638,-10.389762,1.839585,0.000000,0.000000,0.000000
155,C:/Users/VicUser/Documents/RobC/20260801/VF1_2_1\VF1_2_1-00000155_0.tif,C:/Users/VicUser/Documents/RobC/20260801/VF1_2_1\VF1_2_1-00000155_1.tif,105.468863,105.469193,0.626859,-10.383721,-10.430638,-10.389762,1.855508,0.000000,0.000000,0.000000
156,C:/Users/VicUser/Documents/RobC/20260801/VF1_2_1\VF1_2_1-00000156_0.tif,C:/Users/VicUser/Documents/RobC/20260801/VF1_2_1\VF1_2_1-00000156_1.tif,105.968855,105.969072,0.633554,-10.383721,-10.430638,-10.389762,1.875177,0.000000,0.000000,0.000000
157,C:/Users/VicUser/Documents/RobC/20260801/VF1_2_1\VF1_2_1-00000157_0.tif,C:/Users/VicUser/Documents/RobC/20260801/VF1_2_1\VF1_2_1-00000157_1.tif,106.468910,106.469289,0.639292,-10.383721,-10.430638,-10.389762,1.892037,0.000000,0.000000,0.000000
158,C:/Users/VicUser/Documents/RobC/20260801/VF1_2_1\VF1_2_1-00000158_0.tif,C:/Users/VicUser/Documents/RobC/20260801/VF1_2_1\VF1_2_1-00000158_1.tif,106.968888,106.969227,0.645987,-10.383721,-10.430638,-10.389762,1.911707,0.000000,0.000000,0.000000
159,C:/Users/VicUser/Documents/RobC/20260801/VF1_2_1\VF1_2_1-00000159_0.tif,C:/Users/VicUser/Documents/RobC/20260801/VF1_2_1\VF1_2_1-00000159_1.tif,107.468881,107.469142,0.650450,-10.383721,-10.430638,-10.389762,1.924820,0.000000,0.000000,0.000000
160,C:/Users/VicUser/Documents/RobC/20260801/VF1_2_1\VF1_2_1-00000160_0.tif,C:/Users/VicUser/Documents/RobC/20260801/VF1_2_1\VF1_2_1-00000160_1.tif,107.968885,107.969258,0.656826,-10.383721,-10.430638,-10.389762,1.943553,0.000000,0.000000,0.000000
161,C:/Users/VicUser/Documents/RobC/20260801/VF1_2_1\VF1_2_1-00000161_0.tif,C:/Users/VicUser/Documents/RobC/20260801/VF1_2_1\VF1_2_1-00000161_1.tif,108.468871,108.469260,0.663203,-10.383721,-10.430638,-10.389762,1.962286,0.000000,0.000000,0.000000
162,C:/Users/VicUser/Documents/RobC/20260801/VF1_2_1\VF1_2_1-00000162_0.tif,C:/Users/VicUser/Documents/RobC/20260801/VF1_2_1\VF1_2_1-00000162_1.tif,108.968909,108.969229,0.669260,-10.383721,-10.430638,-10.389762,1.980082,0.000000,0.000000,0.000000
163,C:/Users/VicUser/Documents/RobC/20260801/VF1_2_1\VF1_2_1-00000163_0.tif,C:/Users/VicUser/Documents/RobC/20260801/VF1_2_1\VF1_2_1-00000163_1.tif,109.468840,109.469145,0.674361,-10.383721,-10.430638,-10.389762,1.995069,0.000000,0.000000,0.000000
164,C:/Users/VicUser/Documents/RobC/20260801/VF1_2_1\VF1_2_1-00000164_0.tif,C:/Users/VicUser/Documents/RobC/20260801/VF1_2_1\VF1_2_1-00000164_1.tif,109.968848,109.969136,0.679781,-10.383721,-10.430638,-10.389762,2.010992,0.000000,0.000000,0.000000
165,C:/Users/VicUser/Documents/RobC/20260801/VF1_2_1\VF1_2_1-00000165_0.tif,C:/Users/VicUser/Documents/RobC/20260801/VF1_2_1\VF1_2_1-00000165_1.tif,110.468896,110.469347,0.686475,-10.383721,-10.430638,-10.389762,2.030662,0.000000,0.000000,0.000000
166,C:/Users/VicUser/Documents/RobC/20260801/VF1_2_1\VF1_2_1-00000166_0.tif,C:/Users/VicUser/Documents/RobC/20260801/VF1_2_1\VF1_2_1-00000166_1.tif,110.968906,110.969246,0.693170,-10.383721,-10.430638,-10.389762,2.050331,0.000000,0.000000,0.000000
167,C:/Users/VicUser/Documents/RobC/20260801/VF1_2_1\VF1_2_1-00000167_0.tif,C:/Users/VicUser/Documents/RobC/20260801/VF1_2_1\VF1_2_1-00000167_1.tif,111.468874,111.469235,0.696677,-10.383721,-10.430638,-10.389762,2.060634,0.000000,0.000000,0.000000
168,C:/Users/VicUser/Documents/RobC/20260801/VF1_2_1\VF1_2_1-00000168_0.tif,C:/Users/VicUser/Documents/RobC/20260801/VF1_2_1\VF1_2_1-00000168_1.tif,111.968859,111.969122,0.704647,-10.383721,-10.430638,-10.389762,2.084051,0.000000,0.000000,0.000000
169,C:/Users/VicUser/Documents/RobC/20260801/VF1_2_1\VF1_2_1-00000169_0.tif,C:/Users/VicUser/Documents/RobC/20260801/VF1_2_1\VF1_2_1-00000169_1.tif,112.468884,112.469134,0.710386,-10.383721,-10.430638,-10.389762,2.100911,0.000000,0.000000,0.000000
170,C:/Users/VicUser/Documents/RobC/20260801/VF1_2_1\VF1_2_1-00000170_0.tif,C:/Users/VicUser/Documents/RobC/20260801/VF1_2_1\VF1_2_1-00000170_1.tif,112.968839,112.969146,0.716443,-10.383721,-10.430638,-10.389762,2.118707,0.000000,0.000000,0.000000
171,C:/Users/VicUser/Documents/RobC/20260801/VF1_2_1\VF1_2_1-00000171_0.tif,C:/Users/VicUser/Documents/RobC/20260801/VF1_2_1\VF1_2_1-00000171_1.tif,113.468849,113.469198,0.723776,-10.383721,-10.430638,-10.389762,2.140250,0.000000,0.000000,0.000000
172,C:/Users/VicUser/Documents/RobC/20260801/VF1_2_1\VF1_2_1-00000172_0.tif,C:/Users/VicUser/Documents/RobC/20260801/VF1_2_1\VF1_2_1-00000172_1.tif,113.968901,113.969167,0.729514,-10.383721,-10.430638,-10.389762,2.157110,0.000000,0.000000,0.000000
173,C:/Users/VicUser/Documents/RobC/20260801/VF1_2_1\VF1_2_1-00000173_0.tif,C:/Users/VicUser/Documents/RobC/20260801/VF1_2_1\VF1_2_1-00000173_1.tif,114.468849,114.469200,0.734934,-10.383721,-10.430638,-10.389762,2.173033,0.000000,0.000000,0.000000
174,C:/Users/VicUser/Documents/RobC/20260801/VF1_2_1\VF1_2_1-00000174_0.tif,C:/Users/VicUser/Documents/RobC/20260801/VF1_2_1\VF1_2_1-00000174_1.tif,114.968766,114.969066,0.742585,-10.383721,-10.430638,-10.389762,2.195512,0.000000,0.000000,0.000000
175,C:/Users/VicUser/Documents/RobC/20260801/VF1_2_1\VF1_2_1-00000175_0.tif,C:/Users/VicUser/Documents/RobC/20260801/VF1_2_1\VF1_2_1-00000175_1.tif,115.468797,115.469093,0.749280,-10.383721,-10.430638,-10.389762,2.215182,0.000000,0.000000,0.000000
176,C:/Users/VicUser/Documents/RobC/20260801/VF1_2_1\VF1_2_1-00000176_0.tif,C:/Users/VicUser/Documents/RobC/20260801/VF1_2_1\VF1_2_1-00000176_1.tif,115.968907,115.969299,0.754381,-10.383721,-10.430638,-10.389762,2.230168,0.000000,0.000000,0.000000
177,C:/Users/VicUser/Documents/RobC/20260801/VF1_2_1\VF1_2_1-00000177_0.tif,C:/Users/VicUser/Documents/RobC/20260801/VF1_2_1\VF1_2_1-00000177_1.tif,116.468894,116.469290,0.761395,-10.383721,-10.430638,-10.389762,2.250775,0.000000,0.000000,0.000000
178,C:/Users/VicUser/Documents/RobC/20260801/VF1_2_1\VF1_2_1-00000178_0.tif,C:/Users/VicUser/Documents/RobC/20260801/VF1_2_1\VF1_2_1-00000178_1.tif,116.968840,116.969177,0.767133,-10.383721,-10.430638,-10.389762,2.267634,0.000000,0.000000,0.000000
179,C:/Users/VicUser/Documents/RobC/20260801/VF1_2_1\VF1_2_1-00000179_0.tif,C:/Users/VicUser/Documents/RobC/20260801/VF1_2_1\VF1_2_1-00000179_1.tif,117.468936,117.469290,0.773510,-10.383721,-10.430638,-10.389762,2.286368,0.000000,0.000000,0.000000
180,C:/Users/VicUser/Documents/RobC/20260801/VF1_2_1\VF1_2_1-00000180_0.tif,C:/Users/VicUser/Documents/RobC/20260801/VF1_2_1\VF1_2_1-00000180_1.tif,117.968870,117.969257,0.779248,-10.383721,-10.430638,-10.389762,2.303227,0.000000,0.000000,0.000000
181,C:/Users/VicUser/Documents/RobC/20260801/VF1_2_1\VF1_2_1-00000181_0.tif,C:/Users/VicUser/Documents/RobC/20260801/VF1_2_1\VF1_2_1-00000181_1.tif,118.468822,118.469183,0.786581,-10.383721,-10.430638,-10.389762,2.324770,0.000000,0.000000,0.000000
182,C:/Users/VicUser/Documents/RobC/20260801/VF1_2_1\VF1_2_1-00000182_0.tif,C:/Users/VicUser/Documents/RobC/20260801/VF1_2_1\VF1_2_1-00000182_1.tif,118.968865,118.969134,0.792638,-10.383721,-10.430638,-10.389762,2.342567,0.000000,0.000000,0.000000
183,C:/Users/VicUser/Documents/RobC/20260801/VF1_2_1\VF1_2_1-00000183_0.tif,C:/Users/VicUser/Documents/RobC/20260801/VF1_2_1\VF1_2_1-00000183_1.tif,119.468986,119.469366,0.798058,-10.383721,-10.430638,-10.389762,2.358490,0.000000,0.000000,0.000000
184,C:/Users/VicUser/Documents/RobC/20260801/VF1_2_1\VF1_2_1-00000184_0.tif,C:/Users/VicUser/Documents/RobC/20260801/VF1_2_1\VF1_2_1-00000184_1.tif,119.969001,119.969313,0.803477,-10.383721,-10.430638,-10.389762,2.374413,0.000000,0.000000,0.000000
185,C:/Users/VicUser/Documents/RobC/20260801/VF1_2_1\VF1_2_1-00000185_0.tif,C:/Users/VicUser/Documents/RobC/20260801/VF1_2_1\VF1_2_1-00000185_1.tif,120.468932,120.469359,0.809535,-10.383721,-10.430638,-10.389762,2.392209,0.000000,0.000000,0.000000
186,C:/Users/VicUser/Documents/RobC/20260801/VF1_2_1\VF1_2_1-00000186_0.tif,C:/Users/VicUser/Documents/RobC/20260801/VF1_2_1\VF1_2_1-00000186_1.tif,120.968840,120.969244,0.814954,-10.383721,-10.430638,-10.389762,2.408132,0.000000,0.000000,0.000000
187,C:/Users/VicUser/Documents/RobC/20260801/VF1_2_1\VF1_2_1-00000187_0.tif,C:/Users/VicUser/Documents/RobC/20260801/VF1_2_1\VF1_2_1-00000187_1.tif,121.468900,121.469363,0.821330,-10.383721,-10.430638,-10.389762,2.426865,0.000000,0.000000,0.000000
188,C:/Users/VicUser/Documents/RobC/20260801/VF1_2_1\VF1_2_1-00000188_0.tif,C:/Users/VicUser/Documents/RobC/20260801/VF1_2_1\VF1_2_1-00000188_1.tif,121.968946,121.969253,0.828663,-10.383721,-10.430638,-10.389762,2.448408,0.000000,0.000000,0.000000
189,C:/Users/VicUser/Documents/RobC/20260801/VF1_2_1\VF1_2_1-00000189_0.tif,C:/Users/VicUser/Documents/RobC/20260801/VF1_2_1\VF1_2_1-00000189_1.tif,122.468951,122.469401,0.834720,-10.383721,-10.430638,-10.389762,2.466205,0.000000,0.000000,0.000000
190,C:/Users/VicUser/Documents/RobC/20260801/VF1_2_1\VF1_2_1-00000190_0.tif,C:/Users/VicUser/Documents/RobC/20260801/VF1_2_1\VF1_2_1-00000190_1.tif,122.968895,122.969213,0.841415,-10.383721,-10.430638,-10.389762,2.485874,0.000000,0.000000,0.000000
191,C:/Users/VicUser/Documents/RobC/20260801/VF1_2_1\VF1_2_1-00000191_0.tif,C:/Users/VicUser/Documents/RobC/20260801/VF1_2_1\VF1_2_1-00000191_1.tif,123.468918,123.469299,0.845241,-10.383721,-10.430638,-10.389762,2.497114,0.000000,0.000000,0.000000
192,C:/Users/VicUser/Documents/RobC/20260801/VF1_2_1\VF1_2_1-00000192_0.tif,C:/Users/VicUser/Documents/RobC/20260801/VF1_2_1\VF1_2_1-00000192_1.tif,123.968884,123.969200,0.851617,-10.383721,-10.430638,-10.389762,2.515847,0.000000,0.000000,0.000000
193,C:/Users/VicUser/Documents/RobC/20260801/VF1_2_1\VF1_2_1-00000193_0.tif,C:/Users/VicUser/Documents/RobC/20260801/VF1_2_1\VF1_2_1-00000193_1.tif,124.468893,124.469199,0.857674,-10.383721,-10.430638,-10.389762,2.533644,0.000000,0.000000,0.000000
194,C:/Users/VicUser/Documents/RobC/20260801/VF1_2_1\VF1_2_1-00000194_0.tif,C:/Users/VicUser/Documents/RobC/20260801/VF1_2_1\VF1_2_1-00000194_1.tif,124.968858,124.969155,0.864369,-10.383721,-10.430638,-10.389762,2.553313,0.000000,0.000000,0.000000
195,C:/Users/VicUser/Documents/RobC/20260801/VF1_2_1\VF1_2_1-00000195_0.tif,C:/Users/VicUser/Documents/RobC/20260801/VF1_2_1\VF1_2_1-00000195_1.tif,125.468861,125.469121,0.870108,-10.383721,-10.430638,-10.389762,2.570173,0.000000,0.000000,0.000000
196,C:/Users/VicUser/Documents/RobC/20260801/VF1_2_1\VF1_2_1-00000196_0.tif,C:/Users/VicUser/Documents/RobC/20260801/VF1_2_1\VF1_2_1-00000196_1.tif,125.968894,125.969258,0.877440,-10.383721,-10.430638,-10.389762,2.591716,0.000000,0.000000,0.000000
197,C:/Users/VicUser/Documents/RobC/20260801/VF1_2_1\VF1_2_1-00000197_0.tif,C:/Users/VicUser/Documents/RobC/20260801/VF1_2_1\VF1_2_1-00000197_1.tif,126.468914,126.469217,0.882222,-10.383721,-10.430638,-10.389762,2.605766,0.000000,0.000000,0.000000
198,C:/Users/VicUser/Documents/RobC/20260801/VF1_2_1\VF1_2_1-00000198_0.tif,C:/Users/VicUser/Documents/RobC/20260801/VF1_2_1\VF1_2_1-00000198_1.tif,126.968869,126.969172,0.888598,-10.383721,-10.430638,-10.389762,2.624499,0.000000,0.000000,0.000000
199,C:/Users/VicUser/Documents/RobC/20260801/VF1_2_1\VF1_2_1-00000199_0.tif,C:/Users/VicUser/Documents/RobC/20260801/VF1_2_1\VF1_2_1-00000199_1.tif,127.468874,127.469240,0.894337,-10.383721,-10.430638,-10.389762,2.641359,0.000000,0.000000,0.000000
200,C:/Users/VicUser/Documents/RobC/20260801/VF1_2_1\VF1_2_1-00000200_0.tif,C:/Users/VicUser/Documents/RobC/20260801/VF1_2_1\VF1_2_1-00000200_1.tif,127.968911,127.969189,0.899119,-10.383721,-10.430638,-10.389762,2.655409,0.000000,0.000000,0.000000
201,C:/Users/VicUser/Documents/RobC/20260801/VF1_2_1\VF1_2_1-00000201_0.tif,C:/Users/VicUser/Documents/RobC/20260801/VF1_2_1\VF1_2_1-00000201_1.tif,128.468894,128.469337,0.904858,-10.383721,-10.430638,-10.389762,2.672268,0.000000,0.000000,0.000000
202,C:/Users/VicUser/Documents/RobC/20260801/VF1_2_1\VF1_2_1-00000202_0.tif,C:/Users/VicUser/Documents/RobC/20260801/VF1_2_1\VF1_2_1-00000202_1.tif,128.968882,128.969341,0.912828,-10.383721,-10.430638,-10.389762,2.695685,0.000000,0.000000,0.000000
203,C:/Users/VicUser/Documents/RobC/20260801/VF1_2_1\VF1_2_1-00000203_0.tif,C:/Users/VicUser/Documents/RobC/20260801/VF1_2_1\VF1_2_1-00000203_1.tif,129.468895,129.469210,0.919204,-10.383721,-10.430638,-10.389762,2.714417,0.000000,0.000000,0.000000
204,C:/Users/VicUser/Documents/RobC/20260801/VF1_2_1\VF1_2_1-00000204_0.tif,C:/Users/VicUser/Documents/RobC/20260801/VF1_2_1\VF1_2_1-00000204_1.tif,129.968848,129.969209,0.923348,-10.383721,-10.430638,-10.389762,2.726594,0.000000,0.000000,0.000000
205,C:/Users/VicUser/Documents/RobC/20260801/VF1_2_1\VF1_2_1-00000205_0.tif,C:/Users/VicUser/Documents/RobC/20260801/VF1_2_1\VF1_2_1-00000205_1.tif,130.468909,130.469254,0.930043,-10.383721,-10.430638,-10.389762,2.746264,0.000000,0.000000,0.000000
206,C:/Users/VicUser/Documents/RobC/20260801/VF1_2_1\VF1_2_1-00000206_0.tif,C:/Users/VicUser/Documents/RobC/20260801/VF1_2_1\VF1_2_1-00000206_1.tif,130.968882,130.969216,0.935144,-10.383721,-10.430638,-10.389762,2.761250,0.000000,0.000000,0.000000
207,C:/Users/VicUser/Documents/RobC/20260801/VF1_2_1\VF1_2_1-00000207_0.tif,C:/Users/VicUser/Documents/RobC/20260801/VF1_2_1\VF1_2_1-00000207_1.tif,131.468864,131.469219,0.942158,-10.383721,-10.430638,-10.389762,2.781856,0.000000,0.000000,0.000000
208,C:/Users/VicUser/Documents/RobC/20260801/VF1_2_1\VF1_2_1-00000208_0.tif,C:/Users/VicUser/Documents/RobC/20260801/VF1_2_1\VF1_2_1-00000208_1.tif,131.968880,131.969204,0.947259,-10.383721,-10.430638,-10.389762,2.796843,0.000000,0.000000,0.000000
209,C:/Users/VicUser/Documents/RobC/20260801/VF1_2_1\VF1_2_1-00000209_0.tif,C:/Users/VicUser/Documents/RobC/20260801/VF1_2_1\VF1_2_1-00000209_1.tif,132.468916,132.469263,0.954910,-10.383721,-10.430638,-10.389762,2.819323,0.000000,0.000000,0.000000
210,C:/Users/VicUser/Documents/RobC/20260801/VF1_2_1\VF1_2_1-00000210_0.tif,C:/Users/VicUser/Documents/RobC/20260801/VF1_2_1\VF1_2_1-00000210_1.tif,132.968852,132.969261,0.961605,-10.383721,-10.430638,-10.389762,2.838992,0.000000,0.000000,0.000000
211,C:/Users/VicUser/Documents/RobC/20260801/VF1_2_1\VF1_2_1-00000211_0.tif,C:/Users/VicUser/Documents/RobC/20260801/VF1_2_1\VF1_2_1-00000211_1.tif,133.468870,133.469154,0.969575,-10.383721,-10.430638,-10.389762,2.862409,0.000000,0.000000,0.000000
212,C:/Users/VicUser/Documents/RobC/20260801/VF1_2_1\VF1_2_1-00000212_0.tif,C:/Users/VicUser/Documents/RobC/20260801/VF1_2_1\VF1_2_1-00000212_1.tif,133.968904,133.969235,0.975951,-10.383721,-10.430638,-10.389762,2.881142,0.000000,0.000000,0.000000
213,C:/Users/VicUser/Documents/RobC/20260801/VF1_2_1\VF1_2_1-00000213_0.tif,C:/Users/VicUser/Documents/RobC/20260801/VF1_2_1\VF1_2_1-00000213_1.tif,134.468879,134.469216,0.981052,-10.383721,-10.430638,-10.389762,2.896128,0.000000,0.000000,0.000000
214,C:/Users/VicUser/Documents/RobC/20260801/VF1_2_1\VF1_2_1-00000214_0.tif,C:/Users/VicUser/Documents/RobC/20260801/VF1_2_1\VF1_2_1-00000214_1.tif,134.968815,134.969063,0.987747,-10.383721,-10.430638,-10.389762,2.915798,0.000000,0.000000,0.000000
215,C:/Users/VicUser/Documents/RobC/20260801/VF1_2_1\VF1_2_1-00000215_0.tif,C:/Users/VicUser/Documents/RobC/20260801/VF1_2_1\VF1_2_1-00000215_1.tif,135.468923,135.469287,0.993167,-10.383721,-10.430638,-10.389762,2.931721,0.000000,0.000000,0.000000
216,C:/Users/VicUser/Documents/RobC/20260801/VF1_2_1\VF1_2_1-00000216_0.tif,C:/Users/VicUser/Documents/RobC/20260801/VF1_2_1\VF1_2_1-00000216_1.tif,135.968905,135.969123,0.998587,-10.383721,-10.430638,-10.389762,2.947644,0.000000,0.000000,0.000000
217,C:/Users/VicUser/Documents/RobC/20260801/VF1_2_1\VF1_2_1-00000217_0.tif,C:/Users/VicUser/Documents/RobC/20260801/VF1_2_1\VF1_2_1-00000217_1.tif,136.468908,136.469292,1.004644,-10.383721,-10.430638,-10.389762,2.965440,0.000000,0.000000,0.000000
218,C:/Users/VicUser/Documents/RobC/20260801/VF1_2_1\VF1_2_1-00000218_0.tif,C:/Users/VicUser/Documents/RobC/20260801/VF1_2_1\VF1_2_1-00000218_1.tif,136.968914,136.969256,1.011339,-10.383721,-10.430638,-10.389762,2.985110,0.000000,0.000000,0.000000
219,C:/Users/VicUser/Documents/RobC/20260801/VF1_2_1\VF1_2_1-00000219_0.tif,C:/Users/VicUser/Documents/RobC/20260801/VF1_2_1\VF1_2_1-00000219_1.tif,137.468920,137.469274,1.018034,-10.383721,-10.430638,-10.389762,3.004780,0.000000,0.000000,0.000000
220,C:/Users/VicUser/Documents/RobC/20260801/VF1_2_1\VF1_2_1-00000220_0.tif,C:/Users/VicUser/Documents/RobC/20260801/VF1_2_1\VF1_2_1-00000220_1.tif,137.968903,137.969240,1.022497,-10.383721,-10.430638,-10.389762,3.017893,0.000000,0.000000,0.000000
221,C:/Users/VicUser/Documents/RobC/20260801/VF1_2_1\VF1_2_1-00000221_0.tif,C:/Users/VicUser/Documents/RobC/20260801/VF1_2_1\VF1_2_1-00000221_1.tif,138.468881,138.469236,1.027917,-10.383721,-10.430638,-10.389762,3.033816,0.000000,0.000000,0.000000
222,C:/Users/VicUser/Documents/RobC/20260801/VF1_2_1\VF1_2_1-00000222_0.tif,C:/Users/VicUser/Documents/RobC/20260801/VF1_2_1\VF1_2_1-00000222_1.tif,138.968896,138.969329,1.033018,-10.383721,-10.430638,-10.389762,3.048802,0.000000,0.000000,0.000000
223,C:/Users/VicUser/Documents/RobC/20260801/VF1_2_1\VF1_2_1-00000223_0.tif,C:/Users/VicUser/Documents/RobC/20260801/VF1_2_1\VF1_2_1-00000223_1.tif,139.468882,139.469249,1.038437,-10.383721,-10.430638,-10.389762,3.064725,0.000000,0.000000,0.000000
224,C:/Users/VicUser/Documents/RobC/20260801/VF1_2_1\VF1_2_1-00000224_0.tif,C:/Users/VicUser/Documents/RobC/20260801/VF1_2_1\VF1_2_1-00000224_1.tif,139.968849,139.969213,1.045132,-10.383721,-10.430638,-10.389762,3.084395,0.000000,0.000000,0.000000
225,C:/Users/VicUser/Documents/RobC/20260801/VF1_2_1\VF1_2_1-00000225_0.tif,C:/Users/VicUser/Documents/RobC/20260801/VF1_2_1\VF1_2_1-00000225_1.tif,140.468899,140.469304,1.049914,-10.383721,-10.430638,-10.389762,3.098445,0.000000,0.000000,0.000000
226,C:/Users/VicUser/Documents/RobC/20260801/VF1_2_1\VF1_2_1-00000226_0.tif,C:/Users/VicUser/Documents/RobC/20260801/VF1_2_1\VF1_2_1-00000226_1.tif,140.968926,140.969222,1.054378,-10.383721,-10.430638,-10.389762,3.111558,0.000000,0.000000,0.000000
227,C:/Users/VicUser/Documents/RobC/20260801/VF1_2_1\VF1_2_1-00000227_0.tif,C:/Users/VicUser/Documents/RobC/20260801/VF1_2_1\VF1_2_1-00000227_1.tif,141.468885,141.469242,1.060116,-10.383721,-10.430638,-10.389762,3.128418,0.000000,0.000000,0.000000
228,C:/Users/VicUser/Documents/RobC/20260801/VF1_2_1\VF1_2_1-00000228_0.tif,C:/Users/VicUser/Documents/RobC/20260801/VF1_2_1\VF1_2_1-00000228_1.tif,141.968900,141.969274,1.066173,-10.383721,-10.430638,-10.389762,3.146214,0.000000,0.000000,0.000000
229,C:/Users/VicUser/Documents/RobC/20260801/VF1_2_1\VF1_2_1-00000229_0.tif,C:/Users/VicUser/Documents/RobC/20260801/VF1_2_1\VF1_2_1-00000229_1.tif,142.468958,142.469239,1.071593,-10.383721,-10.430638,-10.389762,3.162137,0.000000,0.000000,0.000000
230,C:/Users/VicUser/Documents/RobC/20260801/VF1_2_1\VF1_2_1-00000230_0.tif,C:/Users/VicUser/Documents/RobC/20260801/VF1_2_1\VF1_2_1-00000230_1.tif,142.968850,142.969198,1.075419,-10.383721,-10.430638,-10.389762,3.173377,0.000000,0.000000,0.000000
231,C:/Users/VicUser/Documents/RobC/20260801/VF1_2_1\VF1_2_1-00000231_0.tif,C:/Users/VicUser/Documents/RobC/20260801/VF1_2_1\VF1_2_1-00000231_1.tif,143.468904,143.469248,1.080838,-10.383721,-10.430638,-10.389762,3.189300,0.000000,0.000000,0.000000
232,C:/Users/VicUser/Documents/RobC/20260801/VF1_2_1\VF1_2_1-00000232_0.tif,C:/Users/VicUser/Documents/RobC/20260801/VF1_2_1\VF1_2_1-00000232_1.tif,143.968845,143.969200,1.085302,-10.383721,-10.430638,-10.389762,3.202413,0.000000,0.000000,0.000000
233,C:/Users/VicUser/Documents/RobC/20260801/VF1_2_1\VF1_2_1-00000233_0.tif,C:/Users/VicUser/Documents/RobC/20260801/VF1_2_1\VF1_2_1-00000233_1.tif,144.468860,144.469229,1.090084,-10.383721,-10.430638,-10.389762,3.216463,0.000000,0.000000,0.000000
234,C:/Users/VicUser/Documents/RobC/20260801/VF1_2_1\VF1_2_1-00000234_0.tif,C:/Users/VicUser/Documents/RobC/20260801/VF1_2_1\VF1_2_1-00000234_1.tif,144.968869,144.969237,1.094866,-10.383721,-10.430638,-10.389762,3.230513,0.000000,0.000000,0.000000
235,C:/Users/VicUser/Documents/RobC/20260801/VF1_2_1\VF1_2_1-00000235_0.tif,C:/Users/VicUser/Documents/RobC/20260801/VF1_2_1\VF1_2_1-00000235_1.tif,145.468901,145.469349,1.099329,-10.383721,-10.430638,-10.389762,3.243626,0.000000,0.000000,0.000000
236,C:/Users/VicUser/Documents/RobC/20260801/VF1_2_1\VF1_2_1-00000236_0.tif,C:/Users/VicUser/Documents/RobC/20260801/VF1_2_1\VF1_2_1-00000236_1.tif,145.968921,145.969309,1.103474,-10.383721,-10.430638,-10.389762,3.255802,0.000000,0.000000,0.000000
237,C:/Users/VicUser/Documents/RobC/20260801/VF1_2_1\VF1_2_1-00000237_0.tif,C:/Users/VicUser/Documents/RobC/20260801/VF1_2_1\VF1_2_1-00000237_1.tif,146.468889,146.469342,1.107618,-10.383721,-10.430638,-10.389762,3.267979,0.000000,0.000000,0.000000
238,C:/Users/VicUser/Documents/RobC/20260801/VF1_2_1\VF1_2_1-00000238_0.tif,C:/Users/VicUser/Documents/RobC/20260801/VF1_2_1\VF1_2_1-00000238_1.tif,146.968856,146.969223,1.111125,-10.383721,-10.430638,-10.389762,3.278282,0.000000,0.000000,0.000000
239,C:/Users/VicUser/Documents/RobC/20260801/VF1_2_1\VF1_2_1-00000239_0.tif,C:/Users/VicUser/Documents/RobC/20260801/VF1_2_1\VF1_2_1-00000239_1.tif,147.468868,147.469243,1.116226,-10.383721,-10.430638,-10.389762,3.293269,0.000000,0.000000,0.000000
240,C:/Users/VicUser/Documents/RobC/20260801/VF1_2_1\VF1_2_1-00000240_0.tif,C:/Users/VicUser/Documents/RobC/20260801/VF1_2_1\VF1_2_1-00000240_1.tif,147.968835,147.969285,1.122602,-10.383721,-10.430638,-10.389762,3.312002,0.000000,0.000000,0.000000
241,C:/Users/VicUser/Documents/RobC/20260801/VF1_2_1\VF1_2_1-00000241_0.tif,C:/Users/VicUser/Documents/RobC/20260801/VF1_2_1\VF1_2_1-00000241_1.tif,148.468952,148.469327,1.127065,-10.383721,-10.430638,-10.389762,3.325115,0.000000,0.000000,0.000000
242,C:/Users/VicUser/Documents/RobC/20260801/VF1_2_1\VF1_2_1-00000242_0.tif,C:/Users/VicUser/Documents/RobC/20260801/VF1_2_1\VF1_2_1-00000242_1.tif,148.968964,148.969437,1.134079,-10.383721,-10.430638,-10.389762,3.345721,0.000000,0.000000,0.000000
243,C:/Users/VicUser/Documents/RobC/20260801/VF1_2_1\VF1_2_1-00000243_0.tif,C:/Users/VicUser/Documents/RobC/20260801/VF1_2_1\VF1_2_1-00000243_1.tif,149.468933,149.469234,1.137586,-10.383721,-10.430638,-10.389762,3.356024,0.000000,0.000000,0.000000
244,C:/Users/VicUser/Documents/RobC/20260801/VF1_2_1\VF1_2_1-00000244_0.tif,C:/Users/VicUser/Documents/RobC/20260801/VF1_2_1\VF1_2_1-00000244_1.tif,149.968914,149.969300,1.143643,-10.383721,-10.430638,-10.389762,3.373821,0.000000,0.000000,0.000000
245,C:/Users/VicUser/Documents/RobC/20260801/VF1_2_1\VF1_2_1-00000245_0.tif,C:/Users/VicUser/Documents/RobC/20260801/VF1_2_1\VF1_2_1-00000245_1.tif,150.468902,150.469433,1.147788,-10.383721,-10.430638,-10.389762,3.385997,0.000000,0.000000,0.000000
246,C:/Users/VicUser/Documents/RobC/20260801/VF1_2_1\VF1_2_1-00000246_0.tif,C:/Users/VicUser/Documents/RobC/20260801/VF1_2_1\VF1_2_1-00000246_1.tif,150.968837,150.969126,1.154164,-10.383721,-10.430638,-10.389762,3.404730,0.000000,0.000000,0.000000
247,C:/Users/VicUser/Documents/RobC/20260801/VF1_2_1\VF1_2_1-00000247_0.tif,C:/Users/VicUser/Documents/RobC/20260801/VF1_2_1\VF1_2_1-00000247_1.tif,151.468903,151.469253,1.158308,-10.383721,-10.430638,-10.389762,3.416907,0.000000,0.000000,0.000000
248,C:/Users/VicUser/Documents/RobC/20260801/VF1_2_1\VF1_2_1-00000248_0.tif,C:/Users/VicUser/Documents/RobC/20260801/VF1_2_1\VF1_2_1-00000248_1.tif,151.968895,151.969229,1.165322,-10.383721,-10.430638,-10.389762,3.437513,0.000000,0.000000,0.000000
249,C:/Users/VicUser/Documents/RobC/20260801/VF1_2_1\VF1_2_1-00000249_0.tif,C:/Users/VicUser/Documents/RobC/20260801/VF1_2_1\VF1_2_1-00000249_1.tif,152.468896,152.469374,1.169148,-10.383721,-10.430638,-10.389762,3.448753,0.000000,0.000000,0.000000
250,C:/Users/VicUser/Documents/RobC/20260801/VF1_2_1\VF1_2_1-00000250_0.tif,C:/Users/VicUser/Documents/RobC/20260801/VF1_2_1\VF1_2_1-00000250_1.tif,152.968821,152.969179,1.175205,-10.383721,-10.430638,-10.389762,3.466549,0.000000,0.000000,0.000000
251,C:/Users/VicUser/Documents/RobC/20260801/VF1_2_1\VF1_2_1-00000251_0.tif,C:/Users/VicUser/Documents/RobC/20260801/VF1_2_1\VF1_2_1-00000251_1.tif,153.468881,153.469389,1.182219,-10.383721,-10.430638,-10.389762,3.487155,0.000000,0.000000,0.000000
252,C:/Users/VicUser/Documents/RobC/20260801/VF1_2_1\VF1_2_1-00000252_0.tif,C:/Users/VicUser/Documents/RobC/20260801/VF1_2_1\VF1_2_1-00000252_1.tif,153.968867,153.969125,1.188276,-10.383721,-10.430638,-10.389762,3.504952,0.000000,0.000000,0.000000
253,C:/Users/VicUser/Documents/RobC/20260801/VF1_2_1\VF1_2_1-00000253_0.tif,C:/Users/VicUser/Documents/RobC/20260801/VF1_2_1\VF1_2_1-00000253_1.tif,154.468882,154.469214,1.192421,-10.383721,-10.430638,-10.389762,3.517128,0.000000,0.000000,0.000000
254,C:/Users/VicUser/Documents/RobC/20260801/VF1_2_1\VF1_2_1-00000254_0.tif,C:/Users/VicUser/Documents/RobC/20260801/VF1_2_1\VF1_2_1-00000254_1.tif,154.968842,154.969194,1.197203,-10.383721,-10.430638,-10.389762,3.531178,0.000000,0.000000,0.000000
255,C:/Users/VicUser/Documents/RobC/20260801/VF1_2_1\VF1_2_1-00000255_0.tif,C:/Users/VicUser/Documents/RobC/20260801/VF1_2_1\VF1_2_1-00000255_1.tif,155.468958,155.469306,1.204535,-10.383721,-10.430638,-10.389762,3.552721,0.000000,0.000000,0.000000
256,C:/Users/VicUser/Documents/RobC/20260801/VF1_2_1\VF1_2_1-00000256_0.tif,C:/Users/VicUser/Documents/RobC/20260801/VF1_2_1\VF1_2_1-00000256_1.tif,155.968883,155.969145,1.208361,-10.383721,-10.430638,-10.389762,3.563961,0.000000,0.000000,0.000000
257,C:/Users/VicUser/Documents/RobC/20260801/VF1_2_1\VF1_2_1-00000257_0.tif,C:/Users/VicUser/Documents/RobC/20260801/VF1_2_1\VF1_2_1-00000257_1.tif,156.468852,156.469211,1.214737,-10.383721,-10.430638,-10.389762,3.582694,0.000000,0.000000,0.000000
258,C:/Users/VicUser/Documents/RobC/20260801/VF1_2_1\VF1_2_1-00000258_0.tif,C:/Users/VicUser/Documents/RobC/20260801/VF1_2_1\VF1_2_1-00000258_1.tif,156.968862,156.969154,1.219838,-10.383721,-10.430638,-10.389762,3.597680,0.000000,0.000000,0.000000
259,C:/Users/VicUser/Documents/RobC/20260801/VF1_2_1\VF1_2_1-00000259_0.tif,C:/Users/VicUser/Documents/RobC/20260801/VF1_2_1\VF1_2_1-00000259_1.tif,157.468895,157.469132,1.225895,-10.383721,-10.430638,-10.389762,3.615477,0.000000,0.000000,0.000000
260,C:/Users/VicUser/Documents/RobC/20260801/VF1_2_1\VF1_2_1-00000260_0.tif,C:/Users/VicUser/Documents/RobC/20260801/VF1_2_1\VF1_2_1-00000260_1.tif,157.968846,157.969169,1.231315,-10.383721,-10.430638,-10.389762,3.631400,0.000000,0.000000,0.000000
261,C:/Users/VicUser/Documents/RobC/20260801/VF1_2_1\VF1_2_1-00000261_0.tif,C:/Users/VicUser/Documents/RobC/20260801/VF1_2_1\VF1_2_1-00000261_1.tif,158.468868,158.469278,1.236097,-10.383721,-10.430638,-10.389762,3.645450,0.000000,0.000000,0.000000
262,C:/Users/VicUser/Documents/RobC/20260801/VF1_2_1\VF1_2_1-00000262_0.tif,C:/Users/VicUser/Documents/RobC/20260801/VF1_2_1\VF1_2_1-00000262_1.tif,158.968865,158.969158,1.241835,-10.383721,-10.430638,-10.389762,3.662309,0.000000,0.000000,0.000000
263,C:/Users/VicUser/Documents/RobC/20260801/VF1_2_1\VF1_2_1-00000263_0.tif,C:/Users/VicUser/Documents/RobC/20260801/VF1_2_1\VF1_2_1-00000263_1.tif,159.468840,159.469144,1.246936,-10.383721,-10.430638,-10.389762,3.677296,0.000000,0.000000,0.000000
264,C:/Users/VicUser/Documents/RobC/20260801/VF1_2_1\VF1_2_1-00000264_0.tif,C:/Users/VicUser/Documents/RobC/20260801/VF1_2_1\VF1_2_1-00000264_1.tif,159.968876,159.969292,1.252037,-10.383721,-10.430638,-10.389762,3.692282,0.000000,0.000000,0.000000
265,C:/Users/VicUser/Documents/RobC/20260801/VF1_2_1\VF1_2_1-00000265_0.tif,C:/Users/VicUser/Documents/RobC/20260801/VF1_2_1\VF1_2_1-00000265_1.tif,160.468868,160.469160,1.257138,-10.383721,-10.430638,-10.389762,3.707268,0.000000,0.000000,0.000000
266,C:/Users/VicUser/Documents/RobC/20260801/VF1_2_1\VF1_2_1-00000266_0.tif,C:/Users/VicUser/Documents/RobC/20260801/VF1_2_1\VF1_2_1-00000266_1.tif,160.968871,160.969186,1.262239,-10.383721,-10.430638,-10.389762,3.722255,0.000000,0.000000,0.000000
267,C:/Users/VicUser/Documents/RobC/20260801/VF1_2_1\VF1_2_1-00000267_0.tif,C:/Users/VicUser/Documents/RobC/20260801/VF1_2_1\VF1_2_1-00000267_1.tif,161.468882,161.469135,1.268934,-10.383721,-10.430638,-10.389762,3.741925,0.000000,0.000000,0.000000
268,C:/Users/VicUser/Documents/RobC/20260801/VF1_2_1\VF1_2_1-00000268_0.tif,C:/Users/VicUser/Documents/RobC/20260801/VF1_2_1\VF1_2_1-00000268_1.tif,161.968871,161.969225,1.273716,-10.383721,-10.430638,-10.389762,3.755975,0.000000,0.000000,0.000000
269,C:/Users/VicUser/Documents/RobC/20260801/VF1_2_1\VF1_2_1-00000269_0.tif,C:/Users/VicUser/Documents/RobC/20260801/VF1_2_1\VF1_2_1-00000269_1.tif,162.468892,162.469297,1.281049,-10.383721,-10.430638,-10.389762,3.777518,0.000000,0.000000,0.000000
270,C:/Users/VicUser/Documents/RobC/20260801/VF1_2_1\VF1_2_1-00000270_0.tif,C:/Users/VicUser/Documents/RobC/20260801/VF1_2_1\VF1_2_1-00000270_1.tif,162.968968,162.969175,1.283599,-10.383721,-10.430638,-10.389762,3.785011,0.000000,0.000000,0.000000
271,C:/Users/VicUser/Documents/RobC/20260801/VF1_2_1\VF1_2_1-00000271_0.tif,C:/Users/VicUser/Documents/RobC/20260801/VF1_2_1\VF1_2_1-00000271_1.tif,163.468887,163.469171,1.290613,-10.383721,-10.430638,-10.389762,3.805617,0.000000,0.000000,0.000000
272,C:/Users/VicUser/Documents/RobC/20260801/VF1_2_1\VF1_2_1-00000272_0.tif,C:/Users/VicUser/Documents/RobC/20260801/VF1_2_1\VF1_2_1-00000272_1.tif,163.968890,163.969263,1.296351,-10.383721,-10.430638,-10.389762,3.822477,0.000000,0.000000,0.000000
273,C:/Users/VicUser/Documents/RobC/20260801/VF1_2_1\VF1_2_1-00000273_0.tif,C:/Users/VicUser/Documents/RobC/20260801/VF1_2_1\VF1_2_1-00000273_1.tif,164.468824,164.469200,1.301771,-10.383721,-10.430638,-10.389762,3.838400,0.000000,0.000000,0.000000
274,C:/Users/VicUser/Documents/RobC/20260801/VF1_2_1\VF1_2_1-00000274_0.tif,C:/Users/VicUser/Documents/RobC/20260801/VF1_2_1\VF1_2_1-00000274_1.tif,164.968884,164.969221,1.306872,-10.383721,-10.430638,-10.389762,3.853386,0.000000,0.000000,0.000000
275,C:/Users/VicUser/Documents/RobC/20260801/VF1_2_1\VF1_2_1-00000275_0.tif,C:/Users/VicUser/Documents/RobC/20260801/VF1_2_1\VF1_2_1-00000275_1.tif,165.468899,165.469428,1.312929,-10.383721,-10.430638,-10.389762,3.871183,0.000000,0.000000,0.000000
276,C:/Users/VicUser/Documents/RobC/20260801/VF1_2_1\VF1_2_1-00000276_0.tif,C:/Users/VicUser/Documents/RobC/20260801/VF1_2_1\VF1_2_1-00000276_1.tif,165.968863,165.969264,1.317392,-10.383721,-10.430638,-10.389762,3.884296,0.000000,0.000000,0.000000
277,C:/Users/VicUser/Documents/RobC/20260801/VF1_2_1\VF1_2_1-00000277_0.tif,C:/Users/VicUser/Documents/RobC/20260801/VF1_2_1\VF1_2_1-00000277_1.tif,166.468920,166.469274,1.324406,-10.383721,-10.430638,-10.389762,3.904902,0.000000,0.000000,0.000000
278,C:/Users/VicUser/Documents/RobC/20260801/VF1_2_1\VF1_2_1-00000278_0.tif,C:/Users/VicUser/Documents/RobC/20260801/VF1_2_1\VF1_2_1-00000278_1.tif,166.968865,166.969234,1.329826,-10.383721,-10.430638,-10.389762,3.920825,0.000000,0.000000,0.000000
279,C:/Users/VicUser/Documents/RobC/20260801/VF1_2_1\VF1_2_1-00000279_0.tif,C:/Users/VicUser/Documents/RobC/20260801/VF1_2_1\VF1_2_1-00000279_1.tif,167.468925,167.469366,1.335564,-10.383721,-10.430638,-10.389762,3.937685,0.000000,0.000000,0.000000
280,C:/Users/VicUser/Documents/RobC/20260801/VF1_2_1\VF1_2_1-00000280_0.tif,C:/Users/VicUser/Documents/RobC/20260801/VF1_2_1\VF1_2_1-00000280_1.tif,167.968882,167.969213,1.340028,-10.383721,-10.430638,-10.389762,3.950798,0.000000,0.000000,0.000000
281,C:/Users/VicUser/Documents/RobC/20260801/VF1_2_1\VF1_2_1-00000281_0.tif,C:/Users/VicUser/Documents/RobC/20260801/VF1_2_1\VF1_2_1-00000281_1.tif,168.468863,168.469187,1.345129,-10.383721,-10.430638,-10.389762,3.965785,0.000000,0.000000,0.000000
282,C:/Users/VicUser/Documents/RobC/20260801/VF1_2_1\VF1_2_1-00000282_0.tif,C:/Users/VicUser/Documents/RobC/20260801/VF1_2_1\VF1_2_1-00000282_1.tif,168.968886,168.969189,1.353736,-10.383721,-10.430638,-10.389762,3.991074,0.000000,0.000000,0.000000
283,C:/Users/VicUser/Documents/RobC/20260801/VF1_2_1\VF1_2_1-00000283_0.tif,C:/Users/VicUser/Documents/RobC/20260801/VF1_2_1\VF1_2_1-00000283_1.tif,169.468893,169.469205,1.357243,-10.383721,-10.430638,-10.389762,4.001377,0.000000,0.000000,0.000000
284,C:/Users/VicUser/Documents/RobC/20260801/VF1_2_1\VF1_2_1-00000284_0.tif,C:/Users/VicUser/Documents/RobC/20260801/VF1_2_1\VF1_2_1-00000284_1.tif,169.968862,169.969169,1.362982,-10.383721,-10.430638,-10.389762,4.018237,0.000000,0.000000,0.000000
285,C:/Users/VicUser/Documents/RobC/20260801/VF1_2_1\VF1_2_1-00000285_0.tif,C:/Users/VicUser/Documents/RobC/20260801/VF1_2_1\VF1_2_1-00000285_1.tif,170.468843,170.469113,1.368083,-10.383721,-10.430638,-10.389762,4.033223,0.000000,0.000000,0.000000
286,C:/Users/VicUser/Documents/RobC/20260801/VF1_2_1\VF1_2_1-00000286_0.tif,C:/Users/VicUser/Documents/RobC/20260801/VF1_2_1\VF1_2_1-00000286_1.tif,170.968873,170.969216,1.373502,-10.383721,-10.430638,-10.389762,4.049147,0.000000,0.000000,0.000000
287,C:/Users/VicUser/Documents/RobC/20260801/VF1_2_1\VF1_2_1-00000287_0.tif,C:/Users/VicUser/Documents/RobC/20260801/VF1_2_1\VF1_2_1-00000287_1.tif,171.468882,171.469250,1.378284,-10.383721,-10.430638,-10.389762,4.063196,0.000000,0.000000,0.000000
288,C:/Users/VicUser/Documents/RobC/20260801/VF1_2_1\VF1_2_1-00000288_0.tif,C:/Users/VicUser/Documents/RobC/20260801/VF1_2_1\VF1_2_1-00000288_1.tif,171.968836,171.969155,1.384342,-10.383721,-10.430638,-10.389762,4.080993,0.000000,0.000000,0.000000
289,C:/Users/VicUser/Documents/RobC/20260801/VF1_2_1\VF1_2_1-00000289_0.tif,C:/Users/VicUser/Documents/RobC/20260801/VF1_2_1\VF1_2_1-00000289_1.tif,172.468890,172.469233,1.390399,-10.383721,-10.430638,-10.389762,4.098789,0.000000,0.000000,0.000000
290,C:/Users/VicUser/Documents/RobC/20260801/VF1_2_1\VF1_2_1-00000290_0.tif,C:/Users/VicUser/Documents/RobC/20260801/VF1_2_1\VF1_2_1-00000290_1.tif,172.968882,172.969151,1.395181,-10.383721,-10.430638,-10.389762,4.112839,0.000000,0.000000,0.000000
291,C:/Users/VicUser/Documents/RobC/20260801/VF1_2_1\VF1_2_1-00000291_0.tif,C:/Users/VicUser/Documents/RobC/20260801/VF1_2_1\VF1_2_1-00000291_1.tif,173.468855,173.469172,1.401557,-10.383721,-10.430638,-10.389762,4.131572,0.000000,0.000000,0.000000
292,C:/Users/VicUser/Documents/RobC/20260801/VF1_2_1\VF1_2_1-00000292_0.tif,C:/Users/VicUser/Documents/RobC/20260801/VF1_2_1\VF1_2_1-00000292_1.tif,173.968841,173.969213,1.407296,-10.383721,-10.430638,-10.389762,4.148432,0.000000,0.000000,0.000000
293,C:/Users/VicUser/Documents/RobC/20260801/VF1_2_1\VF1_2_1-00000293_0.tif,C:/Users/VicUser/Documents/RobC/20260801/VF1_2_1\VF1_2_1-00000293_1.tif,174.468884,174.469455,1.413353,-10.383721,-10.430638,-10.389762,4.166228,0.000000,0.000000,0.000000
294,C:/Users/VicUser/Documents/RobC/20260801/VF1_2_1\VF1_2_1-00000294_0.tif,C:/Users/VicUser/Documents/RobC/20260801/VF1_2_1\VF1_2_1-00000294_1.tif,174.968860,174.969108,1.419092,-10.383721,-10.430638,-10.389762,4.183088,0.000000,0.000000,0.000000
295,C:/Users/VicUser/Documents/RobC/20260801/VF1_2_1\VF1_2_1-00000295_0.tif,C:/Users/VicUser/Documents/RobC/20260801/VF1_2_1\VF1_2_1-00000295_1.tif,175.468904,175.469221,1.424193,-10.383721,-10.430638,-10.389762,4.198074,0.000000,0.000000,0.000000
296,C:/Users/VicUser/Documents/RobC/20260801/VF1_2_1\VF1_2_1-00000296_0.tif,C:/Users/VicUser/Documents/RobC/20260801/VF1_2_1\VF1_2_1-00000296_1.tif,175.968841,175.969342,1.431525,-10.383721,-10.430638,-10.389762,4.219617,0.000000,0.000000,0.000000
297,C:/Users/VicUser/Documents/RobC/20260801/VF1_2_1\VF1_2_1-00000297_0.tif,C:/Users/VicUser/Documents/RobC/20260801/VF1_2_1\VF1_2_1-00000297_1.tif,176.468980,176.469362,1.435351,-10.383721,-10.430638,-10.389762,4.230857,0.000000,0.000000,0.000000
298,C:/Users/VicUser/Documents/RobC/20260801/VF1_2_1\VF1_2_1-00000298_0.tif,C:/Users/VicUser/Documents/RobC/20260801/VF1_2_1\VF1_2_1-00000298_1.tif,176.969009,176.969329,1.442046,-10.383721,-10.430638,-10.389762,4.250527,0.000000,0.000000,0.000000
299,C:/Users/VicUser/Documents/RobC/20260801/VF1_2_1\VF1_2_1-00000299_0.tif,C:/Users/VicUser/Documents/RobC/20260801/VF1_2_1\VF1_2_1-00000299_1.tif,177.468948,177.469309,1.449059,-10.383721,-10.430638,-10.389762,4.271133,0.000000,0.000000,0.000000
300,C:/Users/VicUser/Documents/RobC/20260801/VF1_2_1\VF1_2_1-00000300_0.tif,C:/Users/VicUser/Documents/RobC/20260801/VF1_2_1\VF1_2_1-00000300_1.tif,177.968834,177.969198,1.454479,-10.383721,-10.430638,-10.389762,4.287056,0.000000,0.000000,0.000000
301,C:/Users/VicUser/Documents/RobC/20260801/VF1_2_1\VF1_2_1-00000301_0.tif,C:/Users/VicUser/Documents/RobC/20260801/VF1_2_1\VF1_2_1-00000301_1.tif,178.468946,178.469278,1.462130,-10.383721,-10.430638,-10.389762,4.309536,0.000000,0.000000,0.000000
302,C:/Users/VicUser/Documents/RobC/20260801/VF1_2_1\VF1_2_1-00000302_0.tif,C:/Users/VicUser/Documents/RobC/20260801/VF1_2_1\VF1_2_1-00000302_1.tif,178.968866,178.969186,1.466275,-10.383721,-10.430638,-10.389762,4.321713,0.000000,0.000000,0.000000
303,C:/Users/VicUser/Documents/RobC/20260801/VF1_2_1\VF1_2_1-00000303_0.tif,C:/Users/VicUser/Documents/RobC/20260801/VF1_2_1\VF1_2_1-00000303_1.tif,179.468957,179.469327,1.473607,-10.383721,-10.430638,-10.389762,4.343255,0.000000,0.000000,0.000000
304,C:/Users/VicUser/Documents/RobC/20260801/VF1_2_1\VF1_2_1-00000304_0.tif,C:/Users/VicUser/Documents/RobC/20260801/VF1_2_1\VF1_2_1-00000304_1.tif,179.968846,179.969155,1.479665,-10.383721,-10.430638,-10.389762,4.361052,0.000000,0.000000,0.000000
305,C:/Users/VicUser/Documents/RobC/20260801/VF1_2_1\VF1_2_1-00000305_0.tif,C:/Users/VicUser/Documents/RobC/20260801/VF1_2_1\VF1_2_1-00000305_1.tif,180.468900,180.469201,1.486678,-10.383721,-10.430638,-10.389762,4.381658,0.000000,0.000000,0.000000
306,C:/Users/VicUser/Documents/RobC/20260801/VF1_2_1\VF1_2_1-00000306_0.tif,C:/Users/VicUser/Documents/RobC/20260801/VF1_2_1\VF1_2_1-00000306_1.tif,180.968871,180.969291,1.493055,-10.383721,-10.430638,-10.389762,4.400391,0.000000,0.000000,0.000000
307,C:/Users/VicUser/Documents/RobC/20260801/VF1_2_1\VF1_2_1-00000307_0.tif,C:/Users/VicUser/Documents/RobC/20260801/VF1_2_1\VF1_2_1-00000307_1.tif,181.468889,181.469272,1.497837,-10.383721,-10.430638,-10.389762,4.414441,0.000000,0.000000,0.000000
308,C:/Users/VicUser/Documents/RobC/20260801/VF1_2_1\VF1_2_1-00000308_0.tif,C:/Users/VicUser/Documents/RobC/20260801/VF1_2_1\VF1_2_1-00000308_1.tif,181.968923,181.969230,1.504532,-10.383721,-10.430638,-10.389762,4.434111,0.000000,0.000000,0.000000
309,C:/Users/VicUser/Documents/RobC/20260801/VF1_2_1\VF1_2_1-00000309_0.tif,C:/Users/VicUser/Documents/RobC/20260801/VF1_2_1\VF1_2_1-00000309_1.tif,182.468967,182.469161,1.511545,-10.383721,-10.430638,-10.389762,4.454717,0.000000,0.000000,0.000000
310,C:/Users/VicUser/Documents/RobC/20260801/VF1_2_1\VF1_2_1-00000310_0.tif,C:/Users/VicUser/Documents/RobC/20260801/VF1_2_1\VF1_2_1-00000310_1.tif,182.968853,182.969131,1.516009,-10.383721,-10.430638,-10.389762,4.467830,0.000000,0.000000,0.000000
311,C:/Users/VicUser/Documents/RobC/20260801/VF1_2_1\VF1_2_1-00000311_0.tif,C:/Users/VicUser/Documents/RobC/20260801/VF1_2_1\VF1_2_1-00000311_1.tif,183.468890,183.469203,1.523341,-10.383721,-10.430638,-10.389762,4.489373,0.000000,0.000000,0.000000
312,C:/Users/VicUser/Documents/RobC/20260801/VF1_2_1\VF1_2_1-00000312_0.tif,C:/Users/VicUser/Documents/RobC/20260801/VF1_2_1\VF1_2_1-00000312_1.tif,183.968867,183.969198,1.530355,-10.383721,-10.430638,-10.389762,4.509980,0.000000,0.000000,0.000000
313,C:/Users/VicUser/Documents/RobC/20260801/VF1_2_1\VF1_2_1-00000313_0.tif,C:/Users/VicUser/Documents/RobC/20260801/VF1_2_1\VF1_2_1-00000313_1.tif,184.468896,184.469383,1.535775,-10.383721,-10.430638,-10.389762,4.525902,0.000000,0.000000,0.000000
314,C:/Users/VicUser/Documents/RobC/20260801/VF1_2_1\VF1_2_1-00000314_0.tif,C:/Users/VicUser/Documents/RobC/20260801/VF1_2_1\VF1_2_1-00000314_1.tif,184.968951,184.969135,1.544064,-10.383721,-10.430638,-10.389762,4.550255,0.000000,0.000000,0.000000
315,C:/Users/VicUser/Documents/RobC/20260801/VF1_2_1\VF1_2_1-00000315_0.tif,C:/Users/VicUser/Documents/RobC/20260801/VF1_2_1\VF1_2_1-00000315_1.tif,185.468859,185.469175,1.551077,-10.383721,-10.430638,-10.389762,4.570862,0.000000,0.000000,0.000000
316,C:/Users/VicUser/Documents/RobC/20260801/VF1_2_1\VF1_2_1-00000316_0.tif,C:/Users/VicUser/Documents/RobC/20260801/VF1_2_1\VF1_2_1-00000316_1.tif,185.968920,185.969235,1.556816,-10.383721,-10.430638,-10.389762,4.587722,0.000000,0.000000,0.000000
317,C:/Users/VicUser/Documents/RobC/20260801/VF1_2_1\VF1_2_1-00000317_0.tif,C:/Users/VicUser/Documents/RobC/20260801/VF1_2_1\VF1_2_1-00000317_1.tif,186.468895,186.469228,1.562235,-10.383721,-10.430638,-10.389762,4.603644,0.000000,0.000000,0.000000
318,C:/Users/VicUser/Documents/RobC/20260801/VF1_2_1\VF1_2_1-00000318_0.tif,C:/Users/VicUser/Documents/RobC/20260801/VF1_2_1\VF1_2_1-00000318_1.tif,186.968907,186.969232,1.570206,-10.383721,-10.430638,-10.389762,4.627061,0.000000,0.000000,0.000000
319,C:/Users/VicUser/Documents/RobC/20260801/VF1_2_1\VF1_2_1-00000319_0.tif,C:/Users/VicUser/Documents/RobC/20260801/VF1_2_1\VF1_2_1-00000319_1.tif,187.468834,187.469066,1.577219,-10.383721,-10.430638,-10.389762,4.647667,0.000000,0.000000,0.000000
320,C:/Users/VicUser/Documents/RobC/20260801/VF1_2_1\VF1_2_1-00000320_0.tif,C:/Users/VicUser/Documents/RobC/20260801/VF1_2_1\VF1_2_1-00000320_1.tif,187.968886,187.969218,1.584552,-10.383721,-10.430638,-10.389762,4.669210,0.000000,0.000000,0.000000
321,C:/Users/VicUser/Documents/RobC/20260801/VF1_2_1\VF1_2_1-00000321_0.tif,C:/Users/VicUser/Documents/RobC/20260801/VF1_2_1\VF1_2_1-00000321_1.tif,188.468918,188.469204,1.591566,-10.383721,-10.430638,-10.389762,4.689817,0.000000,0.000000,0.000000
322,C:/Users/VicUser/Documents/RobC/20260801/VF1_2_1\VF1_2_1-00000322_0.tif,C:/Users/VicUser/Documents/RobC/20260801/VF1_2_1\VF1_2_1-00000322_1.tif,188.968881,188.969209,1.598898,-10.383721,-10.430638,-10.389762,4.711359,0.000000,0.000000,0.000000
323,C:/Users/VicUser/Documents/RobC/20260801/VF1_2_1\VF1_2_1-00000323_0.tif,C:/Users/VicUser/Documents/RobC/20260801/VF1_2_1\VF1_2_1-00000323_1.tif,189.468860,189.469137,1.605912,-10.383721,-10.430638,-10.389762,4.731966,0.000000,0.000000,0.000000
324,C:/Users/VicUser/Documents/RobC/20260801/VF1_2_1\VF1_2_1-00000324_0.tif,C:/Users/VicUser/Documents/RobC/20260801/VF1_2_1\VF1_2_1-00000324_1.tif,189.968907,189.969188,1.613563,-10.383721,-10.430638,-10.389762,4.754446,0.000000,0.000000,0.000000
325,C:/Users/VicUser/Documents/RobC/20260801/VF1_2_1\VF1_2_1-00000325_0.tif,C:/Users/VicUser/Documents/RobC/20260801/VF1_2_1\VF1_2_1-00000325_1.tif,190.468832,190.469118,1.621533,-10.383721,-10.430638,-10.389762,4.777862,0.000000,0.000000,0.000000
326,C:/Users/VicUser/Documents/RobC/20260801/VF1_2_1\VF1_2_1-00000326_0.tif,C:/Users/VicUser/Documents/RobC/20260801/VF1_2_1\VF1_2_1-00000326_1.tif,190.968903,190.969254,1.629504,-10.383721,-10.430638,-10.389762,4.801278,0.000000,0.000000,0.000000
327,C:/Users/VicUser/Documents/RobC/20260801/VF1_2_1\VF1_2_1-00000327_0.tif,C:/Users/VicUser/Documents/RobC/20260801/VF1_2_1\VF1_2_1-00000327_1.tif,191.468900,191.469265,1.636836,-10.383721,-10.430638,-10.389762,4.822821,0.000000,0.000000,0.000000
328,C:/Users/VicUser/Documents/RobC/20260801/VF1_2_1\VF1_2_1-00000328_0.tif,C:/Users/VicUser/Documents/RobC/20260801/VF1_2_1\VF1_2_1-00000328_1.tif,191.968857,191.969184,1.643531,-10.383721,-10.430638,-10.389762,4.842491,0.000000,0.000000,0.000000
329,C:/Users/VicUser/Documents/RobC/20260801/VF1_2_1\VF1_2_1-00000329_0.tif,C:/Users/VicUser/Documents/RobC/20260801/VF1_2_1\VF1_2_1-00000329_1.tif,192.468929,192.469265,1.652139,-10.383721,-10.430638,-10.389762,4.867781,0.000000,0.000000,0.000000
330,C:/Users/VicUser/Documents/RobC/20260801/VF1_2_1\VF1_2_1-00000330_0.tif,C:/Users/VicUser/Documents/RobC/20260801/VF1_2_1\VF1_2_1-00000330_1.tif,192.968738,192.969029,1.659153,-10.383721,-10.430638,-10.389762,4.888387,0.000000,0.000000,0.000000
331,C:/Users/VicUser/Documents/RobC/20260801/VF1_2_1\VF1_2_1-00000331_0.tif,C:/Users/VicUser/Documents/RobC/20260801/VF1_2_1\VF1_2_1-00000331_1.tif,193.468881,193.469241,1.668717,-10.383721,-10.430638,-10.389762,4.916487,0.000000,0.000000,0.000000
332,C:/Users/VicUser/Documents/RobC/20260801/VF1_2_1\VF1_2_1-00000332_0.tif,C:/Users/VicUser/Documents/RobC/20260801/VF1_2_1\VF1_2_1-00000332_1.tif,193.968857,193.969164,1.677325,-10.383721,-10.430638,-10.389762,4.941776,0.000000,0.000000,0.000000
333,C:/Users/VicUser/Documents/RobC/20260801/VF1_2_1\VF1_2_1-00000333_0.tif,C:/Users/VicUser/Documents/RobC/20260801/VF1_2_1\VF1_2_1-00000333_1.tif,194.468921,194.469200,1.684019,-10.383721,-10.430638,-10.389762,4.961446,0.000000,0.000000,0.000000
334,C:/Users/VicUser/Documents/RobC/20260801/VF1_2_1\VF1_2_1-00000334_0.tif,C:/Users/VicUser/Documents/RobC/20260801/VF1_2_1\VF1_2_1-00000334_1.tif,194.968873,194.969191,1.692627,-10.383721,-10.430638,-10.389762,4.986735,0.000000,0.000000,0.000000
335,C:/Users/VicUser/Documents/RobC/20260801/VF1_2_1\VF1_2_1-00000335_0.tif,C:/Users/VicUser/Documents/RobC/20260801/VF1_2_1\VF1_2_1-00000335_1.tif,195.468881,195.469271,1.699641,-10.383721,-10.430638,-10.389762,5.007342,0.000000,0.000000,0.000000
336,C:/Users/VicUser/Documents/RobC/20260801/VF1_2_1\VF1_2_1-00000336_0.tif,C:/Users/VicUser/Documents/RobC/20260801/VF1_2_1\VF1_2_1-00000336_1.tif,195.968915,195.969222,1.709843,-10.383721,-10.430638,-10.389762,5.037314,0.000000,0.000000,0.000000
337,C:/Users/VicUser/Documents/RobC/20260801/VF1_2_1\VF1_2_1-00000337_0.tif,C:/Users/VicUser/Documents/RobC/20260801/VF1_2_1\VF1_2_1-00000337_1.tif,196.468872,196.469188,1.715900,-10.383721,-10.430638,-10.389762,5.055111,0.000000,0.000000,0.000000
338,C:/Users/VicUser/Documents/RobC/20260801/VF1_2_1\VF1_2_1-00000338_0.tif,C:/Users/VicUser/Documents/RobC/20260801/VF1_2_1\VF1_2_1-00000338_1.tif,196.968904,196.969269,1.724508,-10.383721,-10.430638,-10.389762,5.080401,0.000000,0.000000,0.000000
339,C:/Users/VicUser/Documents/RobC/20260801/VF1_2_1\VF1_2_1-00000339_0.tif,C:/Users/VicUser/Documents/RobC/20260801/VF1_2_1\VF1_2_1-00000339_1.tif,197.468866,197.469274,1.735028,-10.383721,-10.430638,-10.389762,5.111310,0.000000,0.000000,0.000000
340,C:/Users/VicUser/Documents/RobC/20260801/VF1_2_1\VF1_2_1-00000340_0.tif,C:/Users/VicUser/Documents/RobC/20260801/VF1_2_1\VF1_2_1-00000340_1.tif,197.968892,197.969205,1.742680,-10.383721,-10.430638,-10.389762,5.133790,0.000000,0.000000,0.000000
341,C:/Users/VicUser/Documents/RobC/20260801/VF1_2_1\VF1_2_1-00000341_0.tif,C:/Users/VicUser/Documents/RobC/20260801/VF1_2_1\VF1_2_1-00000341_1.tif,198.468868,198.469185,1.750331,-10.383721,-10.430638,-10.389762,5.156269,0.000000,0.000000,0.000000
342,C:/Users/VicUser/Documents/RobC/20260801/VF1_2_1\VF1_2_1-00000342_0.tif,C:/Users/VicUser/Documents/RobC/20260801/VF1_2_1\VF1_2_1-00000342_1.tif,198.968896,198.969191,1.758939,-10.383721,-10.430638,-10.389762,5.181559,0.000000,0.000000,0.000000
343,C:/Users/VicUser/Documents/RobC/20260801/VF1_2_1\VF1_2_1-00000343_0.tif,C:/Users/VicUser/Documents/RobC/20260801/VF1_2_1\VF1_2_1-00000343_1.tif,199.468898,199.469135,1.766271,-10.383721,-10.430638,-10.389762,5.203102,0.000000,0.000000,0.000000
344,C:/Users/VicUser/Documents/RobC/20260801/VF1_2_1\VF1_2_1-00000344_0.tif,C:/Users/VicUser/Documents/RobC/20260801/VF1_2_1\VF1_2_1-00000344_1.tif,199.968878,199.969235,1.773923,-10.383721,-10.430638,-10.389762,5.225581,0.000000,0.000000,0.000000
345,C:/Users/VicUser/Documents/RobC/20260801/VF1_2_1\VF1_2_1-00000345_0.tif,C:/Users/VicUser/Documents/RobC/20260801/VF1_2_1\VF1_2_1-00000345_1.tif,200.468885,200.469229,1.782530,-10.383721,-10.430638,-10.389762,5.250871,0.000000,0.000000,0.000000
346,C:/Users/VicUser/Documents/RobC/20260801/VF1_2_1\VF1_2_1-00000346_0.tif,C:/Users/VicUser/Documents/RobC/20260801/VF1_2_1\VF1_2_1-00000346_1.tif,200.968916,200.969231,1.788907,-10.383721,-10.430638,-10.389762,5.269604,0.000000,0.000000,0.000000
347,C:/Users/VicUser/Documents/RobC/20260801/VF1_2_1\VF1_2_1-00000347_0.tif,C:/Users/VicUser/Documents/RobC/20260801/VF1_2_1\VF1_2_1-00000347_1.tif,201.468902,201.469279,1.799108,-10.383721,-10.430638,-10.389762,5.299577,0.000000,0.000000,0.000000
348,C:/Users/VicUser/Documents/RobC/20260801/VF1_2_1\VF1_2_1-00000348_0.tif,C:/Users/VicUser/Documents/RobC/20260801/VF1_2_1\VF1_2_1-00000348_1.tif,201.968924,201.969229,1.807716,-10.383721,-10.430638,-10.389762,5.324867,0.000000,0.000000,0.000000
349,C:/Users/VicUser/Documents/RobC/20260801/VF1_2_1\VF1_2_1-00000349_0.tif,C:/Users/VicUser/Documents/RobC/20260801/VF1_2_1\VF1_2_1-00000349_1.tif,202.468891,202.469360,1.816005,-10.383721,-10.430638,-10.389762,5.349220,0.000000,0.000000,0.000000
350,C:/Users/VicUser/Documents/RobC/20260801/VF1_2_1\VF1_2_1-00000350_0.tif,C:/Users/VicUser/Documents/RobC/20260801/VF1_2_1\VF1_2_1-00000350_1.tif,202.968875,202.969224,1.823656,-10.383721,-10.430638,-10.389762,5.371699,0.000000,0.000000,0.000000
351,C:/Users/VicUser/Documents/RobC/20260801/VF1_2_1\VF1_2_1-00000351_0.tif,C:/Users/VicUser/Documents/RobC/20260801/VF1_2_1\VF1_2_1-00000351_1.tif,203.468915,203.469195,1.831308,-10.383721,-10.430638,-10.389762,5.394179,0.000000,0.000000,0.000000
352,C:/Users/VicUser/Documents/RobC/20260801/VF1_2_1\VF1_2_1-00000352_0.tif,C:/Users/VicUser/Documents/RobC/20260801/VF1_2_1\VF1_2_1-00000352_1.tif,203.968863,203.969185,1.838322,-10.383721,-10.430638,-10.389762,5.414785,0.000000,0.000000,0.000000
353,C:/Users/VicUser/Documents/RobC/20260801/VF1_2_1\VF1_2_1-00000353_0.tif,C:/Users/VicUser/Documents/RobC/20260801/VF1_2_1\VF1_2_1-00000353_1.tif,204.468964,204.469432,1.844698,-10.383721,-10.430638,-10.389762,5.433518,0.000000,0.000000,0.000000
354,C:/Users/VicUser/Documents/RobC/20260801/VF1_2_1\VF1_2_1-00000354_0.tif,C:/Users/VicUser/Documents/RobC/20260801/VF1_2_1\VF1_2_1-00000354_1.tif,204.968899,204.969219,1.854581,-10.383721,-10.430638,-10.389762,5.462555,0.000000,0.000000,0.000000
355,C:/Users/VicUser/Documents/RobC/20260801/VF1_2_1\VF1_2_1-00000355_0.tif,C:/Users/VicUser/Documents/RobC/20260801/VF1_2_1\VF1_2_1-00000355_1.tif,205.468969,205.469258,1.860957,-10.383721,-10.430638,-10.389762,5.481288,0.000000,0.000000,0.000000
356,C:/Users/VicUser/Documents/RobC/20260801/VF1_2_1\VF1_2_1-00000356_0.tif,C:/Users/VicUser/Documents/RobC/20260801/VF1_2_1\VF1_2_1-00000356_1.tif,205.968928,205.969313,1.867970,-10.383721,-10.430638,-10.389762,5.501894,0.000000,0.000000,0.000000
357,C:/Users/VicUser/Documents/RobC/20260801/VF1_2_1\VF1_2_1-00000357_0.tif,C:/Users/VicUser/Documents/RobC/20260801/VF1_2_1\VF1_2_1-00000357_1.tif,206.468946,206.469367,1.876897,-10.383721,-10.430638,-10.389762,5.528120,0.000000,0.000000,0.000000
358,C:/Users/VicUser/Documents/RobC/20260801/VF1_2_1\VF1_2_1-00000358_0.tif,C:/Users/VicUser/Documents/RobC/20260801/VF1_2_1\VF1_2_1-00000358_1.tif,206.968933,206.969311,1.885505,-10.383721,-10.430638,-10.389762,5.553410,0.000000,0.000000,0.000000
359,C:/Users/VicUser/Documents/RobC/20260801/VF1_2_1\VF1_2_1-00000359_0.tif,C:/Users/VicUser/Documents/RobC/20260801/VF1_2_1\VF1_2_1-00000359_1.tif,207.468937,207.469232,1.892519,-10.383721,-10.430638,-10.389762,5.574016,0.000000,0.000000,0.000000
360,C:/Users/VicUser/Documents/RobC/20260801/VF1_2_1\VF1_2_1-00000360_0.tif,C:/Users/VicUser/Documents/RobC/20260801/VF1_2_1\VF1_2_1-00000360_1.tif,207.968860,207.969211,1.900489,-10.383721,-10.430638,-10.389762,5.597433,0.000000,0.000000,0.000000
361,C:/Users/VicUser/Documents/RobC/20260801/VF1_2_1\VF1_2_1-00000361_0.tif,C:/Users/VicUser/Documents/RobC/20260801/VF1_2_1\VF1_2_1-00000361_1.tif,208.468888,208.469237,1.905908,-10.383721,-10.430638,-10.389762,5.613355,0.000000,0.000000,0.000000
362,C:/Users/VicUser/Documents/RobC/20260801/VF1_2_1\VF1_2_1-00000362_0.tif,C:/Users/VicUser/Documents/RobC/20260801/VF1_2_1\VF1_2_1-00000362_1.tif,208.968905,208.969276,1.912284,-10.383721,-10.430638,-10.389762,5.632088,0.000000,0.000000,0.000000
363,C:/Users/VicUser/Documents/RobC/20260801/VF1_2_1\VF1_2_1-00000363_0.tif,C:/Users/VicUser/Documents/RobC/20260801/VF1_2_1\VF1_2_1-00000363_1.tif,209.468903,209.469234,1.921530,-10.383721,-10.430638,-10.389762,5.659251,0.000000,0.000000,0.000000
364,C:/Users/VicUser/Documents/RobC/20260801/VF1_2_1\VF1_2_1-00000364_0.tif,C:/Users/VicUser/Documents/RobC/20260801/VF1_2_1\VF1_2_1-00000364_1.tif,209.968890,209.969263,1.926631,-10.383721,-10.430638,-10.389762,5.674238,0.000000,0.000000,0.000000
365,C:/Users/VicUser/Documents/RobC/20260801/VF1_2_1\VF1_2_1-00000365_0.tif,C:/Users/VicUser/Documents/RobC/20260801/VF1_2_1\VF1_2_1-00000365_1.tif,210.468890,210.469218,1.935239,-10.383721,-10.430638,-10.389762,5.699528,0.000000,0.000000,0.000000
366,C:/Users/VicUser/Documents/RobC/20260801/VF1_2_1\VF1_2_1-00000366_0.tif,C:/Users/VicUser/Documents/RobC/20260801/VF1_2_1\VF1_2_1-00000366_1.tif,210.968854,210.969223,1.941615,-10.383721,-10.430638,-10.389762,5.718260,0.000000,0.000000,0.000000
367,C:/Users/VicUser/Documents/RobC/20260801/VF1_2_1\VF1_2_1-00000367_0.tif,C:/Users/VicUser/Documents/RobC/20260801/VF1_2_1\VF1_2_1-00000367_1.tif,211.468917,211.469237,1.947991,-10.383721,-10.430638,-10.389762,5.736994,0.000000,0.000000,0.000000
368,C:/Users/VicUser/Documents/RobC/20260801/VF1_2_1\VF1_2_1-00000368_0.tif,C:/Users/VicUser/Documents/RobC/20260801/VF1_2_1\VF1_2_1-00000368_1.tif,211.968900,211.969207,1.954686,-10.383721,-10.430638,-10.389762,5.756663,0.000000,0.000000,0.000000
369,C:/Users/VicUser/Documents/RobC/20260801/VF1_2_1\VF1_2_1-00000369_0.tif,C:/Users/VicUser/Documents/RobC/20260801/VF1_2_1\VF1_2_1-00000369_1.tif,212.468857,212.469281,1.959787,-10.383721,-10.430638,-10.389762,5.771650,0.000000,0.000000,0.000000
370,C:/Users/VicUser/Documents/RobC/20260801/VF1_2_1\VF1_2_1-00000370_0.tif,C:/Users/VicUser/Documents/RobC/20260801/VF1_2_1\VF1_2_1-00000370_1.tif,212.968866,212.969147,1.967757,-10.383721,-10.430638,-10.389762,5.795066,0.000000,0.000000,0.000000
371,C:/Users/VicUser/Documents/RobC/20260801/VF1_2_1\VF1_2_1-00000371_0.tif,C:/Users/VicUser/Documents/RobC/20260801/VF1_2_1\VF1_2_1-00000371_1.tif,213.468888,213.469147,1.974771,-10.383721,-10.430638,-10.389762,5.815672,0.000000,0.000000,0.000000
372,C:/Users/VicUser/Documents/RobC/20260801/VF1_2_1\VF1_2_1-00000372_0.tif,C:/Users/VicUser/Documents/RobC/20260801/VF1_2_1\VF1_2_1-00000372_1.tif,213.968888,213.969155,1.979234,-10.383721,-10.430638,-10.389762,5.828785,0.000000,0.000000,0.000000
373,C:/Users/VicUser/Documents/RobC/20260801/VF1_2_1\VF1_2_1-00000373_0.tif,C:/Users/VicUser/Documents/RobC/20260801/VF1_2_1\VF1_2_1-00000373_1.tif,214.468881,214.469313,1.985291,-10.383721,-10.430638,-10.389762,5.846582,0.000000,0.000000,0.000000
374,C:/Users/VicUser/Documents/RobC/20260801/VF1_2_1\VF1_2_1-00000374_0.tif,C:/Users/VicUser/Documents/RobC/20260801/VF1_2_1\VF1_2_1-00000374_1.tif,214.968912,214.969179,1.991348,-10.383721,-10.430638,-10.389762,5.864378,0.000000,0.000000,0.000000
375,C:/Users/VicUser/Documents/RobC/20260801/VF1_2_1\VF1_2_1-00000375_0.tif,C:/Users/VicUser/Documents/RobC/20260801/VF1_2_1\VF1_2_1-00000375_1.tif,215.468783,215.469071,1.997725,-10.383721,-10.430638,-10.389762,5.883111,0.000000,0.000000,0.000000
376,C:/Users/VicUser/Documents/RobC/20260801/VF1_2_1\VF1_2_1-00000376_0.tif,C:/Users/VicUser/Documents/RobC/20260801/VF1_2_1\VF1_2_1-00000376_1.tif,215.968873,215.969217,2.003144,-10.383721,-10.430638,-10.389762,5.899034,0.000000,0.000000,0.000000
377,C:/Users/VicUser/Documents/RobC/20260801/VF1_2_1\VF1_2_1-00000377_0.tif,C:/Users/VicUser/Documents/RobC/20260801/VF1_2_1\VF1_2_1-00000377_1.tif,216.468841,216.469160,2.008883,-10.383721,-10.430638,-10.389762,5.915894,0.000000,0.000000,0.000000
378,C:/Users/VicUser/Documents/RobC/20260801/VF1_2_1\VF1_2_1-00000378_0.tif,C:/Users/VicUser/Documents/RobC/20260801/VF1_2_1\VF1_2_1-00000378_1.tif,216.968848,216.969126,2.014940,-10.383721,-10.430638,-10.389762,5.933690,0.000000,0.000000,0.000000
379,C:/Users/VicUser/Documents/RobC/20260801/VF1_2_1\VF1_2_1-00000379_0.tif,C:/Users/VicUser/Documents/RobC/20260801/VF1_2_1\VF1_2_1-00000379_1.tif,217.468861,217.469134,2.021316,-10.383721,-10.430638,-10.389762,5.952423,0.000000,0.000000,0.000000
380,C:/Users/VicUser/Documents/RobC/20260801/VF1_2_1\VF1_2_1-00000380_0.tif,C:/Users/VicUser/Documents/RobC/20260801/VF1_2_1\VF1_2_1-00000380_1.tif,217.968931,217.969227,2.028011,-10.383721,-10.430638,-10.389762,5.972093,0.000000,0.000000,0.000000
381,C:/Users/VicUser/Documents/RobC/20260801/VF1_2_1\VF1_2_1-00000381_0.tif,C:/Users/VicUser/Documents/RobC/20260801/VF1_2_1\VF1_2_1-00000381_1.tif,218.468838,218.469047,2.034387,-10.383721,-10.430638,-10.389762,5.990826,0.000000,0.000000,0.000000
382,C:/Users/VicUser/Documents/RobC/20260801/VF1_2_1\VF1_2_1-00000382_0.tif,C:/Users/VicUser/Documents/RobC/20260801/VF1_2_1\VF1_2_1-00000382_1.tif,218.968890,218.969154,2.041401,-10.383721,-10.430638,-10.389762,6.011432,0.000000,0.000000,0.000000
383,C:/Users/VicUser/Documents/RobC/20260801/VF1_2_1\VF1_2_1-00000383_0.tif,C:/Users/VicUser/Documents/RobC/20260801/VF1_2_1\VF1_2_1-00000383_1.tif,219.468871,219.469224,2.046183,-10.383721,-10.430638,-10.389762,6.025483,0.000000,0.000000,0.000000
384,C:/Users/VicUser/Documents/RobC/20260801/VF1_2_1\VF1_2_1-00000384_0.tif,C:/Users/VicUser/Documents/RobC/20260801/VF1_2_1\VF1_2_1-00000384_1.tif,219.968892,219.969124,2.054472,-10.383721,-10.430638,-10.389762,6.049835,0.000000,0.000000,0.000000
385,C:/Users/VicUser/Documents/RobC/20260801/VF1_2_1\VF1_2_1-00000385_0.tif,C:/Users/VicUser/Documents/RobC/20260801/VF1_2_1\VF1_2_1-00000385_1.tif,220.468815,220.469095,2.060848,-10.383721,-10.430638,-10.389762,6.068568,0.000000,0.000000,0.000000
386,C:/Users/VicUser/Documents/RobC/20260801/VF1_2_1\VF1_2_1-00000386_0.tif,C:/Users/VicUser/Documents/RobC/20260801/VF1_2_1\VF1_2_1-00000386_1.tif,220.968888,220.969196,2.067862,-10.383721,-10.430638,-10.389762,6.089175,0.000000,0.000000,0.000000
387,C:/Users/VicUser/Documents/RobC/20260801/VF1_2_1\VF1_2_1-00000387_0.tif,C:/Users/VicUser/Documents/RobC/20260801/VF1_2_1\VF1_2_1-00000387_1.tif,221.468875,221.469135,2.074557,-10.383721,-10.430638,-10.389762,6.108845,0.000000,0.000000,0.000000
388,C:/Users/VicUser/Documents/RobC/20260801/VF1_2_1\VF1_2_1-00000388_0.tif,C:/Users/VicUser/Documents/RobC/20260801/VF1_2_1\VF1_2_1-00000388_1.tif,221.968913,221.969159,2.080933,-10.383721,-10.430638,-10.389762,6.127577,0.000000,0.000000,0.000000
389,C:/Users/VicUser/Documents/RobC/20260801/VF1_2_1\VF1_2_1-00000389_0.tif,C:/Users/VicUser/Documents/RobC/20260801/VF1_2_1\VF1_2_1-00000389_1.tif,222.468914,222.469260,2.086034,-10.383721,-10.430638,-10.389762,6.142564,0.000000,0.000000,0.000000
390,C:/Users/VicUser/Documents/RobC/20260801/VF1_2_1\VF1_2_1-00000390_0.tif,C:/Users/VicUser/Documents/RobC/20260801/VF1_2_1\VF1_2_1-00000390_1.tif,222.968849,222.969164,2.095598,-10.383721,-10.430638,-10.389762,6.170663,0.000000,0.000000,0.000000
391,C:/Users/VicUser/Documents/RobC/20260801/VF1_2_1\VF1_2_1-00000391_0.tif,C:/Users/VicUser/Documents/RobC/20260801/VF1_2_1\VF1_2_1-00000391_1.tif,223.468889,223.469203,2.099105,-10.383721,-10.430638,-10.389762,6.180967,0.000000,0.000000,0.000000
392,C:/Users/VicUser/Documents/RobC/20260801/VF1_2_1\VF1_2_1-00000392_0.tif,C:/Users/VicUser/Documents/RobC/20260801/VF1_2_1\VF1_2_1-00000392_1.tif,223.968907,223.969240,2.103249,-10.383721,-10.430638,-10.389762,6.193143,0.000000,0.000000,0.000000
393,C:/Users/VicUser/Documents/RobC/20260801/VF1_2_1\VF1_2_1-00000393_0.tif,C:/Users/VicUser/Documents/RobC/20260801/VF1_2_1\VF1_2_1-00000393_1.tif,224.468876,224.469204,2.110263,-10.383721,-10.430638,-10.389762,6.213750,0.000000,0.000000,0.000000
394,C:/Users/VicUser/Documents/RobC/20260801/VF1_2_1\VF1_2_1-00000394_0.tif,C:/Users/VicUser/Documents/RobC/20260801/VF1_2_1\VF1_2_1-00000394_1.tif,224.968856,224.969247,2.115683,-10.383721,-10.430638,-10.389762,6.229673,0.000000,0.000000,0.000000
395,C:/Users/VicUser/Documents/RobC/20260801/VF1_2_1\VF1_2_1-00000395_0.tif,C:/Users/VicUser/Documents/RobC/20260801/VF1_2_1\VF1_2_1-00000395_1.tif,225.468770,225.469057,2.123334,-10.383721,-10.430638,-10.389762,6.252152,0.000000,0.000000,0.000000
396,C:/Users/VicUser/Documents/RobC/20260801/VF1_2_1\VF1_2_1-00000396_0.tif,C:/Users/VicUser/Documents/RobC/20260801/VF1_2_1\VF1_2_1-00000396_1.tif,225.968838,225.969190,2.131942,-10.383721,-10.430638,-10.389762,6.277442,0.000000,0.000000,0.000000
397,C:/Users/VicUser/Documents/RobC/20260801/VF1_2_1\VF1_2_1-00000397_0.tif,C:/Users/VicUser/Documents/RobC/20260801/VF1_2_1\VF1_2_1-00000397_1.tif,226.468869,226.469171,2.138956,-10.383721,-10.430638,-10.389762,6.298048,0.000000,0.000000,0.000000
398,C:/Users/VicUser/Documents/RobC/20260801/VF1_2_1\VF1_2_1-00000398_0.tif,C:/Users/VicUser/Documents/RobC/20260801/VF1_2_1\VF1_2_1-00000398_1.tif,226.968874,226.969104,2.146288,-10.383721,-10.430638,-10.389762,6.319591,0.000000,0.000000,0.000000
399,C:/Users/VicUser/Documents/RobC/20260801/VF1_2_1\VF1_2_1-00000399_0.tif,C:/Users/VicUser/Documents/RobC/20260801/VF1_2_1\VF1_2_1-00000399_1.tif,227.468859,227.469134,2.153621,-10.383721,-10.430638,-10.389762,6.341134,0.000000,0.000000,0.000000
400,C:/Users/VicUser/Documents/RobC/20260801/VF1_2_1\VF1_2_1-00000400_0.tif,C:/Users/VicUser/Documents/RobC/20260801/VF1_2_1\VF1_2_1-00000400_1.tif,227.968852,227.969119,2.159997,-10.383721,-10.430638,-10.389762,6.359867,0.000000,0.000000,0.000000
401,C:/Users/VicUser/Documents/RobC/20260801/VF1_2_1\VF1_2_1-00000401_0.tif,C:/Users/VicUser/Documents/RobC/20260801/VF1_2_1\VF1_2_1-00000401_1.tif,228.468854,228.469124,2.167329,-10.383721,-10.430638,-10.389762,6.381410,0.000000,0.000000,0.000000
402,C:/Users/VicUser/Documents/RobC/20260801/VF1_2_1\VF1_2_1-00000402_0.tif,C:/Users/VicUser/Documents/RobC/20260801/VF1_2_1\VF1_2_1-00000402_1.tif,228.968885,228.969189,2.174662,-10.383721,-10.430638,-10.389762,6.402953,0.000000,0.000000,0.000000
403,C:/Users/VicUser/Documents/RobC/20260801/VF1_2_1\VF1_2_1-00000403_0.tif,C:/Users/VicUser/Documents/RobC/20260801/VF1_2_1\VF1_2_1-00000403_1.tif,229.468872,229.469222,2.180400,-10.383721,-10.430638,-10.389762,6.419813,0.000000,0.000000,0.000000
404,C:/Users/VicUser/Documents/RobC/20260801/VF1_2_1\VF1_2_1-00000404_0.tif,C:/Users/VicUser/Documents/RobC/20260801/VF1_2_1\VF1_2_1-00000404_1.tif,229.968884,229.969183,2.188052,-10.383721,-10.430638,-10.389762,6.442293,0.000000,0.000000,0.000000
405,C:/Users/VicUser/Documents/RobC/20260801/VF1_2_1\VF1_2_1-00000405_0.tif,C:/Users/VicUser/Documents/RobC/20260801/VF1_2_1\VF1_2_1-00000405_1.tif,230.468918,230.469243,2.195065,-10.383721,-10.430638,-10.389762,6.462899,0.000000,0.000000,0.000000
406,C:/Users/VicUser/Documents/RobC/20260801/VF1_2_1\VF1_2_1-00000406_0.tif,C:/Users/VicUser/Documents/RobC/20260801/VF1_2_1\VF1_2_1-00000406_1.tif,230.968875,230.969186,2.203354,-10.383721,-10.430638,-10.389762,6.487252,0.000000,0.000000,0.000000
407,C:/Users/VicUser/Documents/RobC/20260801/VF1_2_1\VF1_2_1-00000407_0.tif,C:/Users/VicUser/Documents/RobC/20260801/VF1_2_1\VF1_2_1-00000407_1.tif,231.468941,231.469258,2.210049,-10.383721,-10.430638,-10.389762,6.506922,0.000000,0.000000,0.000000
408,C:/Users/VicUser/Documents/RobC/20260801/VF1_2_1\VF1_2_1-00000408_0.tif,C:/Users/VicUser/Documents/RobC/20260801/VF1_2_1\VF1_2_1-00000408_1.tif,231.968915,231.969229,2.218019,-10.383721,-10.430638,-10.389762,6.530338,0.000000,0.000000,0.000000
409,C:/Users/VicUser/Documents/RobC/20260801/VF1_2_1\VF1_2_1-00000409_0.tif,C:/Users/VicUser/Documents/RobC/20260801/VF1_2_1\VF1_2_1-00000409_1.tif,232.468832,232.469162,2.225033,-10.383721,-10.430638,-10.389762,6.550944,0.000000,0.000000,0.000000
410,C:/Users/VicUser/Documents/RobC/20260801/VF1_2_1\VF1_2_1-00000410_0.tif,C:/Users/VicUser/Documents/RobC/20260801/VF1_2_1\VF1_2_1-00000410_1.tif,232.968902,232.969314,2.232366,-10.383721,-10.430638,-10.389762,6.572487,0.000000,0.000000,0.000000
411,C:/Users/VicUser/Documents/RobC/20260801/VF1_2_1\VF1_2_1-00000411_0.tif,C:/Users/VicUser/Documents/RobC/20260801/VF1_2_1\VF1_2_1-00000411_1.tif,233.468872,233.469172,2.238423,-10.383721,-10.430638,-10.389762,6.590284,0.000000,0.000000,0.000000
412,C:/Users/VicUser/Documents/RobC/20260801/VF1_2_1\VF1_2_1-00000412_0.tif,C:/Users/VicUser/Documents/RobC/20260801/VF1_2_1\VF1_2_1-00000412_1.tif,233.968913,233.969411,2.247987,-10.383721,-10.430638,-10.389762,6.618383,0.000000,0.000000,0.000000
413,C:/Users/VicUser/Documents/RobC/20260801/VF1_2_1\VF1_2_1-00000413_0.tif,C:/Users/VicUser/Documents/RobC/20260801/VF1_2_1\VF1_2_1-00000413_1.tif,234.468909,234.469485,2.253088,-10.383721,-10.430638,-10.389762,6.633370,0.000000,0.000000,0.000000
414,C:/Users/VicUser/Documents/RobC/20260801/VF1_2_1\VF1_2_1-00000414_0.tif,C:/Users/VicUser/Documents/RobC/20260801/VF1_2_1\VF1_2_1-00000414_1.tif,234.968943,234.969363,2.259145,-10.383721,-10.430638,-10.389762,6.651166,0.000000,0.000000,0.000000
415,C:/Users/VicUser/Documents/RobC/20260801/VF1_2_1\VF1_2_1-00000415_0.tif,C:/Users/VicUser/Documents/RobC/20260801/VF1_2_1\VF1_2_1-00000415_1.tif,235.468952,235.469261,2.268391,-10.383721,-10.430638,-10.389762,6.678329,0.000000,0.000000,0.000000
416,C:/Users/VicUser/Documents/RobC/20260801/VF1_2_1\VF1_2_1-00000416_0.tif,C:/Users/VicUser/Documents/RobC/20260801/VF1_2_1\VF1_2_1-00000416_1.tif,235.968891,235.969288,2.275086,-10.383721,-10.430638,-10.389762,6.697998,0.000000,0.000000,0.000000
417,C:/Users/VicUser/Documents/RobC/20260801/VF1_2_1\VF1_2_1-00000417_0.tif,C:/Users/VicUser/Documents/RobC/20260801/VF1_2_1\VF1_2_1-00000417_1.tif,236.468909,236.469370,2.281781,-10.383721,-10.430638,-10.389762,6.717668,0.000000,0.000000,0.000000
418,C:/Users/VicUser/Documents/RobC/20260801/VF1_2_1\VF1_2_1-00000418_0.tif,C:/Users/VicUser/Documents/RobC/20260801/VF1_2_1\VF1_2_1-00000418_1.tif,236.968881,236.969227,2.286882,-10.383721,-10.430638,-10.389762,6.732655,0.000000,0.000000,0.000000
419,C:/Users/VicUser/Documents/RobC/20260801/VF1_2_1\VF1_2_1-00000419_0.tif,C:/Users/VicUser/Documents/RobC/20260801/VF1_2_1\VF1_2_1-00000419_1.tif,237.468868,237.469373,2.296765,-10.383721,-10.430638,-10.389762,6.761691,0.000000,0.000000,0.000000
420,C:/Users/VicUser/Documents/RobC/20260801/VF1_2_1\VF1_2_1-00000420_0.tif,C:/Users/VicUser/Documents/RobC/20260801/VF1_2_1\VF1_2_1-00000420_1.tif,237.968858,237.969207,2.301547,-10.383721,-10.430638,-10.389762,6.775740,0.000000,0.000000,0.000000
421,C:/Users/VicUser/Documents/RobC/20260801/VF1_2_1\VF1_2_1-00000421_0.tif,C:/Users/VicUser/Documents/RobC/20260801/VF1_2_1\VF1_2_1-00000421_1.tif,238.468826,238.469129,2.310792,-10.383721,-10.430638,-10.389762,6.802903,0.000000,0.000000,0.000000
422,C:/Users/VicUser/Documents/RobC/20260801/VF1_2_1\VF1_2_1-00000422_0.tif,C:/Users/VicUser/Documents/RobC/20260801/VF1_2_1\VF1_2_1-00000422_1.tif,238.968834,238.969073,2.316212,-10.383721,-10.430638,-10.389762,6.818827,0.000000,0.000000,0.000000
423,C:/Users/VicUser/Documents/RobC/20260801/VF1_2_1\VF1_2_1-00000423_0.tif,C:/Users/VicUser/Documents/RobC/20260801/VF1_2_1\VF1_2_1-00000423_1.tif,239.468894,239.469209,2.321950,-10.383721,-10.430638,-10.389762,6.835686,0.000000,0.000000,0.000000
424,C:/Users/VicUser/Documents/RobC/20260801/VF1_2_1\VF1_2_1-00000424_0.tif,C:/Users/VicUser/Documents/RobC/20260801/VF1_2_1\VF1_2_1-00000424_1.tif,239.968859,239.969136,2.329283,-10.383721,-10.430638,-10.389762,6.857229,0.000000,0.000000,0.000000
425,C:/Users/VicUser/Documents/RobC/20260801/VF1_2_1\VF1_2_1-00000425_0.tif,C:/Users/VicUser/Documents/RobC/20260801/VF1_2_1\VF1_2_1-00000425_1.tif,240.468849,240.469255,2.335978,-10.383721,-10.430638,-10.389762,6.876899,0.000000,0.000000,0.000000
426,C:/Users/VicUser/Documents/RobC/20260801/VF1_2_1\VF1_2_1-00000426_0.tif,C:/Users/VicUser/Documents/RobC/20260801/VF1_2_1\VF1_2_1-00000426_1.tif,240.968866,240.969238,2.342354,-10.383721,-10.430638,-10.389762,6.895632,0.000000,0.000000,0.000000
427,C:/Users/VicUser/Documents/RobC/20260801/VF1_2_1\VF1_2_1-00000427_0.tif,C:/Users/VicUser/Documents/RobC/20260801/VF1_2_1\VF1_2_1-00000427_1.tif,241.468883,241.469210,2.350005,-10.383721,-10.430638,-10.389762,6.918112,0.000000,0.000000,0.000000
428,C:/Users/VicUser/Documents/RobC/20260801/VF1_2_1\VF1_2_1-00000428_0.tif,C:/Users/VicUser/Documents/RobC/20260801/VF1_2_1\VF1_2_1-00000428_1.tif,241.968920,241.969212,2.357019,-10.383721,-10.430638,-10.389762,6.938718,0.000000,0.000000,0.000000
429,C:/Users/VicUser/Documents/RobC/20260801/VF1_2_1\VF1_2_1-00000429_0.tif,C:/Users/VicUser/Documents/RobC/20260801/VF1_2_1\VF1_2_1-00000429_1.tif,242.468864,242.469166,2.364033,-10.383721,-10.430638,-10.389762,6.959324,0.000000,0.000000,0.000000
430,C:/Users/VicUser/Documents/RobC/20260801/VF1_2_1\VF1_2_1-00000430_0.tif,C:/Users/VicUser/Documents/RobC/20260801/VF1_2_1\VF1_2_1-00000430_1.tif,242.968865,242.969246,2.371046,-10.383721,-10.430638,-10.389762,6.979931,0.000000,0.000000,0.000000
431,C:/Users/VicUser/Documents/RobC/20260801/VF1_2_1\VF1_2_1-00000431_0.tif,C:/Users/VicUser/Documents/RobC/20260801/VF1_2_1\VF1_2_1-00000431_1.tif,243.468989,243.469114,2.379335,-10.383721,-10.430638,-10.389762,7.004284,0.000000,0.000000,0.000000
432,C:/Users/VicUser/Documents/RobC/20260801/VF1_2_1\VF1_2_1-00000432_0.tif,C:/Users/VicUser/Documents/RobC/20260801/VF1_2_1\VF1_2_1-00000432_1.tif,243.968846,243.969149,2.386030,-10.383721,-10.430638,-10.389762,7.023953,0.000000,0.000000,0.000000
433,C:/Users/VicUser/Documents/RobC/20260801/VF1_2_1\VF1_2_1-00000433_0.tif,C:/Users/VicUser/Documents/RobC/20260801/VF1_2_1\VF1_2_1-00000433_1.tif,244.468902,244.469181,2.392725,-10.383721,-10.430638,-10.389762,7.043623,0.000000,0.000000,0.000000
434,C:/Users/VicUser/Documents/RobC/20260801/VF1_2_1\VF1_2_1-00000434_0.tif,C:/Users/VicUser/Documents/RobC/20260801/VF1_2_1\VF1_2_1-00000434_1.tif,244.968913,244.969195,2.401652,-10.383721,-10.430638,-10.389762,7.069849,0.000000,0.000000,0.000000
435,C:/Users/VicUser/Documents/RobC/20260801/VF1_2_1\VF1_2_1-00000435_0.tif,C:/Users/VicUser/Documents/RobC/20260801/VF1_2_1\VF1_2_1-00000435_1.tif,245.468846,245.469168,2.408665,-10.383721,-10.430638,-10.389762,7.090456,0.000000,0.000000,0.000000
436,C:/Users/VicUser/Documents/RobC/20260801/VF1_2_1\VF1_2_1-00000436_0.tif,C:/Users/VicUser/Documents/RobC/20260801/VF1_2_1\VF1_2_1-00000436_1.tif,245.968923,245.969268,2.415360,-10.383721,-10.430638,-10.389762,7.110126,0.000000,0.000000,0.000000
437,C:/Users/VicUser/Documents/RobC/20260801/VF1_2_1\VF1_2_1-00000437_0.tif,C:/Users/VicUser/Documents/RobC/20260801/VF1_2_1\VF1_2_1-00000437_1.tif,246.468923,246.469178,2.422055,-10.383721,-10.430638,-10.389762,7.129795,0.000000,0.000000,0.000000
438,C:/Users/VicUser/Documents/RobC/20260801/VF1_2_1\VF1_2_1-00000438_0.tif,C:/Users/VicUser/Documents/RobC/20260801/VF1_2_1\VF1_2_1-00000438_1.tif,246.968827,246.969111,2.430026,-10.383721,-10.430638,-10.389762,7.153212,0.000000,0.000000,0.000000
439,C:/Users/VicUser/Documents/RobC/20260801/VF1_2_1\VF1_2_1-00000439_0.tif,C:/Users/VicUser/Documents/RobC/20260801/VF1_2_1\VF1_2_1-00000439_1.tif,247.468891,247.469165,2.436720,-10.383721,-10.430638,-10.389762,7.172881,0.000000,0.000000,0.000000
440,C:/Users/VicUser/Documents/RobC/20260801/VF1_2_1\VF1_2_1-00000440_0.tif,C:/Users/VicUser/Documents/RobC/20260801/VF1_2_1\VF1_2_1-00000440_1.tif,247.968868,247.969139,2.443415,-10.383721,-10.430638,-10.389762,7.192551,0.000000,0.000000,0.000000
441,C:/Users/VicUser/Documents/RobC/20260801/VF1_2_1\VF1_2_1-00000441_0.tif,C:/Users/VicUser/Documents/RobC/20260801/VF1_2_1\VF1_2_1-00000441_1.tif,248.468905,248.469282,2.450110,-10.383721,-10.430638,-10.389762,7.212220,0.000000,0.000000,0.000000
442,C:/Users/VicUser/Documents/RobC/20260801/VF1_2_1\VF1_2_1-00000442_0.tif,C:/Users/VicUser/Documents/RobC/20260801/VF1_2_1\VF1_2_1-00000442_1.tif,248.968863,248.969252,2.459356,-10.383721,-10.430638,-10.389762,7.239383,0.000000,0.000000,0.000000
443,C:/Users/VicUser/Documents/RobC/20260801/VF1_2_1\VF1_2_1-00000443_0.tif,C:/Users/VicUser/Documents/RobC/20260801/VF1_2_1\VF1_2_1-00000443_1.tif,249.468903,249.469259,2.467326,-10.383721,-10.430638,-10.389762,7.262799,0.000000,0.000000,0.000000
444,C:/Users/VicUser/Documents/RobC/20260801/VF1_2_1\VF1_2_1-00000444_0.tif,C:/Users/VicUser/Documents/RobC/20260801/VF1_2_1\VF1_2_1-00000444_1.tif,249.968870,249.969216,2.473383,-10.383721,-10.430638,-10.389762,7.280596,0.000000,0.000000,0.000000
445,C:/Users/VicUser/Documents/RobC/20260801/VF1_2_1\VF1_2_1-00000445_0.tif,C:/Users/VicUser/Documents/RobC/20260801/VF1_2_1\VF1_2_1-00000445_1.tif,250.468875,250.469127,2.478165,-10.383721,-10.430638,-10.389762,7.294646,0.000000,0.000000,0.000000
446,C:/Users/VicUser/Documents/RobC/20260801/VF1_2_1\VF1_2_1-00000446_0.tif,C:/Users/VicUser/Documents/RobC/20260801/VF1_2_1\VF1_2_1-00000446_1.tif,250.968842,250.969156,2.488048,-10.383721,-10.430638,-10.389762,7.323682,0.000000,0.000000,0.000000
447,C:/Users/VicUser/Documents/RobC/20260801/VF1_2_1\VF1_2_1-00000447_0.tif,C:/Users/VicUser/Documents/RobC/20260801/VF1_2_1\VF1_2_1-00000447_1.tif,251.468871,251.469383,2.493787,-10.383721,-10.430638,-10.389762,7.340542,0.000000,0.000000,0.000000
448,C:/Users/VicUser/Documents/RobC/20260801/VF1_2_1\VF1_2_1-00000448_0.tif,C:/Users/VicUser/Documents/RobC/20260801/VF1_2_1\VF1_2_1-00000448_1.tif,251.968842,251.969170,2.502076,-10.383721,-10.430638,-10.389762,7.364895,0.000000,0.000000,0.000000
449,C:/Users/VicUser/Documents/RobC/20260801/VF1_2_1\VF1_2_1-00000449_0.tif,C:/Users/VicUser/Documents/RobC/20260801/VF1_2_1\VF1_2_1-00000449_1.tif,252.468861,252.469182,2.510046,-10.383721,-10.430638,-10.389762,7.388311,0.000000,0.000000,0.000000
450,C:/Users/VicUser/Documents/RobC/20260801/VF1_2_1\VF1_2_1-00000450_0.tif,C:/Users/VicUser/Documents/RobC/20260801/VF1_2_1\VF1_2_1-00000450_1.tif,252.968900,252.969240,2.514828,-10.383721,-10.430638,-10.389762,7.402361,0.000000,0.000000,0.000000
451,C:/Users/VicUser/Documents/RobC/20260801/VF1_2_1\VF1_2_1-00000451_0.tif,C:/Users/VicUser/Documents/RobC/20260801/VF1_2_1\VF1_2_1-00000451_1.tif,253.468826,253.469119,2.524392,-10.383721,-10.430638,-10.389762,7.430461,0.000000,0.000000,0.000000
452,C:/Users/VicUser/Documents/RobC/20260801/VF1_2_1\VF1_2_1-00000452_0.tif,C:/Users/VicUser/Documents/RobC/20260801/VF1_2_1\VF1_2_1-00000452_1.tif,253.968901,253.969233,2.530449,-10.383721,-10.430638,-10.389762,7.448257,0.000000,0.000000,0.000000
453,C:/Users/VicUser/Documents/RobC/20260801/VF1_2_1\VF1_2_1-00000453_0.tif,C:/Users/VicUser/Documents/RobC/20260801/VF1_2_1\VF1_2_1-00000453_1.tif,254.468893,254.469181,2.539057,-10.383721,-10.430638,-10.389762,7.473546,0.000000,0.000000,0.000000
454,C:/Users/VicUser/Documents/RobC/20260801/VF1_2_1\VF1_2_1-00000454_0.tif,C:/Users/VicUser/Documents/RobC/20260801/VF1_2_1\VF1_2_1-00000454_1.tif,254.968865,254.969174,2.545433,-10.383721,-10.430638,-10.389762,7.492280,0.000000,0.000000,0.000000
455,C:/Users/VicUser/Documents/RobC/20260801/VF1_2_1\VF1_2_1-00000455_0.tif,C:/Users/VicUser/Documents/RobC/20260801/VF1_2_1\VF1_2_1-00000455_1.tif,255.468911,255.469303,2.552128,-10.383721,-10.430638,-10.389762,7.511949,0.000000,0.000000,0.000000
456,C:/Users/VicUser/Documents/RobC/20260801/VF1_2_1\VF1_2_1-00000456_0.tif,C:/Users/VicUser/Documents/RobC/20260801/VF1_2_1\VF1_2_1-00000456_1.tif,255.968891,255.969227,2.560098,-10.383721,-10.430638,-10.389762,7.535366,0.000000,0.000000,0.000000
457,C:/Users/VicUser/Documents/RobC/20260801/VF1_2_1\VF1_2_1-00000457_0.tif,C:/Users/VicUser/Documents/RobC/20260801/VF1_2_1\VF1_2_1-00000457_1.tif,256.468873,256.469242,2.566474,-10.383721,-10.430638,-10.389762,7.554099,0.000000,0.000000,0.000000
458,C:/Users/VicUser/Documents/RobC/20260801/VF1_2_1\VF1_2_1-00000458_0.tif,C:/Users/VicUser/Documents/RobC/20260801/VF1_2_1\VF1_2_1-00000458_1.tif,256.968883,256.969124,2.572532,-10.383721,-10.430638,-10.389762,7.571895,0.000000,0.000000,0.000000
459,C:/Users/VicUser/Documents/RobC/20260801/VF1_2_1\VF1_2_1-00000459_0.tif,C:/Users/VicUser/Documents/RobC/20260801/VF1_2_1\VF1_2_1-00000459_1.tif,257.468884,257.469288,2.577951,-10.383721,-10.430638,-10.389762,7.587818,0.000000,0.000000,0.000000
460,C:/Users/VicUser/Documents/RobC/20260801/VF1_2_1\VF1_2_1-00000460_0.tif,C:/Users/VicUser/Documents/RobC/20260801/VF1_2_1\VF1_2_1-00000460_1.tif,257.968845,257.969193,2.586240,-10.383721,-10.430638,-10.389762,7.612171,0.000000,0.000000,0.000000
461,C:/Users/VicUser/Documents/RobC/20260801/VF1_2_1\VF1_2_1-00000461_0.tif,C:/Users/VicUser/Documents/RobC/20260801/VF1_2_1\VF1_2_1-00000461_1.tif,258.468878,258.469201,2.592298,-10.383721,-10.430638,-10.389762,7.629968,0.000000,0.000000,0.000000
462,C:/Users/VicUser/Documents/RobC/20260801/VF1_2_1\VF1_2_1-00000462_0.tif,C:/Users/VicUser/Documents/RobC/20260801/VF1_2_1\VF1_2_1-00000462_1.tif,258.968846,258.969149,2.598355,-10.383721,-10.430638,-10.389762,7.647764,0.000000,0.000000,0.000000
463,C:/Users/VicUser/Documents/RobC/20260801/VF1_2_1\VF1_2_1-00000463_0.tif,C:/Users/VicUser/Documents/RobC/20260801/VF1_2_1\VF1_2_1-00000463_1.tif,259.468903,259.469337,2.604412,-10.383721,-10.430638,-10.389762,7.665560,0.000000,0.000000,0.000000
464,C:/Users/VicUser/Documents/RobC/20260801/VF1_2_1\VF1_2_1-00000464_0.tif,C:/Users/VicUser/Documents/RobC/20260801/VF1_2_1\VF1_2_1-00000464_1.tif,259.968923,259.969116,2.613658,-10.383721,-10.430638,-10.389762,7.692723,0.000000,0.000000,0.000000
465,C:/Users/VicUser/Documents/RobC/20260801/VF1_2_1\VF1_2_1-00000465_0.tif,C:/Users/VicUser/Documents/RobC/20260801/VF1_2_1\VF1_2_1-00000465_1.tif,260.468844,260.469248,2.620990,-10.383721,-10.430638,-10.389762,7.714266,0.000000,0.000000,0.000000
466,C:/Users/VicUser/Documents/RobC/20260801/VF1_2_1\VF1_2_1-00000466_0.tif,C:/Users/VicUser/Documents/RobC/20260801/VF1_2_1\VF1_2_1-00000466_1.tif,260.968913,260.969268,2.627366,-10.383721,-10.430638,-10.389762,7.732999,0.000000,0.000000,0.000000
467,C:/Users/VicUser/Documents/RobC/20260801/VF1_2_1\VF1_2_1-00000467_0.tif,C:/Users/VicUser/Documents/RobC/20260801/VF1_2_1\VF1_2_1-00000467_1.tif,261.468904,261.469205,2.635337,-10.383721,-10.430638,-10.389762,7.756416,0.000000,0.000000,0.000000
468,C:/Users/VicUser/Documents/RobC/20260801/VF1_2_1\VF1_2_1-00000468_0.tif,C:/Users/VicUser/Documents/RobC/20260801/VF1_2_1\VF1_2_1-00000468_1.tif,261.968897,261.969231,2.641713,-10.383721,-10.430638,-10.389762,7.775148,0.000000,0.000000,0.000000
469,C:/Users/VicUser/Documents/RobC/20260801/VF1_2_1\VF1_2_1-00000469_0.tif,C:/Users/VicUser/Documents/RobC/20260801/VF1_2_1\VF1_2_1-00000469_1.tif,262.469010,262.469377,2.650639,-10.383721,-10.430638,-10.389762,7.801375,0.000000,0.000000,0.000000
470,C:/Users/VicUser/Documents/RobC/20260801/VF1_2_1\VF1_2_1-00000470_0.tif,C:/Users/VicUser/Documents/RobC/20260801/VF1_2_1\VF1_2_1-00000470_1.tif,262.969009,262.969372,2.657015,-10.383721,-10.430638,-10.389762,7.820108,0.000000,0.000000,0.000000
471,C:/Users/VicUser/Documents/RobC/20260801/VF1_2_1\VF1_2_1-00000471_0.tif,C:/Users/VicUser/Documents/RobC/20260801/VF1_2_1\VF1_2_1-00000471_1.tif,263.468980,263.469334,2.664348,-10.383721,-10.430638,-10.389762,7.841651,0.000000,0.000000,0.000000
472,C:/Users/VicUser/Documents/RobC/20260801/VF1_2_1\VF1_2_1-00000472_0.tif,C:/Users/VicUser/Documents/RobC/20260801/VF1_2_1\VF1_2_1-00000472_1.tif,263.968958,263.969349,2.671043,-10.383721,-10.430638,-10.389762,7.861320,0.000000,0.000000,0.000000
473,C:/Users/VicUser/Documents/RobC/20260801/VF1_2_1\VF1_2_1-00000473_0.tif,C:/Users/VicUser/Documents/RobC/20260801/VF1_2_1\VF1_2_1-00000473_1.tif,264.468930,264.469345,2.678056,-10.383721,-10.430638,-10.389762,7.881927,0.000000,0.000000,0.000000
474,C:/Users/VicUser/Documents/RobC/20260801/VF1_2_1\VF1_2_1-00000474_0.tif,C:/Users/VicUser/Documents/RobC/20260801/VF1_2_1\VF1_2_1-00000474_1.tif,264.968940,264.969250,2.685070,-10.383721,-10.430638,-10.389762,7.902533,0.000000,0.000000,0.000000
475,C:/Users/VicUser/Documents/RobC/20260801/VF1_2_1\VF1_2_1-00000475_0.tif,C:/Users/VicUser/Documents/RobC/20260801/VF1_2_1\VF1_2_1-00000475_1.tif,265.468924,265.469305,2.693678,-10.383721,-10.430638,-10.389762,7.927823,0.000000,0.000000,0.000000
476,C:/Users/VicUser/Documents/RobC/20260801/VF1_2_1\VF1_2_1-00000476_0.tif,C:/Users/VicUser/Documents/RobC/20260801/VF1_2_1\VF1_2_1-00000476_1.tif,265.968933,265.969189,2.700373,-10.383721,-10.430638,-10.389762,7.947492,0.000000,0.000000,0.000000
477,C:/Users/VicUser/Documents/RobC/20260801/VF1_2_1\VF1_2_1-00000477_0.tif,C:/Users/VicUser/Documents/RobC/20260801/VF1_2_1\VF1_2_1-00000477_1.tif,266.468825,266.469111,2.707068,-10.383721,-10.430638,-10.389762,7.967162,0.000000,0.000000,0.000000
478,C:/Users/VicUser/Documents/RobC/20260801/VF1_2_1\VF1_2_1-00000478_0.tif,C:/Users/VicUser/Documents/RobC/20260801/VF1_2_1\VF1_2_1-00000478_1.tif,266.968879,266.969221,2.714719,-10.383721,-10.430638,-10.389762,7.989642,0.000000,0.000000,0.000000
479,C:/Users/VicUser/Documents/RobC/20260801/VF1_2_1\VF1_2_1-00000479_0.tif,C:/Users/VicUser/Documents/RobC/20260801/VF1_2_1\VF1_2_1-00000479_1.tif,267.468903,267.469325,2.722371,-10.383721,-10.430638,-10.389762,8.012121,0.000000,0.000000,0.000000
480,C:/Users/VicUser/Documents/RobC/20260801/VF1_2_1\VF1_2_1-00000480_0.tif,C:/Users/VicUser/Documents/RobC/20260801/VF1_2_1\VF1_2_1-00000480_1.tif,267.968906,267.969201,2.729703,-10.383721,-10.430638,-10.389762,8.033665,0.000000,0.000000,0.000000
481,C:/Users/VicUser/Documents/RobC/20260801/VF1_2_1\VF1_2_1-00000481_0.tif,C:/Users/VicUser/Documents/RobC/20260801/VF1_2_1\VF1_2_1-00000481_1.tif,268.468899,268.469264,2.735123,-10.383721,-10.430638,-10.389762,8.049588,0.000000,0.000000,0.000000
482,C:/Users/VicUser/Documents/RobC/20260801/VF1_2_1\VF1_2_1-00000482_0.tif,C:/Users/VicUser/Documents/RobC/20260801/VF1_2_1\VF1_2_1-00000482_1.tif,268.968876,268.969254,2.742774,-10.383721,-10.430638,-10.389762,8.072067,0.000000,0.000000,0.000000
483,C:/Users/VicUser/Documents/RobC/20260801/VF1_2_1\VF1_2_1-00000483_0.tif,C:/Users/VicUser/Documents/RobC/20260801/VF1_2_1\VF1_2_1-00000483_1.tif,269.468867,269.469317,2.750744,-10.383721,-10.430638,-10.389762,8.095483,0.000000,0.000000,0.000000
484,C:/Users/VicUser/Documents/RobC/20260801/VF1_2_1\VF1_2_1-00000484_0.tif,C:/Users/VicUser/Documents/RobC/20260801/VF1_2_1\VF1_2_1-00000484_1.tif,269.968888,269.969168,2.756483,-10.383721,-10.430638,-10.389762,8.112343,0.000000,0.000000,0.000000
485,C:/Users/VicUser/Documents/RobC/20260801/VF1_2_1\VF1_2_1-00000485_0.tif,C:/Users/VicUser/Documents/RobC/20260801/VF1_2_1\VF1_2_1-00000485_1.tif,270.468780,270.469138,2.763178,-10.383721,-10.430638,-10.389762,8.132012,0.000000,0.000000,0.000000
486,C:/Users/VicUser/Documents/RobC/20260801/VF1_2_1\VF1_2_1-00000486_0.tif,C:/Users/VicUser/Documents/RobC/20260801/VF1_2_1\VF1_2_1-00000486_1.tif,270.968911,270.969287,2.769235,-10.383721,-10.430638,-10.389762,8.149809,0.000000,0.000000,0.000000
487,C:/Users/VicUser/Documents/RobC/20260801/VF1_2_1\VF1_2_1-00000487_0.tif,C:/Users/VicUser/Documents/RobC/20260801/VF1_2_1\VF1_2_1-00000487_1.tif,271.468905,271.469280,2.776568,-10.383721,-10.430638,-10.389762,8.171352,0.000000,0.000000,0.000000
488,C:/Users/VicUser/Documents/RobC/20260801/VF1_2_1\VF1_2_1-00000488_0.tif,C:/Users/VicUser/Documents/RobC/20260801/VF1_2_1\VF1_2_1-00000488_1.tif,271.968851,271.969285,2.784219,-10.383721,-10.430638,-10.389762,8.193832,0.000000,0.000000,0.000000
489,C:/Users/VicUser/Documents/RobC/20260801/VF1_2_1\VF1_2_1-00000489_0.tif,C:/Users/VicUser/Documents/RobC/20260801/VF1_2_1\VF1_2_1-00000489_1.tif,272.468862,272.469361,2.789320,-10.383721,-10.430638,-10.389762,8.208818,0.000000,0.000000,0.000000
490,C:/Users/VicUser/Documents/RobC/20260801/VF1_2_1\VF1_2_1-00000490_0.tif,C:/Users/VicUser/Documents/RobC/20260801/VF1_2_1\VF1_2_1-00000490_1.tif,272.968876,272.969225,2.796015,-10.383721,-10.430638,-10.389762,8.228488,0.000000,0.000000,0.000000
491,C:/Users/VicUser/Documents/RobC/20260801/VF1_2_1\VF1_2_1-00000491_0.tif,C:/Users/VicUser/Documents/RobC/20260801/VF1_2_1\VF1_2_1-00000491_1.tif,273.468879,273.469255,2.803347,-10.383721,-10.430638,-10.389762,8.250031,0.000000,0.000000,0.000000
492,C:/Users/VicUser/Documents/RobC/20260801/VF1_2_1\VF1_2_1-00000492_0.tif,C:/Users/VicUser/Documents/RobC/20260801/VF1_2_1\VF1_2_1-00000492_1.tif,273.968915,273.969263,2.810042,-10.383721,-10.430638,-10.389762,8.269700,0.000000,0.000000,0.000000
493,C:/Users/VicUser/Documents/RobC/20260801/VF1_2_1\VF1_2_1-00000493_0.tif,C:/Users/VicUser/Documents/RobC/20260801/VF1_2_1\VF1_2_1-00000493_1.tif,274.468888,274.469182,2.817375,-10.383721,-10.430638,-10.389762,8.291243,0.000000,0.000000,0.000000
494,C:/Users/VicUser/Documents/RobC/20260801/VF1_2_1\VF1_2_1-00000494_0.tif,C:/Users/VicUser/Documents/RobC/20260801/VF1_2_1\VF1_2_1-00000494_1.tif,274.968893,274.969208,2.823432,-10.383721,-10.430638,-10.389762,8.309040,0.000000,0.000000,0.000000
495,C:/Users/VicUser/Documents/RobC/20260801/VF1_2_1\VF1_2_1-00000495_0.tif,C:/Users/VicUser/Documents/RobC/20260801/VF1_2_1\VF1_2_1-00000495_1.tif,275.468939,275.469136,2.829808,-10.383721,-10.430638,-10.389762,8.327773,0.000000,0.000000,0.000000
496,C:/Users/VicUser/Documents/RobC/20260801/VF1_2_1\VF1_2_1-00000496_0.tif,C:/Users/VicUser/Documents/RobC/20260801/VF1_2_1\VF1_2_1-00000496_1.tif,275.968875,275.969269,2.838097,-10.383721,-10.430638,-10.389762,8.352126,0.000000,0.000000,0.000000
497,C:/Users/VicUser/Documents/RobC/20260801/VF1_2_1\VF1_2_1-00000497_0.tif,C:/Users/VicUser/Documents/RobC/20260801/VF1_2_1\VF1_2_1-00000497_1.tif,276.468911,276.469347,2.842242,-10.383721,-10.430638,-10.389762,8.364302,0.000000,0.000000,0.000000
498,C:/Users/VicUser/Documents/RobC/20260801/VF1_2_1\VF1_2_1-00000498_0.tif,C:/Users/VicUser/Documents/RobC/20260801/VF1_2_1\VF1_2_1-00000498_1.tif,276.968832,276.969236,2.849574,-10.383721,-10.430638,-10.389762,8.385845,0.000000,0.000000,0.000000
499,C:/Users/VicUser/Documents/RobC/20260801/VF1_2_1\VF1_2_1-00000499_0.tif,C:/Users/VicUser/Documents/RobC/20260801/VF1_2_1\VF1_2_1-00000499_1.tif,277.468882,277.469156,2.856269,-10.383721,-10.430638,-10.389762,8.405515,0.000000,0.000000,0.000000
500,C:/Users/VicUser/Documents/RobC/20260801/VF1_2_1\VF1_2_1-00000500_0.tif,C:/Users/VicUser/Documents/RobC/20260801/VF1_2_1\VF1_2_1-00000500_1.tif,277.968984,277.969187,2.863602,-10.383721,-10.430638,-10.389762,8.427058,0.000000,0.000000,0.000000
501,C:/Users/VicUser/Documents/RobC/20260801/VF1_2_1\VF1_2_1-00000501_0.tif,C:/Users/VicUser/Documents/RobC/20260801/VF1_2_1\VF1_2_1-00000501_1.tif,278.468859,278.469202,2.870615,-10.383721,-10.430638,-10.389762,8.447664,0.000000,0.000000,0.000000
502,C:/Users/VicUser/Documents/RobC/20260801/VF1_2_1\VF1_2_1-00000502_0.tif,C:/Users/VicUser/Documents/RobC/20260801/VF1_2_1\VF1_2_1-00000502_1.tif,278.968891,278.969215,2.876673,-10.383721,-10.430638,-10.389762,8.465461,0.000000,0.000000,0.000000
503,C:/Users/VicUser/Documents/RobC/20260801/VF1_2_1\VF1_2_1-00000503_0.tif,C:/Users/VicUser/Documents/RobC/20260801/VF1_2_1\VF1_2_1-00000503_1.tif,279.468897,279.469308,2.883686,-10.383721,-10.430638,-10.389762,8.486067,0.000000,0.000000,0.000000
504,C:/Users/VicUser/Documents/RobC/20260801/VF1_2_1\VF1_2_1-00000504_0.tif,C:/Users/VicUser/Documents/RobC/20260801/VF1_2_1\VF1_2_1-00000504_1.tif,279.968864,279.969177,2.889744,-10.383721,-10.430638,-10.389762,8.503864,0.000000,0.000000,0.000000
505,C:/Users/VicUser/Documents/RobC/20260801/VF1_2_1\VF1_2_1-00000505_0.tif,C:/Users/VicUser/Documents/RobC/20260801/VF1_2_1\VF1_2_1-00000505_1.tif,280.468877,280.469102,2.897714,-10.383721,-10.430638,-10.389762,8.527280,0.000000,0.000000,0.000000
506,C:/Users/VicUser/Documents/RobC/20260801/VF1_2_1\VF1_2_1-00000506_0.tif,C:/Users/VicUser/Documents/RobC/20260801/VF1_2_1\VF1_2_1-00000506_1.tif,280.968832,280.969167,2.903452,-10.383721,-10.430638,-10.389762,8.544140,0.000000,0.000000,0.000000
507,C:/Users/VicUser/Documents/RobC/20260801/VF1_2_1\VF1_2_1-00000507_0.tif,C:/Users/VicUser/Documents/RobC/20260801/VF1_2_1\VF1_2_1-00000507_1.tif,281.468921,281.469283,2.910147,-10.383721,-10.430638,-10.389762,8.563809,0.000000,0.000000,0.000000
508,C:/Users/VicUser/Documents/RobC/20260801/VF1_2_1\VF1_2_1-00000508_0.tif,C:/Users/VicUser/Documents/RobC/20260801/VF1_2_1\VF1_2_1-00000508_1.tif,281.968887,281.969239,2.915886,-10.383721,-10.430638,-10.389762,8.580669,0.000000,0.000000,0.000000
509,C:/Users/VicUser/Documents/RobC/20260801/VF1_2_1\VF1_2_1-00000509_0.tif,C:/Users/VicUser/Documents/RobC/20260801/VF1_2_1\VF1_2_1-00000509_1.tif,282.468863,282.469215,2.921624,-10.383721,-10.430638,-10.389762,8.597529,0.000000,0.000000,0.000000
510,C:/Users/VicUser/Documents/RobC/20260801/VF1_2_1\VF1_2_1-00000510_0.tif,C:/Users/VicUser/Documents/RobC/20260801/VF1_2_1\VF1_2_1-00000510_1.tif,282.968860,282.969167,2.925131,-10.383721,-10.430638,-10.389762,8.607832,0.000000,0.000000,0.000000
511,C:/Users/VicUser/Documents/RobC/20260801/VF1_2_1\VF1_2_1-00000511_0.tif,C:/Users/VicUser/Documents/RobC/20260801/VF1_2_1\VF1_2_1-00000511_1.tif,283.468907,283.469256,2.928638,-10.383721,-10.430638,-10.389762,8.618135,0.000000,0.000000,0.000000
512,C:/Users/VicUser/Documents/RobC/20260801/VF1_2_1\VF1_2_1-00000512_0.tif,C:/Users/VicUser/Documents/RobC/20260801/VF1_2_1\VF1_2_1-00000512_1.tif,283.968890,283.969219,2.931826,-10.383721,-10.430638,-10.389762,8.627502,0.000000,0.000000,0.000000
513,C:/Users/VicUser/Documents/RobC/20260801/VF1_2_1\VF1_2_1-00000513_0.tif,C:/Users/VicUser/Documents/RobC/20260801/VF1_2_1\VF1_2_1-00000513_1.tif,284.468927,284.469197,2.936608,-10.383721,-10.430638,-10.389762,8.641552,0.000000,0.000000,0.000000
514,C:/Users/VicUser/Documents/RobC/20260801/VF1_2_1\VF1_2_1-00000514_0.tif,C:/Users/VicUser/Documents/RobC/20260801/VF1_2_1\VF1_2_1-00000514_1.tif,284.968889,284.969190,2.941390,-10.383721,-10.430638,-10.389762,8.655601,0.000000,0.000000,0.000000
515,C:/Users/VicUser/Documents/RobC/20260801/VF1_2_1\VF1_2_1-00000515_0.tif,C:/Users/VicUser/Documents/RobC/20260801/VF1_2_1\VF1_2_1-00000515_1.tif,285.468934,285.469280,2.948404,-10.383721,-10.430638,-10.389762,8.676208,0.000000,0.000000,0.000000
516,C:/Users/VicUser/Documents/RobC/20260801/VF1_2_1\VF1_2_1-00000516_0.tif,C:/Users/VicUser/Documents/RobC/20260801/VF1_2_1\VF1_2_1-00000516_1.tif,285.968856,285.969137,2.954461,-10.383721,-10.430638,-10.389762,8.694004,0.000000,0.000000,0.000000
517,C:/Users/VicUser/Documents/RobC/20260801/VF1_2_1\VF1_2_1-00000517_0.tif,C:/Users/VicUser/Documents/RobC/20260801/VF1_2_1\VF1_2_1-00000517_1.tif,286.468872,286.469195,2.960519,-10.383721,-10.430638,-10.389762,8.711800,0.000000,0.000000,0.000000
518,C:/Users/VicUser/Documents/RobC/20260801/VF1_2_1\VF1_2_1-00000518_0.tif,C:/Users/VicUser/Documents/RobC/20260801/VF1_2_1\VF1_2_1-00000518_1.tif,286.968905,286.969151,2.966257,-10.383721,-10.430638,-10.389762,8.728660,0.000000,0.000000,0.000000
519,C:/Users/VicUser/Documents/RobC/20260801/VF1_2_1\VF1_2_1-00000519_0.tif,C:/Users/VicUser/Documents/RobC/20260801/VF1_2_1\VF1_2_1-00000519_1.tif,287.468923,287.469135,2.974227,-10.383721,-10.430638,-10.389762,8.752076,0.000000,0.000000,0.000000
520,C:/Users/VicUser/Documents/RobC/20260801/VF1_2_1\VF1_2_1-00000520_0.tif,C:/Users/VicUser/Documents/RobC/20260801/VF1_2_1\VF1_2_1-00000520_1.tif,287.968880,287.969217,2.981241,-10.383721,-10.430638,-10.389762,8.772683,0.000000,0.000000,0.000000
521,C:/Users/VicUser/Documents/RobC/20260801/VF1_2_1\VF1_2_1-00000521_0.tif,C:/Users/VicUser/Documents/RobC/20260801/VF1_2_1\VF1_2_1-00000521_1.tif,288.468891,288.469402,2.985704,-10.383721,-10.430638,-10.389762,8.785796,0.000000,0.000000,0.000000
522,C:/Users/VicUser/Documents/RobC/20260801/VF1_2_1\VF1_2_1-00000522_0.tif,C:/Users/VicUser/Documents/RobC/20260801/VF1_2_1\VF1_2_1-00000522_1.tif,288.968879,288.969129,2.992080,-10.383721,-10.430638,-10.389762,8.804529,0.000000,0.000000,0.000000
523,C:/Users/VicUser/Documents/RobC/20260801/VF1_2_1\VF1_2_1-00000523_0.tif,C:/Users/VicUser/Documents/RobC/20260801/VF1_2_1\VF1_2_1-00000523_1.tif,289.468854,289.469158,3.000051,-10.383721,-10.430638,-10.389762,8.827945,0.000000,0.000000,0.000000
524,C:/Users/VicUser/Documents/RobC/20260801/VF1_2_1\VF1_2_1-00000524_0.tif,C:/Users/VicUser/Documents/RobC/20260801/VF1_2_1\VF1_2_1-00000524_1.tif,289.968857,289.969254,3.006427,-10.383721,-10.430638,-10.389762,8.846679,0.000000,0.000000,0.000000
525,C:/Users/VicUser/Documents/RobC/20260801/VF1_2_1\VF1_2_1-00000525_0.tif,C:/Users/VicUser/Documents/RobC/20260801/VF1_2_1\VF1_2_1-00000525_1.tif,290.468896,290.469339,3.010890,-10.383721,-10.430638,-10.389762,8.859791,0.000000,0.000000,0.000000
526,C:/Users/VicUser/Documents/RobC/20260801/VF1_2_1\VF1_2_1-00000526_0.tif,C:/Users/VicUser/Documents/RobC/20260801/VF1_2_1\VF1_2_1-00000526_1.tif,290.968835,290.969210,3.017904,-10.383721,-10.430638,-10.389762,8.880398,0.000000,0.000000,0.000000
527,C:/Users/VicUser/Documents/RobC/20260801/VF1_2_1\VF1_2_1-00000527_0.tif,C:/Users/VicUser/Documents/RobC/20260801/VF1_2_1\VF1_2_1-00000527_1.tif,291.468959,291.469321,3.025555,-10.383721,-10.430638,-10.389762,8.902878,0.000000,0.000000,0.000000
528,C:/Users/VicUser/Documents/RobC/20260801/VF1_2_1\VF1_2_1-00000528_0.tif,C:/Users/VicUser/Documents/RobC/20260801/VF1_2_1\VF1_2_1-00000528_1.tif,291.969001,291.969304,3.029700,-10.383721,-10.430638,-10.389762,8.915054,0.000000,0.000000,0.000000
529,C:/Users/VicUser/Documents/RobC/20260801/VF1_2_1\VF1_2_1-00000529_0.tif,C:/Users/VicUser/Documents/RobC/20260801/VF1_2_1\VF1_2_1-00000529_1.tif,292.468947,292.469228,3.035757,-10.383721,-10.430638,-10.389762,8.932850,0.000000,0.000000,0.000000
530,C:/Users/VicUser/Documents/RobC/20260801/VF1_2_1\VF1_2_1-00000530_0.tif,C:/Users/VicUser/Documents/RobC/20260801/VF1_2_1\VF1_2_1-00000530_1.tif,292.968936,292.969207,3.041814,-10.383721,-10.430638,-10.389762,8.950646,0.000000,0.000000,0.000000
531,C:/Users/VicUser/Documents/RobC/20260801/VF1_2_1\VF1_2_1-00000531_0.tif,C:/Users/VicUser/Documents/RobC/20260801/VF1_2_1\VF1_2_1-00000531_1.tif,293.468920,293.469237,3.047872,-10.383721,-10.430638,-10.389762,8.968443,0.000000,0.000000,0.000000
532,C:/Users/VicUser/Documents/RobC/20260801/VF1_2_1\VF1_2_1-00000532_0.tif,C:/Users/VicUser/Documents/RobC/20260801/VF1_2_1\VF1_2_1-00000532_1.tif,293.968904,293.969216,3.054885,-10.383721,-10.430638,-10.389762,8.989049,0.000000,0.000000,0.000000
533,C:/Users/VicUser/Documents/RobC/20260801/VF1_2_1\VF1_2_1-00000533_0.tif,C:/Users/VicUser/Documents/RobC/20260801/VF1_2_1\VF1_2_1-00000533_1.tif,294.468912,294.469196,3.060624,-10.383721,-10.430638,-10.389762,9.005909,0.000000,0.000000,0.000000
534,C:/Users/VicUser/Documents/RobC/20260801/VF1_2_1\VF1_2_1-00000534_0.tif,C:/Users/VicUser/Documents/RobC/20260801/VF1_2_1\VF1_2_1-00000534_1.tif,294.968917,294.969207,3.066043,-10.383721,-10.430638,-10.389762,9.021832,0.000000,0.000000,0.000000
535,C:/Users/VicUser/Documents/RobC/20260801/VF1_2_1\VF1_2_1-00000535_0.tif,C:/Users/VicUser/Documents/RobC/20260801/VF1_2_1\VF1_2_1-00000535_1.tif,295.468911,295.469186,3.070826,-10.383721,-10.430638,-10.389762,9.035882,0.000000,0.000000,0.000000
536,C:/Users/VicUser/Documents/RobC/20260801/VF1_2_1\VF1_2_1-00000536_0.tif,C:/Users/VicUser/Documents/RobC/20260801/VF1_2_1\VF1_2_1-00000536_1.tif,295.968863,295.969207,3.076883,-10.383721,-10.430638,-10.389762,9.053678,0.000000,0.000000,0.000000
537,C:/Users/VicUser/Documents/RobC/20260801/VF1_2_1\VF1_2_1-00000537_0.tif,C:/Users/VicUser/Documents/RobC/20260801/VF1_2_1\VF1_2_1-00000537_1.tif,296.468897,296.469182,3.083897,-10.383721,-10.430638,-10.389762,9.074285,0.000000,0.000000,0.000000
538,C:/Users/VicUser/Documents/RobC/20260801/VF1_2_1\VF1_2_1-00000538_0.tif,C:/Users/VicUser/Documents/RobC/20260801/VF1_2_1\VF1_2_1-00000538_1.tif,296.968890,296.969230,3.088679,-10.383721,-10.430638,-10.389762,9.088334,0.000000,0.000000,0.000000
539,C:/Users/VicUser/Documents/RobC/20260801/VF1_2_1\VF1_2_1-00000539_0.tif,C:/Users/VicUser/Documents/RobC/20260801/VF1_2_1\VF1_2_1-00000539_1.tif,297.468853,297.469350,3.092185,-10.383721,-10.430638,-10.389762,9.098638,0.000000,0.000000,0.000000
540,C:/Users/VicUser/Documents/RobC/20260801/VF1_2_1\VF1_2_1-00000540_0.tif,C:/Users/VicUser/Documents/RobC/20260801/VF1_2_1\VF1_2_1-00000540_1.tif,297.968863,297.969153,3.097605,-10.383721,-10.430638,-10.389762,9.114561,0.000000,0.000000,0.000000
541,C:/Users/VicUser/Documents/RobC/20260801/VF1_2_1\VF1_2_1-00000541_0.tif,C:/Users/VicUser/Documents/RobC/20260801/VF1_2_1\VF1_2_1-00000541_1.tif,298.468899,298.469177,3.103662,-10.383721,-10.430638,-10.389762,9.132357,0.000000,0.000000,0.000000
542,C:/Users/VicUser/Documents/RobC/20260801/VF1_2_1\VF1_2_1-00000542_0.tif,C:/Users/VicUser/Documents/RobC/20260801/VF1_2_1\VF1_2_1-00000542_1.tif,298.968893,298.969196,3.109082,-10.383721,-10.430638,-10.389762,9.148280,0.000000,0.000000,0.000000
543,C:/Users/VicUser/Documents/RobC/20260801/VF1_2_1\VF1_2_1-00000543_0.tif,C:/Users/VicUser/Documents/RobC/20260801/VF1_2_1\VF1_2_1-00000543_1.tif,299.468845,299.469114,3.114183,-10.383721,-10.430638,-10.389762,9.163267,0.000000,0.000000,0.000000
544,C:/Users/VicUser/Documents/RobC/20260801/VF1_2_1\VF1_2_1-00000544_0.tif,C:/Users/VicUser/Documents/RobC/20260801/VF1_2_1\VF1_2_1-00000544_1.tif,299.968846,299.969193,3.118328,-10.383721,-10.430638,-10.389762,9.175443,0.000000,0.000000,0.000000
545,C:/Users/VicUser/Documents/RobC/20260801/VF1_2_1\VF1_2_1-00000545_0.tif,C:/Users/VicUser/Documents/RobC/20260801/VF1_2_1\VF1_2_1-00000545_1.tif,300.468933,300.469320,3.124704,-10.383721,-10.430638,-10.389762,9.194176,0.000000,0.000000,0.000000
546,C:/Users/VicUser/Documents/RobC/20260801/VF1_2_1\VF1_2_1-00000546_0.tif,C:/Users/VicUser/Documents/RobC/20260801/VF1_2_1\VF1_2_1-00000546_1.tif,300.968849,300.969337,3.130442,-10.383721,-10.430638,-10.389762,9.211036,0.000000,0.000000,0.000000
547,C:/Users/VicUser/Documents/RobC/20260801/VF1_2_1\VF1_2_1-00000547_0.tif,C:/Users/VicUser/Documents/RobC/20260801/VF1_2_1\VF1_2_1-00000547_1.tif,301.468871,301.469353,3.133949,-10.383721,-10.430638,-10.389762,9.221339,0.000000,0.000000,0.000000
548,C:/Users/VicUser/Documents/RobC/20260801/VF1_2_1\VF1_2_1-00000548_0.tif,C:/Users/VicUser/Documents/RobC/20260801/VF1_2_1\VF1_2_1-00000548_1.tif,301.968910,301.969271,3.138731,-10.383721,-10.430638,-10.389762,9.235389,0.000000,0.000000,0.000000
549,C:/Users/VicUser/Documents/RobC/20260801/VF1_2_1\VF1_2_1-00000549_0.tif,C:/Users/VicUser/Documents/RobC/20260801/VF1_2_1\VF1_2_1-00000549_1.tif,302.468887,302.469290,3.143194,-10.383721,-10.430638,-10.389762,9.248502,0.000000,0.000000,0.000000
550,C:/Users/VicUser/Documents/RobC/20260801/VF1_2_1\VF1_2_1-00000550_0.tif,C:/Users/VicUser/Documents/RobC/20260801/VF1_2_1\VF1_2_1-00000550_1.tif,302.968845,302.969186,3.149571,-10.383721,-10.430638,-10.389762,9.267235,0.000000,0.000000,0.000000
551,C:/Users/VicUser/Documents/RobC/20260801/VF1_2_1\VF1_2_1-00000551_0.tif,C:/Users/VicUser/Documents/RobC/20260801/VF1_2_1\VF1_2_1-00000551_1.tif,303.468907,303.469229,3.153396,-10.383721,-10.430638,-10.389762,9.278475,0.000000,0.000000,0.000000
552,C:/Users/VicUser/Documents/RobC/20260801/VF1_2_1\VF1_2_1-00000552_0.tif,C:/Users/VicUser/Documents/RobC/20260801/VF1_2_1\VF1_2_1-00000552_1.tif,303.968867,303.969177,3.157222,-10.383721,-10.430638,-10.389762,9.289715,0.000000,0.000000,0.000000
553,C:/Users/VicUser/Documents/RobC/20260801/VF1_2_1\VF1_2_1-00000553_0.tif,C:/Users/VicUser/Documents/RobC/20260801/VF1_2_1\VF1_2_1-00000553_1.tif,304.468875,304.469197,3.162004,-10.383721,-10.430638,-10.389762,9.303764,0.000000,0.000000,0.000000
554,C:/Users/VicUser/Documents/RobC/20260801/VF1_2_1\VF1_2_1-00000554_0.tif,C:/Users/VicUser/Documents/RobC/20260801/VF1_2_1\VF1_2_1-00000554_1.tif,304.968894,304.969270,3.165830,-10.383721,-10.430638,-10.389762,9.315004,0.000000,0.000000,0.000000
555,C:/Users/VicUser/Documents/RobC/20260801/VF1_2_1\VF1_2_1-00000555_0.tif,C:/Users/VicUser/Documents/RobC/20260801/VF1_2_1\VF1_2_1-00000555_1.tif,305.468930,305.469237,3.171568,-10.383721,-10.430638,-10.389762,9.331864,0.000000,0.000000,0.000000
556,C:/Users/VicUser/Documents/RobC/20260801/VF1_2_1\VF1_2_1-00000556_0.tif,C:/Users/VicUser/Documents/RobC/20260801/VF1_2_1\VF1_2_1-00000556_1.tif,305.968864,305.969180,3.175075,-10.383721,-10.430638,-10.389762,9.342167,0.000000,0.000000,0.000000
557,C:/Users/VicUser/Documents/RobC/20260801/VF1_2_1\VF1_2_1-00000557_0.tif,C:/Users/VicUser/Documents/RobC/20260801/VF1_2_1\VF1_2_1-00000557_1.tif,306.468863,306.469176,3.177944,-10.383721,-10.430638,-10.389762,9.350597,0.000000,0.000000,0.000000
558,C:/Users/VicUser/Documents/RobC/20260801/VF1_2_1\VF1_2_1-00000558_0.tif,C:/Users/VicUser/Documents/RobC/20260801/VF1_2_1\VF1_2_1-00000558_1.tif,306.968873,306.969243,3.182408,-10.383721,-10.430638,-10.389762,9.363710,0.000000,0.000000,0.000000
559,C:/Users/VicUser/Documents/RobC/20260801/VF1_2_1\VF1_2_1-00000559_0.tif,C:/Users/VicUser/Documents/RobC/20260801/VF1_2_1\VF1_2_1-00000559_1.tif,307.468959,307.469109,3.186552,-10.383721,-10.430638,-10.389762,9.375887,0.000000,0.000000,0.000000
560,C:/Users/VicUser/Documents/RobC/20260801/VF1_2_1\VF1_2_1-00000560_0.tif,C:/Users/VicUser/Documents/RobC/20260801/VF1_2_1\VF1_2_1-00000560_1.tif,307.968850,307.969209,3.189421,-10.383721,-10.430638,-10.389762,9.384317,0.000000,0.000000,0.000000
561,C:/Users/VicUser/Documents/RobC/20260801/VF1_2_1\VF1_2_1-00000561_0.tif,C:/Users/VicUser/Documents/RobC/20260801/VF1_2_1\VF1_2_1-00000561_1.tif,308.468865,308.469205,3.194841,-10.383721,-10.430638,-10.389762,9.400240,0.000000,0.000000,0.000000
562,C:/Users/VicUser/Documents/RobC/20260801/VF1_2_1\VF1_2_1-00000562_0.tif,C:/Users/VicUser/Documents/RobC/20260801/VF1_2_1\VF1_2_1-00000562_1.tif,308.968869,308.969206,3.195160,-10.383721,-10.430638,-10.389762,9.401176,0.000000,0.000000,0.000000
563,C:/Users/VicUser/Documents/RobC/20260801/VF1_2_1\VF1_2_1-00000563_0.tif,C:/Users/VicUser/Documents/RobC/20260801/VF1_2_1\VF1_2_1-00000563_1.tif,309.468922,309.469312,3.200261,-10.383721,-10.430638,-10.389762,9.416162,0.000000,0.000000,0.000000
564,C:/Users/VicUser/Documents/RobC/20260801/VF1_2_1\VF1_2_1-00000564_0.tif,C:/Users/VicUser/Documents/RobC/20260801/VF1_2_1\VF1_2_1-00000564_1.tif,309.968875,309.969199,3.204405,-10.383721,-10.430638,-10.389762,9.428339,0.000000,0.000000,0.000000
565,C:/Users/VicUser/Documents/RobC/20260801/VF1_2_1\VF1_2_1-00000565_0.tif,C:/Users/VicUser/Documents/RobC/20260801/VF1_2_1\VF1_2_1-00000565_1.tif,310.468861,310.469183,3.206637,-10.383721,-10.430638,-10.389762,9.434896,0.000000,0.000000,0.000000
566,C:/Users/VicUser/Documents/RobC/20260801/VF1_2_1\VF1_2_1-00000566_0.tif,C:/Users/VicUser/Documents/RobC/20260801/VF1_2_1\VF1_2_1-00000566_1.tif,310.968883,310.969285,3.210144,-10.383721,-10.430638,-10.389762,9.445199,0.000000,0.000000,0.000000
567,C:/Users/VicUser/Documents/RobC/20260801/VF1_2_1\VF1_2_1-00000567_0.tif,C:/Users/VicUser/Documents/RobC/20260801/VF1_2_1\VF1_2_1-00000567_1.tif,311.468882,311.469212,3.211419,-10.383721,-10.430638,-10.389762,9.448945,0.000000,0.000000,0.000000
568,C:/Users/VicUser/Documents/RobC/20260801/VF1_2_1\VF1_2_1-00000568_0.tif,C:/Users/VicUser/Documents/RobC/20260801/VF1_2_1\VF1_2_1-00000568_1.tif,311.968891,311.969111,3.214926,-10.383721,-10.430638,-10.389762,9.459248,0.000000,0.000000,0.000000
569,C:/Users/VicUser/Documents/RobC/20260801/VF1_2_1\VF1_2_1-00000569_0.tif,C:/Users/VicUser/Documents/RobC/20260801/VF1_2_1\VF1_2_1-00000569_1.tif,312.468857,312.469144,3.215882,-10.383721,-10.430638,-10.389762,9.462059,0.000000,0.000000,0.000000
570,C:/Users/VicUser/Documents/RobC/20260801/VF1_2_1\VF1_2_1-00000570_0.tif,C:/Users/VicUser/Documents/RobC/20260801/VF1_2_1\VF1_2_1-00000570_1.tif,312.968904,312.969218,3.217157,-10.383721,-10.430638,-10.389762,9.465805,0.000000,0.000000,0.000000
571,C:/Users/VicUser/Documents/RobC/20260801/VF1_2_1\VF1_2_1-00000571_0.tif,C:/Users/VicUser/Documents/RobC/20260801/VF1_2_1\VF1_2_1-00000571_1.tif,313.468900,313.469180,3.216839,-10.383721,-10.430638,-10.389762,9.464868,0.000000,0.000000,0.000000
572,C:/Users/VicUser/Documents/RobC/20260801/VF1_2_1\VF1_2_1-00000572_0.tif,C:/Users/VicUser/Documents/RobC/20260801/VF1_2_1\VF1_2_1-00000572_1.tif,313.968806,313.969125,3.217476,-10.383721,-10.430638,-10.389762,9.466742,0.000000,0.000000,0.000000
573,C:/Users/VicUser/Documents/RobC/20260801/VF1_2_1\VF1_2_1-00000573_0.tif,C:/Users/VicUser/Documents/RobC/20260801/VF1_2_1\VF1_2_1-00000573_1.tif,314.468910,314.469223,3.220027,-10.383721,-10.430638,-10.389762,9.474235,0.000000,0.000000,0.000000
574,C:/Users/VicUser/Documents/RobC/20260801/VF1_2_1\VF1_2_1-00000574_0.tif,C:/Users/VicUser/Documents/RobC/20260801/VF1_2_1\VF1_2_1-00000574_1.tif,314.968916,314.969204,3.221621,-10.383721,-10.430638,-10.389762,9.478918,0.000000,0.000000,0.000000
575,C:/Users/VicUser/Documents/RobC/20260801/VF1_2_1\VF1_2_1-00000575_0.tif,C:/Users/VicUser/Documents/RobC/20260801/VF1_2_1\VF1_2_1-00000575_1.tif,315.468865,315.469226,3.221302,-10.383721,-10.430638,-10.389762,9.477982,0.000000,0.000000,0.000000
576,C:/Users/VicUser/Documents/RobC/20260801/VF1_2_1\VF1_2_1-00000576_0.tif,C:/Users/VicUser/Documents/RobC/20260801/VF1_2_1\VF1_2_1-00000576_1.tif,315.968866,315.969240,3.223215,-10.383721,-10.430638,-10.389762,9.483602,0.000000,0.000000,0.000000
577,C:/Users/VicUser/Documents/RobC/20260801/VF1_2_1\VF1_2_1-00000577_0.tif,C:/Users/VicUser/Documents/RobC/20260801/VF1_2_1\VF1_2_1-00000577_1.tif,316.468871,316.469245,3.226403,-10.383721,-10.430638,-10.389762,9.492968,0.000000,0.000000,0.000000
578,C:/Users/VicUser/Documents/RobC/20260801/VF1_2_1\VF1_2_1-00000578_0.tif,C:/Users/VicUser/Documents/RobC/20260801/VF1_2_1\VF1_2_1-00000578_1.tif,316.968865,316.969195,3.227041,-10.383721,-10.430638,-10.389762,9.494842,0.000000,0.000000,0.000000
579,C:/Users/VicUser/Documents/RobC/20260801/VF1_2_1\VF1_2_1-00000579_0.tif,C:/Users/VicUser/Documents/RobC/20260801/VF1_2_1\VF1_2_1-00000579_1.tif,317.468888,317.469378,3.230547,-10.383721,-10.430638,-10.389762,9.505145,0.000000,0.000000,0.000000
580,C:/Users/VicUser/Documents/RobC/20260801/VF1_2_1\VF1_2_1-00000580_0.tif,C:/Users/VicUser/Documents/RobC/20260801/VF1_2_1\VF1_2_1-00000580_1.tif,317.968862,317.969141,3.233098,-10.383721,-10.430638,-10.389762,9.512638,0.000000,0.000000,0.000000
581,C:/Users/VicUser/Documents/RobC/20260801/VF1_2_1\VF1_2_1-00000581_0.tif,C:/Users/VicUser/Documents/RobC/20260801/VF1_2_1\VF1_2_1-00000581_1.tif,318.468881,318.469376,3.234692,-10.383721,-10.430638,-10.389762,9.517321,0.000000,0.000000,0.000000
582,C:/Users/VicUser/Documents/RobC/20260801/VF1_2_1\VF1_2_1-00000582_0.tif,C:/Users/VicUser/Documents/RobC/20260801/VF1_2_1\VF1_2_1-00000582_1.tif,318.968906,318.969134,3.238199,-10.383721,-10.430638,-10.389762,9.527625,0.000000,0.000000,0.000000
583,C:/Users/VicUser/Documents/RobC/20260801/VF1_2_1\VF1_2_1-00000583_0.tif,C:/Users/VicUser/Documents/RobC/20260801/VF1_2_1\VF1_2_1-00000583_1.tif,319.469005,319.469366,3.239793,-10.383721,-10.430638,-10.389762,9.532307,0.000000,0.000000,0.000000
584,C:/Users/VicUser/Documents/RobC/20260801/VF1_2_1\VF1_2_1-00000584_0.tif,C:/Users/VicUser/Documents/RobC/20260801/VF1_2_1\VF1_2_1-00000584_1.tif,319.968982,319.969348,3.240112,-10.383721,-10.430638,-10.389762,9.533244,0.000000,0.000000,0.000000
585,C:/Users/VicUser/Documents/RobC/20260801/VF1_2_1\VF1_2_1-00000585_0.tif,C:/Users/VicUser/Documents/RobC/20260801/VF1_2_1\VF1_2_1-00000585_1.tif,320.468905,320.469191,3.243618,-10.383721,-10.430638,-10.389762,9.543548,0.000000,0.000000,0.000000
586,C:/Users/VicUser/Documents/RobC/20260801/VF1_2_1\VF1_2_1-00000586_0.tif,C:/Users/VicUser/Documents/RobC/20260801/VF1_2_1\VF1_2_1-00000586_1.tif,320.968949,320.969251,3.245212,-10.383721,-10.430638,-10.389762,9.548230,0.000000,0.000000,0.000000
587,C:/Users/VicUser/Documents/RobC/20260801/VF1_2_1\VF1_2_1-00000587_0.tif,C:/Users/VicUser/Documents/RobC/20260801/VF1_2_1\VF1_2_1-00000587_1.tif,321.468946,321.469298,3.246488,-10.383721,-10.430638,-10.389762,9.551977,0.000000,0.000000,0.000000
588,C:/Users/VicUser/Documents/RobC/20260801/VF1_2_1\VF1_2_1-00000588_0.tif,C:/Users/VicUser/Documents/RobC/20260801/VF1_2_1\VF1_2_1-00000588_1.tif,321.968955,321.969214,3.249357,-10.383721,-10.430638,-10.389762,9.560407,0.000000,0.000000,0.000000
589,C:/Users/VicUser/Documents/RobC/20260801/VF1_2_1\VF1_2_1-00000589_0.tif,C:/Users/VicUser/Documents/RobC/20260801/VF1_2_1\VF1_2_1-00000589_1.tif,322.468883,322.469270,3.251270,-10.383721,-10.430638,-10.389762,9.566027,0.000000,0.000000,0.000000
590,C:/Users/VicUser/Documents/RobC/20260801/VF1_2_1\VF1_2_1-00000590_0.tif,C:/Users/VicUser/Documents/RobC/20260801/VF1_2_1\VF1_2_1-00000590_1.tif,322.968919,322.969203,3.251907,-10.383721,-10.430638,-10.389762,9.567900,0.000000,0.000000,0.000000
591,C:/Users/VicUser/Documents/RobC/20260801/VF1_2_1\VF1_2_1-00000591_0.tif,C:/Users/VicUser/Documents/RobC/20260801/VF1_2_1\VF1_2_1-00000591_1.tif,323.468834,323.469173,3.256052,-10.383721,-10.430638,-10.389762,9.580077,0.000000,0.000000,0.000000
592,C:/Users/VicUser/Documents/RobC/20260801/VF1_2_1\VF1_2_1-00000592_0.tif,C:/Users/VicUser/Documents/RobC/20260801/VF1_2_1\VF1_2_1-00000592_1.tif,323.968908,323.969297,3.256689,-10.383721,-10.430638,-10.389762,9.581950,0.000000,0.000000,0.000000
593,C:/Users/VicUser/Documents/RobC/20260801/VF1_2_1\VF1_2_1-00000593_0.tif,C:/Users/VicUser/Documents/RobC/20260801/VF1_2_1\VF1_2_1-00000593_1.tif,324.468873,324.469272,3.255733,-10.383721,-10.430638,-10.389762,9.579140,0.000000,0.000000,0.000000
594,C:/Users/VicUser/Documents/RobC/20260801/VF1_2_1\VF1_2_1-00000594_0.tif,C:/Users/VicUser/Documents/RobC/20260801/VF1_2_1\VF1_2_1-00000594_1.tif,324.968854,324.969149,3.258921,-10.383721,-10.430638,-10.389762,9.588507,0.000000,0.000000,0.000000
595,C:/Users/VicUser/Documents/RobC/20260801/VF1_2_1\VF1_2_1-00000595_0.tif,C:/Users/VicUser/Documents/RobC/20260801/VF1_2_1\VF1_2_1-00000595_1.tif,325.468936,325.469147,3.260196,-10.383721,-10.430638,-10.389762,9.592253,0.000000,0.000000,0.000000
596,C:/Users/VicUser/Documents/RobC/20260801/VF1_2_1\VF1_2_1-00000596_0.tif,C:/Users/VicUser/Documents/RobC/20260801/VF1_2_1\VF1_2_1-00000596_1.tif,325.968879,325.969207,3.260515,-10.383721,-10.430638,-10.389762,9.593190,0.000000,0.000000,0.000000
597,C:/Users/VicUser/Documents/RobC/20260801/VF1_2_1\VF1_2_1-00000597_0.tif,C:/Users/VicUser/Documents/RobC/20260801/VF1_2_1\VF1_2_1-00000597_1.tif,326.468914,326.469212,3.262747,-10.383721,-10.430638,-10.389762,9.599747,0.000000,0.000000,0.000000
598,C:/Users/VicUser/Documents/RobC/20260801/VF1_2_1\VF1_2_1-00000598_0.tif,C:/Users/VicUser/Documents/RobC/20260801/VF1_2_1\VF1_2_1-00000598_1.tif,326.968859,326.969179,3.262747,-10.383721,-10.430638,-10.389762,9.599747,0.000000,0.000000,0.000000
599,C:/Users/VicUser/Documents/RobC/20260801/VF1_2_1\VF1_2_1-00000599_0.tif,C:/Users/VicUser/Documents/RobC/20260801/VF1_2_1\VF1_2_1-00000599_1.tif,327.468911,327.469222,3.264341,-10.383721,-10.430638,-10.389762,9.604430,0.000000,0.000000,0.000000
600,C:/Users/VicUser/Documents/RobC/20260801/VF1_2_1\VF1_2_1-00000600_0.tif,C:/Users/VicUser/Documents/RobC/20260801/VF1_2_1\VF1_2_1-00000600_1.tif,327.968916,327.969134,3.265616,-10.383721,-10.430638,-10.389762,9.608176,0.000000,0.000000,0.000000
601,C:/Users/VicUser/Documents/RobC/20260801/VF1_2_1\VF1_2_1-00000601_0.tif,C:/Users/VicUser/Documents/RobC/20260801/VF1_2_1\VF1_2_1-00000601_1.tif,328.468897,328.469090,3.265616,-10.383721,-10.430638,-10.389762,9.608176,0.000000,0.000000,0.000000
602,C:/Users/VicUser/Documents/RobC/20260801/VF1_2_1\VF1_2_1-00000602_0.tif,C:/Users/VicUser/Documents/RobC/20260801/VF1_2_1\VF1_2_1-00000602_1.tif,328.968911,328.969237,3.266254,-10.383721,-10.430638,-10.389762,9.610050,0.000000,0.000000,0.000000
603,C:/Users/VicUser/Documents/RobC/20260801/VF1_2_1\VF1_2_1-00000603_0.tif,C:/Users/VicUser/Documents/RobC/20260801/VF1_2_1\VF1_2_1-00000603_1.tif,329.468861,329.469173,3.264660,-10.383721,-10.430638,-10.389762,9.605367,0.000000,0.000000,0.000000
604,C:/Users/VicUser/Documents/RobC/20260801/VF1_2_1\VF1_2_1-00000604_0.tif,C:/Users/VicUser/Documents/RobC/20260801/VF1_2_1\VF1_2_1-00000604_1.tif,329.968860,329.969219,3.267529,-10.383721,-10.430638,-10.389762,9.613796,0.000000,0.000000,0.000000
605,C:/Users/VicUser/Documents/RobC/20260801/VF1_2_1\VF1_2_1-00000605_0.tif,C:/Users/VicUser/Documents/RobC/20260801/VF1_2_1\VF1_2_1-00000605_1.tif,330.468894,330.469166,3.266891,-10.383721,-10.430638,-10.389762,9.611923,0.000000,0.000000,0.000000
606,C:/Users/VicUser/Documents/RobC/20260801/VF1_2_1\VF1_2_1-00000606_0.tif,C:/Users/VicUser/Documents/RobC/20260801/VF1_2_1\VF1_2_1-00000606_1.tif,330.968891,330.969355,3.269123,-10.383721,-10.430638,-10.389762,9.618479,0.000000,0.000000,0.000000
607,C:/Users/VicUser/Documents/RobC/20260801/VF1_2_1\VF1_2_1-00000607_0.tif,C:/Users/VicUser/Documents/RobC/20260801/VF1_2_1\VF1_2_1-00000607_1.tif,331.468870,331.469311,3.269123,-10.383721,-10.430638,-10.389762,9.618479,0.000000,0.000000,0.000000
608,C:/Users/VicUser/Documents/RobC/20260801/VF1_2_1\VF1_2_1-00000608_0.tif,C:/Users/VicUser/Documents/RobC/20260801/VF1_2_1\VF1_2_1-00000608_1.tif,331.968869,331.969342,3.270398,-10.383721,-10.430638,-10.389762,9.622226,0.000000,0.000000,0.000000
609,C:/Users/VicUser/Documents/RobC/20260801/VF1_2_1\VF1_2_1-00000609_0.tif,C:/Users/VicUser/Documents/RobC/20260801/VF1_2_1\VF1_2_1-00000609_1.tif,332.468873,332.469214,3.270398,-10.383721,-10.430638,-10.389762,9.622226,0.000000,0.000000,0.000000
610,C:/Users/VicUser/Documents/RobC/20260801/VF1_2_1\VF1_2_1-00000610_0.tif,C:/Users/VicUser/Documents/RobC/20260801/VF1_2_1\VF1_2_1-00000610_1.tif,332.968899,332.969267,3.270398,-10.383721,-10.430638,-10.389762,9.622226,0.000000,0.000000,0.000000
611,C:/Users/VicUser/Documents/RobC/20260801/VF1_2_1\VF1_2_1-00000611_0.tif,C:/Users/VicUser/Documents/RobC/20260801/VF1_2_1\VF1_2_1-00000611_1.tif,333.468883,333.469261,3.270079,-10.383721,-10.430638,-10.389762,9.621290,0.000000,0.000000,0.000000
612,C:/Users/VicUser/Documents/RobC/20260801/VF1_2_1\VF1_2_1-00000612_0.tif,C:/Users/VicUser/Documents/RobC/20260801/VF1_2_1\VF1_2_1-00000612_1.tif,333.968890,333.969254,3.269442,-10.383721,-10.430638,-10.389762,9.619416,0.000000,0.000000,0.000000
613,C:/Users/VicUser/Documents/RobC/20260801/VF1_2_1\VF1_2_1-00000613_0.tif,C:/Users/VicUser/Documents/RobC/20260801/VF1_2_1\VF1_2_1-00000613_1.tif,334.468885,334.469263,3.269760,-10.383721,-10.430638,-10.389762,9.620353,0.000000,0.000000,0.000000
614,C:/Users/VicUser/Documents/RobC/20260801/VF1_2_1\VF1_2_1-00000614_0.tif,C:/Users/VicUser/Documents/RobC/20260801/VF1_2_1\VF1_2_1-00000614_1.tif,338.024493,338.024813,3.271036,-10.383721,-10.430638,-10.389762,9.624099,0.000000,0.000000,0.000000
615,C:/Users/VicUser/Documents/RobC/20260801/VF1_2_1\VF1_2_1-00000615_0.tif,C:/Users/VicUser/Documents/RobC/20260801/VF1_2_1\VF1_2_1-00000615_1.tif,338.518826,338.519143,3.271036,-10.383721,-10.430638,-10.389762,9.624099,0.000000,0.000000,0.000000
616,C:/Users/VicUser/Documents/RobC/20260801/VF1_2_1\VF1_2_1-00000616_0.tif,C:/Users/VicUser/Documents/RobC/20260801/VF1_2_1\VF1_2_1-00000616_1.tif,339.018868,339.019142,3.271036,-10.383721,-10.430638,-10.389762,9.624099,0.000000,0.000000,0.000000
617,C:/Users/VicUser/Documents/RobC/20260801/VF1_2_1\VF1_2_1-00000617_0.tif,C:/Users/VicUser/Documents/RobC/20260801/VF1_2_1\VF1_2_1-00000617_1.tif,339.518880,339.519197,3.268804,-10.383721,-10.430638,-10.389762,9.617543,0.000000,0.000000,0.000000
618,C:/Users/VicUser/Documents/RobC/20260801/VF1_2_1\VF1_2_1-00000618_0.tif,C:/Users/VicUser/Documents/RobC/20260801/VF1_2_1\VF1_2_1-00000618_1.tif,340.018933,340.019294,3.269760,-10.383721,-10.430638,-10.389762,9.620353,0.000000,0.000000,0.000000
619,C:/Users/VicUser/Documents/RobC/20260801/VF1_2_1\VF1_2_1-00000619_0.tif,C:/Users/VicUser/Documents/RobC/20260801/VF1_2_1\VF1_2_1-00000619_1.tif,340.518845,340.519163,3.270079,-10.383721,-10.430638,-10.389762,9.621290,0.000000,0.000000,0.000000
620,C:/Users/VicUser/Documents/RobC/20260801/VF1_2_1\VF1_2_1-00000620_0.tif,C:/Users/VicUser/Documents/RobC/20260801/VF1_2_1\VF1_2_1-00000620_1.tif,341.018874,341.019253,3.270398,-10.383721,-10.430638,-10.389762,9.622226,0.000000,0.000000,0.000000
621,C:/Users/VicUser/Documents/RobC/20260801/VF1_2_1\VF1_2_1-00000621_0.tif,C:/Users/VicUser/Documents/RobC/20260801/VF1_2_1\VF1_2_1-00000621_1.tif,341.518874,341.519227,3.270079,-10.383721,-10.430638,-10.389762,9.621290,0.000000,0.000000,0.000000
622,C:/Users/VicUser/Documents/RobC/20260801/VF1_2_1\VF1_2_1-00000622_0.tif,C:/Users/VicUser/Documents/RobC/20260801/VF1_2_1\VF1_2_1-00000622_1.tif,342.018890,342.019229,3.270079,-10.383721,-10.430638,-10.389762,9.621290,0.000000,0.000000,0.000000
623,C:/Users/VicUser/Documents/RobC/20260801/VF1_2_1\VF1_2_1-00000623_0.tif,C:/Users/VicUser/Documents/RobC/20260801/VF1_2_1\VF1_2_1-00000623_1.tif,342.518891,342.519200,3.269760,-10.383721,-10.430638,-10.389762,9.620353,0.000000,0.000000,0.000000
624,C:/Users/VicUser/Documents/RobC/20260801/VF1_2_1\VF1_2_1-00000624_0.tif,C:/Users/VicUser/Documents/RobC/20260801/VF1_2_1\VF1_2_1-00000624_1.tif,343.018895,343.019169,3.268804,-10.383721,-10.430638,-10.389762,9.617543,0.000000,0.000000,0.000000
625,C:/Users/VicUser/Documents/RobC/20260801/VF1_2_1\VF1_2_1-00000625_0.tif,C:/Users/VicUser/Documents/RobC/20260801/VF1_2_1\VF1_2_1-00000625_1.tif,343.518856,343.519113,3.269123,-10.383721,-10.430638,-10.389762,9.618479,0.000000,0.000000,0.000000
626,C:/Users/VicUser/Documents/RobC/20260801/VF1_2_1\VF1_2_1-00000626_0.tif,C:/Users/VicUser/Documents/RobC/20260801/VF1_2_1\VF1_2_1-00000626_1.tif,344.018842,344.019162,3.267529,-10.383721,-10.430638,-10.389762,9.613796,0.000000,0.000000,0.000000
627,C:/Users/VicUser/Documents/RobC/20260801/VF1_2_1\VF1_2_1-00000627_0.tif,C:/Users/VicUser/Documents/RobC/20260801/VF1_2_1\VF1_2_1-00000627_1.tif,344.518837,344.519284,3.267529,-10.383721,-10.430638,-10.389762,9.613796,0.000000,0.000000,0.000000
628,C:/Users/VicUser/Documents/RobC/20260801/VF1_2_1\VF1_2_1-00000628_0.tif,C:/Users/VicUser/Documents/RobC/20260801/VF1_2_1\VF1_2_1-00000628_1.tif,345.018881,345.019250,3.267848,-10.383721,-10.430638,-10.389762,9.614733,0.000000,0.000000,0.000000
629,C:/Users/VicUser/Documents/RobC/20260801/VF1_2_1\VF1_2_1-00000629_0.tif,C:/Users/VicUser/Documents/RobC/20260801/VF1_2_1\VF1_2_1-00000629_1.tif,345.518931,345.519221,3.268485,-10.383721,-10.430638,-10.389762,9.616606,0.000000,0.000000,0.000000
630,C:/Users/VicUser/Documents/RobC/20260801/VF1_2_1\VF1_2_1-00000630_0.tif,C:/Users/VicUser/Documents/RobC/20260801/VF1_2_1\VF1_2_1-00000630_1.tif,346.018848,346.019176,3.267529,-10.383721,-10.430638,-10.389762,9.613796,0.000000,0.000000,0.000000
631,C:/Users/VicUser/Documents/RobC/20260801/VF1_2_1\VF1_2_1-00000631_0.tif,C:/Users/VicUser/Documents/RobC/20260801/VF1_2_1\VF1_2_1-00000631_1.tif,346.518903,346.519259,3.266572,-10.383721,-10.430638,-10.389762,9.610987,0.000000,0.000000,0.000000
632,C:/Users/VicUser/Documents/RobC/20260801/VF1_2_1\VF1_2_1-00000632_0.tif,C:/Users/VicUser/Documents/RobC/20260801/VF1_2_1\VF1_2_1-00000632_1.tif,347.018916,347.019262,3.267210,-10.383721,-10.430638,-10.389762,9.612860,0.000000,0.000000,0.000000
633,C:/Users/VicUser/Documents/RobC/20260801/VF1_2_1\VF1_2_1-00000633_0.tif,C:/Users/VicUser/Documents/RobC/20260801/VF1_2_1\VF1_2_1-00000633_1.tif,347.518887,347.519207,3.267210,-10.383721,-10.430638,-10.389762,9.612860,0.000000,0.000000,0.000000
634,C:/Users/VicUser/Documents/RobC/20260801/VF1_2_1\VF1_2_1-00000634_0.tif,C:/Users/VicUser/Documents/RobC/20260801/VF1_2_1\VF1_2_1-00000634_1.tif,348.018873,348.019189,3.265297,-10.383721,-10.430638,-10.389762,9.607240,0.000000,0.000000,0.000000
635,C:/Users/VicUser/Documents/RobC/20260801/VF1_2_1\VF1_2_1-00000635_0.tif,C:/Users/VicUser/Documents/RobC/20260801/VF1_2_1\VF1_2_1-00000635_1.tif,348.519018,348.519382,3.264022,-10.383721,-10.430638,-10.389762,9.603493,0.000000,0.000000,0.000000
636,C:/Users/VicUser/Documents/RobC/20260801/VF1_2_1\VF1_2_1-00000636_0.tif,C:/Users/VicUser/Documents/RobC/20260801/VF1_2_1\VF1_2_1-00000636_1.tif,349.018989,349.019369,3.267210,-10.383721,-10.430638,-10.389762,9.612860,0.000000,0.000000,0.000000
637,C:/Users/VicUser/Documents/RobC/20260801/VF1_2_1\VF1_2_1-00000637_0.tif,C:/Users/VicUser/Documents/RobC/20260801/VF1_2_1\VF1_2_1-00000637_1.tif,349.518945,349.519287,3.264341,-10.383721,-10.430638,-10.389762,9.604430,0.000000,0.000000,0.000000
638,C:/Users/VicUser/Documents/RobC/20260801/VF1_2_1\VF1_2_1-00000638_0.tif,C:/Users/VicUser/Documents/RobC/20260801/VF1_2_1\VF1_2_1-00000638_1.tif,350.018869,350.019244,3.264022,-10.383721,-10.430638,-10.389762,9.603493,0.000000,0.000000,0.000000
639,C:/Users/VicUser/Documents/RobC/20260801/VF1_2_1\VF1_2_1-00000639_0.tif,C:/Users/VicUser/Documents/RobC/20260801/VF1_2_1\VF1_2_1-00000639_1.tif,350.518938,350.519333,3.265297,-10.383721,-10.430638,-10.389762,9.607240,0.000000,0.000000,0.000000
640,C:/Users/VicUser/Documents/RobC/20260801/VF1_2_1\VF1_2_1-00000640_0.tif,C:/Users/VicUser/Documents/RobC/20260801/VF1_2_1\VF1_2_1-00000640_1.tif,351.018960,351.019158,3.262747,-10.383721,-10.430638,-10.389762,9.599747,0.000000,0.000000,0.000000
641,C:/Users/VicUser/Documents/RobC/20260801/VF1_2_1\VF1_2_1-00000641_0.tif,C:/Users/VicUser/Documents/RobC/20260801/VF1_2_1\VF1_2_1-00000641_1.tif,351.518902,351.519241,3.264022,-10.383721,-10.430638,-10.389762,9.603493,0.000000,0.000000,0.000000
642,C:/Users/VicUser/Documents/RobC/20260801/VF1_2_1\VF1_2_1-00000642_0.tif,C:/Users/VicUser/Documents/RobC/20260801/VF1_2_1\VF1_2_1-00000642_1.tif,352.018909,352.019217,3.264660,-10.383721,-10.430638,-10.389762,9.605367,0.000000,0.000000,0.000000
643,C:/Users/VicUser/Documents/RobC/20260801/VF1_2_1\VF1_2_1-00000643_0.tif,C:/Users/VicUser/Documents/RobC/20260801/VF1_2_1\VF1_2_1-00000643_1.tif,352.518862,352.519150,3.261472,-10.383721,-10.430638,-10.389762,9.596000,0.000000,0.000000,0.000000
644,C:/Users/VicUser/Documents/RobC/20260801/VF1_2_1\VF1_2_1-00000644_0.tif,C:/Users/VicUser/Documents/RobC/20260801/VF1_2_1\VF1_2_1-00000644_1.tif,353.018890,353.019231,3.260515,-10.383721,-10.430638,-10.389762,9.593190,0.000000,0.000000,0.000000
645,C:/Users/VicUser/Documents/RobC/20260801/VF1_2_1\VF1_2_1-00000645_0.tif,C:/Users/VicUser/Documents/RobC/20260801/VF1_2_1\VF1_2_1-00000645_1.tif,353.518860,353.519189,3.262109,-10.383721,-10.430638,-10.389762,9.597873,0.000000,0.000000,0.000000
646,C:/Users/VicUser/Documents/RobC/20260801/VF1_2_1\VF1_2_1-00000646_0.tif,C:/Users/VicUser/Documents/RobC/20260801/VF1_2_1\VF1_2_1-00000646_1.tif,354.018879,354.019199,3.261790,-10.383721,-10.430638,-10.389762,9.596936,0.000000,0.000000,0.000000
647,C:/Users/VicUser/Documents/RobC/20260801/VF1_2_1\VF1_2_1-00000647_0.tif,C:/Users/VicUser/Documents/RobC/20260801/VF1_2_1\VF1_2_1-00000647_1.tif,354.518906,354.519222,3.260515,-10.383721,-10.430638,-10.389762,9.593190,0.000000,0.000000,0.000000
648,C:/Users/VicUser/Documents/RobC/20260801/VF1_2_1\VF1_2_1-00000648_0.tif,C:/Users/VicUser/Documents/RobC/20260801/VF1_2_1\VF1_2_1-00000648_1.tif,355.018853,355.019141,3.258283,-10.383721,-10.430638,-10.389762,9.586633,0.000000,0.000000,0.000000
649,C:/Users/VicUser/Documents/RobC/20260801/VF1_2_1\VF1_2_1-00000649_0.tif,C:/Users/VicUser/Documents/RobC/20260801/VF1_2_1\VF1_2_1-00000649_1.tif,355.518836,355.519261,3.258602,-10.383721,-10.430638,-10.389762,9.587570,0.000000,0.000000,0.000000
650,C:/Users/VicUser/Documents/RobC/20260801/VF1_2_1\VF1_2_1-00000650_0.tif,C:/Users/VicUser/Documents/RobC/20260801/VF1_2_1\VF1_2_1-00000650_1.tif,356.018911,356.019239,3.258602,-10.383721,-10.430638,-10.389762,9.587570,0.000000,0.000000,0.000000
651,C:/Users/VicUser/Documents/RobC/20260801/VF1_2_1\VF1_2_1-00000651_0.tif,C:/Users/VicUser/Documents/RobC/20260801/VF1_2_1\VF1_2_1-00000651_1.tif,356.518899,356.519228,3.257965,-10.383721,-10.430638,-10.389762,9.585697,0.000000,0.000000,0.000000
652,C:/Users/VicUser/Documents/RobC/20260801/VF1_2_1\VF1_2_1-00000652_0.tif,C:/Users/VicUser/Documents/RobC/20260801/VF1_2_1\VF1_2_1-00000652_1.tif,357.018859,357.019190,3.256371,-10.383721,-10.430638,-10.389762,9.581013,0.000000,0.000000,0.000000
653,C:/Users/VicUser/Documents/RobC/20260801/VF1_2_1\VF1_2_1-00000653_0.tif,C:/Users/VicUser/Documents/RobC/20260801/VF1_2_1\VF1_2_1-00000653_1.tif,357.518852,357.519166,3.256371,-10.383721,-10.430638,-10.389762,9.581013,0.000000,0.000000,0.000000
654,C:/Users/VicUser/Documents/RobC/20260801/VF1_2_1\VF1_2_1-00000654_0.tif,C:/Users/VicUser/Documents/RobC/20260801/VF1_2_1\VF1_2_1-00000654_1.tif,358.018927,358.019232,3.256371,-10.383721,-10.430638,-10.389762,9.581013,0.000000,0.000000,0.000000
655,C:/Users/VicUser/Documents/RobC/20260801/VF1_2_1\VF1_2_1-00000655_0.tif,C:/Users/VicUser/Documents/RobC/20260801/VF1_2_1\VF1_2_1-00000655_1.tif,358.518819,358.519133,3.256052,-10.383721,-10.430638,-10.389762,9.580077,0.000000,0.000000,0.000000
656,C:/Users/VicUser/Documents/RobC/20260801/VF1_2_1\VF1_2_1-00000656_0.tif,C:/Users/VicUser/Documents/RobC/20260801/VF1_2_1\VF1_2_1-00000656_1.tif,359.018832,359.019151,3.255095,-10.383721,-10.430638,-10.389762,9.577267,0.000000,0.000000,0.000000
657,C:/Users/VicUser/Documents/RobC/20260801/VF1_2_1\VF1_2_1-00000657_0.tif,C:/Users/VicUser/Documents/RobC/20260801/VF1_2_1\VF1_2_1-00000657_1.tif,359.518777,359.519076,3.253820,-10.383721,-10.430638,-10.389762,9.573520,0.000000,0.000000,0.000000
658,C:/Users/VicUser/Documents/RobC/20260801/VF1_2_1\VF1_2_1-00000658_0.tif,C:/Users/VicUser/Documents/RobC/20260801/VF1_2_1\VF1_2_1-00000658_1.tif,360.018866,360.019156,3.252864,-10.383721,-10.430638,-10.389762,9.570710,0.000000,0.000000,0.000000
659,C:/Users/VicUser/Documents/RobC/20260801/VF1_2_1\VF1_2_1-00000659_0.tif,C:/Users/VicUser/Documents/RobC/20260801/VF1_2_1\VF1_2_1-00000659_1.tif,360.518897,360.519326,3.253183,-10.383721,-10.430638,-10.389762,9.571647,0.000000,0.000000,0.000000
660,C:/Users/VicUser/Documents/RobC/20260801/VF1_2_1\VF1_2_1-00000660_0.tif,C:/Users/VicUser/Documents/RobC/20260801/VF1_2_1\VF1_2_1-00000660_1.tif,361.018883,361.019209,3.252545,-10.383721,-10.430638,-10.389762,9.569773,0.000000,0.000000,0.000000
661,C:/Users/VicUser/Documents/RobC/20260801/VF1_2_1\VF1_2_1-00000661_0.tif,C:/Users/VicUser/Documents/RobC/20260801/VF1_2_1\VF1_2_1-00000661_1.tif,361.518938,361.519217,3.252226,-10.383721,-10.430638,-10.389762,9.568837,0.000000,0.000000,0.000000
662,C:/Users/VicUser/Documents/RobC/20260801/VF1_2_1\VF1_2_1-00000662_0.tif,C:/Users/VicUser/Documents/RobC/20260801/VF1_2_1\VF1_2_1-00000662_1.tif,362.018877,362.019216,3.250632,-10.383721,-10.430638,-10.389762,9.564154,0.000000,0.000000,0.000000
663,C:/Users/VicUser/Documents/RobC/20260801/VF1_2_1\VF1_2_1-00000663_0.tif,C:/Users/VicUser/Documents/RobC/20260801/VF1_2_1\VF1_2_1-00000663_1.tif,362.518930,362.519341,3.250951,-10.383721,-10.430638,-10.389762,9.565090,0.000000,0.000000,0.000000
664,C:/Users/VicUser/Documents/RobC/20260801/VF1_2_1\VF1_2_1-00000664_0.tif,C:/Users/VicUser/Documents/RobC/20260801/VF1_2_1\VF1_2_1-00000664_1.tif,363.018918,363.019312,3.249995,-10.383721,-10.430638,-10.389762,9.562280,0.000000,0.000000,0.000000
665,C:/Users/VicUser/Documents/RobC/20260801/VF1_2_1\VF1_2_1-00000665_0.tif,C:/Users/VicUser/Documents/RobC/20260801/VF1_2_1\VF1_2_1-00000665_1.tif,363.518904,363.519297,3.249038,-10.383721,-10.430638,-10.389762,9.559470,0.000000,0.000000,0.000000
666,C:/Users/VicUser/Documents/RobC/20260801/VF1_2_1\VF1_2_1-00000666_0.tif,C:/Users/VicUser/Documents/RobC/20260801/VF1_2_1\VF1_2_1-00000666_1.tif,364.018880,364.019289,3.246488,-10.383721,-10.430638,-10.389762,9.551977,0.000000,0.000000,0.000000
667,C:/Users/VicUser/Documents/RobC/20260801/VF1_2_1\VF1_2_1-00000667_0.tif,C:/Users/VicUser/Documents/RobC/20260801/VF1_2_1\VF1_2_1-00000667_1.tif,364.518917,364.519265,3.247125,-10.383721,-10.430638,-10.389762,9.553850,0.000000,0.000000,0.000000
668,C:/Users/VicUser/Documents/RobC/20260801/VF1_2_1\VF1_2_1-00000668_0.tif,C:/Users/VicUser/Documents/RobC/20260801/VF1_2_1\VF1_2_1-00000668_1.tif,365.018863,365.019252,3.245850,-10.383721,-10.430638,-10.389762,9.550104,0.000000,0.000000,0.000000
669,C:/Users/VicUser/Documents/RobC/20260801/VF1_2_1\VF1_2_1-00000669_0.tif,C:/Users/VicUser/Documents/RobC/20260801/VF1_2_1\VF1_2_1-00000669_1.tif,365.518907,365.519298,3.244256,-10.383721,-10.430638,-10.389762,9.545421,0.000000,0.000000,0.000000
670,C:/Users/VicUser/Documents/RobC/20260801/VF1_2_1\VF1_2_1-00000670_0.tif,C:/Users/VicUser/Documents/RobC/20260801/VF1_2_1\VF1_2_1-00000670_1.tif,366.018883,366.019251,3.244256,-10.383721,-10.430638,-10.389762,9.545421,0.000000,0.000000,0.000000
671,C:/Users/VicUser/Documents/RobC/20260801/VF1_2_1\VF1_2_1-00000671_0.tif,C:/Users/VicUser/Documents/RobC/20260801/VF1_2_1\VF1_2_1-00000671_1.tif,366.518795,366.519225,3.241387,-10.383721,-10.430638,-10.389762,9.536991,0.000000,0.000000,0.000000
672,C:/Users/VicUser/Documents/RobC/20260801/VF1_2_1\VF1_2_1-00000672_0.tif,C:/Users/VicUser/Documents/RobC/20260801/VF1_2_1\VF1_2_1-00000672_1.tif,367.018867,367.019288,3.241387,-10.383721,-10.430638,-10.389762,9.536991,0.000000,0.000000,0.000000
673,C:/Users/VicUser/Documents/RobC/20260801/VF1_2_1\VF1_2_1-00000673_0.tif,C:/Users/VicUser/Documents/RobC/20260801/VF1_2_1\VF1_2_1-00000673_1.tif,367.518860,367.519255,3.241706,-10.383721,-10.430638,-10.389762,9.537928,0.000000,0.000000,0.000000
674,C:/Users/VicUser/Documents/RobC/20260801/VF1_2_1\VF1_2_1-00000674_0.tif,C:/Users/VicUser/Documents/RobC/20260801/VF1_2_1\VF1_2_1-00000674_1.tif,368.018897,368.019209,3.240430,-10.383721,-10.430638,-10.389762,9.534181,0.000000,0.000000,0.000000
675,C:/Users/VicUser/Documents/RobC/20260801/VF1_2_1\VF1_2_1-00000675_0.tif,C:/Users/VicUser/Documents/RobC/20260801/VF1_2_1\VF1_2_1-00000675_1.tif,368.518876,368.519166,3.238836,-10.383721,-10.430638,-10.389762,9.529498,0.000000,0.000000,0.000000
676,C:/Users/VicUser/Documents/RobC/20260801/VF1_2_1\VF1_2_1-00000676_0.tif,C:/Users/VicUser/Documents/RobC/20260801/VF1_2_1\VF1_2_1-00000676_1.tif,369.018875,369.019272,3.237242,-10.383721,-10.430638,-10.389762,9.524814,0.000000,0.000000,0.000000
677,C:/Users/VicUser/Documents/RobC/20260801/VF1_2_1\VF1_2_1-00000677_0.tif,C:/Users/VicUser/Documents/RobC/20260801/VF1_2_1\VF1_2_1-00000677_1.tif,369.518868,369.519162,3.237880,-10.383721,-10.430638,-10.389762,9.526687,0.000000,0.000000,0.000000
678,C:/Users/VicUser/Documents/RobC/20260801/VF1_2_1\VF1_2_1-00000678_0.tif,C:/Users/VicUser/Documents/RobC/20260801/VF1_2_1\VF1_2_1-00000678_1.tif,370.018864,370.019218,3.235011,-10.383721,-10.430638,-10.389762,9.518258,0.000000,0.000000,0.000000
679,C:/Users/VicUser/Documents/RobC/20260801/VF1_2_1\VF1_2_1-00000679_0.tif,C:/Users/VicUser/Documents/RobC/20260801/VF1_2_1\VF1_2_1-00000679_1.tif,370.518874,370.519189,3.233417,-10.383721,-10.430638,-10.389762,9.513574,0.000000,0.000000,0.000000
680,C:/Users/VicUser/Documents/RobC/20260801/VF1_2_1\VF1_2_1-00000680_0.tif,C:/Users/VicUser/Documents/RobC/20260801/VF1_2_1\VF1_2_1-00000680_1.tif,371.018822,371.019220,3.230866,-10.383721,-10.430638,-10.389762,9.506081,0.000000,0.000000,0.000000
681,C:/Users/VicUser/Documents/RobC/20260801/VF1_2_1\VF1_2_1-00000681_0.tif,C:/Users/VicUser/Documents/RobC/20260801/VF1_2_1\VF1_2_1-00000681_1.tif,371.518816,371.519172,3.230866,-10.383721,-10.430638,-10.389762,9.506081,0.000000,0.000000,0.000000
682,C:/Users/VicUser/Documents/RobC/20260801/VF1_2_1\VF1_2_1-00000682_0.tif,C:/Users/VicUser/Documents/RobC/20260801/VF1_2_1\VF1_2_1-00000682_1.tif,372.018854,372.019177,3.231185,-10.383721,-10.430638,-10.389762,9.507018,0.000000,0.000000,0.000000
683,C:/Users/VicUser/Documents/RobC/20260801/VF1_2_1\VF1_2_1-00000683_0.tif,C:/Users/VicUser/Documents/RobC/20260801/VF1_2_1\VF1_2_1-00000683_1.tif,372.518874,372.519254,3.229272,-10.383721,-10.430638,-10.389762,9.501398,0.000000,0.000000,0.000000
684,C:/Users/VicUser/Documents/RobC/20260801/VF1_2_1\VF1_2_1-00000684_0.tif,C:/Users/VicUser/Documents/RobC/20260801/VF1_2_1\VF1_2_1-00000684_1.tif,373.018804,373.019201,3.226722,-10.383721,-10.430638,-10.389762,9.493905,0.000000,0.000000,0.000000
685,C:/Users/VicUser/Documents/RobC/20260801/VF1_2_1\VF1_2_1-00000685_0.tif,C:/Users/VicUser/Documents/RobC/20260801/VF1_2_1\VF1_2_1-00000685_1.tif,373.518899,373.519184,3.225765,-10.383721,-10.430638,-10.389762,9.491095,0.000000,0.000000,0.000000
686,C:/Users/VicUser/Documents/RobC/20260801/VF1_2_1\VF1_2_1-00000686_0.tif,C:/Users/VicUser/Documents/RobC/20260801/VF1_2_1\VF1_2_1-00000686_1.tif,374.018855,374.019193,3.224809,-10.383721,-10.430638,-10.389762,9.488285,0.000000,0.000000,0.000000
687,C:/Users/VicUser/Documents/RobC/20260801/VF1_2_1\VF1_2_1-00000687_0.tif,C:/Users/VicUser/Documents/RobC/20260801/VF1_2_1\VF1_2_1-00000687_1.tif,374.518861,374.519210,3.222896,-10.383721,-10.430638,-10.389762,9.482665,0.000000,0.000000,0.000000
688,C:/Users/VicUser/Documents/RobC/20260801/VF1_2_1\VF1_2_1-00000688_0.tif,C:/Users/VicUser/Documents/RobC/20260801/VF1_2_1\VF1_2_1-00000688_1.tif,375.018908,375.019186,3.222577,-10.383721,-10.430638,-10.389762,9.481728,0.000000,0.000000,0.000000
689,C:/Users/VicUser/Documents/RobC/20260801/VF1_2_1\VF1_2_1-00000689_0.tif,C:/Users/VicUser/Documents/RobC/20260801/VF1_2_1\VF1_2_1-00000689_1.tif,375.518908,375.519181,3.219070,-10.383721,-10.430638,-10.389762,9.471425,0.000000,0.000000,0.000000
690,C:/Users/VicUser/Documents/RobC/20260801/VF1_2_1\VF1_2_1-00000690_0.tif,C:/Users/VicUser/Documents/RobC/20260801/VF1_2_1\VF1_2_1-00000690_1.tif,376.018884,376.019193,3.219389,-10.383721,-10.430638,-10.389762,9.472362,0.000000,0.000000,0.000000
691,C:/Users/VicUser/Documents/RobC/20260801/VF1_2_1\VF1_2_1-00000691_0.tif,C:/Users/VicUser/Documents/RobC/20260801/VF1_2_1\VF1_2_1-00000691_1.tif,376.518886,376.519167,3.218433,-10.383721,-10.430638,-10.389762,9.469552,0.000000,0.000000,0.000000
692,C:/Users/VicUser/Documents/RobC/20260801/VF1_2_1\VF1_2_1-00000692_0.tif,C:/Users/VicUser/Documents/RobC/20260801/VF1_2_1\VF1_2_1-00000692_1.tif,377.018883,377.019234,3.215564,-10.383721,-10.430638,-10.389762,9.461122,0.000000,0.000000,0.000000
693,C:/Users/VicUser/Documents/RobC/20260801/VF1_2_1\VF1_2_1-00000693_0.tif,C:/Users/VicUser/Documents/RobC/20260801/VF1_2_1\VF1_2_1-00000693_1.tif,377.518828,377.519173,3.213651,-10.383721,-10.430638,-10.389762,9.455502,0.000000,0.000000,0.000000
694,C:/Users/VicUser/Documents/RobC/20260801/VF1_2_1\VF1_2_1-00000694_0.tif,C:/Users/VicUser/Documents/RobC/20260801/VF1_2_1\VF1_2_1-00000694_1.tif,378.018928,378.019243,3.211100,-10.383721,-10.430638,-10.389762,9.448009,0.000000,0.000000,0.000000
695,C:/Users/VicUser/Documents/RobC/20260801/VF1_2_1\VF1_2_1-00000695_0.tif,C:/Users/VicUser/Documents/RobC/20260801/VF1_2_1\VF1_2_1-00000695_1.tif,378.518952,378.519278,3.211738,-10.383721,-10.430638,-10.389762,9.449882,0.000000,0.000000,0.000000
696,C:/Users/VicUser/Documents/RobC/20260801/VF1_2_1\VF1_2_1-00000696_0.tif,C:/Users/VicUser/Documents/RobC/20260801/VF1_2_1\VF1_2_1-00000696_1.tif,379.018886,379.019320,3.208550,-10.383721,-10.430638,-10.389762,9.440516,0.000000,0.000000,0.000000
697,C:/Users/VicUser/Documents/RobC/20260801/VF1_2_1\VF1_2_1-00000697_0.tif,C:/Users/VicUser/Documents/RobC/20260801/VF1_2_1\VF1_2_1-00000697_1.tif,379.518915,379.519192,3.208550,-10.383721,-10.430638,-10.389762,9.440516,0.000000,0.000000,0.000000
698,C:/Users/VicUser/Documents/RobC/20260801/VF1_2_1\VF1_2_1-00000698_0.tif,C:/Users/VicUser/Documents/RobC/20260801/VF1_2_1\VF1_2_1-00000698_1.tif,380.018914,380.019249,3.205680,-10.383721,-10.430638,-10.389762,9.432086,0.000000,0.000000,0.000000
699,C:/Users/VicUser/Documents/RobC/20260801/VF1_2_1\VF1_2_1-00000699_0.tif,C:/Users/VicUser/Documents/RobC/20260801/VF1_2_1\VF1_2_1-00000699_1.tif,380.518888,380.519214,3.204405,-10.383721,-10.430638,-10.389762,9.428339,0.000000,0.000000,0.000000
700,C:/Users/VicUser/Documents/RobC/20260801/VF1_2_1\VF1_2_1-00000700_0.tif,C:/Users/VicUser/Documents/RobC/20260801/VF1_2_1\VF1_2_1-00000700_1.tif,381.018909,381.019233,3.202492,-10.383721,-10.430638,-10.389762,9.422719,0.000000,0.000000,0.000000
701,C:/Users/VicUser/Documents/RobC/20260801/VF1_2_1\VF1_2_1-00000701_0.tif,C:/Users/VicUser/Documents/RobC/20260801/VF1_2_1\VF1_2_1-00000701_1.tif,381.518912,381.519249,3.199623,-10.383721,-10.430638,-10.389762,9.414289,0.000000,0.000000,0.000000
702,C:/Users/VicUser/Documents/RobC/20260801/VF1_2_1\VF1_2_1-00000702_0.tif,C:/Users/VicUser/Documents/RobC/20260801/VF1_2_1\VF1_2_1-00000702_1.tif,382.018845,382.019225,3.197392,-10.383721,-10.430638,-10.389762,9.407733,0.000000,0.000000,0.000000
703,C:/Users/VicUser/Documents/RobC/20260801/VF1_2_1\VF1_2_1-00000703_0.tif,C:/Users/VicUser/Documents/RobC/20260801/VF1_2_1\VF1_2_1-00000703_1.tif,382.518873,382.519226,3.194841,-10.383721,-10.430638,-10.389762,9.400240,0.000000,0.000000,0.000000
704,C:/Users/VicUser/Documents/RobC/20260801/VF1_2_1\VF1_2_1-00000704_0.tif,C:/Users/VicUser/Documents/RobC/20260801/VF1_2_1\VF1_2_1-00000704_1.tif,383.018889,383.019228,3.193247,-10.383721,-10.430638,-10.389762,9.395557,0.000000,0.000000,0.000000
705,C:/Users/VicUser/Documents/RobC/20260801/VF1_2_1\VF1_2_1-00000705_0.tif,C:/Users/VicUser/Documents/RobC/20260801/VF1_2_1\VF1_2_1-00000705_1.tif,383.518874,383.519202,3.190378,-10.383721,-10.430638,-10.389762,9.387126,0.000000,0.000000,0.000000
706,C:/Users/VicUser/Documents/RobC/20260801/VF1_2_1\VF1_2_1-00000706_0.tif,C:/Users/VicUser/Documents/RobC/20260801/VF1_2_1\VF1_2_1-00000706_1.tif,384.018855,384.019216,3.189421,-10.383721,-10.430638,-10.389762,9.384317,0.000000,0.000000,0.000000
707,C:/Users/VicUser/Documents/RobC/20260801/VF1_2_1\VF1_2_1-00000707_0.tif,C:/Users/VicUser/Documents/RobC/20260801/VF1_2_1\VF1_2_1-00000707_1.tif,384.518907,384.519251,3.186552,-10.383721,-10.430638,-10.389762,9.375887,0.000000,0.000000,0.000000
708,C:/Users/VicUser/Documents/RobC/20260801/VF1_2_1\VF1_2_1-00000708_0.tif,C:/Users/VicUser/Documents/RobC/20260801/VF1_2_1\VF1_2_1-00000708_1.tif,385.018820,385.019212,3.183364,-10.383721,-10.430638,-10.389762,9.366520,0.000000,0.000000,0.000000
709,C:/Users/VicUser/Documents/RobC/20260801/VF1_2_1\VF1_2_1-00000709_0.tif,C:/Users/VicUser/Documents/RobC/20260801/VF1_2_1\VF1_2_1-00000709_1.tif,385.518867,385.519213,3.181451,-10.383721,-10.430638,-10.389762,9.360901,0.000000,0.000000,0.000000
710,C:/Users/VicUser/Documents/RobC/20260801/VF1_2_1\VF1_2_1-00000710_0.tif,C:/Users/VicUser/Documents/RobC/20260801/VF1_2_1\VF1_2_1-00000710_1.tif,386.018850,386.019164,3.179857,-10.383721,-10.430638,-10.389762,9.356217,0.000000,0.000000,0.000000
711,C:/Users/VicUser/Documents/RobC/20260801/VF1_2_1\VF1_2_1-00000711_0.tif,C:/Users/VicUser/Documents/RobC/20260801/VF1_2_1\VF1_2_1-00000711_1.tif,386.518863,386.519091,3.175713,-10.383721,-10.430638,-10.389762,9.344040,0.000000,0.000000,0.000000
712,C:/Users/VicUser/Documents/RobC/20260801/VF1_2_1\VF1_2_1-00000712_0.tif,C:/Users/VicUser/Documents/RobC/20260801/VF1_2_1\VF1_2_1-00000712_1.tif,387.018891,387.019147,3.170931,-10.383721,-10.430638,-10.389762,9.329991,0.000000,0.000000,0.000000
713,C:/Users/VicUser/Documents/RobC/20260801/VF1_2_1\VF1_2_1-00000713_0.tif,C:/Users/VicUser/Documents/RobC/20260801/VF1_2_1\VF1_2_1-00000713_1.tif,387.518874,387.519120,3.169018,-10.383721,-10.430638,-10.389762,9.324371,0.000000,0.000000,0.000000
714,C:/Users/VicUser/Documents/RobC/20260801/VF1_2_1\VF1_2_1-00000714_0.tif,C:/Users/VicUser/Documents/RobC/20260801/VF1_2_1\VF1_2_1-00000714_1.tif,388.018883,388.019199,3.166786,-10.383721,-10.430638,-10.389762,9.317814,0.000000,0.000000,0.000000
715,C:/Users/VicUser/Documents/RobC/20260801/VF1_2_1\VF1_2_1-00000715_0.tif,C:/Users/VicUser/Documents/RobC/20260801/VF1_2_1\VF1_2_1-00000715_1.tif,388.518854,388.519188,3.165192,-10.383721,-10.430638,-10.389762,9.313131,0.000000,0.000000,0.000000
716,C:/Users/VicUser/Documents/RobC/20260801/VF1_2_1\VF1_2_1-00000716_0.tif,C:/Users/VicUser/Documents/RobC/20260801/VF1_2_1\VF1_2_1-00000716_1.tif,389.018920,389.019182,3.160729,-10.383721,-10.430638,-10.389762,9.300018,0.000000,0.000000,0.000000
717,C:/Users/VicUser/Documents/RobC/20260801/VF1_2_1\VF1_2_1-00000717_0.tif,C:/Users/VicUser/Documents/RobC/20260801/VF1_2_1\VF1_2_1-00000717_1.tif,389.518834,389.519098,3.157541,-10.383721,-10.430638,-10.389762,9.290651,0.000000,0.000000,0.000000
718,C:/Users/VicUser/Documents/RobC/20260801/VF1_2_1\VF1_2_1-00000718_0.tif,C:/Users/VicUser/Documents/RobC/20260801/VF1_2_1\VF1_2_1-00000718_1.tif,390.018879,390.019267,3.155628,-10.383721,-10.430638,-10.389762,9.285032,0.000000,0.000000,0.000000
719,C:/Users/VicUser/Documents/RobC/20260801/VF1_2_1\VF1_2_1-00000719_0.tif,C:/Users/VicUser/Documents/RobC/20260801/VF1_2_1\VF1_2_1-00000719_1.tif,390.518882,390.519212,3.150846,-10.383721,-10.430638,-10.389762,9.270981,0.000000,0.000000,0.000000
720,C:/Users/VicUser/Documents/RobC/20260801/VF1_2_1\VF1_2_1-00000720_0.tif,C:/Users/VicUser/Documents/RobC/20260801/VF1_2_1\VF1_2_1-00000720_1.tif,391.018860,391.019135,3.146701,-10.383721,-10.430638,-10.389762,9.258805,0.000000,0.000000,0.000000
721,C:/Users/VicUser/Documents/RobC/20260801/VF1_2_1\VF1_2_1-00000721_0.tif,C:/Users/VicUser/Documents/RobC/20260801/VF1_2_1\VF1_2_1-00000721_1.tif,391.518861,391.519159,3.144470,-10.383721,-10.430638,-10.389762,9.252249,0.000000,0.000000,0.000000
722,C:/Users/VicUser/Documents/RobC/20260801/VF1_2_1\VF1_2_1-00000722_0.tif,C:/Users/VicUser/Documents/RobC/20260801/VF1_2_1\VF1_2_1-00000722_1.tif,392.018849,392.019111,3.140644,-10.383721,-10.430638,-10.389762,9.241009,0.000000,0.000000,0.000000
723,C:/Users/VicUser/Documents/RobC/20260801/VF1_2_1\VF1_2_1-00000723_0.tif,C:/Users/VicUser/Documents/RobC/20260801/VF1_2_1\VF1_2_1-00000723_1.tif,392.518816,392.519213,3.136818,-10.383721,-10.430638,-10.389762,9.229769,0.000000,0.000000,0.000000
724,C:/Users/VicUser/Documents/RobC/20260801/VF1_2_1\VF1_2_1-00000724_0.tif,C:/Users/VicUser/Documents/RobC/20260801/VF1_2_1\VF1_2_1-00000724_1.tif,393.018859,393.019199,3.134268,-10.383721,-10.430638,-10.389762,9.222275,0.000000,0.000000,0.000000
725,C:/Users/VicUser/Documents/RobC/20260801/VF1_2_1\VF1_2_1-00000725_0.tif,C:/Users/VicUser/Documents/RobC/20260801/VF1_2_1\VF1_2_1-00000725_1.tif,393.518939,393.519262,3.129805,-10.383721,-10.430638,-10.389762,9.209163,0.000000,0.000000,0.000000
726,C:/Users/VicUser/Documents/RobC/20260801/VF1_2_1\VF1_2_1-00000726_0.tif,C:/Users/VicUser/Documents/RobC/20260801/VF1_2_1\VF1_2_1-00000726_1.tif,394.018889,394.019223,3.126616,-10.383721,-10.430638,-10.389762,9.199796,0.000000,0.000000,0.000000
727,C:/Users/VicUser/Documents/RobC/20260801/VF1_2_1\VF1_2_1-00000727_0.tif,C:/Users/VicUser/Documents/RobC/20260801/VF1_2_1\VF1_2_1-00000727_1.tif,394.518835,394.519294,3.123747,-10.383721,-10.430638,-10.389762,9.191366,0.000000,0.000000,0.000000
728,C:/Users/VicUser/Documents/RobC/20260801/VF1_2_1\VF1_2_1-00000728_0.tif,C:/Users/VicUser/Documents/RobC/20260801/VF1_2_1\VF1_2_1-00000728_1.tif,395.018844,395.019239,3.118965,-10.383721,-10.430638,-10.389762,9.177316,0.000000,0.000000,0.000000
729,C:/Users/VicUser/Documents/RobC/20260801/VF1_2_1\VF1_2_1-00000729_0.tif,C:/Users/VicUser/Documents/RobC/20260801/VF1_2_1\VF1_2_1-00000729_1.tif,395.518913,395.519259,3.113864,-10.383721,-10.430638,-10.389762,9.162330,0.000000,0.000000,0.000000
730,C:/Users/VicUser/Documents/RobC/20260801/VF1_2_1\VF1_2_1-00000730_0.tif,C:/Users/VicUser/Documents/RobC/20260801/VF1_2_1\VF1_2_1-00000730_1.tif,396.018857,396.019250,3.109401,-10.383721,-10.430638,-10.389762,9.149217,0.000000,0.000000,0.000000
731,C:/Users/VicUser/Documents/RobC/20260801/VF1_2_1\VF1_2_1-00000731_0.tif,C:/Users/VicUser/Documents/RobC/20260801/VF1_2_1\VF1_2_1-00000731_1.tif,396.518824,396.519148,3.105575,-10.383721,-10.430638,-10.389762,9.137977,0.000000,0.000000,0.000000
732,C:/Users/VicUser/Documents/RobC/20260801/VF1_2_1\VF1_2_1-00000732_0.tif,C:/Users/VicUser/Documents/RobC/20260801/VF1_2_1\VF1_2_1-00000732_1.tif,397.018920,397.019122,3.100475,-10.383721,-10.430638,-10.389762,9.122991,0.000000,0.000000,0.000000
733,C:/Users/VicUser/Documents/RobC/20260801/VF1_2_1\VF1_2_1-00000733_0.tif,C:/Users/VicUser/Documents/RobC/20260801/VF1_2_1\VF1_2_1-00000733_1.tif,397.518833,397.519114,3.096011,-10.383721,-10.430638,-10.389762,9.109877,0.000000,0.000000,0.000000
734,C:/Users/VicUser/Documents/RobC/20260801/VF1_2_1\VF1_2_1-00000734_0.tif,C:/Users/VicUser/Documents/RobC/20260801/VF1_2_1\VF1_2_1-00000734_1.tif,398.018905,398.019263,3.088679,-10.383721,-10.430638,-10.389762,9.088334,0.000000,0.000000,0.000000
735,C:/Users/VicUser/Documents/RobC/20260801/VF1_2_1\VF1_2_1-00000735_0.tif,C:/Users/VicUser/Documents/RobC/20260801/VF1_2_1\VF1_2_1-00000735_1.tif,398.518815,398.519139,3.084853,-10.383721,-10.430638,-10.389762,9.077095,0.000000,0.000000,0.000000
736,C:/Users/VicUser/Documents/RobC/20260801/VF1_2_1\VF1_2_1-00000736_0.tif,C:/Users/VicUser/Documents/RobC/20260801/VF1_2_1\VF1_2_1-00000736_1.tif,399.018881,399.019154,3.079114,-10.383721,-10.430638,-10.389762,9.060235,0.000000,0.000000,0.000000
737,C:/Users/VicUser/Documents/RobC/20260801/VF1_2_1\VF1_2_1-00000737_0.tif,C:/Users/VicUser/Documents/RobC/20260801/VF1_2_1\VF1_2_1-00000737_1.tif,399.518911,399.519293,3.072420,-10.383721,-10.430638,-10.389762,9.040566,0.000000,0.000000,0.000000
738,C:/Users/VicUser/Documents/RobC/20260801/VF1_2_1\VF1_2_1-00000738_0.tif,C:/Users/VicUser/Documents/RobC/20260801/VF1_2_1\VF1_2_1-00000738_1.tif,400.018864,400.019173,3.064449,-10.383721,-10.430638,-10.389762,9.017149,0.000000,0.000000,0.000000
739,C:/Users/VicUser/Documents/RobC/20260801/VF1_2_1\VF1_2_1-00000739_0.tif,C:/Users/VicUser/Documents/RobC/20260801/VF1_2_1\VF1_2_1-00000739_1.tif,400.518915,400.519211,3.054248,-10.383721,-10.430638,-10.389762,8.987176,0.000000,0.000000,0.000000
740,C:/Users/VicUser/Documents/RobC/20260801/VF1_2_1\VF1_2_1-00000740_0.tif,C:/Users/VicUser/Documents/RobC/20260801/VF1_2_1\VF1_2_1-00000740_1.tif,401.018904,401.019274,3.043727,-10.383721,-10.430638,-10.389762,8.956266,0.000000,0.000000,0.000000
741,C:/Users/VicUser/Documents/RobC/20260801/VF1_2_1\VF1_2_1-00000741_0.tif,C:/Users/VicUser/Documents/RobC/20260801/VF1_2_1\VF1_2_1-00000741_1.tif,401.518863,401.519224,0.001361,-10.383721,-10.430638,-10.389762,0.017796,0.000000,0.000000,0.000000
742,C:/Users/VicUser/Documents/RobC/20260801/VF1_2_1\VF1_2_1-00000742_0.tif,C:/Users/VicUser/Documents/RobC/20260801/VF1_2_1\VF1_2_1-00000742_1.tif,402.018890,402.019266,0.000086,-10.383721,-10.430638,-10.389762,0.014050,0.000000,0.000000,0.000000
743,C:/Users/VicUser/Documents/RobC/20260801/VF1_2_1\VF1_2_1-00000743_0.tif,C:/Users/VicUser/Documents/RobC/20260801/VF1_2_1\VF1_2_1-00000743_1.tif,402.518863,402.519208,-0.001508,-10.383721,-10.430638,-10.389762,0.009366,0.000000,0.000000,0.000000
744,C:/Users/VicUser/Documents/RobC/20260801/VF1_2_1\VF1_2_1-00000744_0.tif,C:/Users/VicUser/Documents/RobC/20260801/VF1_2_1\VF1_2_1-00000744_1.tif,403.018891,403.019216,-0.001189,-10.383721,-10.430638,-10.389762,0.010303,0.000000,0.000000,0.000000
745,C:/Users/VicUser/Documents/RobC/20260801/VF1_2_1\VF1_2_1-00000745_0.tif,C:/Users/VicUser/Documents/RobC/20260801/VF1_2_1\VF1_2_1-00000745_1.tif,403.518823,403.519025,-0.000870,-10.383721,-10.430638,-10.389762,0.011240,0.000000,0.000000,0.000000
